mtllib Cerejeira.mtl
o prunusserrulata_1
v 0.183443 0 0.968621
v 0.013169 0 1.096938
v -0.069147 0 0.988522
v -0.063404 0 0.804081
v 0.06973 0 0.618374
v 0.109343 0 0.549279
v 0.003114 0 0.521749
v -0.199081 0 0.466506
v -0.216762 0 0.37193
v -0.155127 0 0.281611
v -0.131356 0 0.180538
v -0.020233 0 0.134142
v 0.074424 0 0.103214
v 0.156146 0 0.113812
v 0.233678 0 0.134323
v 0.290265 0 0.11354
v 0.35129 0 0.01421
v 0.459747 0 -0.094936
v 0.582059 0 -0.125074
v 0.699685 0 -0.056165
v 0.709949 0 0.086234
v 0.558378 0 0.307949
v 0.526245 0 0.384815
v 0.679723 0 0.405978
v 0.760431 0 0.47432
v 0.847801 0 0.561572
v 0.805351 0 0.657631
v 0.776053 0 0.750174
v 0.703755 0 0.818
v 0.592086 0 0.845974
v 0.483758 0 0.825036
v 0.411119 0 0.797777
v 0.359663 0 0.846597
v 0.261411 0 0.991869
v 0.150318 0.126707 0.956788
v 0.072852 0.108674 0.940471
v -0.002575 0.118577 0.901629
v 0.011261 0.12822 0.754553
v 0.077107 0.131103 0.631633
v 0.078491 0.159579 0.579823
v 0.001255 0.140353 0.543173
v -0.092647 0.138054 0.472865
v -0.100652 0.154949 0.392639
v -0.063971 0.149875 0.322849
v -0.022777 0.178342 0.255409
v 0.044132 0.18272 0.205389
v 0.13011 0.197395 0.188025
v 0.210438 0.170028 0.196875
v 0.276511 0.150761 0.214058
v 0.32705 0.148727 0.188313
v 0.390719 0.160524 0.107358
v 0.477094 0.156641 0.052104
v 0.553793 0.138175 0.064778
v 0.600721 0.140539 0.122407
v 0.601727 0.136513 0.244973
v 0.535826 0.166082 0.378335
v 0.540901 0.16084 0.432489
v 0.639484 0.139654 0.45409
v 0.711924 0.160764 0.510109
v 0.723648 0.158427 0.586657
v 0.682322 0.155635 0.654443
v 0.647842 0.137362 0.724409
v 0.578772 0.128877 0.767813
v 0.497029 0.112587 0.790698
v 0.422644 0.126783 0.796969
v 0.364535 0.120828 0.783809
v 0.32243 0.137812 0.769918
v 0.254782 0.120336 0.859072
v 0.123998 0.307835 0.906323
v 0.076913 0.283584 0.862433
v 0.058114 0.321696 0.798168
v 0.077633 0.305373 0.704785
v 0.10779 0.280208 0.636882
v 0.066493 0.313988 0.600982
v -0.026864 0.31349 0.55641
v -0.055081 0.298045 0.486482
v -0.025928 0.311077 0.417072
v 0.026288 0.309401 0.366012
v 0.066384 0.321792 0.312642
v 0.123188 0.310662 0.284049
v 0.177016 0.301732 0.280951
v 0.228585 0.299546 0.273842
v 0.271099 0.285608 0.269342
v 0.320646 0.286165 0.234545
v 0.386981 0.280046 0.1917
v 0.462377 0.269953 0.171055
v 0.519655 0.238755 0.216373
v 0.564013 0.238343 0.280625
v 0.544639 0.259144 0.375885
v 0.516743 0.271733 0.443744
v 0.553993 0.280339 0.466983
v 0.609703 0.272983 0.49883
v 0.635819 0.290671 0.554672
v 0.636365 0.268373 0.616185
v 0.597121 0.296393 0.673811
v 0.553392 0.294836 0.722328
v 0.502354 0.292879 0.763402
v 0.424622 0.28173 0.774307
v 0.373373 0.297489 0.790435
v 0.317523 0.300599 0.797831
v 0.267615 0.299856 0.832124
v 0.200326 0.29612 0.879637
v 0.110001 0.420581 0.842431
v 0.065016 0.403103 0.815423
v 0.054351 0.425736 0.764569
v 0.076107 0.444447 0.694618
v 0.086597 0.419016 0.644973
v 0.077853 0.425012 0.606197
v 0.010931 0.449939 0.557654
v -0.015505 0.449037 0.493027
v 0.009978 0.445584 0.442643
v 0.052684 0.441277 0.397892
v 0.090831 0.459348 0.358927
v 0.146642 0.44596 0.339934
v 0.196525 0.432328 0.327699
v 0.244746 0.423379 0.327197
v 0.295634 0.41793 0.322425
v 0.348393 0.413529 0.308198
v 0.410373 0.412314 0.28054
v 0.473714 0.412772 0.288866
v 0.519422 0.384848 0.3184
v 0.533624 0.358353 0.370407
v 0.500447 0.381417 0.437473
v 0.480212 0.412933 0.489151
v 0.498002 0.397689 0.519188
v 0.557983 0.375408 0.553099
v 0.578435 0.384343 0.607882
v 0.562645 0.384341 0.659912
v 0.526774 0.405031 0.706549
v 0.484804 0.390708 0.745511
v 0.439908 0.387695 0.776412
v 0.37773 0.388144 0.785798
v 0.325201 0.406581 0.793633
v 0.279186 0.424601 0.799743
v 0.227961 0.422854 0.808159
v 0.165146 0.413683 0.862346
v 0.140192 0.59106 0.811968
v 0.083488 0.578263 0.801876
v 0.056575 0.582072 0.764695
v 0.065177 0.573735 0.707251
v 0.064614 0.560661 0.668368
v 0.065755 0.588828 0.627029
v 0.051492 0.585182 0.586844
v 0.033792 0.561371 0.53639
v 0.049046 0.571195 0.483399
v 0.07752 0.568735 0.444568
v 0.113267 0.583424 0.408453
v 0.15366 0.574994 0.380953
v 0.199319 0.5753 0.367902
v 0.248967 0.559538 0.361367
v 0.29279 0.537223 0.355605
v 0.333447 0.534835 0.34634
v 0.38202 0.536766 0.335645
v 0.431822 0.516375 0.332372
v 0.462019 0.512738 0.353826
v 0.469258 0.522703 0.402932
v 0.467218 0.529381 0.447702
v 0.450345 0.53692 0.496114
v 0.47572 0.533237 0.524912
v 0.511807 0.531916 0.564361
v 0.535947 0.54446 0.613984
v 0.525898 0.533694 0.66012
v 0.491456 0.538385 0.700949
v 0.452519 0.53547 0.730113
v 0.4173 0.527556 0.764105
v 0.372469 0.534787 0.783964
v 0.330244 0.548701 0.79357
v 0.285216 0.559792 0.794745
v 0.239162 0.571478 0.806134
v 0.190392 0.586039 0.820947
v 0.146787 0.685445 0.799987
v 0.100411 0.691585 0.778367
v 0.077518 0.688762 0.736362
v 0.058877 0.675352 0.699609
v 0.05219 0.663968 0.660559
v 0.054963 0.677194 0.621646
v 0.037325 0.685233 0.580666
v 0.048999 0.693847 0.537484
v 0.072321 0.684001 0.493043
v 0.102208 0.678168 0.454904
v 0.130806 0.681741 0.423718
v 0.16814 0.672956 0.394118
v 0.210483 0.666069 0.390142
v 0.245738 0.666142 0.374702
v 0.282094 0.655247 0.373735
v 0.319997 0.649599 0.364273
v 0.35805 0.651498 0.358859
v 0.394007 0.654182 0.369145
v 0.428306 0.6387 0.388099
v 0.445906 0.610372 0.428599
v 0.447716 0.618953 0.47593
v 0.442893 0.644955 0.518353
v 0.489459 0.654322 0.545588
v 0.507818 0.63313 0.586121
v 0.508449 0.631579 0.635102
v 0.486336 0.630642 0.676748
v 0.459982 0.643582 0.714458
v 0.425891 0.649283 0.74995
v 0.391187 0.647592 0.774384
v 0.355453 0.645223 0.788874
v 0.314018 0.657119 0.795343
v 0.274444 0.667514 0.796923
v 0.237324 0.665115 0.805735
v 0.194776 0.663738 0.809698
v 0.145524 0.816886 0.790377
v 0.116199 0.817362 0.764836
v 0.090885 0.849177 0.728508
v 0.076156 0.852997 0.691432
v 0.063792 0.828611 0.653004
v 0.049644 0.840278 0.619481
v 0.040222 0.855543 0.578492
v 0.04498 0.869229 0.538838
v 0.067172 0.881493 0.501323
v 0.097406 0.871783 0.465975
v 0.126133 0.874379 0.437514
v 0.164151 0.86327 0.417552
v 0.200828 0.855304 0.399716
v 0.234184 0.850565 0.38876
v 0.270893 0.850783 0.385447
v 0.314146 0.850656 0.379554
v 0.357812 0.840776 0.382835
v 0.403355 0.826576 0.386994
v 0.441862 0.814007 0.416732
v 0.462125 0.790811 0.457689
v 0.463467 0.812426 0.506609
v 0.466281 0.818874 0.541102
v 0.486044 0.807999 0.579789
v 0.485565 0.783917 0.621951
v 0.476208 0.784173 0.66729
v 0.465135 0.787008 0.7116
v 0.427346 0.78767 0.741651
v 0.399398 0.779336 0.772011
v 0.363902 0.784491 0.791798
v 0.326012 0.793622 0.805558
v 0.291524 0.807366 0.802723
v 0.256925 0.812433 0.812282
v 0.219141 0.821425 0.808964
v 0.1782 0.826008 0.810149
v 0.13371 0.953792 0.810836
v 0.109734 0.954184 0.781455
v 0.094215 0.949339 0.748409
v 0.084562 0.949512 0.710185
v 0.074214 0.966862 0.673821
v 0.072511 0.984427 0.635099
v 0.073247 0.980639 0.600162
v 0.059228 0.980161 0.557289
v 0.068421 0.992116 0.52104
v 0.100342 1.009598 0.4896
v 0.134607 1.023628 0.462932
v 0.163986 1.02291 0.437362
v 0.204076 1.021345 0.421389
v 0.243703 1.009948 0.410636
v 0.282947 0.994198 0.407569
v 0.326136 0.988354 0.406329
v 0.369691 0.97197 0.41319
v 0.409989 0.9464 0.427079
v 0.432658 0.950347 0.459886
v 0.438227 0.947216 0.50193
v 0.451071 0.933665 0.533932
v 0.461382 0.930605 0.574089
v 0.474416 0.935202 0.61274
v 0.47613 0.935736 0.658541
v 0.474445 0.928452 0.697691
v 0.458409 0.911303 0.737867
v 0.441197 0.915215 0.772444
v 0.412424 0.908987 0.799089
v 0.376765 0.910412 0.822686
v 0.335957 0.909268 0.833682
v 0.29681 0.913308 0.851413
v 0.249239 0.924865 0.846948
v 0.206249 0.940108 0.839551
v 0.166561 0.944125 0.830106
v 0.113118 1.107153 0.835511
v 0.077829 1.114929 0.803486
v 0.060857 1.123557 0.769268
v 0.049474 1.126168 0.731385
v 0.049798 1.122634 0.695017
v 0.057443 1.144788 0.654002
v 0.056021 1.162683 0.618691
v 0.062605 1.159649 0.57645
v 0.092105 1.159453 0.546098
v 0.108823 1.154946 0.512965
v 0.140393 1.157745 0.485418
v 0.176728 1.15902 0.467049
v 0.208914 1.164855 0.450559
v 0.248157 1.162903 0.431223
v 0.287567 1.144824 0.443141
v 0.322041 1.141453 0.445371
v 0.35145 1.153045 0.458305
v 0.377041 1.143843 0.479534
v 0.399358 1.120928 0.510077
v 0.427157 1.110975 0.541053
v 0.446441 1.113679 0.583543
v 0.464629 1.123303 0.621614
v 0.477494 1.119873 0.664779
v 0.484152 1.094646 0.703607
v 0.477978 1.088918 0.747263
v 0.465034 1.080037 0.783561
v 0.438729 1.087621 0.814296
v 0.408895 1.083502 0.842574
v 0.373983 1.072366 0.856793
v 0.334912 1.066551 0.872605
v 0.293739 1.075687 0.881198
v 0.252656 1.083138 0.879049
v 0.207662 1.074158 0.872366
v 0.158306 1.079825 0.855767
v 0.116676 1.231725 0.874474
v 0.078599 1.229458 0.845751
v 0.046885 1.252451 0.810314
v 0.017728 1.259519 0.773058
v 0.010548 1.247018 0.733072
v 0.010886 1.256293 0.690563
v 0.020976 1.267608 0.652118
v 0.035577 1.284004 0.612749
v 0.055531 1.299688 0.575751
v 0.085182 1.297661 0.546589
v 0.11464 1.299945 0.52357
v 0.144831 1.295238 0.503831
v 0.18308 1.291141 0.498581
v 0.219298 1.29147 0.488436
v 0.253325 1.286707 0.487701
v 0.288766 1.267037 0.498926
v 0.32311 1.242915 0.519914
v 0.366508 1.236263 0.537372
v 0.404108 1.231683 0.566314
v 0.43976 1.232687 0.599319
v 0.452679 1.232404 0.637987
v 0.461032 1.223159 0.679197
v 0.463883 1.213552 0.715688
v 0.459833 1.209542 0.75756
v 0.445055 1.220943 0.793947
v 0.422665 1.211483 0.828262
v 0.398585 1.206977 0.85845
v 0.37027 1.200924 0.88692
v 0.334998 1.198611 0.906617
v 0.301023 1.205451 0.918991
v 0.262918 1.215745 0.923561
v 0.222714 1.217359 0.928503
v 0.189251 1.234216 0.913972
v 0.150695 1.242826 0.907783
v 0.104891 1.365771 0.918896
v 0.077418 1.383332 0.895589
v 0.06136 1.381451 0.859585
v 0.036038 1.379373 0.82648
v 0.021494 1.393973 0.786212
v -0.001809 1.423123 0.747836
v 0.005413 1.433103 0.706431
v 0.01484 1.427605 0.669426
v 0.030685 1.43024 0.635488
v 0.055047 1.431105 0.604997
v 0.08312 1.437568 0.580899
v 0.11623 1.445265 0.554316
v 0.155676 1.441453 0.542699
v 0.194676 1.427285 0.538523
v 0.237675 1.419503 0.547655
v 0.28304 1.424162 0.546342
v 0.326785 1.41795 0.562084
v 0.366099 1.402077 0.583332
v 0.395983 1.391095 0.610133
v 0.417406 1.369107 0.642266
v 0.416984 1.358361 0.681344
v 0.432056 1.370486 0.71408
v 0.432372 1.368283 0.750506
v 0.42827 1.339814 0.789569
v 0.42129 1.326169 0.823914
v 0.405817 1.315725 0.860399
v 0.379425 1.317788 0.891204
v 0.353719 1.323193 0.917123
v 0.320875 1.324049 0.937263
v 0.281089 1.319734 0.953465
v 0.241005 1.317464 0.961253
v 0.202221 1.323614 0.965106
v 0.164236 1.336109 0.953897
v 0.128556 1.341868 0.944892
v 0.085985 1.502708 0.970018
v 0.059827 1.49208 0.942016
v 0.033877 1.494263 0.91564
v 0.025149 1.522667 0.877846
v 0.02035 1.528105 0.838978
v 0.007639 1.512555 0.797578
v 0.014719 1.514714 0.759844
v 0.023034 1.520699 0.722597
v 0.035412 1.537398 0.685331
v 0.056508 1.546318 0.65792
v 0.086426 1.546301 0.63321
v 0.124738 1.547261 0.619135
v 0.152204 1.555028 0.594563
v 0.192866 1.55887 0.585244
v 0.233951 1.551241 0.576398
v 0.27099 1.533064 0.58622
v 0.302538 1.52082 0.603818
v 0.333133 1.508369 0.61414
v 0.356382 1.497712 0.638873
v 0.37535 1.508123 0.664521
v 0.3828 1.510847 0.701745
v 0.405512 1.491006 0.730074
v 0.417426 1.475377 0.766745
v 0.42362 1.469897 0.803755
v 0.420434 1.477682 0.839208
v 0.397081 1.48045 0.872857
v 0.400984 1.469423 0.912062
v 0.363289 1.463216 0.934953
v 0.329161 1.460309 0.958563
v 0.297404 1.459737 0.979128
v 0.254634 1.47789 0.984482
v 0.211288 1.487861 0.995275
v 0.166968 1.494051 0.989377
v 0.125567 1.495848 0.981914
v 0.077496 1.51261 0.966055
v 0.049196 1.524046 0.939267
v 0.030201 1.537599 0.909482
v 0.019444 1.547476 0.872489
v 0.014436 1.54452 0.836204
v 0.014778 1.542623 0.794645
v 0.021924 1.545209 0.757
v 0.032778 1.562608 0.719342
v 0.04588 1.572831 0.682738
v 0.070052 1.572718 0.65336
v 0.100839 1.578091 0.628882
v 0.132689 1.584001 0.60946
v 0.171543 1.585403 0.596076
v 0.211783 1.578815 0.588742
v 0.247365 1.569365 0.588639
v 0.280264 1.565254 0.598326
v 0.311146 1.552103 0.611652
v 0.338264 1.524784 0.629315
v 0.361061 1.516338 0.655917
v 0.380504 1.53034 0.681672
v 0.397408 1.526945 0.716537
v 0.411702 1.500508 0.748265
v 0.422522 1.487951 0.787413
v 0.42628 1.487241 0.821425
v 0.418107 1.491688 0.858782
v 0.402191 1.499613 0.893658
v 0.382735 1.494624 0.9225
v 0.353293 1.488456 0.94851
v 0.31888 1.488401 0.970446
v 0.285371 1.49329 0.986535
v 0.245095 1.505461 0.996384
v 0.198875 1.51853 1.000714
v 0.154054 1.516335 0.997582
v 0.113283 1.50683 0.983075
vn 0.396777 0.445109 0.802774
vn -0.077117 0.752285 0.654309
vn -0.597942 0.706239 0.379067
vn -0.881022 0.417238 -0.222963
vn -0.846765 0.146001 -0.51154
vn -0.978192 -0.138643 0.154656
vn -0.300868 -0.174042 0.93765
vn -0.622306 0.328295 0.710603
vn -0.791891 0.609303 -0.040727
vn -0.74417 0.562093 -0.36092
vn -0.684844 0.587748 -0.430745
vn -0.38945 0.479877 -0.786159
vn -0.138984 0.419699 -0.896959
vn 0.194636 0.365796 -0.910115
vn 0.095544 0.43167 -0.896957
vn -0.499232 0.492812 -0.712674
vn -0.705943 0.469353 -0.530426
vn -0.399393 0.626444 -0.669368
vn 0.142797 0.77976 -0.609576
vn 0.533946 0.773875 -0.340616
vn 0.873376 0.448462 0.189989
vn 0.881873 -0.037511 0.469993
vn 0.947754 0.079358 -0.308973
vn 0.341155 0.364084 -0.866635
vn 0.591248 0.364289 -0.719527
vn 0.813421 0.560156 -0.156753
vn 0.743914 0.573084 0.343755
vn 0.642975 0.631237 0.433731
vn 0.375459 0.594841 0.710771
vn 0.053671 0.460572 0.885998
vn -0.136791 0.212206 0.967604
vn 0.028689 0.150088 0.988256
vn 0.466891 0.462474 0.753744
vn 0.399229 0.670493 0.625345
vn 0.336455 0.375125 0.863759
vn -0.429476 0.569387 0.700963
vn -0.777979 0.517568 0.356191
vn -0.909457 0.266288 -0.319341
vn -0.937722 0.106512 -0.330655
vn -0.73009 -0.126987 0.671448
vn -0.45012 -0.059436 0.890988
vn -0.841839 0.330319 0.426845
vn -0.842077 0.492182 -0.220599
vn -0.760992 0.533526 -0.369109
vn -0.638411 0.565746 -0.521884
vn -0.355862 0.53187 -0.768425
vn 0.031319 0.516938 -0.85545
vn 0.223987 0.444385 -0.867382
vn -0.068951 0.444586 -0.893079
vn -0.626988 0.36534 -0.688049
vn -0.581001 0.48062 -0.656843
vn -0.095559 0.712288 -0.695352
vn 0.408293 0.77642 -0.480072
vn 0.691316 0.691211 -0.210497
vn 0.937091 0.198511 0.287148
vn 0.96484 -0.017461 0.262258
vn 0.615542 0.246072 -0.748703
vn 0.443971 0.356719 -0.821974
vn 0.700131 0.489368 -0.519938
vn 0.794439 0.567983 0.215084
vn 0.741726 0.52777 0.413884
vn 0.586717 0.512234 0.627201
vn 0.346271 0.412971 0.842349
vn 0.093755 0.260189 0.960995
vn -0.03725 0.101611 0.994127
vn -0.025063 0.10654 0.993993
vn 0.437394 0.264111 0.859611
vn 0.568216 0.339492 0.749584
vn -0.23568 0.335106 0.912228
vn -0.7128 0.293461 0.637022
vn -0.981435 0.170118 0.088576
vn -0.934072 0.08515 -0.346784
vn -0.995891 -0.016582 0.089026
vn -0.644351 -0.088399 0.759603
vn -0.685458 0.052051 0.726249
vn -0.956411 0.275915 0.095646
vn -0.789178 0.385922 -0.477767
vn -0.722525 0.429764 -0.541536
vn -0.58804 0.478989 -0.651751
vn -0.171712 0.514571 -0.840078
vn 0.002052 0.478225 -0.878235
vn 0.043314 0.417697 -0.907553
vn -0.259111 0.367432 -0.893227
vn -0.501531 0.404629 -0.764684
vn -0.316966 0.572273 -0.75633
vn 0.263762 0.675728 -0.688346
vn 0.641834 0.596225 -0.48225
vn 0.909603 0.397357 -0.121367
vn 0.941973 0.094168 0.32221
vn 0.965758 0.211514 -0.150243
vn 0.520864 0.389638 -0.759528
vn 0.563989 0.511005 -0.648683
vn 0.790215 0.582216 -0.191273
vn 0.82998 0.467 0.305032
vn 0.778851 0.388111 0.492708
vn 0.615261 0.297382 0.73008
vn 0.385669 0.177726 0.905358
vn 0.195565 0.062509 0.978697
vn 0.144153 0.028681 0.98914
vn 0.204996 -0.020638 0.978545
vn 0.54691 0.122986 0.828108
vn 0.523413 0.229779 0.820512
vn -0.441037 0.288468 0.849866
vn -0.77865 0.141132 0.61138
vn -0.998751 0.00941 0.049066
vn -0.968854 -0.056308 -0.241146
vn -0.982491 -0.107803 0.151955
vn -0.845312 -0.029174 0.533476
vn -0.841925 0.153021 0.517442
vn -0.943713 0.326319 -0.054055
vn -0.766779 0.370118 -0.524464
vn -0.727154 0.339312 -0.596753
vn -0.523426 0.382661 -0.761312
vn -0.199637 0.358984 -0.911743
vn -0.0933 0.324389 -0.941311
vn -0.004462 0.320962 -0.947082
vn -0.178329 0.353279 -0.918364
vn -0.298756 0.401779 -0.865632
vn -0.149155 0.477027 -0.866139
vn 0.413111 0.499483 -0.761482
vn 0.785607 0.432308 -0.442641
vn 0.9536 0.284013 0.099923
vn 0.941965 0.190663 0.276315
vn 0.940688 0.316646 -0.121823
vn 0.705517 0.375785 -0.600859
vn 0.697051 0.429359 -0.574257
vn 0.907958 0.408977 -0.091373
vn 0.87445 0.3185 0.365917
vn 0.730205 0.258161 0.632577
vn 0.584074 0.227646 0.779124
vn 0.379119 0.112935 0.91843
vn 0.223368 0.031839 0.974214
vn 0.156884 0.017921 0.987454
vn 0.199939 0.082392 0.976338
vn 0.406156 0.144816 0.902256
vn 0.254758 0.252428 0.933477
vn -0.239563 0.162246 0.957228
vn -0.607704 0.154317 0.779026
vn -0.97603 0.113712 0.185566
vn -0.999094 -0.040078 0.014297
vn -0.991765 -0.117358 0.051267
vn -0.977373 -0.06196 0.202245
vn -0.941609 0.074677 0.328322
vn -0.967369 0.231873 -0.102132
vn -0.835911 0.282659 -0.470485
vn -0.750172 0.28973 -0.594389
vn -0.586851 0.295242 -0.753948
vn -0.386443 0.243989 -0.889456
vn -0.109157 0.240973 -0.964374
vn -0.104888 0.206514 -0.972805
vn -0.114579 0.201621 -0.972739
vn -0.244893 0.207592 -0.947065
vn -0.05637 0.288004 -0.955969
vn 0.377894 0.391122 -0.839178
vn 0.78678 0.402532 -0.467917
vn 0.95331 0.29923 -0.040756
vn 0.96922 0.206313 0.134338
vn 0.967782 0.172381 -0.183527
vn 0.67018 0.14143 -0.728599
vn 0.843488 0.180443 -0.505933
vn 0.96957 0.243599 -0.024357
vn 0.855405 0.230384 0.463903
vn 0.699777 0.185251 0.689924
vn 0.63593 0.126013 0.761389
vn 0.49358 0.069697 0.866903
vn 0.298667 0.008986 0.954315
vn 0.130813 0.001421 0.991406
vn 0.122979 0.005832 0.992392
vn 0.337816 0.025899 0.940856
vn 0.017784 0.161156 0.986769
vn -0.317395 0.102958 0.942688
vn -0.684476 0.19922 0.701288
vn -0.91173 0.13191 0.389035
vn -0.960973 0.020778 0.275862
vn -0.998367 -0.0181 0.054191
vn -0.972434 -0.053022 0.22707
vn -0.988168 -0.016404 0.152495
vn -0.948335 0.070238 -0.309399
vn -0.825997 0.108164 -0.553199
vn -0.754286 0.122155 -0.645082
vn -0.654249 0.1243 -0.745994
vn -0.349599 0.148962 -0.924982
vn -0.239634 0.1291 -0.962242
vn -0.196399 0.090334 -0.976354
vn -0.12509 0.097764 -0.987317
vn -0.184002 0.100826 -0.977741
vn 0.056658 0.169047 -0.983978
vn 0.389139 0.222866 -0.893813
vn 0.800229 0.196094 -0.566728
vn 0.973455 0.119596 -0.195149
vn 0.996512 0.020137 0.080982
vn 0.9076 0.027104 -0.41896
vn 0.779451 0.087323 -0.620347
vn 0.968803 0.158341 -0.190654
vn 0.950492 0.204596 0.233892
vn 0.863206 0.135625 0.486293
vn 0.727451 0.053346 0.684082
vn 0.672574 0.031032 0.739379
vn 0.468047 0.000552 0.883704
vn 0.266625 -0.025746 0.963457
vn 0.044376 -0.036368 0.998353
vn 0.171951 -0.032496 0.984569
vn 0.14222 0.006864 0.989811
vn -0.049967 0.065487 0.996602
vn -0.548873 -0.041981 0.834851
vn -0.776304 0.005828 0.630332
vn -0.88858 0.016556 0.458422
vn -0.958426 0.052039 0.280554
vn -0.964177 0.031855 0.263338
vn -0.953874 0.041523 0.297321
vn -0.993678 0.112095 0.00621
vn -0.971186 0.083968 -0.223039
vn -0.845188 0.065946 -0.530385
vn -0.729836 0.077511 -0.679214
vn -0.594622 0.109544 -0.796508
vn -0.412461 0.10598 -0.90479
vn -0.369211 0.078768 -0.926002
vn -0.168089 0.100602 -0.980625
vn -0.116791 0.104798 -0.987612
vn -0.033059 0.134363 -0.990381
vn 0.163863 0.155816 -0.9741
vn 0.429191 0.157348 -0.889402
vn 0.817951 0.117259 -0.563211
vn 0.9823 0.061248 -0.177017
vn 0.997494 0.025946 -0.065815
vn 0.925006 0.076683 -0.372133
vn 0.962437 0.128502 -0.239171
vn 0.991557 0.099954 0.082607
vn 0.970665 0.051079 0.234948
vn 0.855315 -0.024767 0.517516
vn 0.729151 -0.085733 0.678962
vn 0.623976 -0.114355 0.773031
vn 0.412172 -0.139956 0.900292
vn 0.123179 -0.155992 0.980048
vn 0.092361 -0.210857 0.973144
vn 0.045441 -0.205301 0.977643
vn -0.064642 -0.145423 0.987256
vn -0.244489 -0.102051 0.964267
vn -0.63229 -0.175493 0.754593
vn -0.814183 -0.157394 0.558868
vn -0.926974 -0.121324 0.354964
vn -0.963308 -0.092047 0.252121
vn -0.985493 -0.056973 0.159865
vn -0.999218 0.037572 0.012295
vn -0.994739 0.048974 0.089978
vn -0.995761 0.046732 -0.079224
vn -0.8341 0.129668 -0.536156
vn -0.730457 0.153329 -0.665524
vn -0.614486 0.149983 -0.77454
vn -0.484896 0.159617 -0.859883
vn -0.319261 0.171914 -0.931943
vn -0.165821 0.15309 -0.974201
vn 0.033189 0.181339 -0.982861
vn 0.111832 0.216978 -0.96975
vn 0.308433 0.240593 -0.920317
vn 0.641184 0.260205 -0.721926
vn 0.901067 0.235651 -0.36407
vn 0.945508 0.184833 -0.26805
vn 0.953556 0.129095 -0.27215
vn 0.935042 0.116579 -0.334823
vn 0.983942 0.074433 -0.162227
vn 0.99998 0.003228 0.005379
vn 0.980218 -0.051309 0.191153
vn 0.880701 -0.129171 0.455721
vn 0.773746 -0.188261 0.604876
vn 0.601181 -0.203147 0.77286
vn 0.382951 -0.22311 0.896421
vn 0.250756 -0.256889 0.933343
vn 0.133352 -0.291916 0.947102
vn -0.171103 -0.239883 0.955604
vn -0.180055 -0.226849 0.957142
vn -0.398115 -0.19474 0.896427
vn -0.638036 -0.22257 0.737138
vn -0.78253 -0.222923 0.581336
vn -0.910942 -0.20831 0.356078
vn -0.94864 -0.231592 0.215516
vn -0.97875 -0.201131 -0.039927
vn -0.972467 -0.196247 -0.125678
vn -0.982182 -0.173266 -0.072789
vn -0.917489 -0.006835 -0.397702
vn -0.81219 0.054179 -0.580872
vn -0.753979 0.070337 -0.653122
vn -0.583751 0.143553 -0.799142
vn -0.455671 0.172829 -0.873209
vn -0.353461 0.208746 -0.911861
vn -0.058079 0.270763 -0.960892
vn 0.172105 0.297623 -0.939042
vn 0.240869 0.330319 -0.912618
vn 0.515047 0.40835 -0.753642
vn 0.720644 0.39186 -0.571942
vn 0.825635 0.284399 -0.487283
vn 0.832036 0.190543 -0.52097
vn 0.915962 0.115472 -0.38429
vn 0.937482 0.118818 -0.327125
vn 0.985058 0.097303 -0.142104
vn 0.997765 0.057333 0.034319
vn 0.962068 0.007893 0.272697
vn 0.860883 -0.037576 0.507414
vn 0.727583 -0.075852 0.681813
vn 0.586577 -0.134691 0.798615
vn 0.39768 -0.201168 0.895199
vn 0.295386 -0.229103 0.927501
vn 0.001719 -0.239892 0.970798
vn -0.081249 -0.270463 0.959296
vn -0.265718 -0.263639 0.927302
vn -0.412428 -0.243135 0.877946
vn -0.648252 -0.275783 0.709728
vn -0.733962 -0.238802 0.635825
vn -0.845108 -0.200144 0.495716
vn -0.903379 -0.201353 0.378634
vn -0.987437 -0.143208 0.066779
vn -0.981507 -0.179678 -0.06603
vn -0.95889 -0.097266 -0.266589
vn -0.895822 -0.02153 -0.443891
vn -0.835231 0.010539 -0.549798
vn -0.67789 0.117622 -0.725693
vn -0.567019 0.156329 -0.808734
vn -0.402004 0.211018 -0.890991
vn -0.232492 0.283085 -0.930489
vn -0.000468 0.348142 -0.937442
vn 0.232937 0.38472 -0.893158
vn 0.425146 0.415084 -0.804336
vn 0.532972 0.397124 -0.74715
vn 0.583259 0.318016 -0.747445
vn 0.664362 0.259328 -0.700979
vn 0.846534 0.208664 -0.489733
vn 0.954411 0.202714 -0.219105
vn 0.958731 0.21471 -0.186369
vn 0.983934 0.177581 0.018385
vn 0.965047 0.149914 0.214968
vn 0.909347 0.102773 0.403145
vn 0.821779 0.021123 0.569415
vn 0.741068 -0.040466 0.67021
vn 0.595518 -0.121568 0.794091
vn 0.415053 -0.191518 0.889411
vn 0.200567 -0.249942 0.94726
vn 0.062863 -0.305609 0.95008
vn -0.144477 -0.340563 0.929055
vn -0.366923 -0.342955 0.864725
vn -0.422727 -0.338584 0.840632
vn -0.672393 -0.277172 0.686341
vn -0.779256 -0.255322 0.572339
vn -0.798627 -0.265502 0.540096
vn -0.922775 -0.148367 0.355631
vn -0.960875 -0.097223 0.25936
vn -0.993691 -0.052189 0.099269
vn -0.968818 0.105086 -0.224386
vn -0.933449 0.135264 -0.33223
vn -0.842983 0.182418 -0.506067
vn -0.71755 0.223509 -0.659671
vn -0.620331 0.260358 -0.739867
vn -0.367408 0.360462 -0.857367
vn -0.22782 0.355733 -0.906395
vn 0.064805 0.370353 -0.926628
vn 0.122363 0.320464 -0.939324
vn 0.282676 0.288017 -0.914954
vn 0.465675 0.311224 -0.828425
vn 0.592495 0.311298 -0.742996
vn 0.768873 0.328273 -0.5487
vn 0.916862 0.304727 -0.257886
vn 0.941622 0.275171 -0.19398
vn 0.937015 0.239674 -0.254084
vn 0.983197 0.175795 0.049202
vn 0.978426 0.107841 0.176216
vn 0.947836 0.029973 0.317346
vn 0.834925 -0.023727 0.549853
vn 0.809262 -0.096775 0.579422
vn 0.574275 -0.14334 0.806016
vn 0.448513 -0.170112 0.877438
vn 0.295286 -0.231148 0.927026
vn 0.113454 -0.241736 0.963687
vn -0.159173 -0.277785 0.947365
vn -0.277885 -0.300472 0.912412
vn -0.514876 -0.286497 0.807974
vn -0.522954 -0.313327 0.792682
vn -0.70677 -0.303451 0.639057
vn -0.852418 -0.220638 0.474029
vn -0.976145 -0.130482 0.173537
vn -0.951682 -0.181793 0.247493
vn -0.995555 0.08698 0.036131
vn -0.956142 0.221831 -0.191268
vn -0.948621 0.212169 -0.23474
vn -0.881803 0.233694 -0.409647
vn -0.71129 0.269659 -0.649115
vn -0.536371 0.281665 -0.795595
vn -0.473734 0.21363 -0.854364
vn -0.365946 0.248751 -0.896776
vn -0.112839 0.278147 -0.953888
vn 0.093366 0.322461 -0.941967
vn 0.426096 0.312511 -0.848987
vn 0.486043 0.273006 -0.830199
vn 0.636175 0.33289 -0.696035
vn 0.752239 0.367364 -0.546974
vn 0.868839 0.279564 -0.40861
vn 0.902307 0.040469 -0.429189
vn 0.929276 0.10599 -0.353854
vn 0.985667 0.041374 -0.163548
vn 0.997938 -0.06419 -0.000417
vn 0.923319 -0.188407 0.334642
vn 0.89577 -0.273753 0.350223
vn 0.853578 -0.046529 0.518883
vn 0.564866 -0.126546 0.815422
vn 0.523275 -0.175829 0.833827
vn 0.307213 -0.164612 0.937296
vn 0.106669 -0.233688 0.966443
vn -0.042311 -0.219845 0.974617
vn -0.167127 -0.282874 0.944484
vn -0.354163 -0.346253 0.868722
vn -0.609036 -0.156001 0.77765
vn -0.760795 -0.117886 0.638196
vn -0.942989 -0.075206 0.324216
vn -0.96001 -0.229423 0.160452
vn -0.97703 -0.118885 0.176856
vn -0.968644 0.218267 -0.118691
vn -0.961558 0.210456 -0.176393
vn -0.949013 0.223292 -0.222517
vn -0.839513 0.246637 -0.484137
vn -0.669177 0.217181 -0.710657
vn -0.501247 0.032252 -0.864703
vn -0.506322 0.026705 -0.861931
vn -0.229693 0.246249 -0.941596
vn -0.049038 0.364283 -0.929996
vn 0.273449 0.354937 -0.894005
vn 0.423519 0.176253 -0.888576
vn 0.521993 0.194463 -0.830486
vn 0.750173 0.31629 -0.580691
vn 0.679429 0.376868 -0.629561
vn 0.88108 -0.018952 -0.472588
vn 0.85976 -0.121076 -0.496139
vn 0.950266 0.030517 -0.30994
vn 0.982453 -0.037156 -0.182771
vn 0.981448 -0.168733 0.091042
vn 0.778041 -0.481981 0.402921
vn 0.924906 -0.172893 0.33861
vn 0.66918 0.071737 0.73963
vn 0.592272 -0.162849 0.78911
vn 0.500588 -0.119439 0.857406
vn 0.198292 -0.207493 0.957928
vn 0.106282 -0.288875 0.951449
vn -0.053313 -0.255074 0.965451
vn -0.15459 -0.387704 0.908728
vn -0.339344 -0.280442 0.897885
vt 0 0
vt 0.125 0
vt 0.25 0
vt 0.375 0
vt 0.5 0
vt 0.625 0
vt 0.75 0
vt 0.875 0
vt 1 0
vt 0.888889 0
vt 0.777778 0
vt 0.666667 0
vt 0.555556 0
vt 0.444444 0
vt 0.333333 0
vt 0.222222 0
vt 0.111111 0
vt 0 0
vt 0.125 0
vt 0.25 0
vt 0.375 0
vt 0.5 0
vt 0.625 0
vt 0.75 0
vt 0.875 0
vt 1 0
vt 0.888889 0
vt 0.777778 0
vt 0.666667 0
vt 0.555556 0
vt 0.444444 0
vt 0.333333 0
vt 0.222222 0
vt 0.111111 0
vt 0 0.333333
vt 0.125 0.333333
vt 0.25 0.333333
vt 0.375 0.333333
vt 0.5 0.333333
vt 0.625 0.333333
vt 0.75 0.333333
vt 0.875 0.333333
vt 1 0.333333
vt 0.888889 0.333333
vt 0.777778 0.333333
vt 0.666667 0.333333
vt 0.555556 0.333333
vt 0.444444 0.333333
vt 0.333333 0.333333
vt 0.222222 0.333333
vt 0.111111 0.333333
vt 0 0.333333
vt 0.125 0.333333
vt 0.25 0.333333
vt 0.375 0.333333
vt 0.5 0.333333
vt 0.625 0.333333
vt 0.75 0.333333
vt 0.875 0.333333
vt 1 0.333333
vt 0.888889 0.333333
vt 0.777778 0.333333
vt 0.666667 0.333333
vt 0.555556 0.333333
vt 0.444444 0.333333
vt 0.333333 0.333333
vt 0.222222 0.333333
vt 0.111111 0.333333
vt 0 0.666667
vt 0.125 0.666667
vt 0.25 0.666667
vt 0.375 0.666667
vt 0.5 0.666667
vt 0.625 0.666667
vt 0.75 0.666667
vt 0.875 0.666667
vt 1 0.666667
vt 0.888889 0.666667
vt 0.777778 0.666667
vt 0.666667 0.666667
vt 0.555556 0.666667
vt 0.444444 0.666667
vt 0.333333 0.666667
vt 0.222222 0.666667
vt 0.111111 0.666667
vt 0 0.666667
vt 0.125 0.666667
vt 0.25 0.666667
vt 0.375 0.666667
vt 0.5 0.666667
vt 0.625 0.666667
vt 0.75 0.666667
vt 0.875 0.666667
vt 1 0.666667
vt 0.888889 0.666667
vt 0.777778 0.666667
vt 0.666667 0.666667
vt 0.555556 0.666667
vt 0.444444 0.666667
vt 0.333333 0.666667
vt 0.222222 0.666667
vt 0.111111 0.666667
vt 0 1
vt 0.125 1
vt 0.25 1
vt 0.375 1
vt 0.5 1
vt 0.625 1
vt 0.75 1
vt 0.875 1
vt 1 1
vt 0.888889 1
vt 0.777778 1
vt 0.666667 1
vt 0.555556 1
vt 0.444444 1
vt 0.333333 1
vt 0.222222 1
vt 0.111111 1
vt 0 1
vt 0.125 1
vt 0.25 1
vt 0.375 1
vt 0.5 1
vt 0.625 1
vt 0.75 1
vt 0.875 1
vt 1 1
vt 0.888889 1
vt 0.777778 1
vt 0.666667 1
vt 0.555556 1
vt 0.444444 1
vt 0.333333 1
vt 0.222222 1
vt 0.111111 1
vt 0 0.75
vt 0.125 0.75
vt 0.25 0.75
vt 0.375 0.75
vt 0.5 0.75
vt 0.625 0.75
vt 0.75 0.75
vt 0.875 0.75
vt 1 0.75
vt 0.888889 0.75
vt 0.777778 0.75
vt 0.666667 0.75
vt 0.555556 0.75
vt 0.444444 0.75
vt 0.333333 0.75
vt 0.222222 0.75
vt 0.111111 0.75
vt 0 0.75
vt 0.125 0.75
vt 0.25 0.75
vt 0.375 0.75
vt 0.5 0.75
vt 0.625 0.75
vt 0.75 0.75
vt 0.875 0.75
vt 1 0.75
vt 0.888889 0.75
vt 0.777778 0.75
vt 0.666667 0.75
vt 0.555556 0.75
vt 0.444444 0.75
vt 0.333333 0.75
vt 0.222222 0.75
vt 0.111111 0.75
vt 0 0.5
vt 0.125 0.5
vt 0.25 0.5
vt 0.375 0.5
vt 0.5 0.5
vt 0.625 0.5
vt 0.75 0.5
vt 0.875 0.5
vt 1 0.5
vt 0.888889 0.5
vt 0.777778 0.5
vt 0.666667 0.5
vt 0.555556 0.5
vt 0.444444 0.5
vt 0.333333 0.5
vt 0.222222 0.5
vt 0.111111 0.5
vt 0 0.5
vt 0.125 0.5
vt 0.25 0.5
vt 0.375 0.5
vt 0.5 0.5
vt 0.625 0.5
vt 0.75 0.5
vt 0.875 0.5
vt 1 0.5
vt 0.888889 0.5
vt 0.777778 0.5
vt 0.666667 0.5
vt 0.555556 0.5
vt 0.444444 0.5
vt 0.333333 0.5
vt 0.222222 0.5
vt 0.111111 0.5
vt 0 0.25
vt 0.125 0.25
vt 0.25 0.25
vt 0.375 0.25
vt 0.5 0.25
vt 0.625 0.25
vt 0.75 0.25
vt 0.875 0.25
vt 1 0.25
vt 0.888889 0.25
vt 0.777778 0.25
vt 0.666667 0.25
vt 0.555556 0.25
vt 0.444444 0.25
vt 0.333333 0.25
vt 0.222222 0.25
vt 0.111111 0.25
vt 0 0.25
vt 0.125 0.25
vt 0.25 0.25
vt 0.375 0.25
vt 0.5 0.25
vt 0.625 0.25
vt 0.75 0.25
vt 0.875 0.25
vt 1 0.25
vt 0.888889 0.25
vt 0.777778 0.25
vt 0.666667 0.25
vt 0.555556 0.25
vt 0.444444 0.25
vt 0.333333 0.25
vt 0.222222 0.25
vt 0.111111 0.25
vt 0 0
vt 0.125 0
vt 0.25 0
vt 0.375 0
vt 0.5 0
vt 0.625 0
vt 0.75 0
vt 0.875 0
vt 1 0
vt 0.888889 0
vt 0.777778 0
vt 0.666667 0
vt 0.555556 0
vt 0.444444 0
vt 0.333333 0
vt 0.222222 0
vt 0.111111 0
vt 0 0
vt 0.125 0
vt 0.25 0
vt 0.375 0
vt 0.5 0
vt 0.625 0
vt 0.75 0
vt 0.875 0
vt 1 0
vt 0.888889 0
vt 0.777778 0
vt 0.666667 0
vt 0.555556 0
vt 0.444444 0
vt 0.333333 0
vt 0.222222 0
vt 0.111111 0
vt 0 0.333333
vt 0.125 0.333333
vt 0.25 0.333333
vt 0.375 0.333333
vt 0.5 0.333333
vt 0.625 0.333333
vt 0.75 0.333333
vt 0.875 0.333333
vt 1 0.333333
vt 0.888889 0.333333
vt 0.777778 0.333333
vt 0.666667 0.333333
vt 0.555556 0.333333
vt 0.444444 0.333333
vt 0.333333 0.333333
vt 0.222222 0.333333
vt 0.111111 0.333333
vt 0 0.333333
vt 0.125 0.333333
vt 0.25 0.333333
vt 0.375 0.333333
vt 0.5 0.333333
vt 0.625 0.333333
vt 0.75 0.333333
vt 0.875 0.333333
vt 1 0.333333
vt 0.888889 0.333333
vt 0.777778 0.333333
vt 0.666667 0.333333
vt 0.555556 0.333333
vt 0.444444 0.333333
vt 0.333333 0.333333
vt 0.222222 0.333333
vt 0.111111 0.333333
vt 0 0.666667
vt 0.125 0.666667
vt 0.25 0.666667
vt 0.375 0.666667
vt 0.5 0.666667
vt 0.625 0.666667
vt 0.75 0.666667
vt 0.875 0.666667
vt 1 0.666667
vt 0.888889 0.666667
vt 0.777778 0.666667
vt 0.666667 0.666667
vt 0.555556 0.666667
vt 0.444444 0.666667
vt 0.333333 0.666667
vt 0.222222 0.666667
vt 0.111111 0.666667
vt 0 0.666667
vt 0.125 0.666667
vt 0.25 0.666667
vt 0.375 0.666667
vt 0.5 0.666667
vt 0.625 0.666667
vt 0.75 0.666667
vt 0.875 0.666667
vt 1 0.666667
vt 0.888889 0.666667
vt 0.777778 0.666667
vt 0.666667 0.666667
vt 0.555556 0.666667
vt 0.444444 0.666667
vt 0.333333 0.666667
vt 0.222222 0.666667
vt 0.111111 0.666667
vt 0 1
vt 0.125 1
vt 0.25 1
vt 0.375 1
vt 0.5 1
vt 0.625 1
vt 0.75 1
vt 0.875 1
vt 1 1
vt 0.888889 1
vt 0.777778 1
vt 0.666667 1
vt 0.555556 1
vt 0.444444 1
vt 0.333333 1
vt 0.222222 1
vt 0.111111 1
vt 0 1
vt 0.125 1
vt 0.25 1
vt 0.375 1
vt 0.5 1
vt 0.625 1
vt 0.75 1
vt 0.875 1
vt 1 1
vt 0.888889 1
vt 0.777778 1
vt 0.666667 1
vt 0.555556 1
vt 0.444444 1
vt 0.333333 1
vt 0.222222 1
vt 0.111111 1
vt 0 0.5
vt 0.125 0.5
vt 0.25 0.5
vt 0.375 0.5
vt 0.5 0.5
vt 0.625 0.5
vt 0.75 0.5
vt 0.875 0.5
vt 1 0.5
vt 0.888889 0.5
vt 0.777778 0.5
vt 0.666667 0.5
vt 0.555556 0.5
vt 0.444444 0.5
vt 0.333333 0.5
vt 0.222222 0.5
vt 0.111111 0.5
vt 0 0.5
vt 0.125 0.5
vt 0.25 0.5
vt 0.375 0.5
vt 0.5 0.5
vt 0.625 0.5
vt 0.75 0.5
vt 0.875 0.5
vt 1 0.5
vt 0.888889 0.5
vt 0.777778 0.5
vt 0.666667 0.5
vt 0.555556 0.5
vt 0.444444 0.5
vt 0.333333 0.5
vt 0.222222 0.5
vt 0.111111 0.5
vt 0 0
vt 0.125 0
vt 0.25 0
vt 0.375 0
vt 0.5 0
vt 0.625 0
vt 0.75 0
vt 0.875 0
vt 1 0
vt 0.888889 0
vt 0.777778 0
vt 0.666667 0
vt 0.555556 0
vt 0.444444 0
vt 0.333333 0
vt 0.222222 0
vt 0.111111 0
vt 0 0
vt 0.125 0
vt 0.25 0
vt 0.375 0
vt 0.5 0
vt 0.625 0
vt 0.75 0
vt 0.875 0
vt 1 0
vt 0.888889 0
vt 0.777778 0
vt 0.666667 0
vt 0.555556 0
vt 0.444444 0
vt 0.333333 0
vt 0.222222 0
vt 0.111111 0
usemtl nature_bark_linden_02_m_0001.jpg
f 35/35/35 2/2/2 1/1/1
f 35/35/35 36/36/36 2/2/2
f 36/36/36 3/3/3 2/2/2
f 36/36/36 37/37/37 3/3/3
f 37/37/37 4/4/4 3/3/3
f 37/37/37 38/38/38 4/4/4
f 38/38/38 5/5/5 4/4/4
f 38/38/38 39/39/39 5/5/5
f 39/39/39 6/6/6 5/5/5
f 39/39/39 40/40/40 6/6/6
f 40/40/40 7/7/7 6/6/6
f 40/40/40 41/41/41 7/7/7
f 41/41/41 8/8/8 7/7/7
f 41/41/41 42/42/42 8/8/8
f 42/42/42 9/9/9 8/8/8
f 42/42/42 43/43/43 9/9/9
f 43/43/43 10/10/10 9/9/9
f 43/43/43 44/44/44 10/10/10
f 44/44/44 11/11/11 10/10/10
f 44/44/44 45/45/45 11/11/11
f 45/45/45 12/12/12 11/11/11
f 45/45/45 46/46/46 12/12/12
f 46/46/46 13/13/13 12/12/12
f 46/46/46 47/47/47 13/13/13
f 47/47/47 14/14/14 13/13/13
f 47/47/47 48/48/48 14/14/14
f 48/48/48 15/15/15 14/14/14
f 48/48/48 49/49/49 15/15/15
f 49/49/49 16/16/16 15/15/15
f 49/49/49 50/50/50 16/16/16
f 50/50/50 17/17/17 16/16/16
f 50/50/50 51/51/51 17/17/17
f 51/51/51 18/18/18 17/17/17
f 51/51/51 52/52/52 18/18/18
f 52/52/52 19/19/19 18/18/18
f 52/52/52 53/53/53 19/19/19
f 53/53/53 20/20/20 19/19/19
f 53/53/53 54/54/54 20/20/20
f 54/54/54 21/21/21 20/20/20
f 54/54/54 55/55/55 21/21/21
f 55/55/55 22/22/22 21/21/21
f 55/55/55 56/56/56 22/22/22
f 56/56/56 23/23/23 22/22/22
f 56/56/56 57/57/57 23/23/23
f 57/57/57 24/24/24 23/23/23
f 57/57/57 58/58/58 24/24/24
f 58/58/58 25/25/25 24/24/24
f 58/58/58 59/59/59 25/25/25
f 59/59/59 26/26/26 25/25/25
f 59/59/59 60/60/60 26/26/26
f 60/60/60 27/27/27 26/26/26
f 60/60/60 61/61/61 27/27/27
f 61/61/61 28/28/28 27/27/27
f 61/61/61 62/62/62 28/28/28
f 62/62/62 29/29/29 28/28/28
f 62/62/62 63/63/63 29/29/29
f 63/63/63 30/30/30 29/29/29
f 63/63/63 64/64/64 30/30/30
f 64/64/64 31/31/31 30/30/30
f 64/64/64 65/65/65 31/31/31
f 65/65/65 32/32/32 31/31/31
f 65/65/65 66/66/66 32/32/32
f 66/66/66 33/33/33 32/32/32
f 66/66/66 67/67/67 33/33/33
f 67/67/67 34/34/34 33/33/33
f 67/67/67 68/68/68 34/34/34
f 68/68/68 1/1/1 34/34/34
f 68/68/68 35/35/35 1/1/1
f 69/69/69 36/36/36 35/35/35
f 69/69/69 70/70/70 36/36/36
f 70/70/70 37/37/37 36/36/36
f 70/70/70 71/71/71 37/37/37
f 71/71/71 38/38/38 37/37/37
f 71/71/71 72/72/72 38/38/38
f 72/72/72 39/39/39 38/38/38
f 72/72/72 73/73/73 39/39/39
f 73/73/73 40/40/40 39/39/39
f 73/73/73 74/74/74 40/40/40
f 74/74/74 41/41/41 40/40/40
f 74/74/74 75/75/75 41/41/41
f 75/75/75 42/42/42 41/41/41
f 75/75/75 76/76/76 42/42/42
f 76/76/76 43/43/43 42/42/42
f 76/76/76 77/77/77 43/43/43
f 77/77/77 44/44/44 43/43/43
f 77/77/77 78/78/78 44/44/44
f 78/78/78 45/45/45 44/44/44
f 78/78/78 79/79/79 45/45/45
f 79/79/79 46/46/46 45/45/45
f 79/79/79 80/80/80 46/46/46
f 80/80/80 47/47/47 46/46/46
f 80/80/80 81/81/81 47/47/47
f 81/81/81 48/48/48 47/47/47
f 81/81/81 82/82/82 48/48/48
f 82/82/82 49/49/49 48/48/48
f 82/82/82 83/83/83 49/49/49
f 83/83/83 50/50/50 49/49/49
f 83/83/83 84/84/84 50/50/50
f 84/84/84 51/51/51 50/50/50
f 84/84/84 85/85/85 51/51/51
f 85/85/85 52/52/52 51/51/51
f 85/85/85 86/86/86 52/52/52
f 86/86/86 53/53/53 52/52/52
f 86/86/86 87/87/87 53/53/53
f 87/87/87 54/54/54 53/53/53
f 87/87/87 88/88/88 54/54/54
f 88/88/88 55/55/55 54/54/54
f 88/88/88 89/89/89 55/55/55
f 89/89/89 56/56/56 55/55/55
f 89/89/89 90/90/90 56/56/56
f 90/90/90 57/57/57 56/56/56
f 90/90/90 91/91/91 57/57/57
f 91/91/91 58/58/58 57/57/57
f 91/91/91 92/92/92 58/58/58
f 92/92/92 59/59/59 58/58/58
f 92/92/92 93/93/93 59/59/59
f 93/93/93 60/60/60 59/59/59
f 93/93/93 94/94/94 60/60/60
f 94/94/94 61/61/61 60/60/60
f 94/94/94 95/95/95 61/61/61
f 95/95/95 62/62/62 61/61/61
f 95/95/95 96/96/96 62/62/62
f 96/96/96 63/63/63 62/62/62
f 96/96/96 97/97/97 63/63/63
f 97/97/97 64/64/64 63/63/63
f 97/97/97 98/98/98 64/64/64
f 98/98/98 65/65/65 64/64/64
f 98/98/98 99/99/99 65/65/65
f 99/99/99 66/66/66 65/65/65
f 99/99/99 100/100/100 66/66/66
f 100/100/100 67/67/67 66/66/66
f 100/100/100 101/101/101 67/67/67
f 101/101/101 68/68/68 67/67/67
f 101/101/101 102/102/102 68/68/68
f 102/102/102 35/35/35 68/68/68
f 102/102/102 69/69/69 35/35/35
f 103/103/103 70/70/70 69/69/69
f 103/103/103 104/104/104 70/70/70
f 104/104/104 71/71/71 70/70/70
f 104/104/104 105/105/105 71/71/71
f 105/105/105 72/72/72 71/71/71
f 105/105/105 106/106/106 72/72/72
f 106/106/106 73/73/73 72/72/72
f 106/106/106 107/107/107 73/73/73
f 107/107/107 74/74/74 73/73/73
f 107/107/107 108/108/108 74/74/74
f 108/108/108 75/75/75 74/74/74
f 108/108/108 109/109/109 75/75/75
f 109/109/109 76/76/76 75/75/75
f 109/109/109 110/110/110 76/76/76
f 110/110/110 77/77/77 76/76/76
f 110/110/110 111/111/111 77/77/77
f 111/111/111 78/78/78 77/77/77
f 111/111/111 112/112/112 78/78/78
f 112/112/112 79/79/79 78/78/78
f 112/112/112 113/113/113 79/79/79
f 113/113/113 80/80/80 79/79/79
f 113/113/113 114/114/114 80/80/80
f 114/114/114 81/81/81 80/80/80
f 114/114/114 115/115/115 81/81/81
f 115/115/115 82/82/82 81/81/81
f 115/115/115 116/116/116 82/82/82
f 116/116/116 83/83/83 82/82/82
f 116/116/116 117/117/117 83/83/83
f 117/117/117 84/84/84 83/83/83
f 117/117/117 118/118/118 84/84/84
f 118/118/118 85/85/85 84/84/84
f 118/118/118 119/119/119 85/85/85
f 119/119/119 86/86/86 85/85/85
f 119/119/119 120/120/120 86/86/86
f 120/120/120 87/87/87 86/86/86
f 120/120/120 121/121/121 87/87/87
f 121/121/121 88/88/88 87/87/87
f 121/121/121 122/122/122 88/88/88
f 122/122/122 89/89/89 88/88/88
f 122/122/122 123/123/123 89/89/89
f 123/123/123 90/90/90 89/89/89
f 123/123/123 124/124/124 90/90/90
f 124/124/124 91/91/91 90/90/90
f 124/124/124 125/125/125 91/91/91
f 125/125/125 92/92/92 91/91/91
f 125/125/125 126/126/126 92/92/92
f 126/126/126 93/93/93 92/92/92
f 126/126/126 127/127/127 93/93/93
f 127/127/127 94/94/94 93/93/93
f 127/127/127 128/128/128 94/94/94
f 128/128/128 95/95/95 94/94/94
f 128/128/128 129/129/129 95/95/95
f 129/129/129 96/96/96 95/95/95
f 129/129/129 130/130/130 96/96/96
f 130/130/130 97/97/97 96/96/96
f 130/130/130 131/131/131 97/97/97
f 131/131/131 98/98/98 97/97/97
f 131/131/131 132/132/132 98/98/98
f 132/132/132 99/99/99 98/98/98
f 132/132/132 133/133/133 99/99/99
f 133/133/133 100/100/100 99/99/99
f 133/133/133 134/134/134 100/100/100
f 134/134/134 101/101/101 100/100/100
f 134/134/134 135/135/135 101/101/101
f 135/135/135 102/102/102 101/101/101
f 135/135/135 136/136/136 102/102/102
f 136/136/136 69/69/69 102/102/102
f 136/136/136 103/103/103 69/69/69
f 137/137/137 104/104/104 103/103/103
f 137/137/137 138/138/138 104/104/104
f 138/138/138 105/105/105 104/104/104
f 138/138/138 139/139/139 105/105/105
f 139/139/139 106/106/106 105/105/105
f 139/139/139 140/140/140 106/106/106
f 140/140/140 107/107/107 106/106/106
f 140/140/140 141/141/141 107/107/107
f 141/141/141 108/108/108 107/107/107
f 141/141/141 142/142/142 108/108/108
f 142/142/142 109/109/109 108/108/108
f 142/142/142 143/143/143 109/109/109
f 143/143/143 110/110/110 109/109/109
f 143/143/143 144/144/144 110/110/110
f 144/144/144 111/111/111 110/110/110
f 144/144/144 145/145/145 111/111/111
f 145/145/145 112/112/112 111/111/111
f 145/145/145 146/146/146 112/112/112
f 146/146/146 113/113/113 112/112/112
f 146/146/146 147/147/147 113/113/113
f 147/147/147 114/114/114 113/113/113
f 147/147/147 148/148/148 114/114/114
f 148/148/148 115/115/115 114/114/114
f 148/148/148 149/149/149 115/115/115
f 149/149/149 116/116/116 115/115/115
f 149/149/149 150/150/150 116/116/116
f 150/150/150 117/117/117 116/116/116
f 150/150/150 151/151/151 117/117/117
f 151/151/151 118/118/118 117/117/117
f 151/151/151 152/152/152 118/118/118
f 152/152/152 119/119/119 118/118/118
f 152/152/152 153/153/153 119/119/119
f 153/153/153 120/120/120 119/119/119
f 153/153/153 154/154/154 120/120/120
f 154/154/154 121/121/121 120/120/120
f 154/154/154 155/155/155 121/121/121
f 155/155/155 122/122/122 121/121/121
f 155/155/155 156/156/156 122/122/122
f 156/156/156 123/123/123 122/122/122
f 156/156/156 157/157/157 123/123/123
f 157/157/157 124/124/124 123/123/123
f 157/157/157 158/158/158 124/124/124
f 158/158/158 125/125/125 124/124/124
f 158/158/158 159/159/159 125/125/125
f 159/159/159 126/126/126 125/125/125
f 159/159/159 160/160/160 126/126/126
f 160/160/160 127/127/127 126/126/126
f 160/160/160 161/161/161 127/127/127
f 161/161/161 128/128/128 127/127/127
f 161/161/161 162/162/162 128/128/128
f 162/162/162 129/129/129 128/128/128
f 162/162/162 163/163/163 129/129/129
f 163/163/163 130/130/130 129/129/129
f 163/163/163 164/164/164 130/130/130
f 164/164/164 131/131/131 130/130/130
f 164/164/164 165/165/165 131/131/131
f 165/165/165 132/132/132 131/131/131
f 165/165/165 166/166/166 132/132/132
f 166/166/166 133/133/133 132/132/132
f 166/166/166 167/167/167 133/133/133
f 167/167/167 134/134/134 133/133/133
f 167/167/167 168/168/168 134/134/134
f 168/168/168 135/135/135 134/134/134
f 168/168/168 169/169/169 135/135/135
f 169/169/169 136/136/136 135/135/135
f 169/169/169 170/170/170 136/136/136
f 170/170/170 103/103/103 136/136/136
f 170/170/170 137/137/137 103/103/103
f 171/171/171 138/138/138 137/137/137
f 171/171/171 172/172/172 138/138/138
f 172/172/172 139/139/139 138/138/138
f 172/172/172 173/173/173 139/139/139
f 173/173/173 140/140/140 139/139/139
f 173/173/173 174/174/174 140/140/140
f 174/174/174 141/141/141 140/140/140
f 174/174/174 175/175/175 141/141/141
f 175/175/175 142/142/142 141/141/141
f 175/175/175 176/176/176 142/142/142
f 176/176/176 143/143/143 142/142/142
f 176/176/176 177/177/177 143/143/143
f 177/177/177 144/144/144 143/143/143
f 177/177/177 178/178/178 144/144/144
f 178/178/178 145/145/145 144/144/144
f 178/178/178 179/179/179 145/145/145
f 179/179/179 146/146/146 145/145/145
f 179/179/179 180/180/180 146/146/146
f 180/180/180 147/147/147 146/146/146
f 180/180/180 181/181/181 147/147/147
f 181/181/181 148/148/148 147/147/147
f 181/181/181 182/182/182 148/148/148
f 182/182/182 149/149/149 148/148/148
f 182/182/182 183/183/183 149/149/149
f 183/183/183 150/150/150 149/149/149
f 183/183/183 184/184/184 150/150/150
f 184/184/184 151/151/151 150/150/150
f 184/184/184 185/185/185 151/151/151
f 185/185/185 152/152/152 151/151/151
f 185/185/185 186/186/186 152/152/152
f 186/186/186 153/153/153 152/152/152
f 186/186/186 187/187/187 153/153/153
f 187/187/187 154/154/154 153/153/153
f 187/187/187 188/188/188 154/154/154
f 188/188/188 155/155/155 154/154/154
f 188/188/188 189/189/189 155/155/155
f 189/189/189 156/156/156 155/155/155
f 189/189/189 190/190/190 156/156/156
f 190/190/190 157/157/157 156/156/156
f 190/190/190 191/191/191 157/157/157
f 191/191/191 158/158/158 157/157/157
f 191/191/191 192/192/192 158/158/158
f 192/192/192 159/159/159 158/158/158
f 192/192/192 193/193/193 159/159/159
f 193/193/193 160/160/160 159/159/159
f 193/193/193 194/194/194 160/160/160
f 194/194/194 161/161/161 160/160/160
f 194/194/194 195/195/195 161/161/161
f 195/195/195 162/162/162 161/161/161
f 195/195/195 196/196/196 162/162/162
f 196/196/196 163/163/163 162/162/162
f 196/196/196 197/197/197 163/163/163
f 197/197/197 164/164/164 163/163/163
f 197/197/197 198/198/198 164/164/164
f 198/198/198 165/165/165 164/164/164
f 198/198/198 199/199/199 165/165/165
f 199/199/199 166/166/166 165/165/165
f 199/199/199 200/200/200 166/166/166
f 200/200/200 167/167/167 166/166/166
f 200/200/200 201/201/201 167/167/167
f 201/201/201 168/168/168 167/167/167
f 201/201/201 202/202/202 168/168/168
f 202/202/202 169/169/169 168/168/168
f 202/202/202 203/203/203 169/169/169
f 203/203/203 170/170/170 169/169/169
f 203/203/203 204/204/204 170/170/170
f 204/204/204 137/137/137 170/170/170
f 204/204/204 171/171/171 137/137/137
f 205/205/205 172/172/172 171/171/171
f 205/205/205 206/206/206 172/172/172
f 206/206/206 173/173/173 172/172/172
f 206/206/206 207/207/207 173/173/173
f 207/207/207 174/174/174 173/173/173
f 207/207/207 208/208/208 174/174/174
f 208/208/208 175/175/175 174/174/174
f 208/208/208 209/209/209 175/175/175
f 209/209/209 176/176/176 175/175/175
f 209/209/209 210/210/210 176/176/176
f 210/210/210 177/177/177 176/176/176
f 210/210/210 211/211/211 177/177/177
f 211/211/211 178/178/178 177/177/177
f 211/211/211 212/212/212 178/178/178
f 212/212/212 179/179/179 178/178/178
f 212/212/212 213/213/213 179/179/179
f 213/213/213 180/180/180 179/179/179
f 213/213/213 214/214/214 180/180/180
f 214/214/214 181/181/181 180/180/180
f 214/214/214 215/215/215 181/181/181
f 215/215/215 182/182/182 181/181/181
f 215/215/215 216/216/216 182/182/182
f 216/216/216 183/183/183 182/182/182
f 216/216/216 217/217/217 183/183/183
f 217/217/217 184/184/184 183/183/183
f 217/217/217 218/218/218 184/184/184
f 218/218/218 185/185/185 184/184/184
f 218/218/218 219/219/219 185/185/185
f 219/219/219 186/186/186 185/185/185
f 219/219/219 220/220/220 186/186/186
f 220/220/220 187/187/187 186/186/186
f 220/220/220 221/221/221 187/187/187
f 221/221/221 188/188/188 187/187/187
f 221/221/221 222/222/222 188/188/188
f 222/222/222 189/189/189 188/188/188
f 222/222/222 223/223/223 189/189/189
f 223/223/223 190/190/190 189/189/189
f 223/223/223 224/224/224 190/190/190
f 224/224/224 191/191/191 190/190/190
f 224/224/224 225/225/225 191/191/191
f 225/225/225 192/192/192 191/191/191
f 225/225/225 226/226/226 192/192/192
f 226/226/226 193/193/193 192/192/192
f 226/226/226 227/227/227 193/193/193
f 227/227/227 194/194/194 193/193/193
f 227/227/227 228/228/228 194/194/194
f 228/228/228 195/195/195 194/194/194
f 228/228/228 229/229/229 195/195/195
f 229/229/229 196/196/196 195/195/195
f 229/229/229 230/230/230 196/196/196
f 230/230/230 197/197/197 196/196/196
f 230/230/230 231/231/231 197/197/197
f 231/231/231 198/198/198 197/197/197
f 231/231/231 232/232/232 198/198/198
f 232/232/232 199/199/199 198/198/198
f 232/232/232 233/233/233 199/199/199
f 233/233/233 200/200/200 199/199/199
f 233/233/233 234/234/234 200/200/200
f 234/234/234 201/201/201 200/200/200
f 234/234/234 235/235/235 201/201/201
f 235/235/235 202/202/202 201/201/201
f 235/235/235 236/236/236 202/202/202
f 236/236/236 203/203/203 202/202/202
f 236/236/236 237/237/237 203/203/203
f 237/237/237 204/204/204 203/203/203
f 237/237/237 238/238/238 204/204/204
f 238/238/238 171/171/171 204/204/204
f 238/238/238 205/205/205 171/171/171
f 239/239/239 206/206/206 205/205/205
f 239/239/239 240/240/240 206/206/206
f 240/240/240 207/207/207 206/206/206
f 240/240/240 241/241/241 207/207/207
f 241/241/241 208/208/208 207/207/207
f 241/241/241 242/242/242 208/208/208
f 242/242/242 209/209/209 208/208/208
f 242/242/242 243/243/243 209/209/209
f 243/243/243 210/210/210 209/209/209
f 243/243/243 244/244/244 210/210/210
f 244/244/244 211/211/211 210/210/210
f 244/244/244 245/245/245 211/211/211
f 245/245/245 212/212/212 211/211/211
f 245/245/245 246/246/246 212/212/212
f 246/246/246 213/213/213 212/212/212
f 246/246/246 247/247/247 213/213/213
f 247/247/247 214/214/214 213/213/213
f 247/247/247 248/248/248 214/214/214
f 248/248/248 215/215/215 214/214/214
f 248/248/248 249/249/249 215/215/215
f 249/249/249 216/216/216 215/215/215
f 249/249/249 250/250/250 216/216/216
f 250/250/250 217/217/217 216/216/216
f 250/250/250 251/251/251 217/217/217
f 251/251/251 218/218/218 217/217/217
f 251/251/251 252/252/252 218/218/218
f 252/252/252 219/219/219 218/218/218
f 252/252/252 253/253/253 219/219/219
f 253/253/253 220/220/220 219/219/219
f 253/253/253 254/254/254 220/220/220
f 254/254/254 221/221/221 220/220/220
f 254/254/254 255/255/255 221/221/221
f 255/255/255 222/222/222 221/221/221
f 255/255/255 256/256/256 222/222/222
f 256/256/256 223/223/223 222/222/222
f 256/256/256 257/257/257 223/223/223
f 257/257/257 224/224/224 223/223/223
f 257/257/257 258/258/258 224/224/224
f 258/258/258 225/225/225 224/224/224
f 258/258/258 259/259/259 225/225/225
f 259/259/259 226/226/226 225/225/225
f 259/259/259 260/260/260 226/226/226
f 260/260/260 227/227/227 226/226/226
f 260/260/260 261/261/261 227/227/227
f 261/261/261 228/228/228 227/227/227
f 261/261/261 262/262/262 228/228/228
f 262/262/262 229/229/229 228/228/228
f 262/262/262 263/263/263 229/229/229
f 263/263/263 230/230/230 229/229/229
f 263/263/263 264/264/264 230/230/230
f 264/264/264 231/231/231 230/230/230
f 264/264/264 265/265/265 231/231/231
f 265/265/265 232/232/232 231/231/231
f 265/265/265 266/266/266 232/232/232
f 266/266/266 233/233/233 232/232/232
f 266/266/266 267/267/267 233/233/233
f 267/267/267 234/234/234 233/233/233
f 267/267/267 268/268/268 234/234/234
f 268/268/268 235/235/235 234/234/234
f 268/268/268 269/269/269 235/235/235
f 269/269/269 236/236/236 235/235/235
f 269/269/269 270/270/270 236/236/236
f 270/270/270 237/237/237 236/236/236
f 270/270/270 271/271/271 237/237/237
f 271/271/271 238/238/238 237/237/237
f 271/271/271 272/272/272 238/238/238
f 272/272/272 205/205/205 238/238/238
f 272/272/272 239/239/239 205/205/205
f 273/273/273 240/240/240 239/239/239
f 273/273/273 274/274/274 240/240/240
f 274/274/274 241/241/241 240/240/240
f 274/274/274 275/275/275 241/241/241
f 275/275/275 242/242/242 241/241/241
f 275/275/275 276/276/276 242/242/242
f 276/276/276 243/243/243 242/242/242
f 276/276/276 277/277/277 243/243/243
f 277/277/277 244/244/244 243/243/243
f 277/277/277 278/278/278 244/244/244
f 278/278/278 245/245/245 244/244/244
f 278/278/278 279/279/279 245/245/245
f 279/279/279 246/246/246 245/245/245
f 279/279/279 280/280/280 246/246/246
f 280/280/280 247/247/247 246/246/246
f 280/280/280 281/281/281 247/247/247
f 281/281/281 248/248/248 247/247/247
f 281/281/281 282/282/282 248/248/248
f 282/282/282 249/249/249 248/248/248
f 282/282/282 283/283/283 249/249/249
f 283/283/283 250/250/250 249/249/249
f 283/283/283 284/284/284 250/250/250
f 284/284/284 251/251/251 250/250/250
f 284/284/284 285/285/285 251/251/251
f 285/285/285 252/252/252 251/251/251
f 285/285/285 286/286/286 252/252/252
f 286/286/286 253/253/253 252/252/252
f 286/286/286 287/287/287 253/253/253
f 287/287/287 254/254/254 253/253/253
f 287/287/287 288/288/288 254/254/254
f 288/288/288 255/255/255 254/254/254
f 288/288/288 289/289/289 255/255/255
f 289/289/289 256/256/256 255/255/255
f 289/289/289 290/290/290 256/256/256
f 290/290/290 257/257/257 256/256/256
f 290/290/290 291/291/291 257/257/257
f 291/291/291 258/258/258 257/257/257
f 291/291/291 292/292/292 258/258/258
f 292/292/292 259/259/259 258/258/258
f 292/292/292 293/293/293 259/259/259
f 293/293/293 260/260/260 259/259/259
f 293/293/293 294/294/294 260/260/260
f 294/294/294 261/261/261 260/260/260
f 294/294/294 295/295/295 261/261/261
f 295/295/295 262/262/262 261/261/261
f 295/295/295 296/296/296 262/262/262
f 296/296/296 263/263/263 262/262/262
f 296/296/296 297/297/297 263/263/263
f 297/297/297 264/264/264 263/263/263
f 297/297/297 298/298/298 264/264/264
f 298/298/298 265/265/265 264/264/264
f 298/298/298 299/299/299 265/265/265
f 299/299/299 266/266/266 265/265/265
f 299/299/299 300/300/300 266/266/266
f 300/300/300 267/267/267 266/266/266
f 300/300/300 301/301/301 267/267/267
f 301/301/301 268/268/268 267/267/267
f 301/301/301 302/302/302 268/268/268
f 302/302/302 269/269/269 268/268/268
f 302/302/302 303/303/303 269/269/269
f 303/303/303 270/270/270 269/269/269
f 303/303/303 304/304/304 270/270/270
f 304/304/304 271/271/271 270/270/270
f 304/304/304 305/305/305 271/271/271
f 305/305/305 272/272/272 271/271/271
f 305/305/305 306/306/306 272/272/272
f 306/306/306 239/239/239 272/272/272
f 306/306/306 273/273/273 239/239/239
f 307/307/307 274/274/274 273/273/273
f 307/307/307 308/308/308 274/274/274
f 308/308/308 275/275/275 274/274/274
f 308/308/308 309/309/309 275/275/275
f 309/309/309 276/276/276 275/275/275
f 309/309/309 310/310/310 276/276/276
f 310/310/310 277/277/277 276/276/276
f 310/310/310 311/311/311 277/277/277
f 311/311/311 278/278/278 277/277/277
f 311/311/311 312/312/312 278/278/278
f 312/312/312 279/279/279 278/278/278
f 312/312/312 313/313/313 279/279/279
f 313/313/313 280/280/280 279/279/279
f 313/313/313 314/314/314 280/280/280
f 314/314/314 281/281/281 280/280/280
f 314/314/314 315/315/315 281/281/281
f 315/315/315 282/282/282 281/281/281
f 315/315/315 316/316/316 282/282/282
f 316/316/316 283/283/283 282/282/282
f 316/316/316 317/317/317 283/283/283
f 317/317/317 284/284/284 283/283/283
f 317/317/317 318/318/318 284/284/284
f 318/318/318 285/285/285 284/284/284
f 318/318/318 319/319/319 285/285/285
f 319/319/319 286/286/286 285/285/285
f 319/319/319 320/320/320 286/286/286
f 320/320/320 287/287/287 286/286/286
f 320/320/320 321/321/321 287/287/287
f 321/321/321 288/288/288 287/287/287
f 321/321/321 322/322/322 288/288/288
f 322/322/322 289/289/289 288/288/288
f 322/322/322 323/323/323 289/289/289
f 323/323/323 290/290/290 289/289/289
f 323/323/323 324/324/324 290/290/290
f 324/324/324 291/291/291 290/290/290
f 324/324/324 325/325/325 291/291/291
f 325/325/325 292/292/292 291/291/291
f 325/325/325 326/326/326 292/292/292
f 326/326/326 293/293/293 292/292/292
f 326/326/326 327/327/327 293/293/293
f 327/327/327 294/294/294 293/293/293
f 327/327/327 328/328/328 294/294/294
f 328/328/328 295/295/295 294/294/294
f 328/328/328 329/329/329 295/295/295
f 329/329/329 296/296/296 295/295/295
f 329/329/329 330/330/330 296/296/296
f 330/330/330 297/297/297 296/296/296
f 330/330/330 331/331/331 297/297/297
f 331/331/331 298/298/298 297/297/297
f 331/331/331 332/332/332 298/298/298
f 332/332/332 299/299/299 298/298/298
f 332/332/332 333/333/333 299/299/299
f 333/333/333 300/300/300 299/299/299
f 333/333/333 334/334/334 300/300/300
f 334/334/334 301/301/301 300/300/300
f 334/334/334 335/335/335 301/301/301
f 335/335/335 302/302/302 301/301/301
f 335/335/335 336/336/336 302/302/302
f 336/336/336 303/303/303 302/302/302
f 336/336/336 337/337/337 303/303/303
f 337/337/337 304/304/304 303/303/303
f 337/337/337 338/338/338 304/304/304
f 338/338/338 305/305/305 304/304/304
f 338/338/338 339/339/339 305/305/305
f 339/339/339 306/306/306 305/305/305
f 339/339/339 340/340/340 306/306/306
f 340/340/340 273/273/273 306/306/306
f 340/340/340 307/307/307 273/273/273
f 341/341/341 308/308/308 307/307/307
f 341/341/341 342/342/342 308/308/308
f 342/342/342 309/309/309 308/308/308
f 342/342/342 343/343/343 309/309/309
f 343/343/343 310/310/310 309/309/309
f 343/343/343 344/344/344 310/310/310
f 344/344/344 311/311/311 310/310/310
f 344/344/344 345/345/345 311/311/311
f 345/345/345 312/312/312 311/311/311
f 345/345/345 346/346/346 312/312/312
f 346/346/346 313/313/313 312/312/312
f 346/346/346 347/347/347 313/313/313
f 347/347/347 314/314/314 313/313/313
f 347/347/347 348/348/348 314/314/314
f 348/348/348 315/315/315 314/314/314
f 348/348/348 349/349/349 315/315/315
f 349/349/349 316/316/316 315/315/315
f 349/349/349 350/350/350 316/316/316
f 350/350/350 317/317/317 316/316/316
f 350/350/350 351/351/351 317/317/317
f 351/351/351 318/318/318 317/317/317
f 351/351/351 352/352/352 318/318/318
f 352/352/352 319/319/319 318/318/318
f 352/352/352 353/353/353 319/319/319
f 353/353/353 320/320/320 319/319/319
f 353/353/353 354/354/354 320/320/320
f 354/354/354 321/321/321 320/320/320
f 354/354/354 355/355/355 321/321/321
f 355/355/355 322/322/322 321/321/321
f 355/355/355 356/356/356 322/322/322
f 356/356/356 323/323/323 322/322/322
f 356/356/356 357/357/357 323/323/323
f 357/357/357 324/324/324 323/323/323
f 357/357/357 358/358/358 324/324/324
f 358/358/358 325/325/325 324/324/324
f 358/358/358 359/359/359 325/325/325
f 359/359/359 326/326/326 325/325/325
f 359/359/359 360/360/360 326/326/326
f 360/360/360 327/327/327 326/326/326
f 360/360/360 361/361/361 327/327/327
f 361/361/361 328/328/328 327/327/327
f 361/361/361 362/362/362 328/328/328
f 362/362/362 329/329/329 328/328/328
f 362/362/362 363/363/363 329/329/329
f 363/363/363 330/330/330 329/329/329
f 363/363/363 364/364/364 330/330/330
f 364/364/364 331/331/331 330/330/330
f 364/364/364 365/365/365 331/331/331
f 365/365/365 332/332/332 331/331/331
f 365/365/365 366/366/366 332/332/332
f 366/366/366 333/333/333 332/332/332
f 366/366/366 367/367/367 333/333/333
f 367/367/367 334/334/334 333/333/333
f 367/367/367 368/368/368 334/334/334
f 368/368/368 335/335/335 334/334/334
f 368/368/368 369/369/369 335/335/335
f 369/369/369 336/336/336 335/335/335
f 369/369/369 370/370/370 336/336/336
f 370/370/370 337/337/337 336/336/336
f 370/370/370 371/371/371 337/337/337
f 371/371/371 338/338/338 337/337/337
f 371/371/371 372/372/372 338/338/338
f 372/372/372 339/339/339 338/338/338
f 372/372/372 373/373/373 339/339/339
f 373/373/373 340/340/340 339/339/339
f 373/373/373 374/374/374 340/340/340
f 374/374/374 307/307/307 340/340/340
f 374/374/374 341/341/341 307/307/307
f 375/375/375 342/342/342 341/341/341
f 375/375/375 376/376/376 342/342/342
f 376/376/376 343/343/343 342/342/342
f 376/376/376 377/377/377 343/343/343
f 377/377/377 344/344/344 343/343/343
f 377/377/377 378/378/378 344/344/344
f 378/378/378 345/345/345 344/344/344
f 378/378/378 379/379/379 345/345/345
f 379/379/379 346/346/346 345/345/345
f 379/379/379 380/380/380 346/346/346
f 380/380/380 347/347/347 346/346/346
f 380/380/380 381/381/381 347/347/347
f 381/381/381 348/348/348 347/347/347
f 381/381/381 382/382/382 348/348/348
f 382/382/382 349/349/349 348/348/348
f 382/382/382 383/383/383 349/349/349
f 383/383/383 350/350/350 349/349/349
f 383/383/383 384/384/384 350/350/350
f 384/384/384 351/351/351 350/350/350
f 384/384/384 385/385/385 351/351/351
f 385/385/385 352/352/352 351/351/351
f 385/385/385 386/386/386 352/352/352
f 386/386/386 353/353/353 352/352/352
f 386/386/386 387/387/387 353/353/353
f 387/387/387 354/354/354 353/353/353
f 387/387/387 388/388/388 354/354/354
f 388/388/388 355/355/355 354/354/354
f 388/388/388 389/389/389 355/355/355
f 389/389/389 356/356/356 355/355/355
f 389/389/389 390/390/390 356/356/356
f 390/390/390 357/357/357 356/356/356
f 390/390/390 391/391/391 357/357/357
f 391/391/391 358/358/358 357/357/357
f 391/391/391 392/392/392 358/358/358
f 392/392/392 359/359/359 358/358/358
f 392/392/392 393/393/393 359/359/359
f 393/393/393 360/360/360 359/359/359
f 393/393/393 394/394/394 360/360/360
f 394/394/394 361/361/361 360/360/360
f 394/394/394 395/395/395 361/361/361
f 395/395/395 362/362/362 361/361/361
f 395/395/395 396/396/396 362/362/362
f 396/396/396 363/363/363 362/362/362
f 396/396/396 397/397/397 363/363/363
f 397/397/397 364/364/364 363/363/363
f 397/397/397 398/398/398 364/364/364
f 398/398/398 365/365/365 364/364/364
f 398/398/398 399/399/399 365/365/365
f 399/399/399 366/366/366 365/365/365
f 399/399/399 400/400/400 366/366/366
f 400/400/400 367/367/367 366/366/366
f 400/400/400 401/401/401 367/367/367
f 401/401/401 368/368/368 367/367/367
f 401/401/401 402/402/402 368/368/368
f 402/402/402 369/369/369 368/368/368
f 402/402/402 403/403/403 369/369/369
f 403/403/403 370/370/370 369/369/369
f 403/403/403 404/404/404 370/370/370
f 404/404/404 371/371/371 370/370/370
f 404/404/404 405/405/405 371/371/371
f 405/405/405 372/372/372 371/371/371
f 405/405/405 406/406/406 372/372/372
f 406/406/406 373/373/373 372/372/372
f 406/406/406 407/407/407 373/373/373
f 407/407/407 374/374/374 373/373/373
f 407/407/407 408/408/408 374/374/374
f 408/408/408 341/341/341 374/374/374
f 408/408/408 375/375/375 341/341/341
f 409/409/409 376/376/376 375/375/375
f 409/409/409 410/410/410 376/376/376
f 410/410/410 377/377/377 376/376/376
f 410/410/410 411/411/411 377/377/377
f 411/411/411 378/378/378 377/377/377
f 411/411/411 412/412/412 378/378/378
f 412/412/412 379/379/379 378/378/378
f 412/412/412 413/413/413 379/379/379
f 413/413/413 380/380/380 379/379/379
f 413/413/413 414/414/414 380/380/380
f 414/414/414 381/381/381 380/380/380
f 414/414/414 415/415/415 381/381/381
f 415/415/415 382/382/382 381/381/381
f 415/415/415 416/416/416 382/382/382
f 416/416/416 383/383/383 382/382/382
f 416/416/416 417/417/417 383/383/383
f 417/417/417 384/384/384 383/383/383
f 417/417/417 418/418/418 384/384/384
f 418/418/418 385/385/385 384/384/384
f 418/418/418 419/419/419 385/385/385
f 419/419/419 386/386/386 385/385/385
f 419/419/419 420/420/420 386/386/386
f 420/420/420 387/387/387 386/386/386
f 420/420/420 421/421/421 387/387/387
f 421/421/421 388/388/388 387/387/387
f 421/421/421 422/422/422 388/388/388
f 422/422/422 389/389/389 388/388/388
f 422/422/422 423/423/423 389/389/389
f 423/423/423 390/390/390 389/389/389
f 423/423/423 424/424/424 390/390/390
f 424/424/424 391/391/391 390/390/390
f 424/424/424 425/425/425 391/391/391
f 425/425/425 392/392/392 391/391/391
f 425/425/425 426/426/426 392/392/392
f 426/426/426 393/393/393 392/392/392
f 426/426/426 427/427/427 393/393/393
f 427/427/427 394/394/394 393/393/393
f 427/427/427 428/428/428 394/394/394
f 428/428/428 395/395/395 394/394/394
f 428/428/428 429/429/429 395/395/395
f 429/429/429 396/396/396 395/395/395
f 429/429/429 430/430/430 396/396/396
f 430/430/430 397/397/397 396/396/396
f 430/430/430 431/431/431 397/397/397
f 431/431/431 398/398/398 397/397/397
f 431/431/431 432/432/432 398/398/398
f 432/432/432 399/399/399 398/398/398
f 432/432/432 433/433/433 399/399/399
f 433/433/433 400/400/400 399/399/399
f 433/433/433 434/434/434 400/400/400
f 434/434/434 401/401/401 400/400/400
f 434/434/434 435/435/435 401/401/401
f 435/435/435 402/402/402 401/401/401
f 435/435/435 436/436/436 402/402/402
f 436/436/436 403/403/403 402/402/402
f 436/436/436 437/437/437 403/403/403
f 437/437/437 404/404/404 403/403/403
f 437/437/437 438/438/438 404/404/404
f 438/438/438 405/405/405 404/404/404
f 438/438/438 439/439/439 405/405/405
f 439/439/439 406/406/406 405/405/405
f 439/439/439 440/440/440 406/406/406
f 440/440/440 407/407/407 406/406/406
f 440/440/440 441/441/441 407/407/407
f 441/441/441 408/408/408 407/407/407
f 441/441/441 442/442/442 408/408/408
f 442/442/442 375/375/375 408/408/408
f 442/442/442 409/409/409 375/375/375

v 0.075603 1.51365 0.963209
v 0.0521 1.522202 0.941051
v 0.028411 1.538408 0.907892
v 0.019289 1.545804 0.877001
v 0.014028 1.540867 0.843514
v 0.012192 1.543216 0.795276
v 0.021828 1.545255 0.756956
v 0.031974 1.562787 0.719539
v 0.04588 1.572831 0.682738
v 0.06986 1.572794 0.653347
v 0.100639 1.578246 0.628745
v 0.131785 1.584439 0.609255
v 0.171355 1.585459 0.596063
v 0.207502 1.579556 0.589686
v 0.244907 1.57079 0.587934
v 0.275462 1.567357 0.597039
v 0.305841 1.553982 0.609815
v 0.333464 1.526226 0.629125
v 0.363882 1.513804 0.658722
v 0.381957 1.529406 0.682763
v 0.395916 1.528603 0.711183
v 0.408864 1.500832 0.748989
v 0.423253 1.481331 0.796008
v 0.42683 1.48556 0.824588
v 0.42144 1.491693 0.852484
v 0.404971 1.496612 0.896398
v 0.375864 1.491909 0.924306
v 0.354651 1.490136 0.945181
v 0.328848 1.487183 0.959492
v 0.289519 1.490685 0.990384
v 0.240029 1.503921 0.998556
v 0.20768 1.512694 1.001444
v 0.169957 1.50351 0.995935
v 0.121298 1.502387 0.98669
v 0.100242 1.618069 0.977309
v 0.054937 1.646706 0.925771
v 0.03975 1.715559 0.863465
v 0.060558 1.749551 0.802262
v 0.086031 1.768997 0.733812
v 0.148761 1.775455 0.689595
v 0.215396 1.742471 0.670776
v 0.287061 1.728528 0.665698
v 0.348456 1.684372 0.691241
v 0.411334 1.618758 0.72621
v 0.425467 1.595097 0.791213
v 0.43489 1.536562 0.853823
v 0.414304 1.521218 0.919172
v 0.362995 1.534103 0.967248
v 0.302767 1.534686 1.013609
v 0.232642 1.539428 1.016355
v 0.163871 1.571536 1.010601
v 0.137454 1.730688 1.007374
v 0.103084 1.791067 0.960695
v 0.096017 1.825903 0.901411
v 0.108261 1.842238 0.838538
v 0.154332 1.863462 0.786088
v 0.212582 1.863594 0.749769
v 0.274899 1.849922 0.717018
v 0.34031 1.815008 0.723269
v 0.404129 1.788692 0.739232
v 0.445904 1.757051 0.783879
v 0.461945 1.713574 0.841158
v 0.45089 1.671711 0.904194
v 0.423925 1.614433 0.969213
v 0.371341 1.600951 1.018226
v 0.30683 1.609666 1.033577
v 0.243632 1.639446 1.049107
v 0.188448 1.713382 1.029584
v 0.129608 1.845387 1.03217
v 0.105632 1.877842 0.978695
v 0.118438 1.917301 0.920017
v 0.140491 1.972495 0.863708
v 0.193107 1.985001 0.812359
v 0.251038 1.984404 0.780257
v 0.316629 1.967434 0.759017
v 0.369166 1.929817 0.782526
v 0.42066 1.871896 0.807958
v 0.456689 1.850198 0.859263
v 0.48197 1.8002 0.919935
v 0.464138 1.791652 0.976978
v 0.430389 1.763738 1.032999
v 0.378763 1.738795 1.073098
v 0.305809 1.751695 1.093526
v 0.234735 1.794412 1.091086
v 0.171831 1.799599 1.074444
v 0.117314 1.964958 1.064928
v 0.102846 2.019196 1.005806
v 0.106564 2.06468 0.946859
v 0.142001 2.079106 0.888116
v 0.190098 2.089669 0.846713
v 0.25583 2.093382 0.820849
v 0.324822 2.063762 0.818671
v 0.403839 2.063363 0.832922
v 0.460736 2.012143 0.884275
v 0.502042 1.97913 0.939392
v 0.515939 1.930762 1.00072
v 0.501934 1.874934 1.060033
v 0.443434 1.866931 1.091252
v 0.399753 1.854107 1.144254
v 0.328425 1.866574 1.139929
v 0.24731 1.871263 1.144285
v 0.176977 1.927458 1.109222
v 0.148291 2.106368 1.114899
v 0.120559 2.135074 1.053066
v 0.111547 2.161267 0.985352
v 0.143213 2.192246 0.930403
v 0.205476 2.187028 0.890552
v 0.27984 2.17631 0.878677
v 0.361461 2.146299 0.878596
v 0.430112 2.131036 0.916355
v 0.481583 2.114608 0.959883
v 0.503226 2.077076 1.016053
v 0.500945 2.077801 1.07434
v 0.488159 2.030809 1.133932
v 0.414436 2.020029 1.154776
v 0.374436 1.987149 1.202783
v 0.311321 2.004055 1.218594
v 0.25052 2.043801 1.199057
v 0.196287 2.079207 1.161592
v 0.152934 2.2054 1.170111
v 0.132658 2.238686 1.114443
v 0.149916 2.291635 1.056072
v 0.185402 2.308432 1.008337
v 0.239678 2.306448 0.973845
v 0.303067 2.301466 0.96382
v 0.36824 2.266888 0.969287
v 0.422275 2.225717 1.001042
v 0.462025 2.210809 1.051212
v 0.50812 2.164574 1.100376
v 0.527673 2.146432 1.156138
v 0.490439 2.134162 1.207001
v 0.444515 2.111875 1.248563
v 0.383788 2.102542 1.276311
v 0.301244 2.128567 1.281594
v 0.231048 2.140665 1.259971
v 0.183672 2.16776 1.217923
v 0.135688 2.330547 1.227654
v 0.13752 2.377909 1.171153
v 0.14799 2.403347 1.121545
v 0.194412 2.406095 1.087561
v 0.240607 2.396937 1.05666
v 0.311803 2.39887 1.048087
v 0.38461 2.383396 1.060092
v 0.453902 2.342198 1.092966
v 0.507082 2.330018 1.138937
v 0.531427 2.283872 1.193126
v 0.526092 2.242319 1.243956
v 0.485789 2.225183 1.288214
v 0.445111 2.204487 1.327017
v 0.386201 2.214999 1.345689
v 0.317352 2.214723 1.339193
v 0.238304 2.241237 1.327312
v 0.186712 2.303003 1.278097
v 0.156111 2.347233 1.251672
v 0.138999 2.392861 1.200286
v 0.148298 2.417317 1.146526
v 0.186778 2.418462 1.106169
v 0.237717 2.410009 1.078346
v 0.309044 2.41652 1.06662
v 0.3834 2.398805 1.077567
v 0.45366 2.3677 1.101268
v 0.505255 2.341868 1.142892
v 0.529233 2.311995 1.195898
v 0.527212 2.267696 1.247512
v 0.495819 2.2446 1.297091
v 0.45195 2.222654 1.33242
v 0.393598 2.224836 1.354105
v 0.329552 2.236492 1.357287
v 0.259078 2.259368 1.338968
v 0.198629 2.329087 1.300497
vn -0.538671 0.009394 0.842464
vn -0.728718 0.084479 0.679583
vn -0.872385 0.136168 0.46947
vn -0.948721 0.149389 0.278587
vn -0.98675 0.135011 0.089985
vn -0.977105 0.192278 -0.091083
vn -0.954124 0.227685 -0.194442
vn -0.945482 0.241487 -0.218511
vn -0.876803 0.281867 -0.389573
vn -0.682219 0.324859 -0.655015
vn -0.576866 0.35763 -0.734388
vn -0.426398 0.382625 -0.819624
vn -0.141317 0.428802 -0.892277
vn -0.011166 0.446002 -0.894962
vn 0.129967 0.415142 -0.900425
vn 0.394647 0.335927 -0.855223
vn 0.576847 0.277909 -0.768123
vn 0.707654 0.199182 -0.677903
vn 0.716597 0.145681 -0.682104
vn 0.845667 -0.018689 -0.533384
vn 0.935981 -0.072772 -0.344446
vn 0.947291 -0.023732 -0.319495
vn 0.979193 -0.050564 -0.196529
vn 0.978831 -0.193277 0.06733
vn 0.877292 -0.394118 0.273915
vn 0.654817 -0.632001 0.414475
vn 0.57917 -0.551129 0.600682
vn 0.562938 -0.45359 0.69091
vn 0.498891 -0.493719 0.712285
vn 0.268787 -0.511666 0.816058
vn -0.006557 -0.45807 0.888892
vn -0.027836 -0.466972 0.883834
vn -0.125685 -0.311556 0.941879
vn -0.324321 -0.124582 0.937707
vn -0.592398 0.013444 0.805533
vn -0.829094 0.123375 0.545327
vn -0.963997 0.243324 0.107249
vn -0.922096 0.348082 -0.169052
vn -0.7252 0.465015 -0.507786
vn -0.337379 0.515879 -0.787429
vn -0.043323 0.463597 -0.884986
vn 0.317987 0.356847 -0.878376
vn 0.576014 0.213005 -0.7892
vn 0.824216 0.011545 -0.566158
vn 0.95481 -0.089754 -0.283342
vn 0.983712 -0.176944 0.031644
vn 0.782921 -0.442683 0.437112
vn 0.553204 -0.494821 0.670162
vn 0.262381 -0.449579 0.853835
vn -0.049532 -0.355684 0.933293
vn -0.345335 -0.122947 0.930391
vn -0.704446 -0.132822 0.697219
vn -0.912296 0.072226 0.403111
vn -0.951455 0.306351 0.02972
vn -0.876098 0.423301 -0.2308
vn -0.604402 0.520058 -0.603522
vn -0.340353 0.475936 -0.810953
vn -0.059791 0.395722 -0.916422
vn 0.38243 0.295581 -0.875431
vn 0.603514 0.244261 -0.759017
vn 0.900222 0.077766 -0.428431
vn 0.977596 -0.090889 -0.189856
vn 0.962284 -0.214382 0.167478
vn 0.813418 -0.331691 0.477841
vn 0.499439 -0.403842 0.766467
vn 0.115241 -0.331426 0.936417
vn -0.219407 -0.268281 0.938022
vn -0.451866 -0.237563 0.859873
vn -0.841714 -0.163795 0.514479
vn -0.991573 -0.003152 0.129509
vn -0.979047 0.121549 -0.163381
vn -0.846981 0.206368 -0.489933
vn -0.587478 0.284441 -0.757604
vn -0.344554 0.340969 -0.874656
vn 0.205394 0.381684 -0.901183
vn 0.504358 0.313921 -0.804411
vn 0.756746 0.220319 -0.615463
vn 0.896816 0.085566 -0.43405
vn 0.982455 -0.161167 -0.093848
vn 0.919502 -0.335296 0.205167
vn 0.720359 -0.396718 0.568944
vn 0.453077 -0.433677 0.778875
vn -0.028962 -0.381839 0.923775
vn -0.260761 -0.412665 0.872761
vn -0.542161 -0.347258 0.765162
vn -0.852782 -0.114255 0.509615
vn -0.99383 0.018733 0.109316
vn -0.973302 0.072412 -0.217806
vn -0.785154 0.197823 -0.586855
vn -0.501133 0.328046 -0.800782
vn -0.099165 0.46912 -0.877549
vn 0.253584 0.471434 -0.844657
vn 0.51095 0.369327 -0.776226
vn 0.785966 0.19848 -0.585546
vn 0.926879 0.071364 -0.368515
vn 0.994373 -0.1058 -0.005291
vn 0.862835 -0.323634 0.388301
vn 0.591788 -0.3643 0.719077
vn 0.418933 -0.373382 0.827696
vn -0.060006 -0.446013 0.893013
vn -0.315844 -0.397704 0.861437
vn -0.648943 -0.197604 0.734728
vn -0.878129 -0.13474 0.459059
vn -0.97292 -0.013221 0.230762
vn -0.968183 0.195209 -0.156576
vn -0.707581 0.420387 -0.567982
vn -0.291296 0.54722 -0.784664
vn 0.06799 0.554804 -0.829199
vn 0.316652 0.54612 -0.775554
vn 0.634683 0.480996 -0.604831
vn 0.821169 0.370199 -0.43432
vn 0.974628 0.164919 -0.151333
vn 0.998179 -0.056058 0.022295
vn 0.719554 -0.360394 0.593598
vn 0.652375 -0.405917 0.64003
vn 0.378536 -0.486345 0.787515
vn -0.151557 -0.459486 0.875159
vn -0.544023 -0.362266 0.756837
vn -0.706851 -0.303527 0.638931
vn -0.90219 -0.197678 0.383376
vn -0.996606 0.029349 0.076912
vn -0.919752 0.291644 -0.262677
vn -0.566613 0.546088 -0.617039
vn -0.230392 0.619258 -0.750626
vn 0.113427 0.608508 -0.785399
vn 0.482526 0.530639 -0.696844
vn 0.691986 0.443391 -0.569701
vn 0.811508 0.320811 -0.4884
vn 0.935175 0.100173 -0.339726
vn 0.979264 -0.192766 0.062323
vn 0.682793 -0.484838 0.546558
vn 0.637046 -0.543327 0.54678
vn 0.148984 -0.536958 0.830349
vn -0.245805 -0.502701 0.828777
vn -0.531597 -0.483073 0.695734
vn -0.802574 -0.305107 0.512626
vn -0.898763 -0.055605 0.434894
vn -0.991517 0.129256 0.01371
vn -0.84683 0.397184 -0.35373
vn -0.428136 0.655259 -0.622363
vn -0.168426 0.744114 -0.646473
vn 0.087797 0.702351 -0.706395
vn 0.451504 0.590768 -0.668684
vn 0.635403 0.346898 -0.689873
vn 0.802542 0.219095 -0.554909
vn 0.980744 0.08428 -0.176176
vn 0.92894 -0.174766 0.326386
vn 0.7543 -0.430706 0.495504
vn 0.509595 -0.50735 0.694916
vn 0.060466 -0.557798 0.827771
vn -0.191611 -0.551385 0.811948
vn -0.532228 -0.297141 0.792743
vn -0.761607 -0.181567 0.622083
vn -0.904559 0.091077 0.416507
vn -0.996879 0.078755 -0.005501
vn -0.729574 0.544924 -0.413255
vn -0.358058 0.720543 -0.593811
vn -0.137939 0.800206 -0.583647
vn 0.1187 0.732891 -0.669911
vn 0.447463 0.567153 -0.691458
vn 0.597301 0.285077 -0.749641
vn 0.876557 0.224262 -0.425857
vn 0.996649 0.042853 -0.069674
vn 0.91303 -0.250351 0.322025
vn 0.739824 -0.515742 0.432054
vn 0.394696 -0.52856 0.751558
vn 0.024479 -0.659434 0.751364
vn -0.231282 -0.460853 0.85681
vn -0.554312 -0.112952 0.824609
vn -0.739199 -0.157311 0.654857
vt 0 0
vt 0.125 0
vt 0.25 0
vt 0.375 0
vt 0.5 0
vt 0.625 0
vt 0.75 0
vt 0.875 0
vt 1 0
vt 0.888889 0
vt 0.777778 0
vt 0.666667 0
vt 0.555556 0
vt 0.444444 0
vt 0.333333 0
vt 0.222222 0
vt 0.111111 0
vt 0 0
vt 0.125 0
vt 0.25 0
vt 0.375 0
vt 0.5 0
vt 0.625 0
vt 0.75 0
vt 0.875 0
vt 1 0
vt 0.888889 0
vt 0.777778 0
vt 0.666667 0
vt 0.555556 0
vt 0.444444 0
vt 0.333333 0
vt 0.222222 0
vt 0.111111 0
vt 0 0.25
vt 0.25 0.25
vt 0.5 0.25
vt 0.75 0.25
vt 1 0.25
vt 0.8 0.25
vt 0.6 0.25
vt 0.4 0.25
vt 0.2 0.25
vt 0 0.25
vt 0.25 0.25
vt 0.5 0.25
vt 0.75 0.25
vt 1 0.25
vt 0.75 0.25
vt 0.5 0.25
vt 0.25 0.25
vt 0 0.5
vt 0.25 0.5
vt 0.5 0.5
vt 0.75 0.5
vt 1 0.5
vt 0.8 0.5
vt 0.6 0.5
vt 0.4 0.5
vt 0.2 0.5
vt 0 0.5
vt 0.25 0.5
vt 0.5 0.5
vt 0.75 0.5
vt 1 0.5
vt 0.75 0.5
vt 0.5 0.5
vt 0.25 0.5
vt 0 0.75
vt 0.25 0.75
vt 0.5 0.75
vt 0.75 0.75
vt 1 0.75
vt 0.8 0.75
vt 0.6 0.75
vt 0.4 0.75
vt 0.2 0.75
vt 0 0.75
vt 0.25 0.75
vt 0.5 0.75
vt 0.75 0.75
vt 1 0.75
vt 0.75 0.75
vt 0.5 0.75
vt 0.25 0.75
vt 0 1
vt 0.25 1
vt 0.5 1
vt 0.75 1
vt 1 1
vt 0.8 1
vt 0.6 1
vt 0.4 1
vt 0.2 1
vt 0 1
vt 0.25 1
vt 0.5 1
vt 0.75 1
vt 1 1
vt 0.75 1
vt 0.5 1
vt 0.25 1
vt 0 0.75
vt 0.25 0.75
vt 0.5 0.75
vt 0.75 0.75
vt 1 0.75
vt 0.8 0.75
vt 0.6 0.75
vt 0.4 0.75
vt 0.2 0.75
vt 0 0.75
vt 0.25 0.75
vt 0.5 0.75
vt 0.75 0.75
vt 1 0.75
vt 0.75 0.75
vt 0.5 0.75
vt 0.25 0.75
vt 0 0.5
vt 0.25 0.5
vt 0.5 0.5
vt 0.75 0.5
vt 1 0.5
vt 0.8 0.5
vt 0.6 0.5
vt 0.4 0.5
vt 0.2 0.5
vt 0 0.5
vt 0.25 0.5
vt 0.5 0.5
vt 0.75 0.5
vt 1 0.5
vt 0.75 0.5
vt 0.5 0.5
vt 0.25 0.5
vt 0 0.25
vt 0.25 0.25
vt 0.5 0.25
vt 0.75 0.25
vt 1 0.25
vt 0.8 0.25
vt 0.6 0.25
vt 0.4 0.25
vt 0.2 0.25
vt 0 0.25
vt 0.25 0.25
vt 0.5 0.25
vt 0.75 0.25
vt 1 0.25
vt 0.75 0.25
vt 0.5 0.25
vt 0.25 0.25
vt 0 0
vt 0.25 0
vt 0.5 0
vt 0.75 0
vt 1 0
vt 0.8 0
vt 0.6 0
vt 0.4 0
vt 0.2 0
vt 0 0
vt 0.25 0
vt 0.5 0
vt 0.75 0
vt 1 0
vt 0.75 0
vt 0.5 0
vt 0.25 0
usemtl nature_bark_linden_02_m_0001.jpg
f 477/477/477 444/444/444 443/443/443
f 477/477/477 478/478/478 444/444/444
f 478/478/478 445/445/445 444/444/444
f 478/478/478 446/446/446 445/445/445
f 478/478/478 479/479/479 446/446/446
f 479/479/479 447/447/447 446/446/446
f 479/479/479 448/448/448 447/447/447
f 479/479/479 449/449/449 448/448/448
f 479/479/479 480/480/480 449/449/449
f 480/480/480 450/450/450 449/449/449
f 480/480/480 451/451/451 450/450/450
f 480/480/480 481/481/481 451/451/451
f 481/481/481 452/452/452 451/451/451
f 481/481/481 453/453/453 452/452/452
f 481/481/481 482/482/482 453/453/453
f 482/482/482 454/454/454 453/453/453
f 482/482/482 455/455/455 454/454/454
f 482/482/482 483/483/483 455/455/455
f 483/483/483 456/456/456 455/455/455
f 483/483/483 457/457/457 456/456/456
f 483/483/483 484/484/484 457/457/457
f 484/484/484 458/458/458 457/457/457
f 484/484/484 459/459/459 458/458/458
f 484/484/484 485/485/485 459/459/459
f 485/485/485 460/460/460 459/459/459
f 485/485/485 461/461/461 460/460/460
f 485/485/485 486/486/486 461/461/461
f 486/486/486 462/462/462 461/461/461
f 486/486/486 463/463/463 462/462/462
f 486/486/486 487/487/487 463/463/463
f 487/487/487 464/464/464 463/463/463
f 487/487/487 465/465/465 464/464/464
f 487/487/487 488/488/488 465/465/465
f 488/488/488 466/466/466 465/465/465
f 488/488/488 467/467/467 466/466/466
f 488/488/488 489/489/489 467/467/467
f 489/489/489 468/468/468 467/467/467
f 489/489/489 469/469/469 468/468/468
f 489/489/489 490/490/490 469/469/469
f 490/490/490 470/470/470 469/469/469
f 490/490/490 471/471/471 470/470/470
f 490/490/490 491/491/491 471/471/471
f 491/491/491 472/472/472 471/471/471
f 491/491/491 473/473/473 472/472/472
f 491/491/491 492/492/492 473/473/473
f 492/492/492 474/474/474 473/473/473
f 492/492/492 475/475/475 474/474/474
f 492/492/492 493/493/493 475/475/475
f 493/493/493 476/476/476 475/475/475
f 493/493/493 443/443/443 476/476/476
f 493/493/493 477/477/477 443/443/443
f 494/494/494 478/478/478 477/477/477
f 494/494/494 495/495/495 478/478/478
f 495/495/495 479/479/479 478/478/478
f 495/495/495 496/496/496 479/479/479
f 496/496/496 480/480/480 479/479/479
f 496/496/496 497/497/497 480/480/480
f 497/497/497 481/481/481 480/480/480
f 497/497/497 498/498/498 481/481/481
f 498/498/498 482/482/482 481/481/481
f 498/498/498 499/499/499 482/482/482
f 499/499/499 483/483/483 482/482/482
f 499/499/499 500/500/500 483/483/483
f 500/500/500 484/484/484 483/483/483
f 500/500/500 501/501/501 484/484/484
f 501/501/501 485/485/485 484/484/484
f 501/501/501 502/502/502 485/485/485
f 502/502/502 486/486/486 485/485/485
f 502/502/502 503/503/503 486/486/486
f 503/503/503 487/487/487 486/486/486
f 503/503/503 504/504/504 487/487/487
f 504/504/504 488/488/488 487/487/487
f 504/504/504 505/505/505 488/488/488
f 505/505/505 489/489/489 488/488/488
f 505/505/505 506/506/506 489/489/489
f 506/506/506 490/490/490 489/489/489
f 506/506/506 507/507/507 490/490/490
f 507/507/507 491/491/491 490/490/490
f 507/507/507 508/508/508 491/491/491
f 508/508/508 492/492/492 491/491/491
f 508/508/508 509/509/509 492/492/492
f 509/509/509 493/493/493 492/492/492
f 509/509/509 510/510/510 493/493/493
f 510/510/510 477/477/477 493/493/493
f 510/510/510 494/494/494 477/477/477
f 511/511/511 495/495/495 494/494/494
f 511/511/511 512/512/512 495/495/495
f 512/512/512 496/496/496 495/495/495
f 512/512/512 513/513/513 496/496/496
f 513/513/513 497/497/497 496/496/496
f 513/513/513 514/514/514 497/497/497
f 514/514/514 498/498/498 497/497/497
f 514/514/514 515/515/515 498/498/498
f 515/515/515 499/499/499 498/498/498
f 515/515/515 516/516/516 499/499/499
f 516/516/516 500/500/500 499/499/499
f 516/516/516 517/517/517 500/500/500
f 517/517/517 501/501/501 500/500/500
f 517/517/517 518/518/518 501/501/501
f 518/518/518 502/502/502 501/501/501
f 518/518/518 519/519/519 502/502/502
f 519/519/519 503/503/503 502/502/502
f 519/519/519 520/520/520 503/503/503
f 520/520/520 504/504/504 503/503/503
f 520/520/520 521/521/521 504/504/504
f 521/521/521 505/505/505 504/504/504
f 521/521/521 522/522/522 505/505/505
f 522/522/522 506/506/506 505/505/505
f 522/522/522 523/523/523 506/506/506
f 523/523/523 507/507/507 506/506/506
f 523/523/523 524/524/524 507/507/507
f 524/524/524 508/508/508 507/507/507
f 524/524/524 525/525/525 508/508/508
f 525/525/525 509/509/509 508/508/508
f 525/525/525 526/526/526 509/509/509
f 526/526/526 510/510/510 509/509/509
f 526/526/526 527/527/527 510/510/510
f 527/527/527 494/494/494 510/510/510
f 527/527/527 511/511/511 494/494/494
f 528/528/528 512/512/512 511/511/511
f 528/528/528 529/529/529 512/512/512
f 529/529/529 513/513/513 512/512/512
f 529/529/529 530/530/530 513/513/513
f 530/530/530 514/514/514 513/513/513
f 530/530/530 531/531/531 514/514/514
f 531/531/531 515/515/515 514/514/514
f 531/531/531 532/532/532 515/515/515
f 532/532/532 516/516/516 515/515/515
f 532/532/532 533/533/533 516/516/516
f 533/533/533 517/517/517 516/516/516
f 533/533/533 534/534/534 517/517/517
f 534/534/534 518/518/518 517/517/517
f 534/534/534 535/535/535 518/518/518
f 535/535/535 519/519/519 518/518/518
f 535/535/535 536/536/536 519/519/519
f 536/536/536 520/520/520 519/519/519
f 536/536/536 537/537/537 520/520/520
f 537/537/537 521/521/521 520/520/520
f 537/537/537 538/538/538 521/521/521
f 538/538/538 522/522/522 521/521/521
f 538/538/538 539/539/539 522/522/522
f 539/539/539 523/523/523 522/522/522
f 539/539/539 540/540/540 523/523/523
f 540/540/540 524/524/524 523/523/523
f 540/540/540 541/541/541 524/524/524
f 541/541/541 525/525/525 524/524/524
f 541/541/541 542/542/542 525/525/525
f 542/542/542 526/526/526 525/525/525
f 542/542/542 543/543/543 526/526/526
f 543/543/543 527/527/527 526/526/526
f 543/543/543 544/544/544 527/527/527
f 544/544/544 511/511/511 527/527/527
f 544/544/544 528/528/528 511/511/511
f 545/545/545 529/529/529 528/528/528
f 545/545/545 546/546/546 529/529/529
f 546/546/546 530/530/530 529/529/529
f 546/546/546 547/547/547 530/530/530
f 547/547/547 531/531/531 530/530/530
f 547/547/547 548/548/548 531/531/531
f 548/548/548 532/532/532 531/531/531
f 548/548/548 549/549/549 532/532/532
f 549/549/549 533/533/533 532/532/532
f 549/549/549 550/550/550 533/533/533
f 550/550/550 534/534/534 533/533/533
f 550/550/550 551/551/551 534/534/534
f 551/551/551 535/535/535 534/534/534
f 551/551/551 552/552/552 535/535/535
f 552/552/552 536/536/536 535/535/535
f 552/552/552 553/553/553 536/536/536
f 553/553/553 537/537/537 536/536/536
f 553/553/553 554/554/554 537/537/537
f 554/554/554 538/538/538 537/537/537
f 554/554/554 555/555/555 538/538/538
f 555/555/555 539/539/539 538/538/538
f 555/555/555 556/556/556 539/539/539
f 556/556/556 540/540/540 539/539/539
f 556/556/556 557/557/557 540/540/540
f 557/557/557 541/541/541 540/540/540
f 557/557/557 558/558/558 541/541/541
f 558/558/558 542/542/542 541/541/541
f 558/558/558 559/559/559 542/542/542
f 559/559/559 543/543/543 542/542/542
f 559/559/559 560/560/560 543/543/543
f 560/560/560 544/544/544 543/543/543
f 560/560/560 561/561/561 544/544/544
f 561/561/561 528/528/528 544/544/544
f 561/561/561 545/545/545 528/528/528
f 562/562/562 546/546/546 545/545/545
f 562/562/562 563/563/563 546/546/546
f 563/563/563 547/547/547 546/546/546
f 563/563/563 564/564/564 547/547/547
f 564/564/564 548/548/548 547/547/547
f 564/564/564 565/565/565 548/548/548
f 565/565/565 549/549/549 548/548/548
f 565/565/565 566/566/566 549/549/549
f 566/566/566 550/550/550 549/549/549
f 566/566/566 567/567/567 550/550/550
f 567/567/567 551/551/551 550/550/550
f 567/567/567 568/568/568 551/551/551
f 568/568/568 552/552/552 551/551/551
f 568/568/568 569/569/569 552/552/552
f 569/569/569 553/553/553 552/552/552
f 569/569/569 570/570/570 553/553/553
f 570/570/570 554/554/554 553/553/553
f 570/570/570 571/571/571 554/554/554
f 571/571/571 555/555/555 554/554/554
f 571/571/571 572/572/572 555/555/555
f 572/572/572 556/556/556 555/555/555
f 572/572/572 573/573/573 556/556/556
f 573/573/573 557/557/557 556/556/556
f 573/573/573 574/574/574 557/557/557
f 574/574/574 558/558/558 557/557/557
f 574/574/574 575/575/575 558/558/558
f 575/575/575 559/559/559 558/558/558
f 575/575/575 576/576/576 559/559/559
f 576/576/576 560/560/560 559/559/559
f 576/576/576 577/577/577 560/560/560
f 577/577/577 561/561/561 560/560/560
f 577/577/577 578/578/578 561/561/561
f 578/578/578 545/545/545 561/561/561
f 578/578/578 562/562/562 545/545/545
f 579/579/579 563/563/563 562/562/562
f 579/579/579 580/580/580 563/563/563
f 580/580/580 564/564/564 563/563/563
f 580/580/580 581/581/581 564/564/564
f 581/581/581 565/565/565 564/564/564
f 581/581/581 582/582/582 565/565/565
f 582/582/582 566/566/566 565/565/565
f 582/582/582 583/583/583 566/566/566
f 583/583/583 567/567/567 566/566/566
f 583/583/583 584/584/584 567/567/567
f 584/584/584 568/568/568 567/567/567
f 584/584/584 585/585/585 568/568/568
f 585/585/585 569/569/569 568/568/568
f 585/585/585 586/586/586 569/569/569
f 586/586/586 570/570/570 569/569/569
f 586/586/586 587/587/587 570/570/570
f 587/587/587 571/571/571 570/570/570
f 587/587/587 588/588/588 571/571/571
f 588/588/588 572/572/572 571/571/571
f 588/588/588 589/589/589 572/572/572
f 589/589/589 573/573/573 572/572/572
f 589/589/589 590/590/590 573/573/573
f 590/590/590 574/574/574 573/573/573
f 590/590/590 591/591/591 574/574/574
f 591/591/591 575/575/575 574/574/574
f 591/591/591 592/592/592 575/575/575
f 592/592/592 576/576/576 575/575/575
f 592/592/592 593/593/593 576/576/576
f 593/593/593 577/577/577 576/576/576
f 593/593/593 594/594/594 577/577/577
f 594/594/594 578/578/578 577/577/577
f 594/594/594 595/595/595 578/578/578
f 595/595/595 562/562/562 578/578/578
f 595/595/595 579/579/579 562/562/562
f 596/596/596 580/580/580 579/579/579
f 596/596/596 597/597/597 580/580/580
f 597/597/597 581/581/581 580/580/580
f 597/597/597 598/598/598 581/581/581
f 598/598/598 582/582/582 581/581/581
f 598/598/598 599/599/599 582/582/582
f 599/599/599 583/583/583 582/582/582
f 599/599/599 600/600/600 583/583/583
f 600/600/600 584/584/584 583/583/583
f 600/600/600 601/601/601 584/584/584
f 601/601/601 585/585/585 584/584/584
f 601/601/601 602/602/602 585/585/585
f 602/602/602 586/586/586 585/585/585
f 602/602/602 603/603/603 586/586/586
f 603/603/603 587/587/587 586/586/586
f 603/603/603 604/604/604 587/587/587
f 604/604/604 588/588/588 587/587/587
f 604/604/604 605/605/605 588/588/588
f 605/605/605 589/589/589 588/588/588
f 605/605/605 606/606/606 589/589/589
f 606/606/606 590/590/590 589/589/589
f 606/606/606 607/607/607 590/590/590
f 607/607/607 591/591/591 590/590/590
f 607/607/607 608/608/608 591/591/591
f 608/608/608 592/592/592 591/591/591
f 608/608/608 609/609/609 592/592/592
f 609/609/609 593/593/593 592/592/592
f 609/609/609 610/610/610 593/593/593
f 610/610/610 594/594/594 593/593/593
f 610/610/610 611/611/611 594/594/594
f 611/611/611 595/595/595 594/594/594
f 611/611/611 612/612/612 595/595/595
f 612/612/612 579/579/579 595/595/595
f 612/612/612 596/596/596 579/579/579

v 0.081816 1.514163 0.967612
v 0.058909 1.527087 0.944585
v 0.044163 1.541085 0.92022
v 0.035978 1.550025 0.891424
v 0.031667 1.544952 0.863136
v 0.031053 1.539808 0.828642
v 0.028601 1.544233 0.776982
v 0.037453 1.553692 0.749348
v 0.0492 1.5564 0.719791
v 0.070241 1.552872 0.692578
v 0.087168 1.559241 0.647535
v 0.114327 1.557242 0.632408
v 0.149454 1.554735 0.619701
v 0.188312 1.54892 0.610299
v 0.224453 1.549697 0.596718
v 0.254519 1.542458 0.604267
v 0.285103 1.529586 0.615132
v 0.314793 1.505979 0.630333
v 0.340614 1.499429 0.654246
v 0.365755 1.52063 0.678819
v 0.384209 1.516529 0.710698
v 0.402758 1.49292 0.742621
v 0.417645 1.483101 0.783068
v 0.425742 1.486063 0.818989
v 0.418048 1.490529 0.85622
v 0.40247 1.49859 0.891391
v 0.382735 1.494624 0.9225
v 0.357197 1.490162 0.947771
v 0.32342 1.4898 0.969178
v 0.290615 1.494422 0.984907
v 0.252127 1.506392 0.994232
v 0.211125 1.521035 0.997811
v 0.170826 1.518774 0.995185
v 0.13244 1.509033 0.982668
v 0.06049 1.674732 0.892545
v 0.016564 1.62125 0.802184
v 0.040976 1.588464 0.67713
v 0.136118 1.605287 0.603045
v 0.228221 1.667531 0.61994
v 0.282896 1.737795 0.68883
v 0.274758 1.760603 0.802422
v 0.188644 1.741506 0.887169
v 0.031477 1.784997 0.833747
v -0.021338 1.724598 0.768333
v 0.02053 1.705406 0.652806
v 0.111585 1.750577 0.580275
v 0.195288 1.796845 0.593047
v 0.241706 1.828456 0.667858
v 0.225977 1.818194 0.770213
v 0.141602 1.817496 0.854206
v -0.020574 1.869632 0.796698
v -0.046299 1.82787 0.715369
v 0.001831 1.798812 0.6145
v 0.088015 1.82347 0.554021
v 0.158502 1.859543 0.57695
v 0.211796 1.903436 0.644124
v 0.18531 1.924826 0.747723
v 0.084603 1.915771 0.806174
v -0.061707 1.943723 0.772004
v -0.08422 1.895563 0.69355
v -0.032576 1.890548 0.593636
v 0.050132 1.913342 0.527175
v 0.118718 1.971119 0.539154
v 0.166743 2.02941 0.608578
v 0.136586 2.063887 0.707137
v 0.045846 2.029152 0.772535
v -0.100899 2.049845 0.739625
v -0.129482 1.986733 0.671661
v -0.079056 1.973494 0.570378
v -0.000802 2.041814 0.503507
v 0.067487 2.090982 0.507794
v 0.094269 2.114484 0.575739
v 0.061786 2.117771 0.658149
v -0.001375 2.096769 0.736223
v -0.15372 2.135438 0.700313
v -0.166465 2.105647 0.626497
v -0.117234 2.076567 0.528336
v -0.03278 2.108148 0.473641
v 0.029582 2.139593 0.483834
v 0.055938 2.158391 0.557584
v 0.038172 2.193631 0.650639
v -0.059165 2.176498 0.71305
v -0.189523 2.160132 0.678242
v -0.191056 2.123719 0.604079
v -0.13694 2.12551 0.509666
v -0.054049 2.160878 0.455568
v 0.001347 2.193535 0.466262
v 0.021553 2.236187 0.537213
v -0.008963 2.236404 0.62793
v -0.102751 2.207126 0.682021
vn -0.338594 0.370472 0.86493
vn -0.643068 0.439788 0.626937
vn -0.674204 0.528091 0.516303
vn -0.971059 0.031879 0.236701
vn -0.988215 -0.114079 0.102068
vn -0.985874 -0.16331 0.037185
vn -0.892398 -0.402681 -0.203651
vn -0.567561 -0.730656 -0.379495
vn -0.662089 -0.654801 -0.364519
vn -0.634685 -0.680669 -0.365875
vn -0.645504 -0.316312 -0.695177
vn -0.47623 -0.159347 -0.864762
vn -0.304792 -0.36962 -0.877772
vn -0.292507 -0.383579 -0.87596
vn 0.008301 0.126084 -0.991985
vn 0.405311 0.753747 -0.51729
vn 0.449305 0.460729 -0.765411
vn 0.645398 0.300682 -0.702177
vn 0.634455 0.276925 -0.72165
vn 0.690726 0.407166 -0.59759
vn 0.790862 0.402784 -0.460762
vn 0.892522 0.385429 -0.234197
vn 0.892498 0.385607 -0.233997
vn 0.881615 0.46776 -0.062889
vn 0.814951 0.556029 0.16336
vn 0.81853 0.521707 0.240477
vn 0.627678 0.517402 0.581648
vn 0.503617 0.523064 0.687586
vn 0.438989 0.526998 0.72771
vn 0.390234 0.536316 0.748387
vn 0.391084 0.49345 0.776892
vn 0.07825 0.453518 0.887805
vn -0.232441 0.439395 0.8677
vn -0.299498 0.423597 0.854907
vn -0.551963 0.280568 0.785251
vn -0.964778 0.014524 0.262666
vn -0.757294 -0.42578 -0.495194
vn -0.17886 -0.050935 -0.982555
vn 0.549151 0.177826 -0.816585
vn 0.886773 0.385607 -0.254835
vn 0.642134 0.56987 0.51275
vn 0.097733 0.506044 0.856953
vn -0.560007 0.140998 0.816402
vn -0.956085 -0.221835 0.19155
vn -0.749758 -0.315425 -0.581696
vn -0.118178 -0.281597 -0.952227
vn 0.556768 0.023604 -0.830333
vn 0.879827 0.389096 -0.272962
vn 0.726431 0.553401 0.407487
vn 0.169038 0.4743 0.863982
vn -0.579115 0.039493 0.814288
vn -0.937147 -0.342675 0.065794
vn -0.678998 -0.430722 -0.594508
vn -0.07706 -0.301072 -0.950483
vn 0.575111 0.012278 -0.817983
vn 0.928087 0.261823 -0.264769
vn 0.756875 0.444224 0.47938
vn 0.105444 0.382752 0.917814
vn -0.603207 -0.013339 0.797473
vn -0.910847 -0.40703 0.06844
vn -0.660192 -0.462755 -0.591611
vn -0.085111 -0.300825 -0.949874
vn 0.537531 -0.025692 -0.842852
vn 0.887073 0.383533 -0.256914
vn 0.600115 0.639665 0.480304
vn 0.084172 0.467519 0.879967
vn -0.551233 0.011574 0.834271
vn -0.918606 -0.39133 0.054982
vn -0.65167 -0.462738 -0.600999
vn -0.067331 -0.325943 -0.942989
vn 0.5681 0.058586 -0.820871
vn 0.75767 0.632583 -0.160543
vn 0.634992 0.647369 0.421544
vn 0.216228 0.412154 0.885084
vn -0.643847 0.007305 0.76512
vn -0.828474 -0.55852 0.041049
vn -0.574774 -0.572512 -0.584692
vn -0.041846 -0.379049 -0.92443
vn 0.619631 0.115156 -0.7764
vn 0.884684 0.43995 -0.154206
vn 0.715187 0.546784 0.435356
vn 0.034201 0.519321 0.853894
vn -0.683685 -0.345045 0.643055
vn -0.732548 -0.677948 -0.061326
vn -0.509478 -0.469267 -0.721264
vn 0.064449 -0.284412 -0.956533
vn 0.74401 0.161849 -0.64827
vn 0.851458 0.519909 -0.068656
vn 0.354806 0.780244 0.515104
vn -0.156095 0.562072 0.812225
vt 0 0
vt 0.125 0
vt 0.25 0
vt 0.375 0
vt 0.5 0
vt 0.625 0
vt 0.75 0
vt 0.875 0
vt 1 0
vt 0.888889 0
vt 0.777778 0
vt 0.666667 0
vt 0.555556 0
vt 0.444444 0
vt 0.333333 0
vt 0.222222 0
vt 0.111111 0
vt 0 0
vt 0.125 0
vt 0.25 0
vt 0.375 0
vt 0.5 0
vt 0.625 0
vt 0.75 0
vt 0.875 0
vt 1 0
vt 0.888889 0
vt 0.777778 0
vt 0.666667 0
vt 0.555556 0
vt 0.444444 0
vt 0.333333 0
vt 0.222222 0
vt 0.111111 0
vt 0 0.25
vt 0.5 0.25
vt 1 0.25
vt 0.5 0.25
vt 0 0.25
vt 0.5 0.25
vt 1 0.25
vt 0.5 0.25
vt 0 0.5
vt 0.5 0.5
vt 1 0.5
vt 0.5 0.5
vt 0 0.5
vt 0.5 0.5
vt 1 0.5
vt 0.5 0.5
vt 0 0.75
vt 0.5 0.75
vt 1 0.75
vt 0.5 0.75
vt 0 0.75
vt 0.5 0.75
vt 1 0.75
vt 0.5 0.75
vt 0 1
vt 0.5 1
vt 1 1
vt 0.5 1
vt 0 1
vt 0.5 1
vt 1 1
vt 0.5 1
vt 0 0.666667
vt 0.5 0.666667
vt 1 0.666667
vt 0.5 0.666667
vt 0 0.666667
vt 0.5 0.666667
vt 1 0.666667
vt 0.5 0.666667
vt 0 0.333333
vt 0.5 0.333333
vt 1 0.333333
vt 0.5 0.333333
vt 0 0.333333
vt 0.5 0.333333
vt 1 0.333333
vt 0.5 0.333333
vt 0 0
vt 0.5 0
vt 1 0
vt 0.5 0
vt 0 0
vt 0.5 0
vt 1 0
vt 0.5 0
usemtl nature_bark_linden_02_m_0001.jpg
f 647/647/647 614/614/614 613/613/613
f 647/647/647 648/648/648 614/614/614
f 648/648/648 615/615/615 614/614/614
f 648/648/648 616/616/616 615/615/615
f 648/648/648 617/617/617 616/616/616
f 648/648/648 618/618/618 617/617/617
f 648/648/648 619/619/619 618/618/618
f 648/648/648 649/649/649 619/619/619
f 649/649/649 620/620/620 619/619/619
f 649/649/649 621/621/621 620/620/620
f 649/649/649 622/622/622 621/621/621
f 649/649/649 623/623/623 622/622/622
f 649/649/649 624/624/624 623/623/623
f 649/649/649 650/650/650 624/624/624
f 650/650/650 625/625/625 624/624/624
f 650/650/650 626/626/626 625/625/625
f 650/650/650 627/627/627 626/626/626
f 650/650/650 628/628/628 627/627/627
f 650/650/650 629/629/629 628/628/628
f 650/650/650 651/651/651 629/629/629
f 651/651/651 630/630/630 629/629/629
f 651/651/651 631/631/631 630/630/630
f 651/651/651 632/632/632 631/631/631
f 651/651/651 633/633/633 632/632/632
f 651/651/651 652/652/652 633/633/633
f 652/652/652 634/634/634 633/633/633
f 652/652/652 635/635/635 634/634/634
f 652/652/652 636/636/636 635/635/635
f 652/652/652 637/637/637 636/636/636
f 652/652/652 638/638/638 637/637/637
f 652/652/652 653/653/653 638/638/638
f 653/653/653 639/639/639 638/638/638
f 653/653/653 640/640/640 639/639/639
f 653/653/653 641/641/641 640/640/640
f 653/653/653 642/642/642 641/641/641
f 653/653/653 643/643/643 642/642/642
f 653/653/653 654/654/654 643/643/643
f 654/654/654 644/644/644 643/643/643
f 654/654/654 645/645/645 644/644/644
f 654/654/654 646/646/646 645/645/645
f 654/654/654 613/613/613 646/646/646
f 654/654/654 647/647/647 613/613/613
f 655/655/655 648/648/648 647/647/647
f 655/655/655 656/656/656 648/648/648
f 656/656/656 649/649/649 648/648/648
f 656/656/656 657/657/657 649/649/649
f 657/657/657 650/650/650 649/649/649
f 657/657/657 658/658/658 650/650/650
f 658/658/658 651/651/651 650/650/650
f 658/658/658 659/659/659 651/651/651
f 659/659/659 652/652/652 651/651/651
f 659/659/659 660/660/660 652/652/652
f 660/660/660 653/653/653 652/652/652
f 660/660/660 661/661/661 653/653/653
f 661/661/661 654/654/654 653/653/653
f 661/661/661 662/662/662 654/654/654
f 662/662/662 647/647/647 654/654/654
f 662/662/662 655/655/655 647/647/647
f 663/663/663 656/656/656 655/655/655
f 663/663/663 664/664/664 656/656/656
f 664/664/664 657/657/657 656/656/656
f 664/664/664 665/665/665 657/657/657
f 665/665/665 658/658/658 657/657/657
f 665/665/665 666/666/666 658/658/658
f 666/666/666 659/659/659 658/658/658
f 666/666/666 667/667/667 659/659/659
f 667/667/667 660/660/660 659/659/659
f 667/667/667 668/668/668 660/660/660
f 668/668/668 661/661/661 660/660/660
f 668/668/668 669/669/669 661/661/661
f 669/669/669 662/662/662 661/661/661
f 669/669/669 670/670/670 662/662/662
f 670/670/670 655/655/655 662/662/662
f 670/670/670 663/663/663 655/655/655
f 671/671/671 664/664/664 663/663/663
f 671/671/671 672/672/672 664/664/664
f 672/672/672 665/665/665 664/664/664
f 672/672/672 673/673/673 665/665/665
f 673/673/673 666/666/666 665/665/665
f 673/673/673 674/674/674 666/666/666
f 674/674/674 667/667/667 666/666/666
f 674/674/674 675/675/675 667/667/667
f 675/675/675 668/668/668 667/667/667
f 675/675/675 676/676/676 668/668/668
f 676/676/676 669/669/669 668/668/668
f 676/676/676 677/677/677 669/669/669
f 677/677/677 670/670/670 669/669/669
f 677/677/677 678/678/678 670/670/670
f 678/678/678 663/663/663 670/670/670
f 678/678/678 671/671/671 663/663/663
f 679/679/679 672/672/672 671/671/671
f 679/679/679 680/680/680 672/672/672
f 680/680/680 673/673/673 672/672/672
f 680/680/680 681/681/681 673/673/673
f 681/681/681 674/674/674 673/673/673
f 681/681/681 682/682/682 674/674/674
f 682/682/682 675/675/675 674/674/674
f 682/682/682 683/683/683 675/675/675
f 683/683/683 676/676/676 675/675/675
f 683/683/683 684/684/684 676/676/676
f 684/684/684 677/677/677 676/676/676
f 684/684/684 685/685/685 677/677/677
f 685/685/685 678/678/678 677/677/677
f 685/685/685 686/686/686 678/678/678
f 686/686/686 671/671/671 678/678/678
f 686/686/686 679/679/679 671/671/671
f 687/687/687 680/680/680 679/679/679
f 687/687/687 688/688/688 680/680/680
f 688/688/688 681/681/681 680/680/680
f 688/688/688 689/689/689 681/681/681
f 689/689/689 682/682/682 681/681/681
f 689/689/689 690/690/690 682/682/682
f 690/690/690 683/683/683 682/682/682
f 690/690/690 691/691/691 683/683/683
f 691/691/691 684/684/684 683/683/683
f 691/691/691 692/692/692 684/684/684
f 692/692/692 685/685/685 684/684/684
f 692/692/692 693/693/693 685/685/685
f 693/693/693 686/686/686 685/685/685
f 693/693/693 694/694/694 686/686/686
f 694/694/694 679/679/679 686/686/686
f 694/694/694 687/687/687 679/679/679
f 695/695/695 688/688/688 687/687/687
f 695/695/695 696/696/696 688/688/688
f 696/696/696 689/689/689 688/688/688
f 696/696/696 697/697/697 689/689/689
f 697/697/697 690/690/690 689/689/689
f 697/697/697 698/698/698 690/690/690
f 698/698/698 691/691/691 690/690/690
f 698/698/698 699/699/699 691/691/691
f 699/699/699 692/692/692 691/691/691
f 699/699/699 700/700/700 692/692/692
f 700/700/700 693/693/693 692/692/692
f 700/700/700 701/701/701 693/693/693
f 701/701/701 694/694/694 693/693/693
f 701/701/701 702/702/702 694/694/694
f 702/702/702 687/687/687 694/694/694
f 702/702/702 695/695/695 687/687/687

v 0.157962 2.348945 1.247629
v 0.138565 2.394992 1.196637
v 0.15287 2.414442 1.148203
v 0.187485 2.416783 1.107845
v 0.239213 2.407723 1.081315
v 0.311826 2.409566 1.074593
v 0.386016 2.395714 1.082856
v 0.453646 2.364645 1.105982
v 0.504893 2.339883 1.145927
v 0.527333 2.310784 1.196582
v 0.527212 2.267696 1.247512
v 0.495473 2.244539 1.297027
v 0.451564 2.222626 1.33224
v 0.392056 2.224826 1.35299
v 0.329806 2.237252 1.355313
v 0.262263 2.262762 1.333096
v 0.200866 2.332243 1.294579
v 0.161831 2.404872 1.267563
v 0.140942 2.433091 1.214948
v 0.162861 2.437436 1.173016
v 0.191403 2.443474 1.135463
v 0.242844 2.453782 1.120433
v 0.311917 2.451603 1.129072
v 0.373079 2.46946 1.14884
v 0.415772 2.454858 1.187279
v 0.454422 2.442188 1.22759
v 0.458439 2.426305 1.276961
v 0.455383 2.417689 1.324734
v 0.426573 2.397553 1.363036
v 0.389392 2.379932 1.389616
v 0.336605 2.36946 1.396086
v 0.290346 2.376899 1.389748
v 0.244858 2.392557 1.359404
v 0.196976 2.396263 1.317585
v 0.159023 2.49293 1.322848
v 0.148454 2.504458 1.274457
v 0.161114 2.518369 1.230056
v 0.197922 2.533006 1.204384
v 0.24116 2.558884 1.18049
v 0.295242 2.56902 1.178423
v 0.347657 2.557027 1.188119
v 0.381269 2.559215 1.227693
v 0.41872 2.536353 1.265713
v 0.438525 2.5029 1.315257
v 0.439778 2.48479 1.358077
v 0.420349 2.479469 1.401441
v 0.3777 2.463552 1.429288
v 0.320979 2.466902 1.440736
v 0.259969 2.468652 1.43286
v 0.214519 2.456476 1.41158
v 0.182334 2.466115 1.372878
v 0.122025 2.58416 1.355034
v 0.127862 2.600666 1.311649
v 0.145968 2.646226 1.267649
v 0.183704 2.678312 1.252006
v 0.222813 2.697815 1.229366
v 0.266741 2.695105 1.244461
v 0.320444 2.698216 1.250935
v 0.369959 2.66225 1.286
v 0.407164 2.668046 1.32949
v 0.405273 2.645049 1.371413
v 0.43165 2.594611 1.424815
v 0.396539 2.569795 1.455962
v 0.350794 2.560734 1.476102
v 0.292611 2.537456 1.483108
v 0.223562 2.543541 1.466208
v 0.169226 2.551788 1.44208
v 0.133378 2.579626 1.403106
v 0.075916 2.689145 1.404453
v 0.084013 2.731257 1.360181
v 0.105776 2.743383 1.327109
v 0.145586 2.748628 1.310213
v 0.18016 2.758151 1.282638
v 0.235402 2.768935 1.308454
v 0.301383 2.773442 1.309459
v 0.355064 2.780124 1.341689
v 0.389116 2.736403 1.385426
v 0.390628 2.727189 1.43251
v 0.384172 2.718034 1.472052
v 0.356026 2.691343 1.503643
v 0.314206 2.668237 1.521079
v 0.263127 2.6657 1.525146
v 0.198627 2.662865 1.51306
v 0.139159 2.674171 1.484753
v 0.097146 2.666104 1.444788
v 0.030281 2.780763 1.435397
v 0.040085 2.783314 1.389038
v 0.081504 2.809991 1.367564
v 0.107783 2.860802 1.334421
v 0.161639 2.895029 1.324649
v 0.22675 2.893865 1.336704
v 0.284492 2.892932 1.356652
v 0.320907 2.873585 1.39921
v 0.334288 2.867581 1.445879
v 0.333813 2.819169 1.492505
v 0.317637 2.794282 1.535928
v 0.28229 2.778947 1.564336
v 0.244152 2.765408 1.577613
v 0.199329 2.764732 1.568845
v 0.14692 2.744928 1.551275
v 0.09518 2.748952 1.517538
v 0.055688 2.758995 1.476776
v -0.001051 2.85365 1.474782
v 0.007027 2.903956 1.432584
v 0.032334 2.963515 1.396355
v 0.080974 2.98985 1.375233
v 0.134398 3.005373 1.373816
v 0.191593 3.029208 1.38699
v 0.229371 3.023709 1.419002
v 0.257466 3.007866 1.45841
v 0.281639 2.980524 1.510296
v 0.271716 2.963948 1.558406
v 0.257378 2.917991 1.596164
v 0.221099 2.880574 1.619107
v 0.179051 2.84863 1.625676
v 0.134935 2.822776 1.616996
v 0.094149 2.823542 1.594988
v 0.049417 2.828689 1.560308
v 0.019392 2.852345 1.517656
v -0.029758 3.000221 1.506066
v -0.016725 3.031059 1.468952
v 0.012675 3.038906 1.44222
v 0.054066 3.059153 1.42273
v 0.097913 3.090092 1.418017
v 0.140745 3.08246 1.439485
v 0.174829 3.094327 1.479827
v 0.208883 3.093981 1.527268
v 0.227065 3.066685 1.57392
v 0.235559 3.048235 1.622728
v 0.217922 3.041161 1.654186
v 0.173005 3.010503 1.672267
v 0.125407 2.992216 1.679016
v 0.072356 2.96292 1.664652
v 0.034177 2.956714 1.632254
v 0.005606 2.932705 1.59275
v -0.026387 2.948408 1.552336
v -0.035181 3.024126 1.50973
v -0.021688 3.040209 1.472007
v 0.007213 3.054 1.442995
v 0.052199 3.073092 1.427827
v 0.095029 3.100835 1.428759
v 0.137014 3.097673 1.448532
v 0.174403 3.104344 1.487624
v 0.210437 3.106718 1.538439
v 0.231532 3.085696 1.589516
v 0.229202 3.061646 1.635289
v 0.209809 3.052986 1.669205
v 0.164383 3.030512 1.686661
v 0.112786 3.014577 1.688273
v 0.056633 2.989384 1.675273
v 0.017845 2.978078 1.641504
v -0.008261 2.956084 1.599978
v -0.0289 2.98774 1.557355
vn -0.854356 -0.151905 0.496991
vn -0.98921 0.007296 0.146321
vn -0.779424 0.529298 -0.335173
vn -0.504554 0.682565 -0.528706
vn -0.212196 0.668356 -0.712933
vn 0.07607 0.74581 -0.661801
vn 0.255048 0.705379 -0.661356
vn 0.586577 0.645407 -0.489261
vn 0.728008 0.609069 -0.314705
vn 0.892501 0.44159 0.091872
vn 0.900386 0.276615 0.33584
vn 0.749935 0.044855 0.659989
vn 0.525233 -0.105828 0.844352
vn 0.152904 -0.246112 0.957105
vn -0.203268 -0.304293 0.930638
vn -0.569141 -0.266812 0.777747
vn -0.698442 -0.262753 0.665687
vn -0.903977 -0.205355 0.37504
vn -0.987259 0.157527 -0.022488
vn -0.777874 0.484221 -0.400552
vn -0.512446 0.579135 -0.634036
vn -0.199072 0.617067 -0.761313
vn 0.093813 0.600618 -0.794013
vn 0.396481 0.571246 -0.718666
vn 0.664649 0.55409 -0.501224
vn 0.831738 0.499462 -0.242385
vn 0.935121 0.345404 0.079017
vn 0.921962 0.150854 0.356693
vn 0.74724 -0.087167 0.658813
vn 0.430088 -0.249377 0.867661
vn 0.020903 -0.342646 0.939232
vn -0.357655 -0.3823 0.852015
vn -0.553052 -0.449944 0.701202
vn -0.717783 -0.409261 0.563288
vn -0.933001 -0.293822 0.207793
vn -0.989642 -0.024842 -0.141388
vn -0.848657 0.188704 -0.494137
vn -0.555479 0.351388 -0.753638
vn -0.319824 0.348496 -0.881058
vn 0.13743 0.431186 -0.891735
vn 0.459232 0.465009 -0.756883
vn 0.71653 0.426782 -0.551762
vn 0.867889 0.359908 -0.342396
vn 0.975494 0.219878 -0.008059
vn 0.975997 0.044864 0.213113
vn 0.748005 -0.228816 0.623002
vn 0.3641 -0.348048 0.863883
vn 0.025443 -0.446562 0.894391
vn -0.256209 -0.535726 0.804584
vn -0.483515 -0.573025 0.661706
vn -0.809114 -0.443426 0.385627
vn -0.928046 -0.370813 0.035042
vn -0.936561 -0.137293 -0.322497
vn -0.746945 0.088949 -0.658909
vn -0.534902 0.27497 -0.798919
vn -0.246949 0.421868 -0.872378
vn 0.197177 0.5924 -0.781142
vn 0.398456 0.547417 -0.735912
vn 0.669487 0.422237 -0.61115
vn 0.915005 0.30451 -0.264651
vn 0.97805 0.207621 -0.017647
vn 0.953575 0.075428 0.291556
vn 0.612932 -0.174114 0.770713
vn 0.335867 -0.304253 0.891417
vn -0.004757 -0.412446 0.91097
vn -0.29359 -0.434096 0.851684
vn -0.621891 -0.440472 0.647484
vn -0.817782 -0.454231 0.35342
vn -0.92196 -0.381751 -0.065245
vn -0.86083 -0.248008 -0.444368
vn -0.61587 0.180698 -0.766846
vn -0.576243 0.203095 -0.791641
vn -0.14993 0.413367 -0.898136
vn 0.128689 0.471777 -0.872276
vn 0.326956 0.452464 -0.829684
vn 0.704463 0.455398 -0.544375
vn 0.934833 0.345362 -0.082541
vn 0.94352 0.311685 0.112351
vn 0.832515 0.174139 0.525923
vn 0.588739 -0.096532 0.802538
vn 0.296584 -0.285434 0.911353
vn -0.08842 -0.411635 0.907049
vn -0.291526 -0.462502 0.83732
vn -0.54158 -0.513956 0.665237
vn -0.749085 -0.516225 0.415191
vn -0.88827 -0.45926 0.007568
vn -0.825878 -0.157788 -0.541322
vn -0.625006 0.084514 -0.776031
vn -0.537719 0.072235 -0.840024
vn -0.010555 0.315858 -0.948748
vn 0.173123 0.342833 -0.923306
vn 0.546331 0.47651 -0.688811
vn 0.817726 0.49437 -0.294826
vn 0.912614 0.408007 0.025812
vn 0.891607 0.292036 0.346052
vn 0.773574 0.108341 0.624376
vn 0.52505 -0.13879 0.839678
vn 0.157597 -0.389472 0.907455
vn -0.07204 -0.536394 0.840888
vn -0.318178 -0.607073 0.728165
vn -0.550083 -0.590569 0.590455
vn -0.791934 -0.502195 0.347334
vn -0.950246 -0.30771 -0.048443
vn -0.842335 -0.044369 -0.537124
vn -0.673921 0.096081 -0.73253
vn -0.364065 0.333341 -0.869678
vn -0.065059 0.419134 -0.905591
vn 0.317574 0.600667 -0.733721
vn 0.621289 0.657088 -0.42689
vn 0.780195 0.578709 -0.237469
vn 0.901794 0.419216 0.105006
vn 0.912301 0.240885 0.331181
vn 0.766057 -0.003802 0.642762
vn 0.464821 -0.195276 0.863602
vn 0.156892 -0.380008 0.911581
vn -0.124 -0.509761 0.851333
vn -0.487526 -0.545115 0.682032
vn -0.675013 -0.519693 0.523714
vn -0.804591 -0.484737 0.343019
vn -0.967743 -0.129569 -0.216069
vn -0.828562 -0.064003 -0.556227
vn -0.590617 0.088631 -0.80207
vn -0.362138 0.278031 -0.889693
vn -0.037156 0.583955 -0.810935
vn 0.436205 0.698401 -0.567416
vn 0.603361 0.61651 -0.505836
vn 0.816368 0.474719 -0.328915
vn 0.963534 0.249092 -0.097749
vn 0.962733 0.118113 0.243301
vn 0.7452 -0.139843 0.652013
vn 0.407058 -0.335421 0.849586
vn 0.098331 -0.359803 0.927832
vn -0.271955 -0.446571 0.852417
vn -0.502008 -0.523363 0.688534
vn -0.661943 -0.530674 0.529355
vn -0.910409 -0.334235 0.243808
vn -0.924529 -0.226724 -0.306337
vn -0.72837 -0.208162 -0.652798
vn -0.494909 -0.008188 -0.868906
vn -0.368047 0.39308 -0.842633
vn 0.156111 0.662403 -0.732702
vn 0.514411 0.528144 -0.675607
vn 0.686305 0.450619 -0.570901
vn 0.891777 0.203178 -0.404292
vn 0.987623 0.094562 -0.125132
vn 0.915582 0.070251 0.395948
vn 0.672254 -0.293203 0.679784
vn 0.308135 -0.388959 0.868196
vn 0.020236 -0.36964 0.928955
vn -0.320535 -0.535549 0.78131
vn -0.4658 -0.58503 0.663905
vn -0.774685 -0.414145 0.477857
vn -0.984866 -0.131124 0.113342
vt 0 0
vt 0.25 0
vt 0.5 0
vt 0.75 0
vt 1 0
vt 0.8 0
vt 0.6 0
vt 0.4 0
vt 0.2 0
vt 0 0
vt 0.25 0
vt 0.5 0
vt 0.75 0
vt 1 0
vt 0.75 0
vt 0.5 0
vt 0.25 0
vt 0 0.25
vt 0.25 0.25
vt 0.5 0.25
vt 0.75 0.25
vt 1 0.25
vt 0.8 0.25
vt 0.6 0.25
vt 0.4 0.25
vt 0.2 0.25
vt 0 0.25
vt 0.25 0.25
vt 0.5 0.25
vt 0.75 0.25
vt 1 0.25
vt 0.75 0.25
vt 0.5 0.25
vt 0.25 0.25
vt 0 0.5
vt 0.25 0.5
vt 0.5 0.5
vt 0.75 0.5
vt 1 0.5
vt 0.8 0.5
vt 0.6 0.5
vt 0.4 0.5
vt 0.2 0.5
vt 0 0.5
vt 0.25 0.5
vt 0.5 0.5
vt 0.75 0.5
vt 1 0.5
vt 0.75 0.5
vt 0.5 0.5
vt 0.25 0.5
vt 0 0.75
vt 0.25 0.75
vt 0.5 0.75
vt 0.75 0.75
vt 1 0.75
vt 0.8 0.75
vt 0.6 0.75
vt 0.4 0.75
vt 0.2 0.75
vt 0 0.75
vt 0.25 0.75
vt 0.5 0.75
vt 0.75 0.75
vt 1 0.75
vt 0.75 0.75
vt 0.5 0.75
vt 0.25 0.75
vt 0 1
vt 0.25 1
vt 0.5 1
vt 0.75 1
vt 1 1
vt 0.8 1
vt 0.6 1
vt 0.4 1
vt 0.2 1
vt 0 1
vt 0.25 1
vt 0.5 1
vt 0.75 1
vt 1 1
vt 0.75 1
vt 0.5 1
vt 0.25 1
vt 0 0.75
vt 0.25 0.75
vt 0.5 0.75
vt 0.75 0.75
vt 1 0.75
vt 0.8 0.75
vt 0.6 0.75
vt 0.4 0.75
vt 0.2 0.75
vt 0 0.75
vt 0.25 0.75
vt 0.5 0.75
vt 0.75 0.75
vt 1 0.75
vt 0.75 0.75
vt 0.5 0.75
vt 0.25 0.75
vt 0 0.5
vt 0.25 0.5
vt 0.5 0.5
vt 0.75 0.5
vt 1 0.5
vt 0.8 0.5
vt 0.6 0.5
vt 0.4 0.5
vt 0.2 0.5
vt 0 0.5
vt 0.25 0.5
vt 0.5 0.5
vt 0.75 0.5
vt 1 0.5
vt 0.75 0.5
vt 0.5 0.5
vt 0.25 0.5
vt 0 0.25
vt 0.25 0.25
vt 0.5 0.25
vt 0.75 0.25
vt 1 0.25
vt 0.8 0.25
vt 0.6 0.25
vt 0.4 0.25
vt 0.2 0.25
vt 0 0.25
vt 0.25 0.25
vt 0.5 0.25
vt 0.75 0.25
vt 1 0.25
vt 0.75 0.25
vt 0.5 0.25
vt 0.25 0.25
vt 0 0
vt 0.25 0
vt 0.5 0
vt 0.75 0
vt 1 0
vt 0.8 0
vt 0.6 0
vt 0.4 0
vt 0.2 0
vt 0 0
vt 0.25 0
vt 0.5 0
vt 0.75 0
vt 1 0
vt 0.75 0
vt 0.5 0
vt 0.25 0
usemtl nature_bark_linden_02_m_0001.jpg
f 720/720/720 704/704/704 703/703/703
f 720/720/720 721/721/721 704/704/704
f 721/721/721 705/705/705 704/704/704
f 721/721/721 722/722/722 705/705/705
f 722/722/722 706/706/706 705/705/705
f 722/722/722 723/723/723 706/706/706
f 723/723/723 707/707/707 706/706/706
f 723/723/723 724/724/724 707/707/707
f 724/724/724 708/708/708 707/707/707
f 724/724/724 725/725/725 708/708/708
f 725/725/725 709/709/709 708/708/708
f 725/725/725 726/726/726 709/709/709
f 726/726/726 710/710/710 709/709/709
f 726/726/726 727/727/727 710/710/710
f 727/727/727 711/711/711 710/710/710
f 727/727/727 728/728/728 711/711/711
f 728/728/728 712/712/712 711/711/711
f 728/728/728 729/729/729 712/712/712
f 729/729/729 713/713/713 712/712/712
f 729/729/729 730/730/730 713/713/713
f 730/730/730 714/714/714 713/713/713
f 730/730/730 731/731/731 714/714/714
f 731/731/731 715/715/715 714/714/714
f 731/731/731 732/732/732 715/715/715
f 732/732/732 716/716/716 715/715/715
f 732/732/732 733/733/733 716/716/716
f 733/733/733 717/717/717 716/716/716
f 733/733/733 734/734/734 717/717/717
f 734/734/734 718/718/718 717/717/717
f 734/734/734 735/735/735 718/718/718
f 735/735/735 719/719/719 718/718/718
f 735/735/735 736/736/736 719/719/719
f 736/736/736 703/703/703 719/719/719
f 736/736/736 720/720/720 703/703/703
f 737/737/737 721/721/721 720/720/720
f 737/737/737 738/738/738 721/721/721
f 738/738/738 722/722/722 721/721/721
f 738/738/738 739/739/739 722/722/722
f 739/739/739 723/723/723 722/722/722
f 739/739/739 740/740/740 723/723/723
f 740/740/740 724/724/724 723/723/723
f 740/740/740 741/741/741 724/724/724
f 741/741/741 725/725/725 724/724/724
f 741/741/741 742/742/742 725/725/725
f 742/742/742 726/726/726 725/725/725
f 742/742/742 743/743/743 726/726/726
f 743/743/743 727/727/727 726/726/726
f 743/743/743 744/744/744 727/727/727
f 744/744/744 728/728/728 727/727/727
f 744/744/744 745/745/745 728/728/728
f 745/745/745 729/729/729 728/728/728
f 745/745/745 746/746/746 729/729/729
f 746/746/746 730/730/730 729/729/729
f 746/746/746 747/747/747 730/730/730
f 747/747/747 731/731/731 730/730/730
f 747/747/747 748/748/748 731/731/731
f 748/748/748 732/732/732 731/731/731
f 748/748/748 749/749/749 732/732/732
f 749/749/749 733/733/733 732/732/732
f 749/749/749 750/750/750 733/733/733
f 750/750/750 734/734/734 733/733/733
f 750/750/750 751/751/751 734/734/734
f 751/751/751 735/735/735 734/734/734
f 751/751/751 752/752/752 735/735/735
f 752/752/752 736/736/736 735/735/735
f 752/752/752 753/753/753 736/736/736
f 753/753/753 720/720/720 736/736/736
f 753/753/753 737/737/737 720/720/720
f 754/754/754 738/738/738 737/737/737
f 754/754/754 755/755/755 738/738/738
f 755/755/755 739/739/739 738/738/738
f 755/755/755 756/756/756 739/739/739
f 756/756/756 740/740/740 739/739/739
f 756/756/756 757/757/757 740/740/740
f 757/757/757 741/741/741 740/740/740
f 757/757/757 758/758/758 741/741/741
f 758/758/758 742/742/742 741/741/741
f 758/758/758 759/759/759 742/742/742
f 759/759/759 743/743/743 742/742/742
f 759/759/759 760/760/760 743/743/743
f 760/760/760 744/744/744 743/743/743
f 760/760/760 761/761/761 744/744/744
f 761/761/761 745/745/745 744/744/744
f 761/761/761 762/762/762 745/745/745
f 762/762/762 746/746/746 745/745/745
f 762/762/762 763/763/763 746/746/746
f 763/763/763 747/747/747 746/746/746
f 763/763/763 764/764/764 747/747/747
f 764/764/764 748/748/748 747/747/747
f 764/764/764 765/765/765 748/748/748
f 765/765/765 749/749/749 748/748/748
f 765/765/765 766/766/766 749/749/749
f 766/766/766 750/750/750 749/749/749
f 766/766/766 767/767/767 750/750/750
f 767/767/767 751/751/751 750/750/750
f 767/767/767 768/768/768 751/751/751
f 768/768/768 752/752/752 751/751/751
f 768/768/768 769/769/769 752/752/752
f 769/769/769 753/753/753 752/752/752
f 769/769/769 770/770/770 753/753/753
f 770/770/770 737/737/737 753/753/753
f 770/770/770 754/754/754 737/737/737
f 771/771/771 755/755/755 754/754/754
f 771/771/771 772/772/772 755/755/755
f 772/772/772 756/756/756 755/755/755
f 772/772/772 773/773/773 756/756/756
f 773/773/773 757/757/757 756/756/756
f 773/773/773 774/774/774 757/757/757
f 774/774/774 758/758/758 757/757/757
f 774/774/774 775/775/775 758/758/758
f 775/775/775 759/759/759 758/758/758
f 775/775/775 776/776/776 759/759/759
f 776/776/776 760/760/760 759/759/759
f 776/776/776 777/777/777 760/760/760
f 777/777/777 761/761/761 760/760/760
f 777/777/777 778/778/778 761/761/761
f 778/778/778 762/762/762 761/761/761
f 778/778/778 779/779/779 762/762/762
f 779/779/779 763/763/763 762/762/762
f 779/779/779 780/780/780 763/763/763
f 780/780/780 764/764/764 763/763/763
f 780/780/780 781/781/781 764/764/764
f 781/781/781 765/765/765 764/764/764
f 781/781/781 782/782/782 765/765/765
f 782/782/782 766/766/766 765/765/765
f 782/782/782 783/783/783 766/766/766
f 783/783/783 767/767/767 766/766/766
f 783/783/783 784/784/784 767/767/767
f 784/784/784 768/768/768 767/767/767
f 784/784/784 785/785/785 768/768/768
f 785/785/785 769/769/769 768/768/768
f 785/785/785 786/786/786 769/769/769
f 786/786/786 770/770/770 769/769/769
f 786/786/786 787/787/787 770/770/770
f 787/787/787 754/754/754 770/770/770
f 787/787/787 771/771/771 754/754/754
f 788/788/788 772/772/772 771/771/771
f 788/788/788 789/789/789 772/772/772
f 789/789/789 773/773/773 772/772/772
f 789/789/789 790/790/790 773/773/773
f 790/790/790 774/774/774 773/773/773
f 790/790/790 791/791/791 774/774/774
f 791/791/791 775/775/775 774/774/774
f 791/791/791 792/792/792 775/775/775
f 792/792/792 776/776/776 775/775/775
f 792/792/792 793/793/793 776/776/776
f 793/793/793 777/777/777 776/776/776
f 793/793/793 794/794/794 777/777/777
f 794/794/794 778/778/778 777/777/777
f 794/794/794 795/795/795 778/778/778
f 795/795/795 779/779/779 778/778/778
f 795/795/795 796/796/796 779/779/779
f 796/796/796 780/780/780 779/779/779
f 796/796/796 797/797/797 780/780/780
f 797/797/797 781/781/781 780/780/780
f 797/797/797 798/798/798 781/781/781
f 798/798/798 782/782/782 781/781/781
f 798/798/798 799/799/799 782/782/782
f 799/799/799 783/783/783 782/782/782
f 799/799/799 800/800/800 783/783/783
f 800/800/800 784/784/784 783/783/783
f 800/800/800 801/801/801 784/784/784
f 801/801/801 785/785/785 784/784/784
f 801/801/801 802/802/802 785/785/785
f 802/802/802 786/786/786 785/785/785
f 802/802/802 803/803/803 786/786/786
f 803/803/803 787/787/787 786/786/786
f 803/803/803 804/804/804 787/787/787
f 804/804/804 771/771/771 787/787/787
f 804/804/804 788/788/788 771/771/771
f 805/805/805 789/789/789 788/788/788
f 805/805/805 806/806/806 789/789/789
f 806/806/806 790/790/790 789/789/789
f 806/806/806 807/807/807 790/790/790
f 807/807/807 791/791/791 790/790/790
f 807/807/807 808/808/808 791/791/791
f 808/808/808 792/792/792 791/791/791
f 808/808/808 809/809/809 792/792/792
f 809/809/809 793/793/793 792/792/792
f 809/809/809 810/810/810 793/793/793
f 810/810/810 794/794/794 793/793/793
f 810/810/810 811/811/811 794/794/794
f 811/811/811 795/795/795 794/794/794
f 811/811/811 812/812/812 795/795/795
f 812/812/812 796/796/796 795/795/795
f 812/812/812 813/813/813 796/796/796
f 813/813/813 797/797/797 796/796/796
f 813/813/813 814/814/814 797/797/797
f 814/814/814 798/798/798 797/797/797
f 814/814/814 815/815/815 798/798/798
f 815/815/815 799/799/799 798/798/798
f 815/815/815 816/816/816 799/799/799
f 816/816/816 800/800/800 799/799/799
f 816/816/816 817/817/817 800/800/800
f 817/817/817 801/801/801 800/800/800
f 817/817/817 818/818/818 801/801/801
f 818/818/818 802/802/802 801/801/801
f 818/818/818 819/819/819 802/802/802
f 819/819/819 803/803/803 802/802/802
f 819/819/819 820/820/820 803/803/803
f 820/820/820 804/804/804 803/803/803
f 820/820/820 821/821/821 804/804/804
f 821/821/821 788/788/788 804/804/804
f 821/821/821 805/805/805 788/788/788
f 822/822/822 806/806/806 805/805/805
f 822/822/822 823/823/823 806/806/806
f 823/823/823 807/807/807 806/806/806
f 823/823/823 824/824/824 807/807/807
f 824/824/824 808/808/808 807/807/807
f 824/824/824 825/825/825 808/808/808
f 825/825/825 809/809/809 808/808/808
f 825/825/825 826/826/826 809/809/809
f 826/826/826 810/810/810 809/809/809
f 826/826/826 827/827/827 810/810/810
f 827/827/827 811/811/811 810/810/810
f 827/827/827 828/828/828 811/811/811
f 828/828/828 812/812/812 811/811/811
f 828/828/828 829/829/829 812/812/812
f 829/829/829 813/813/813 812/812/812
f 829/829/829 830/830/830 813/813/813
f 830/830/830 814/814/814 813/813/813
f 830/830/830 831/831/831 814/814/814
f 831/831/831 815/815/815 814/814/814
f 831/831/831 832/832/832 815/815/815
f 832/832/832 816/816/816 815/815/815
f 832/832/832 833/833/833 816/816/816
f 833/833/833 817/817/817 816/816/816
f 833/833/833 834/834/834 817/817/817
f 834/834/834 818/818/818 817/817/817
f 834/834/834 835/835/835 818/818/818
f 835/835/835 819/819/819 818/818/818
f 835/835/835 836/836/836 819/819/819
f 836/836/836 820/820/820 819/819/819
f 836/836/836 837/837/837 820/820/820
f 837/837/837 821/821/821 820/820/820
f 837/837/837 838/838/838 821/821/821
f 838/838/838 805/805/805 821/821/821
f 838/838/838 822/822/822 805/805/805
f 839/839/839 823/823/823 822/822/822
f 839/839/839 840/840/840 823/823/823
f 840/840/840 824/824/824 823/823/823
f 840/840/840 841/841/841 824/824/824
f 841/841/841 825/825/825 824/824/824
f 841/841/841 842/842/842 825/825/825
f 842/842/842 826/826/826 825/825/825
f 842/842/842 843/843/843 826/826/826
f 843/843/843 827/827/827 826/826/826
f 843/843/843 844/844/844 827/827/827
f 844/844/844 828/828/828 827/827/827
f 844/844/844 845/845/845 828/828/828
f 845/845/845 829/829/829 828/828/828
f 845/845/845 846/846/846 829/829/829
f 846/846/846 830/830/830 829/829/829
f 846/846/846 847/847/847 830/830/830
f 847/847/847 831/831/831 830/830/830
f 847/847/847 848/848/848 831/831/831
f 848/848/848 832/832/832 831/831/831
f 848/848/848 849/849/849 832/832/832
f 849/849/849 833/833/833 832/832/832
f 849/849/849 850/850/850 833/833/833
f 850/850/850 834/834/834 833/833/833
f 850/850/850 851/851/851 834/834/834
f 851/851/851 835/835/835 834/834/834
f 851/851/851 852/852/852 835/835/835
f 852/852/852 836/836/836 835/835/835
f 852/852/852 853/853/853 836/836/836
f 853/853/853 837/837/837 836/836/836
f 853/853/853 854/854/854 837/837/837
f 854/854/854 838/838/838 837/837/837
f 854/854/854 855/855/855 838/838/838
f 855/855/855 822/822/822 838/838/838
f 855/855/855 839/839/839 822/822/822

v 0.156784 2.345819 1.252974
v 0.139504 2.39052 1.202363
v 0.148298 2.417317 1.146526
v 0.187843 2.414461 1.109548
v 0.23592 2.405955 1.085465
v 0.310811 2.408732 1.071879
v 0.374476 2.399198 1.085313
v 0.4549 2.361353 1.104057
v 0.492365 2.345305 1.134069
v 0.526856 2.314411 1.190721
v 0.518341 2.269631 1.225433
v 0.492582 2.247617 1.28957
v 0.452493 2.221746 1.316159
v 0.386498 2.231596 1.348664
v 0.329813 2.237382 1.351689
v 0.255557 2.263288 1.338397
v 0.198366 2.328801 1.301819
v 0.328753 2.456842 1.311876
v 0.349437 2.492594 1.215975
v 0.406201 2.454627 1.137648
v 0.490266 2.375474 1.132151
v 0.539329 2.34263 1.194224
v 0.520424 2.300066 1.290845
v 0.450266 2.338249 1.35797
v 0.375472 2.430075 1.372384
v 0.396137 2.514397 1.326818
v 0.406435 2.549319 1.236226
v 0.468946 2.512257 1.168072
v 0.545335 2.424311 1.168816
v 0.589382 2.40951 1.235117
v 0.583372 2.378272 1.32638
v 0.531551 2.403408 1.386563
v 0.45388 2.476064 1.391548
v 0.491565 2.603218 1.348326
v 0.493934 2.63191 1.260702
v 0.552018 2.591241 1.209477
v 0.626572 2.506758 1.208559
v 0.671378 2.468253 1.278195
v 0.664072 2.443247 1.362426
v 0.603789 2.470002 1.421797
v 0.533119 2.536737 1.415297
v 0.553521 2.693571 1.381287
v 0.581145 2.695841 1.296257
v 0.637248 2.671941 1.241052
v 0.710999 2.620708 1.24293
v 0.744553 2.553892 1.311118
v 0.720475 2.54193 1.399345
v 0.650652 2.577558 1.454521
v 0.584084 2.632271 1.447027
v 0.601909 2.754535 1.418779
v 0.619639 2.761583 1.327839
v 0.682117 2.736829 1.267142
v 0.75064 2.695864 1.272801
v 0.785861 2.647709 1.343498
v 0.786195 2.64442 1.435498
v 0.729716 2.674146 1.49334
v 0.654314 2.709507 1.486272
v 0.681694 2.840329 1.447044
v 0.691165 2.880626 1.357874
v 0.753027 2.836499 1.306721
v 0.82551 2.765523 1.32939
v 0.872757 2.721098 1.401471
v 0.857934 2.7092 1.491393
v 0.794293 2.735741 1.539933
v 0.719016 2.798076 1.52681
v 0.743169 2.939135 1.483367
v 0.775374 2.973085 1.40169
v 0.843936 2.928864 1.355669
v 0.908293 2.845763 1.378024
v 0.925016 2.790344 1.446574
v 0.891312 2.770874 1.529496
v 0.817355 2.813887 1.575892
v 0.75617 2.905735 1.554184
vn -0.555763 0.515749 0.652021
vn -0.489676 0.765677 0.417081
vn -0.352864 0.935642 0.007806
vn -0.164507 0.89752 -0.409139
vn -0.101941 0.872295 -0.478235
vn 0.070793 0.766905 -0.637844
vn 0.35897 0.525182 -0.771573
vn 0.537593 0.253538 -0.804184
vn 0.732649 -0.084449 -0.675347
vn 0.842417 -0.318384 -0.434701
vn 0.964882 -0.259209 0.042589
vn 0.878668 -0.341127 0.334027
vn 0.563331 -0.232343 0.79289
vn 0.344101 -0.198357 0.917741
vn -0.04945 -0.003145 0.998772
vn -0.204404 0.017818 0.978724
vn -0.50631 0.330412 0.796542
vn -0.563319 0.635294 0.528275
vn -0.430831 0.890423 -0.146734
vn -0.013595 0.686494 -0.727008
vn 0.52575 0.197247 -0.827454
vn 0.888676 -0.307148 -0.340464
vn 0.736955 -0.501513 0.453191
vn 0.151123 -0.332097 0.93106
vn -0.367933 0.174964 0.913243
vn -0.65082 0.592178 0.475141
vn -0.607763 0.749301 -0.263008
vn -0.021139 0.486135 -0.873628
vn 0.548057 -0.035481 -0.835688
vn 0.764626 -0.515241 -0.387135
vn 0.586779 -0.766856 0.260043
vn 0.100707 -0.518441 0.849162
vn -0.382467 0.153335 0.911157
vn -0.749991 0.488427 0.44604
vn -0.547843 0.747869 -0.374912
vn -0.015947 0.455168 -0.890263
vn 0.483019 -0.109192 -0.868775
vn 0.716819 -0.554078 -0.423282
vn 0.622913 -0.706961 0.334942
vn 0.099532 -0.403343 0.90962
vn -0.451595 0.094444 0.88721
vn -0.792359 0.521976 0.315766
vn -0.545051 0.703027 -0.456807
vn -0.127435 0.437447 -0.890169
vn 0.502655 -0.030312 -0.863955
vn 0.86534 -0.415452 -0.280334
vn 0.691982 -0.543242 0.475445
vn 0.073798 -0.372837 0.924958
vn -0.525204 0.028361 0.850503
vn -0.812938 0.510779 0.279708
vn -0.68631 0.611511 -0.393742
vn -0.106337 0.414242 -0.903934
vn 0.592128 -0.001996 -0.805841
vn 0.837323 -0.459423 -0.296346
vn 0.579963 -0.721945 0.377411
vn 0.015136 -0.526006 0.850346
vn -0.527542 -0.030591 0.848978
vn -0.840197 0.468564 0.272978
vn -0.672965 0.625054 -0.395508
vn 0.06911 0.396825 -0.915289
vn 0.596825 -0.096453 -0.796553
vn 0.774262 -0.551476 -0.310473
vn 0.542747 -0.732672 0.41063
vn -0.037205 -0.475743 0.878797
vn -0.606946 0.048592 0.793257
vn -0.831821 0.532111 0.157898
vn -0.421571 0.686058 -0.592961
vn 0.235904 0.278235 -0.931093
vn 0.684034 -0.191526 -0.703858
vn 0.846758 -0.526425 -0.076671
vn 0.492819 -0.590451 0.639138
vn -0.2018 -0.296379 0.933508
vn -0.76487 0.176543 0.619522
vt 0 0
vt 0.25 0
vt 0.5 0
vt 0.75 0
vt 1 0
vt 0.8 0
vt 0.6 0
vt 0.4 0
vt 0.2 0
vt 0 0
vt 0.25 0
vt 0.5 0
vt 0.75 0
vt 1 0
vt 0.75 0
vt 0.5 0
vt 0.25 0
vt 0 0.25
vt 0.5 0.25
vt 1 0.25
vt 0.5 0.25
vt 0 0.25
vt 0.5 0.25
vt 1 0.25
vt 0.5 0.25
vt 0 0.5
vt 0.5 0.5
vt 1 0.5
vt 0.5 0.5
vt 0 0.5
vt 0.5 0.5
vt 1 0.5
vt 0.5 0.5
vt 0 0.75
vt 0.5 0.75
vt 1 0.75
vt 0.5 0.75
vt 0 0.75
vt 0.5 0.75
vt 1 0.75
vt 0.5 0.75
vt 0 1
vt 0.5 1
vt 1 1
vt 0.5 1
vt 0 1
vt 0.5 1
vt 1 1
vt 0.5 1
vt 0 0.666667
vt 0.5 0.666667
vt 1 0.666667
vt 0.5 0.666667
vt 0 0.666667
vt 0.5 0.666667
vt 1 0.666667
vt 0.5 0.666667
vt 0 0.333333
vt 0.5 0.333333
vt 1 0.333333
vt 0.5 0.333333
vt 0 0.333333
vt 0.5 0.333333
vt 1 0.333333
vt 0.5 0.333333
vt 0 0
vt 0.5 0
vt 1 0
vt 0.5 0
vt 0 0
vt 0.5 0
vt 1 0
vt 0.5 0
usemtl nature_bark_linden_02_m_0001.jpg
f 873/873/873 857/857/857 856/856/856
f 873/873/873 874/874/874 857/857/857
f 874/874/874 858/858/858 857/857/857
f 874/874/874 859/859/859 858/858/858
f 874/874/874 860/860/860 859/859/859
f 874/874/874 875/875/875 860/860/860
f 875/875/875 861/861/861 860/860/860
f 875/875/875 862/862/862 861/861/861
f 875/875/875 876/876/876 862/862/862
f 876/876/876 863/863/863 862/862/862
f 876/876/876 864/864/864 863/863/863
f 876/876/876 877/877/877 864/864/864
f 877/877/877 865/865/865 864/864/864
f 877/877/877 866/866/866 865/865/865
f 877/877/877 867/867/867 866/866/866
f 877/877/877 878/878/878 867/867/867
f 878/878/878 868/868/868 867/867/867
f 878/878/878 869/869/869 868/868/868
f 878/878/878 879/879/879 869/869/869
f 879/879/879 870/870/870 869/869/869
f 879/879/879 871/871/871 870/870/870
f 879/879/879 880/880/880 871/871/871
f 880/880/880 872/872/872 871/871/871
f 880/880/880 856/856/856 872/872/872
f 880/880/880 873/873/873 856/856/856
f 881/881/881 874/874/874 873/873/873
f 881/881/881 882/882/882 874/874/874
f 882/882/882 875/875/875 874/874/874
f 882/882/882 883/883/883 875/875/875
f 883/883/883 876/876/876 875/875/875
f 883/883/883 884/884/884 876/876/876
f 884/884/884 877/877/877 876/876/876
f 884/884/884 885/885/885 877/877/877
f 885/885/885 878/878/878 877/877/877
f 885/885/885 886/886/886 878/878/878
f 886/886/886 879/879/879 878/878/878
f 886/886/886 887/887/887 879/879/879
f 887/887/887 880/880/880 879/879/879
f 887/887/887 888/888/888 880/880/880
f 888/888/888 873/873/873 880/880/880
f 888/888/888 881/881/881 873/873/873
f 889/889/889 882/882/882 881/881/881
f 889/889/889 890/890/890 882/882/882
f 890/890/890 883/883/883 882/882/882
f 890/890/890 891/891/891 883/883/883
f 891/891/891 884/884/884 883/883/883
f 891/891/891 892/892/892 884/884/884
f 892/892/892 885/885/885 884/884/884
f 892/892/892 893/893/893 885/885/885
f 893/893/893 886/886/886 885/885/885
f 893/893/893 894/894/894 886/886/886
f 894/894/894 887/887/887 886/886/886
f 894/894/894 895/895/895 887/887/887
f 895/895/895 888/888/888 887/887/887
f 895/895/895 896/896/896 888/888/888
f 896/896/896 881/881/881 888/888/888
f 896/896/896 889/889/889 881/881/881
f 897/897/897 890/890/890 889/889/889
f 897/897/897 898/898/898 890/890/890
f 898/898/898 891/891/891 890/890/890
f 898/898/898 899/899/899 891/891/891
f 899/899/899 892/892/892 891/891/891
f 899/899/899 900/900/900 892/892/892
f 900/900/900 893/893/893 892/892/892
f 900/900/900 901/901/901 893/893/893
f 901/901/901 894/894/894 893/893/893
f 901/901/901 902/902/902 894/894/894
f 902/902/902 895/895/895 894/894/894
f 902/902/902 903/903/903 895/895/895
f 903/903/903 896/896/896 895/895/895
f 903/903/903 904/904/904 896/896/896
f 904/904/904 889/889/889 896/896/896
f 904/904/904 897/897/897 889/889/889
f 905/905/905 898/898/898 897/897/897
f 905/905/905 906/906/906 898/898/898
f 906/906/906 899/899/899 898/898/898
f 906/906/906 907/907/907 899/899/899
f 907/907/907 900/900/900 899/899/899
f 907/907/907 908/908/908 900/900/900
f 908/908/908 901/901/901 900/900/900
f 908/908/908 909/909/909 901/901/901
f 909/909/909 902/902/902 901/901/901
f 909/909/909 910/910/910 902/902/902
f 910/910/910 903/903/903 902/902/902
f 910/910/910 911/911/911 903/903/903
f 911/911/911 904/904/904 903/903/903
f 911/911/911 912/912/912 904/904/904
f 912/912/912 897/897/897 904/904/904
f 912/912/912 905/905/905 897/897/897
f 913/913/913 906/906/906 905/905/905
f 913/913/913 914/914/914 906/906/906
f 914/914/914 907/907/907 906/906/906
f 914/914/914 915/915/915 907/907/907
f 915/915/915 908/908/908 907/907/907
f 915/915/915 916/916/916 908/908/908
f 916/916/916 909/909/909 908/908/908
f 916/916/916 917/917/917 909/909/909
f 917/917/917 910/910/910 909/909/909
f 917/917/917 918/918/918 910/910/910
f 918/918/918 911/911/911 910/910/910
f 918/918/918 919/919/919 911/911/911
f 919/919/919 912/912/912 911/911/911
f 919/919/919 920/920/920 912/912/912
f 920/920/920 905/905/905 912/912/912
f 920/920/920 913/913/913 905/905/905
f 921/921/921 914/914/914 913/913/913
f 921/921/921 922/922/922 914/914/914
f 922/922/922 915/915/915 914/914/914
f 922/922/922 923/923/923 915/915/915
f 923/923/923 916/916/916 915/915/915
f 923/923/923 924/924/924 916/916/916
f 924/924/924 917/917/917 916/916/916
f 924/924/924 925/925/925 917/917/917
f 925/925/925 918/918/918 917/917/917
f 925/925/925 926/926/926 918/918/918
f 926/926/926 919/919/919 918/918/918
f 926/926/926 927/927/927 919/919/919
f 927/927/927 920/920/920 919/919/919
f 927/927/927 928/928/928 920/920/920
f 928/928/928 913/913/913 920/920/920
f 928/928/928 921/921/921 913/913/913

v -0.188635 2.16049 0.678726
v -0.191056 2.123719 0.604079
v -0.139571 2.125507 0.510229
v -0.059083 2.160266 0.455333
v -0.004201 2.192691 0.465708
v 0.018107 2.235606 0.533985
v -0.003817 2.238288 0.626247
v -0.098955 2.208483 0.682245
v -0.196703 2.279234 0.628852
v -0.20792 2.2625 0.55761
v -0.164149 2.241124 0.482433
v -0.087045 2.25617 0.444698
v -0.027079 2.268794 0.467689
v 0.000623 2.290504 0.534318
v -0.022952 2.306873 0.61202
v -0.116176 2.306514 0.649244
v -0.222617 2.388712 0.570009
v -0.209279 2.385461 0.497792
v -0.147999 2.380761 0.439067
v -0.074676 2.379377 0.433837
v -0.020766 2.390146 0.474776
v -0.00816 2.377739 0.551719
v -0.073524 2.380681 0.603538
v -0.162219 2.387767 0.616534
v -0.230457 2.444413 0.536397
v -0.213794 2.44468 0.465163
v -0.147742 2.442005 0.417191
v -0.079915 2.442628 0.414966
v -0.019012 2.44447 0.466584
v -0.024343 2.47001 0.542409
v -0.087017 2.473501 0.588991
v -0.172881 2.473331 0.588101
v -0.232771 2.556863 0.504553
v -0.221039 2.537374 0.439102
v -0.162196 2.52541 0.395104
v -0.081653 2.548738 0.392792
v -0.026609 2.577972 0.451217
v -0.031735 2.595464 0.524935
v -0.093512 2.587885 0.570373
v -0.170806 2.575667 0.557782
v -0.224502 2.683062 0.499127
v -0.239589 2.673357 0.429314
v -0.185353 2.670326 0.378531
v -0.110134 2.690491 0.370455
v -0.040894 2.703159 0.41592
v -0.041113 2.694883 0.491471
v -0.09074 2.701895 0.54416
v -0.16217 2.688531 0.54767
v -0.209332 2.773508 0.503241
v -0.242197 2.760605 0.433319
v -0.215511 2.757611 0.372846
v -0.135538 2.761182 0.354296
v -0.06687 2.780015 0.393039
v -0.059286 2.791317 0.466402
v -0.095735 2.805315 0.528573
v -0.154381 2.796045 0.544842
v -0.213758 2.897695 0.508942
v -0.237593 2.88733 0.44475
v -0.214428 2.885534 0.380458
v -0.149856 2.884518 0.349385
v -0.083208 2.91318 0.377372
v -0.069816 2.928187 0.450586
v -0.1017 2.911504 0.523066
v -0.163475 2.896799 0.54672
v -0.232438 2.915731 0.488146
v -0.234951 2.906401 0.415485
v -0.191077 2.901091 0.360629
v -0.115654 2.927 0.357294
v -0.075353 2.946532 0.411891
v -0.082393 2.949678 0.490433
v -0.12935 2.92829 0.541023
v -0.194311 2.90668 0.540434
vn -0.614139 0.234953 0.753412
vn -0.988045 -0.128349 -0.085408
vn -0.745251 -0.291307 -0.599784
vn -0.221819 -0.19663 -0.955057
vn 0.505774 0.125195 -0.853533
vn 0.925652 0.294028 -0.238152
vn 0.822832 0.323378 0.467306
vn 0.198164 0.322673 0.925534
vn -0.80935 0.112309 0.576489
vn -0.961921 -0.184864 -0.201331
vn -0.636716 -0.242739 -0.731895
vn 0.011158 -0.100623 -0.994862
vn 0.706111 0.096117 -0.701547
vn 0.982921 0.178747 -0.043779
vn 0.647029 0.326466 0.689038
vn 0.004677 0.344402 0.938811
vn -0.92042 0.053207 0.387292
vn -0.884089 -0.224964 -0.409607
vn -0.428436 -0.256491 -0.866404
vn 0.252061 -0.174424 -0.951862
vn 0.844449 -0.04502 -0.533741
vn 0.947942 0.173836 0.26681
vn 0.41938 0.312807 0.852216
vn -0.208694 0.28316 0.936092
vn -0.961786 0.032972 0.271808
vn -0.835696 -0.23782 -0.49503
vn -0.328644 -0.299562 -0.895687
vn 0.33287 -0.214958 -0.918145
vn 0.908283 -0.0252 -0.417596
vn 0.879275 0.154668 0.450504
vn 0.330337 0.203423 0.921681
vn -0.397956 0.255338 0.881155
vn -0.945109 0.045413 0.323584
vn -0.879767 -0.163627 -0.446358
vn -0.336075 -0.214363 -0.917116
vn 0.375174 -0.114442 -0.919863
vn 0.92592 0.016203 -0.377372
vn 0.870826 0.169359 0.461498
vn 0.262353 0.233312 0.936342
vn -0.424225 0.19617 0.884054
vn -0.878935 0.055664 0.473682
vn -0.959421 -0.064685 -0.274458
vn -0.438234 -0.161751 -0.884187
vn 0.269523 -0.122011 -0.955233
vn 0.881751 0.060205 -0.467858
vn 0.897126 0.243601 0.368542
vn 0.410356 0.190805 0.891741
vn -0.287106 0.090628 0.953602
vn -0.799215 -0.000348 0.601046
vn -0.996336 -0.064741 -0.055886
vn -0.624241 -0.105592 -0.774063
vn 0.124641 -0.068179 -0.989857
vn 0.83106 0.090635 -0.548748
vn 0.966191 0.151984 0.208267
vn 0.592851 0.098611 0.799252
vn -0.177062 0.028359 0.983791
vn -0.798278 -0.27869 0.533933
vn -0.993966 -0.093375 -0.057553
vn -0.672991 -0.088358 -0.734354
vn 0.070313 -0.087908 -0.993644
vn 0.835468 0.065707 -0.545596
vn 0.981898 0.080105 0.171638
vn 0.630952 0.00279 0.775817
vn -0.17796 -0.184645 0.966559
vn -0.928205 -0.163441 0.334249
vn -0.943313 0.04301 -0.329106
vn -0.470364 0.061652 -0.880316
vn 0.340909 0.221591 -0.913607
vn 0.911751 0.313455 -0.265437
vn 0.88837 0.198593 0.413956
vn 0.34337 0.108767 0.932881
vn -0.517584 -0.298846 0.801747
vt 0 0
vt 0.5 0
vt 1 0
vt 0.5 0
vt 0 0
vt 0.5 0
vt 1 0
vt 0.5 0
vt 0 0.25
vt 0.5 0.25
vt 1 0.25
vt 0.5 0.25
vt 0 0.25
vt 0.5 0.25
vt 1 0.25
vt 0.5 0.25
vt 0 0.5
vt 0.5 0.5
vt 1 0.5
vt 0.5 0.5
vt 0 0.5
vt 0.5 0.5
vt 1 0.5
vt 0.5 0.5
vt 0 0.75
vt 0.5 0.75
vt 1 0.75
vt 0.5 0.75
vt 0 0.75
vt 0.5 0.75
vt 1 0.75
vt 0.5 0.75
vt 0 1
vt 0.5 1
vt 1 1
vt 0.5 1
vt 0 1
vt 0.5 1
vt 1 1
vt 0.5 1
vt 0 0.75
vt 0.5 0.75
vt 1 0.75
vt 0.5 0.75
vt 0 0.75
vt 0.5 0.75
vt 1 0.75
vt 0.5 0.75
vt 0 0.5
vt 0.5 0.5
vt 1 0.5
vt 0.5 0.5
vt 0 0.5
vt 0.5 0.5
vt 1 0.5
vt 0.5 0.5
vt 0 0.25
vt 0.5 0.25
vt 1 0.25
vt 0.5 0.25
vt 0 0.25
vt 0.5 0.25
vt 1 0.25
vt 0.5 0.25
vt 0 0
vt 0.5 0
vt 1 0
vt 0.5 0
vt 0 0
vt 0.5 0
vt 1 0
vt 0.5 0
usemtl nature_bark_linden_02_m_0001.jpg
f 937/937/937 930/930/930 929/929/929
f 937/937/937 938/938/938 930/930/930
f 938/938/938 931/931/931 930/930/930
f 938/938/938 939/939/939 931/931/931
f 939/939/939 932/932/932 931/931/931
f 939/939/939 940/940/940 932/932/932
f 940/940/940 933/933/933 932/932/932
f 940/940/940 941/941/941 933/933/933
f 941/941/941 934/934/934 933/933/933
f 941/941/941 942/942/942 934/934/934
f 942/942/942 935/935/935 934/934/934
f 942/942/942 943/943/943 935/935/935
f 943/943/943 936/936/936 935/935/935
f 943/943/943 944/944/944 936/936/936
f 944/944/944 929/929/929 936/936/936
f 944/944/944 937/937/937 929/929/929
f 945/945/945 938/938/938 937/937/937
f 945/945/945 946/946/946 938/938/938
f 946/946/946 939/939/939 938/938/938
f 946/946/946 947/947/947 939/939/939
f 947/947/947 940/940/940 939/939/939
f 947/947/947 948/948/948 940/940/940
f 948/948/948 941/941/941 940/940/940
f 948/948/948 949/949/949 941/941/941
f 949/949/949 942/942/942 941/941/941
f 949/949/949 950/950/950 942/942/942
f 950/950/950 943/943/943 942/942/942
f 950/950/950 951/951/951 943/943/943
f 951/951/951 944/944/944 943/943/943
f 951/951/951 952/952/952 944/944/944
f 952/952/952 937/937/937 944/944/944
f 952/952/952 945/945/945 937/937/937
f 953/953/953 946/946/946 945/945/945
f 953/953/953 954/954/954 946/946/946
f 954/954/954 947/947/947 946/946/946
f 954/954/954 955/955/955 947/947/947
f 955/955/955 948/948/948 947/947/947
f 955/955/955 956/956/956 948/948/948
f 956/956/956 949/949/949 948/948/948
f 956/956/956 957/957/957 949/949/949
f 957/957/957 950/950/950 949/949/949
f 957/957/957 958/958/958 950/950/950
f 958/958/958 951/951/951 950/950/950
f 958/958/958 959/959/959 951/951/951
f 959/959/959 952/952/952 951/951/951
f 959/959/959 960/960/960 952/952/952
f 960/960/960 945/945/945 952/952/952
f 960/960/960 953/953/953 945/945/945
f 961/961/961 954/954/954 953/953/953
f 961/961/961 962/962/962 954/954/954
f 962/962/962 955/955/955 954/954/954
f 962/962/962 963/963/963 955/955/955
f 963/963/963 956/956/956 955/955/955
f 963/963/963 964/964/964 956/956/956
f 964/964/964 957/957/957 956/956/956
f 964/964/964 965/965/965 957/957/957
f 965/965/965 958/958/958 957/957/957
f 965/965/965 966/966/966 958/958/958
f 966/966/966 959/959/959 958/958/958
f 966/966/966 967/967/967 959/959/959
f 967/967/967 960/960/960 959/959/959
f 967/967/967 968/968/968 960/960/960
f 968/968/968 953/953/953 960/960/960
f 968/968/968 961/961/961 953/953/953
f 969/969/969 962/962/962 961/961/961
f 969/969/969 970/970/970 962/962/962
f 970/970/970 963/963/963 962/962/962
f 970/970/970 971/971/971 963/963/963
f 971/971/971 964/964/964 963/963/963
f 971/971/971 972/972/972 964/964/964
f 972/972/972 965/965/965 964/964/964
f 972/972/972 973/973/973 965/965/965
f 973/973/973 966/966/966 965/965/965
f 973/973/973 974/974/974 966/966/966
f 974/974/974 967/967/967 966/966/966
f 974/974/974 975/975/975 967/967/967
f 975/975/975 968/968/968 967/967/967
f 975/975/975 976/976/976 968/968/968
f 976/976/976 961/961/961 968/968/968
f 976/976/976 969/969/969 961/961/961
f 977/977/977 970/970/970 969/969/969
f 977/977/977 978/978/978 970/970/970
f 978/978/978 971/971/971 970/970/970
f 978/978/978 979/979/979 971/971/971
f 979/979/979 972/972/972 971/971/971
f 979/979/979 980/980/980 972/972/972
f 980/980/980 973/973/973 972/972/972
f 980/980/980 981/981/981 973/973/973
f 981/981/981 974/974/974 973/973/973
f 981/981/981 982/982/982 974/974/974
f 982/982/982 975/975/975 974/974/974
f 982/982/982 983/983/983 975/975/975
f 983/983/983 976/976/976 975/975/975
f 983/983/983 984/984/984 976/976/976
f 984/984/984 969/969/969 976/976/976
f 984/984/984 977/977/977 969/969/969
f 985/985/985 978/978/978 977/977/977
f 985/985/985 986/986/986 978/978/978
f 986/986/986 979/979/979 978/978/978
f 986/986/986 987/987/987 979/979/979
f 987/987/987 980/980/980 979/979/979
f 987/987/987 988/988/988 980/980/980
f 988/988/988 981/981/981 980/980/980
f 988/988/988 989/989/989 981/981/981
f 989/989/989 982/982/982 981/981/981
f 989/989/989 990/990/990 982/982/982
f 990/990/990 983/983/983 982/982/982
f 990/990/990 991/991/991 983/983/983
f 991/991/991 984/984/984 983/983/983
f 991/991/991 992/992/992 984/984/984
f 992/992/992 977/977/977 984/984/984
f 992/992/992 985/985/985 977/977/977
f 993/993/993 986/986/986 985/985/985
f 993/993/993 994/994/994 986/986/986
f 994/994/994 987/987/987 986/986/986
f 994/994/994 995/995/995 987/987/987
f 995/995/995 988/988/988 987/987/987
f 995/995/995 996/996/996 988/988/988
f 996/996/996 989/989/989 988/988/988
f 996/996/996 997/997/997 989/989/989
f 997/997/997 990/990/990 989/989/989
f 997/997/997 998/998/998 990/990/990
f 998/998/998 991/991/991 990/990/990
f 998/998/998 999/999/999 991/991/991
f 999/999/999 992/992/992 991/991/991
f 999/999/999 1000/1000/1000 992/992/992
f 1000/1000/1000 985/985/985 992/992/992
f 1000/1000/1000 993/993/993 985/985/985

v -0.182954 2.165896 0.677224
v -0.18369 2.132693 0.615025
v -0.136351 2.128252 0.518872
v -0.0545 2.155219 0.46808
v 0.001347 2.193535 0.466262
v 0.020322 2.226015 0.534134
v -0.009905 2.234264 0.626656
v -0.100832 2.206163 0.679537
v -0.229796 2.234283 0.62087
v -0.176794 2.152343 0.522345
v -0.092856 2.205966 0.442013
v -0.141764 2.301414 0.537303
v -0.287844 2.265008 0.582423
v -0.261316 2.186484 0.481092
v -0.165882 2.28126 0.400981
v -0.204574 2.376347 0.505135
v -0.347969 2.365236 0.547208
v -0.345932 2.282895 0.44337
v -0.250344 2.342886 0.376211
v -0.264696 2.402668 0.47999
v -0.416139 2.398931 0.493939
v -0.411158 2.344787 0.389432
v -0.310559 2.419805 0.343938
v -0.333349 2.473524 0.44215
v -0.492268 2.452763 0.431144
v -0.463261 2.400837 0.322585
v -0.363028 2.459848 0.296005
v -0.391415 2.50411 0.398447
v -0.549817 2.484799 0.371447
v -0.51757 2.442985 0.27341
v -0.44188 2.504439 0.242032
v -0.457209 2.585016 0.342595
v -0.617463 2.505423 0.30777
v -0.55431 2.463083 0.209342
v -0.499202 2.565733 0.186021
v -0.536723 2.629717 0.281033
v -0.623111 2.507752 0.302566
v -0.570796 2.465839 0.195178
v -0.512841 2.582588 0.171099
v -0.540146 2.642207 0.274516
vn -0.516599 0.466691 0.717861
vn -0.812112 -0.581527 -0.047961
vn -0.461923 -0.696249 -0.549422
vn -0.40581 0.012801 -0.913868
vn -0.054909 0.265998 -0.962408
vn 0.078415 0.949748 -0.303035
vn 0.226862 0.97375 0.018563
vn -0.159856 0.798325 0.580623
vn -0.623372 0.101298 0.775336
vn -0.549392 -0.735018 -0.397386
vn 0.389907 0.261626 -0.882907
vn 0.41524 0.850594 0.32259
vn -0.492573 -0.056809 0.868415
vn -0.549065 -0.788415 -0.277362
vn 0.446815 0.057612 -0.89277
vn 0.436132 0.851553 0.290941
vn -0.495879 0.072614 0.865351
vn -0.583586 -0.765668 -0.270519
vn 0.423452 0.079423 -0.90243
vn 0.552986 0.77177 0.313971
vn -0.637358 0.058514 0.768343
vn -0.482679 -0.796531 -0.364088
vn 0.657003 0.025914 -0.753443
vn 0.400912 0.858982 0.318464
vn -0.680603 -0.051278 0.730856
vn -0.322176 -0.864793 -0.385143
vn 0.640953 0.100824 -0.76093
vn 0.359811 0.865325 0.348924
vn -0.728506 -0.187072 0.659001
vn -0.179102 -0.922748 -0.341259
vn 0.751922 0.003476 -0.659242
vn 0.377588 0.845423 0.377738
vn -0.679808 -0.317108 0.661289
vn 0.010378 -0.929097 -0.369691
vn 0.763266 0.128936 -0.633088
vn 0.32072 0.775118 0.544363
vn -0.598248 -0.636805 0.486393
vn 0.277703 -0.765139 -0.580898
vn 0.915122 0.211902 -0.342999
vn 0.081117 0.555298 0.827686
vt 0 0
vt 0.25 0
vt 0.5 0
vt 0.75 0
vt 1 0
vt 0.75 0
vt 0.5 0
vt 0.25 0
vt 0 0.25
vt 0.5 0.25
vt 1 0.25
vt 0.5 0.25
vt 0 0.5
vt 0.5 0.5
vt 1 0.5
vt 0.5 0.5
vt 0 0.75
vt 0.5 0.75
vt 1 0.75
vt 0.5 0.75
vt 0 1
vt 0.5 1
vt 1 1
vt 0.5 1
vt 0 0.75
vt 0.5 0.75
vt 1 0.75
vt 0.5 0.75
vt 0 0.5
vt 0.5 0.5
vt 1 0.5
vt 0.5 0.5
vt 0 0.25
vt 0.5 0.25
vt 1 0.25
vt 0.5 0.25
vt 0 0
vt 0.5 0
vt 1 0
vt 0.5 0
usemtl nature_bark_linden_02_m_0001.jpg
f 1009/1009/1009 1002/1002/1002 1001/1001/1001
f 1009/1009/1009 1010/1010/1010 1002/1002/1002
f 1010/1010/1010 1003/1003/1003 1002/1002/1002
f 1010/1010/1010 1004/1004/1004 1003/1003/1003
f 1010/1010/1010 1005/1005/1005 1004/1004/1004
f 1010/1010/1010 1011/1011/1011 1005/1005/1005
f 1011/1011/1011 1006/1006/1006 1005/1005/1005
f 1011/1011/1011 1007/1007/1007 1006/1006/1006
f 1011/1011/1011 1012/1012/1012 1007/1007/1007
f 1012/1012/1012 1008/1008/1008 1007/1007/1007
f 1012/1012/1012 1001/1001/1001 1008/1008/1008
f 1012/1012/1012 1009/1009/1009 1001/1001/1001
f 1013/1013/1013 1010/1010/1010 1009/1009/1009
f 1013/1013/1013 1014/1014/1014 1010/1010/1010
f 1014/1014/1014 1011/1011/1011 1010/1010/1010
f 1014/1014/1014 1015/1015/1015 1011/1011/1011
f 1015/1015/1015 1012/1012/1012 1011/1011/1011
f 1015/1015/1015 1016/1016/1016 1012/1012/1012
f 1016/1016/1016 1009/1009/1009 1012/1012/1012
f 1016/1016/1016 1013/1013/1013 1009/1009/1009
f 1017/1017/1017 1014/1014/1014 1013/1013/1013
f 1017/1017/1017 1018/1018/1018 1014/1014/1014
f 1018/1018/1018 1015/1015/1015 1014/1014/1014
f 1018/1018/1018 1019/1019/1019 1015/1015/1015
f 1019/1019/1019 1016/1016/1016 1015/1015/1015
f 1019/1019/1019 1020/1020/1020 1016/1016/1016
f 1020/1020/1020 1013/1013/1013 1016/1016/1016
f 1020/1020/1020 1017/1017/1017 1013/1013/1013
f 1021/1021/1021 1018/1018/1018 1017/1017/1017
f 1021/1021/1021 1022/1022/1022 1018/1018/1018
f 1022/1022/1022 1019/1019/1019 1018/1018/1018
f 1022/1022/1022 1023/1023/1023 1019/1019/1019
f 1023/1023/1023 1020/1020/1020 1019/1019/1019
f 1023/1023/1023 1024/1024/1024 1020/1020/1020
f 1024/1024/1024 1017/1017/1017 1020/1020/1020
f 1024/1024/1024 1021/1021/1021 1017/1017/1017
f 1025/1025/1025 1022/1022/1022 1021/1021/1021
f 1025/1025/1025 1026/1026/1026 1022/1022/1022
f 1026/1026/1026 1023/1023/1023 1022/1022/1022
f 1026/1026/1026 1027/1027/1027 1023/1023/1023
f 1027/1027/1027 1024/1024/1024 1023/1023/1023
f 1027/1027/1027 1028/1028/1028 1024/1024/1024
f 1028/1028/1028 1021/1021/1021 1024/1024/1024
f 1028/1028/1028 1025/1025/1025 1021/1021/1021
f 1029/1029/1029 1026/1026/1026 1025/1025/1025
f 1029/1029/1029 1030/1030/1030 1026/1026/1026
f 1030/1030/1030 1027/1027/1027 1026/1026/1026
f 1030/1030/1030 1031/1031/1031 1027/1027/1027
f 1031/1031/1031 1028/1028/1028 1027/1027/1027
f 1031/1031/1031 1032/1032/1032 1028/1028/1028
f 1032/1032/1032 1025/1025/1025 1028/1028/1028
f 1032/1032/1032 1029/1029/1029 1025/1025/1025
f 1033/1033/1033 1030/1030/1030 1029/1029/1029
f 1033/1033/1033 1034/1034/1034 1030/1030/1030
f 1034/1034/1034 1031/1031/1031 1030/1030/1030
f 1034/1034/1034 1035/1035/1035 1031/1031/1031
f 1035/1035/1035 1032/1032/1032 1031/1031/1031
f 1035/1035/1035 1036/1036/1036 1032/1032/1032
f 1036/1036/1036 1029/1029/1029 1032/1032/1032
f 1036/1036/1036 1033/1033/1033 1029/1029/1029
f 1037/1037/1037 1034/1034/1034 1033/1033/1033
f 1037/1037/1037 1038/1038/1038 1034/1034/1034
f 1038/1038/1038 1035/1035/1035 1034/1034/1034
f 1038/1038/1038 1039/1039/1039 1035/1035/1035
f 1039/1039/1039 1036/1036/1036 1035/1035/1035
f 1039/1039/1039 1040/1040/1040 1036/1036/1036
f 1040/1040/1040 1033/1033/1033 1036/1036/1036
f 1040/1040/1040 1037/1037/1037 1033/1033/1033

v -0.028121 3.019153 1.528917
v -0.014763 3.027905 1.496372
v 0.011073 3.039572 1.465376
v 0.052565 3.061308 1.442246
v 0.083446 3.077604 1.439284
v 0.12595 3.079012 1.453875
v 0.168242 3.093935 1.488323
v 0.204143 3.097821 1.528905
v 0.231532 3.085696 1.589516
v 0.225409 3.058145 1.624875
v 0.208991 3.049771 1.658171
v 0.166608 3.028751 1.678636
v 0.125016 3.017646 1.685303
v 0.0681 2.99052 1.674452
v 0.021277 2.978118 1.6418
v 0.006455 2.958316 1.608062
v -0.011984 2.98508 1.570491
v -0.048834 3.055249 1.566984
v -0.011933 3.075944 1.468753
v 0.074889 3.159039 1.454444
v 0.152285 3.175529 1.567825
v 0.126247 3.155215 1.676108
v 0.008361 3.076824 1.661828
v -0.092707 3.109347 1.549518
v -0.044826 3.162545 1.452622
v 0.043905 3.232949 1.466058
v 0.120908 3.280032 1.585417
v 0.076023 3.230198 1.682632
v -0.050849 3.147921 1.665009
v -0.134228 3.226782 1.560207
v -0.087509 3.244816 1.458619
v 0.003759 3.304548 1.470149
v 0.080358 3.331647 1.582109
v 0.04827 3.312901 1.682542
v -0.078424 3.253915 1.670469
v -0.174362 3.323584 1.575528
v -0.128748 3.351141 1.474707
v -0.032026 3.376718 1.477345
v 0.06314 3.373505 1.58169
v 0.020242 3.38289 1.687203
v -0.097436 3.354448 1.675172
v -0.213556 3.397277 1.553451
v -0.14758 3.393317 1.470403
v -0.047889 3.425784 1.500411
v 0.017282 3.456302 1.60589
v -0.042807 3.41853 1.695381
v -0.162975 3.3901 1.66389
v -0.26205 3.432177 1.56399
v -0.202279 3.47217 1.478018
v -0.094065 3.527443 1.48861
v -0.02963 3.533794 1.607903
v -0.089484 3.511533 1.69703
v -0.197801 3.470757 1.674868
v -0.307895 3.523014 1.551219
v -0.241892 3.553567 1.468309
v -0.137934 3.619197 1.506799
v -0.09012 3.63786 1.621282
v -0.159127 3.58502 1.702218
v -0.267036 3.525627 1.664603
v -0.321723 3.552427 1.550059
v -0.251751 3.570389 1.468496
v -0.141679 3.626831 1.507399
v -0.097403 3.642327 1.621059
v -0.168343 3.595944 1.698805
v -0.277853 3.558293 1.661067
vn -0.918635 -0.369684 0.139441
vn -0.843459 -0.208734 -0.494983
vn -0.538891 -0.266668 -0.799052
vn -0.358353 0.101553 -0.928046
vn -0.18239 0.818889 -0.544202
vn 0.173736 0.569358 -0.803522
vn 0.565119 0.450756 -0.690984
vn 0.549214 0.772819 -0.317985
vn 0.641537 0.767071 0.005722
vn 0.587216 0.619178 0.521341
vn 0.375936 0.646465 0.663894
vn 0.44764 0.380924 0.809021
vn -0.03889 0.06698 0.996996
vn -0.417184 0.138258 0.898244
vn -0.53363 -0.076836 0.842221
vn -0.887788 -0.178243 0.424337
vn -0.938643 -0.115416 0.325005
vn -0.848312 -0.527264 0.048568
vn -0.542145 -0.085736 -0.8359
vn 0.433488 0.386823 -0.813914
vn 0.822794 0.558332 0.10619
vn 0.301116 0.15946 0.940161
vn -0.580499 -0.319961 0.748763
vn -0.893223 -0.448603 -0.030124
vn -0.440157 -0.179413 -0.879814
vn 0.419849 0.273272 -0.865476
vn 0.871571 0.48403 -0.077967
vn 0.404262 0.202508 0.891943
vn -0.48399 -0.285554 0.827171
vn -0.935705 -0.350836 0.037012
vn -0.476785 -0.116099 -0.871319
vn 0.391896 0.304307 -0.868225
vn 0.878442 0.465766 -0.106775
vn 0.509035 0.168649 0.844062
vn -0.524224 -0.187417 0.830701
vn -0.872286 -0.487171 0.042201
vn -0.43806 -0.194304 -0.877696
vn 0.411295 0.303521 -0.859483
vn 0.880244 0.450598 -0.148769
vn 0.427822 0.202333 0.880926
vn -0.430504 -0.310997 0.847318
vn -0.801783 -0.596041 -0.04336
vn -0.332212 -0.177001 -0.926448
vn 0.458272 0.348418 -0.817675
vn 0.837463 0.546469 -0.005241
vn 0.278344 0.181972 0.943086
vn -0.512336 -0.347707 0.785246
vn -0.753926 -0.653311 -0.069135
vn -0.285512 -0.207519 -0.935638
vn 0.513744 0.257758 -0.818308
vn 0.864926 0.492346 0.097459
vn 0.296743 0.126711 0.946514
vn -0.432933 -0.423458 0.795772
vn -0.886826 -0.423986 -0.18378
vn -0.277127 -0.144274 -0.94994
vn 0.551208 0.366534 -0.749548
vn 0.748574 0.637345 0.182832
vn 0.108808 0.249827 0.962158
vn -0.605054 -0.261731 0.751935
vn -0.831033 -0.421652 -0.362757
vn -0.065653 -0.011169 -0.99778
vn 0.5771 0.531317 -0.620208
vn 0.486643 0.76282 0.425775
vn -0.093172 0.215047 0.972149
vn -0.763255 -0.240202 0.599787
vt 0 0
vt 0.125 0
vt 0.25 0
vt 0.375 0
vt 0.5 0
vt 0.625 0
vt 0.75 0
vt 0.875 0
vt 1 0
vt 0.888889 0
vt 0.777778 0
vt 0.666667 0
vt 0.555556 0
vt 0.444444 0
vt 0.333333 0
vt 0.222222 0
vt 0.111111 0
vt 0 0.25
vt 0.333333 0.25
vt 0.666667 0.25
vt 1 0.25
vt 0.666667 0.25
vt 0.333333 0.25
vt 0 0.5
vt 0.333333 0.5
vt 0.666667 0.5
vt 1 0.5
vt 0.666667 0.5
vt 0.333333 0.5
vt 0 0.75
vt 0.333333 0.75
vt 0.666667 0.75
vt 1 0.75
vt 0.666667 0.75
vt 0.333333 0.75
vt 0 1
vt 0.333333 1
vt 0.666667 1
vt 1 1
vt 0.666667 1
vt 0.333333 1
vt 0 0.75
vt 0.333333 0.75
vt 0.666667 0.75
vt 1 0.75
vt 0.666667 0.75
vt 0.333333 0.75
vt 0 0.5
vt 0.333333 0.5
vt 0.666667 0.5
vt 1 0.5
vt 0.666667 0.5
vt 0.333333 0.5
vt 0 0.25
vt 0.333333 0.25
vt 0.666667 0.25
vt 1 0.25
vt 0.666667 0.25
vt 0.333333 0.25
vt 0 0
vt 0.333333 0
vt 0.666667 0
vt 1 0
vt 0.666667 0
vt 0.333333 0
usemtl nature_bark_linden_02_m_0001.jpg
f 1058/1058/1058 1042/1042/1042 1041/1041/1041
f 1058/1058/1058 1059/1059/1059 1042/1042/1042
f 1059/1059/1059 1043/1043/1043 1042/1042/1042
f 1059/1059/1059 1044/1044/1044 1043/1043/1043
f 1059/1059/1059 1045/1045/1045 1044/1044/1044
f 1059/1059/1059 1046/1046/1046 1045/1045/1045
f 1059/1059/1059 1060/1060/1060 1046/1046/1046
f 1060/1060/1060 1047/1047/1047 1046/1046/1046
f 1060/1060/1060 1048/1048/1048 1047/1047/1047
f 1060/1060/1060 1049/1049/1049 1048/1048/1048
f 1060/1060/1060 1061/1061/1061 1049/1049/1049
f 1061/1061/1061 1050/1050/1050 1049/1049/1049
f 1061/1061/1061 1051/1051/1051 1050/1050/1050
f 1061/1061/1061 1052/1052/1052 1051/1051/1051
f 1061/1061/1061 1062/1062/1062 1052/1052/1052
f 1062/1062/1062 1053/1053/1053 1052/1052/1052
f 1062/1062/1062 1054/1054/1054 1053/1053/1053
f 1062/1062/1062 1055/1055/1055 1054/1054/1054
f 1062/1062/1062 1063/1063/1063 1055/1055/1055
f 1063/1063/1063 1056/1056/1056 1055/1055/1055
f 1063/1063/1063 1057/1057/1057 1056/1056/1056
f 1063/1063/1063 1041/1041/1041 1057/1057/1057
f 1063/1063/1063 1058/1058/1058 1041/1041/1041
f 1064/1064/1064 1059/1059/1059 1058/1058/1058
f 1064/1064/1064 1065/1065/1065 1059/1059/1059
f 1065/1065/1065 1060/1060/1060 1059/1059/1059
f 1065/1065/1065 1066/1066/1066 1060/1060/1060
f 1066/1066/1066 1061/1061/1061 1060/1060/1060
f 1066/1066/1066 1067/1067/1067 1061/1061/1061
f 1067/1067/1067 1062/1062/1062 1061/1061/1061
f 1067/1067/1067 1068/1068/1068 1062/1062/1062
f 1068/1068/1068 1063/1063/1063 1062/1062/1062
f 1068/1068/1068 1069/1069/1069 1063/1063/1063
f 1069/1069/1069 1058/1058/1058 1063/1063/1063
f 1069/1069/1069 1064/1064/1064 1058/1058/1058
f 1070/1070/1070 1065/1065/1065 1064/1064/1064
f 1070/1070/1070 1071/1071/1071 1065/1065/1065
f 1071/1071/1071 1066/1066/1066 1065/1065/1065
f 1071/1071/1071 1072/1072/1072 1066/1066/1066
f 1072/1072/1072 1067/1067/1067 1066/1066/1066
f 1072/1072/1072 1073/1073/1073 1067/1067/1067
f 1073/1073/1073 1068/1068/1068 1067/1067/1067
f 1073/1073/1073 1074/1074/1074 1068/1068/1068
f 1074/1074/1074 1069/1069/1069 1068/1068/1068
f 1074/1074/1074 1075/1075/1075 1069/1069/1069
f 1075/1075/1075 1064/1064/1064 1069/1069/1069
f 1075/1075/1075 1070/1070/1070 1064/1064/1064
f 1076/1076/1076 1071/1071/1071 1070/1070/1070
f 1076/1076/1076 1077/1077/1077 1071/1071/1071
f 1077/1077/1077 1072/1072/1072 1071/1071/1071
f 1077/1077/1077 1078/1078/1078 1072/1072/1072
f 1078/1078/1078 1073/1073/1073 1072/1072/1072
f 1078/1078/1078 1079/1079/1079 1073/1073/1073
f 1079/1079/1079 1074/1074/1074 1073/1073/1073
f 1079/1079/1079 1080/1080/1080 1074/1074/1074
f 1080/1080/1080 1075/1075/1075 1074/1074/1074
f 1080/1080/1080 1081/1081/1081 1075/1075/1075
f 1081/1081/1081 1070/1070/1070 1075/1075/1075
f 1081/1081/1081 1076/1076/1076 1070/1070/1070
f 1082/1082/1082 1077/1077/1077 1076/1076/1076
f 1082/1082/1082 1083/1083/1083 1077/1077/1077
f 1083/1083/1083 1078/1078/1078 1077/1077/1077
f 1083/1083/1083 1084/1084/1084 1078/1078/1078
f 1084/1084/1084 1079/1079/1079 1078/1078/1078
f 1084/1084/1084 1085/1085/1085 1079/1079/1079
f 1085/1085/1085 1080/1080/1080 1079/1079/1079
f 1085/1085/1085 1086/1086/1086 1080/1080/1080
f 1086/1086/1086 1081/1081/1081 1080/1080/1080
f 1086/1086/1086 1087/1087/1087 1081/1081/1081
f 1087/1087/1087 1076/1076/1076 1081/1081/1081
f 1087/1087/1087 1082/1082/1082 1076/1076/1076
f 1088/1088/1088 1083/1083/1083 1082/1082/1082
f 1088/1088/1088 1089/1089/1089 1083/1083/1083
f 1089/1089/1089 1084/1084/1084 1083/1083/1083
f 1089/1089/1089 1090/1090/1090 1084/1084/1084
f 1090/1090/1090 1085/1085/1085 1084/1084/1084
f 1090/1090/1090 1091/1091/1091 1085/1085/1085
f 1091/1091/1091 1086/1086/1086 1085/1085/1085
f 1091/1091/1091 1092/1092/1092 1086/1086/1086
f 1092/1092/1092 1087/1087/1087 1086/1086/1086
f 1092/1092/1092 1093/1093/1093 1087/1087/1087
f 1093/1093/1093 1082/1082/1082 1087/1087/1087
f 1093/1093/1093 1088/1088/1088 1082/1082/1082
f 1094/1094/1094 1089/1089/1089 1088/1088/1088
f 1094/1094/1094 1095/1095/1095 1089/1089/1089
f 1095/1095/1095 1090/1090/1090 1089/1089/1089
f 1095/1095/1095 1096/1096/1096 1090/1090/1090
f 1096/1096/1096 1091/1091/1091 1090/1090/1090
f 1096/1096/1096 1097/1097/1097 1091/1091/1091
f 1097/1097/1097 1092/1092/1092 1091/1091/1091
f 1097/1097/1097 1098/1098/1098 1092/1092/1092
f 1098/1098/1098 1093/1093/1093 1092/1092/1092
f 1098/1098/1098 1099/1099/1099 1093/1093/1093
f 1099/1099/1099 1088/1088/1088 1093/1093/1093
f 1099/1099/1099 1094/1094/1094 1088/1088/1088
f 1100/1100/1100 1095/1095/1095 1094/1094/1094
f 1100/1100/1100 1101/1101/1101 1095/1095/1095
f 1101/1101/1101 1096/1096/1096 1095/1095/1095
f 1101/1101/1101 1102/1102/1102 1096/1096/1096
f 1102/1102/1102 1097/1097/1097 1096/1096/1096
f 1102/1102/1102 1103/1103/1103 1097/1097/1097
f 1103/1103/1103 1098/1098/1098 1097/1097/1097
f 1103/1103/1103 1104/1104/1104 1098/1098/1098
f 1104/1104/1104 1099/1099/1099 1098/1098/1098
f 1104/1104/1104 1105/1105/1105 1099/1099/1099
f 1105/1105/1105 1094/1094/1094 1099/1099/1099
f 1105/1105/1105 1100/1100/1100 1094/1094/1094

v -0.040039 3.019636 1.513271
v -0.02679 3.0346 1.475336
v 0.003396 3.050322 1.444779
v 0.052199 3.073092 1.427827
v 0.082912 3.093684 1.43021
v 0.125807 3.092204 1.447829
v 0.164433 3.099743 1.48516
v 0.189839 3.106613 1.524564
v 0.216068 3.085632 1.57392
v 0.220604 3.06567 1.617736
v 0.205475 3.055771 1.64537
v 0.16678 3.032105 1.664296
v 0.129239 3.012658 1.672164
v 0.070471 2.987121 1.663041
v 0.023455 2.976816 1.637505
v -0.005228 2.955213 1.598603
v -0.02656 2.98411 1.557932
v -0.019223 3.071408 1.6502
v -0.011188 3.138354 1.572751
v 0.09838 3.195817 1.55016
v 0.204448 3.155226 1.616522
v 0.202925 3.06778 1.693833
v 0.082072 3.042307 1.706146
v 0.020488 3.133063 1.737929
v 0.018311 3.225317 1.66034
v 0.122988 3.268042 1.636852
v 0.219601 3.231374 1.679702
v 0.210875 3.114892 1.756776
v 0.122305 3.102132 1.781532
v 0.051591 3.215493 1.827961
v 0.048329 3.306112 1.756084
v 0.128633 3.322418 1.716446
v 0.209888 3.300169 1.743286
v 0.210433 3.190669 1.818446
v 0.128022 3.173622 1.857471
v 0.033032 3.311145 1.892237
v 0.04154 3.358455 1.821698
v 0.132853 3.363319 1.795347
v 0.228858 3.360199 1.834295
v 0.220362 3.277506 1.901947
v 0.119922 3.244801 1.933792
v 0.030573 3.37336 1.948805
v 0.042486 3.394508 1.882997
v 0.148167 3.422024 1.86265
v 0.234537 3.400519 1.908795
v 0.21683 3.340468 1.980739
v 0.114339 3.324966 2.004897
v 0.015329 3.417648 2.006758
v 0.04049 3.461825 1.94401
v 0.140471 3.486484 1.933121
v 0.202871 3.458418 1.981327
v 0.177708 3.392019 2.048524
v 0.092794 3.370005 2.054792
v 0.005928 3.470508 2.080912
v 0.025132 3.528727 2.016957
v 0.103839 3.565948 2.004159
v 0.165198 3.51243 2.041144
v 0.146554 3.436078 2.098109
v 0.065424 3.419286 2.123374
v 0.0023 3.480772 2.099814
v 0.014842 3.541184 2.037378
v 0.095488 3.587249 2.011761
v 0.161104 3.521819 2.04416
v 0.148146 3.446804 2.102148
v 0.06549 3.431059 2.13363
vn -0.936974 0.011538 0.349209
vn -0.889936 0.420192 -0.177348
vn -0.619931 0.611697 -0.491438
vn -0.474926 0.705841 -0.525579
vn -0.171657 0.902058 -0.396011
vn 0.041697 0.828781 -0.558018
vn 0.488317 0.693825 -0.529295
vn 0.631847 0.725834 -0.271908
vn 0.822 0.505568 -0.26214
vn 0.950098 0.174901 0.258309
vn 0.600406 0.228496 0.766356
vn 0.779298 -0.471253 0.413056
vn 0.285363 -0.656099 0.698643
vn -0.273551 0.083405 0.958235
vn -0.538227 -0.002139 0.842797
vn -0.833864 0.201124 0.514024
vn -0.825841 0.227731 0.515873
vn -0.897986 -0.200201 0.391842
vn -0.703354 0.626955 -0.334994
vn 0.221969 0.762789 -0.607357
vn 0.94411 0.270504 -0.188369
vn 0.650075 -0.575296 0.496424
vn -0.467165 -0.516373 0.717716
vn -0.843047 -0.224198 0.488883
vn -0.835646 0.516008 -0.18823
vn 0.064844 0.765541 -0.640111
vn 0.867093 0.327151 -0.375662
vn 0.783235 -0.478541 0.396914
vn -0.085373 -0.708359 0.70067
vn -0.877998 -0.283647 0.385569
vn -0.837473 0.442594 -0.320545
vn 0.045498 0.819629 -0.571084
vn 0.824357 0.449542 -0.344018
vn 0.827917 -0.425708 0.365138
vn -0.054097 -0.711503 0.700597
vn -0.921062 -0.300076 0.248192
vn -0.756266 0.538741 -0.371241
vn 0.04298 0.828904 -0.557737
vn 0.828413 0.404156 -0.387802
vn 0.810268 -0.448295 0.377487
vn -0.149832 -0.70396 0.694256
vn -0.931201 -0.326874 0.1613
vn -0.728758 0.505263 -0.462192
vn 0.061346 0.755455 -0.652322
vn 0.890469 0.416932 -0.182298
vn 0.734741 -0.376782 0.564084
vn -0.226833 -0.705705 0.671213
vn -0.943112 -0.328639 0.050355
vn -0.700865 0.469202 -0.53725
vn 0.153988 0.747766 -0.645859
vn 0.885217 0.46205 0.053859
vn 0.661867 -0.327979 0.674064
vn -0.210551 -0.786814 0.580165
vn -0.960554 -0.269703 0.067801
vn -0.750671 0.351045 -0.559697
vn 0.184135 0.669856 -0.719296
vn 0.916359 0.397832 0.044895
vn 0.710417 -0.308377 0.632623
vn -0.212181 -0.704612 0.677127
vn -0.947695 -0.294326 -0.123474
vn -0.653592 0.252082 -0.713633
vn 0.428367 0.452669 -0.782044
vn 0.98001 0.198121 0.018101
vn 0.661235 -0.439017 0.608302
vn -0.416118 -0.698452 0.582246
vt 0 0
vt 0.125 0
vt 0.25 0
vt 0.375 0
vt 0.5 0
vt 0.625 0
vt 0.75 0
vt 0.875 0
vt 1 0
vt 0.888889 0
vt 0.777778 0
vt 0.666667 0
vt 0.555556 0
vt 0.444444 0
vt 0.333333 0
vt 0.222222 0
vt 0.111111 0
vt 0 0.25
vt 0.333333 0.25
vt 0.666667 0.25
vt 1 0.25
vt 0.666667 0.25
vt 0.333333 0.25
vt 0 0.5
vt 0.333333 0.5
vt 0.666667 0.5
vt 1 0.5
vt 0.666667 0.5
vt 0.333333 0.5
vt 0 0.75
vt 0.333333 0.75
vt 0.666667 0.75
vt 1 0.75
vt 0.666667 0.75
vt 0.333333 0.75
vt 0 1
vt 0.333333 1
vt 0.666667 1
vt 1 1
vt 0.666667 1
vt 0.333333 1
vt 0 0.75
vt 0.333333 0.75
vt 0.666667 0.75
vt 1 0.75
vt 0.666667 0.75
vt 0.333333 0.75
vt 0 0.5
vt 0.333333 0.5
vt 0.666667 0.5
vt 1 0.5
vt 0.666667 0.5
vt 0.333333 0.5
vt 0 0.25
vt 0.333333 0.25
vt 0.666667 0.25
vt 1 0.25
vt 0.666667 0.25
vt 0.333333 0.25
vt 0 0
vt 0.333333 0
vt 0.666667 0
vt 1 0
vt 0.666667 0
vt 0.333333 0
usemtl nature_bark_linden_02_m_0001.jpg
f 1123/1123/1123 1107/1107/1107 1106/1106/1106
f 1123/1123/1123 1124/1124/1124 1107/1107/1107
f 1124/1124/1124 1108/1108/1108 1107/1107/1107
f 1124/1124/1124 1109/1109/1109 1108/1108/1108
f 1124/1124/1124 1110/1110/1110 1109/1109/1109
f 1124/1124/1124 1111/1111/1111 1110/1110/1110
f 1124/1124/1124 1125/1125/1125 1111/1111/1111
f 1125/1125/1125 1112/1112/1112 1111/1111/1111
f 1125/1125/1125 1113/1113/1113 1112/1112/1112
f 1125/1125/1125 1114/1114/1114 1113/1113/1113
f 1125/1125/1125 1126/1126/1126 1114/1114/1114
f 1126/1126/1126 1115/1115/1115 1114/1114/1114
f 1126/1126/1126 1116/1116/1116 1115/1115/1115
f 1126/1126/1126 1117/1117/1117 1116/1116/1116
f 1126/1126/1126 1127/1127/1127 1117/1117/1117
f 1127/1127/1127 1118/1118/1118 1117/1117/1117
f 1127/1127/1127 1119/1119/1119 1118/1118/1118
f 1127/1127/1127 1120/1120/1120 1119/1119/1119
f 1127/1127/1127 1128/1128/1128 1120/1120/1120
f 1128/1128/1128 1121/1121/1121 1120/1120/1120
f 1128/1128/1128 1122/1122/1122 1121/1121/1121
f 1128/1128/1128 1106/1106/1106 1122/1122/1122
f 1128/1128/1128 1123/1123/1123 1106/1106/1106
f 1129/1129/1129 1124/1124/1124 1123/1123/1123
f 1129/1129/1129 1130/1130/1130 1124/1124/1124
f 1130/1130/1130 1125/1125/1125 1124/1124/1124
f 1130/1130/1130 1131/1131/1131 1125/1125/1125
f 1131/1131/1131 1126/1126/1126 1125/1125/1125
f 1131/1131/1131 1132/1132/1132 1126/1126/1126
f 1132/1132/1132 1127/1127/1127 1126/1126/1126
f 1132/1132/1132 1133/1133/1133 1127/1127/1127
f 1133/1133/1133 1128/1128/1128 1127/1127/1127
f 1133/1133/1133 1134/1134/1134 1128/1128/1128
f 1134/1134/1134 1123/1123/1123 1128/1128/1128
f 1134/1134/1134 1129/1129/1129 1123/1123/1123
f 1135/1135/1135 1130/1130/1130 1129/1129/1129
f 1135/1135/1135 1136/1136/1136 1130/1130/1130
f 1136/1136/1136 1131/1131/1131 1130/1130/1130
f 1136/1136/1136 1137/1137/1137 1131/1131/1131
f 1137/1137/1137 1132/1132/1132 1131/1131/1131
f 1137/1137/1137 1138/1138/1138 1132/1132/1132
f 1138/1138/1138 1133/1133/1133 1132/1132/1132
f 1138/1138/1138 1139/1139/1139 1133/1133/1133
f 1139/1139/1139 1134/1134/1134 1133/1133/1133
f 1139/1139/1139 1140/1140/1140 1134/1134/1134
f 1140/1140/1140 1129/1129/1129 1134/1134/1134
f 1140/1140/1140 1135/1135/1135 1129/1129/1129
f 1141/1141/1141 1136/1136/1136 1135/1135/1135
f 1141/1141/1141 1142/1142/1142 1136/1136/1136
f 1142/1142/1142 1137/1137/1137 1136/1136/1136
f 1142/1142/1142 1143/1143/1143 1137/1137/1137
f 1143/1143/1143 1138/1138/1138 1137/1137/1137
f 1143/1143/1143 1144/1144/1144 1138/1138/1138
f 1144/1144/1144 1139/1139/1139 1138/1138/1138
f 1144/1144/1144 1145/1145/1145 1139/1139/1139
f 1145/1145/1145 1140/1140/1140 1139/1139/1139
f 1145/1145/1145 1146/1146/1146 1140/1140/1140
f 1146/1146/1146 1135/1135/1135 1140/1140/1140
f 1146/1146/1146 1141/1141/1141 1135/1135/1135
f 1147/1147/1147 1142/1142/1142 1141/1141/1141
f 1147/1147/1147 1148/1148/1148 1142/1142/1142
f 1148/1148/1148 1143/1143/1143 1142/1142/1142
f 1148/1148/1148 1149/1149/1149 1143/1143/1143
f 1149/1149/1149 1144/1144/1144 1143/1143/1143
f 1149/1149/1149 1150/1150/1150 1144/1144/1144
f 1150/1150/1150 1145/1145/1145 1144/1144/1144
f 1150/1150/1150 1151/1151/1151 1145/1145/1145
f 1151/1151/1151 1146/1146/1146 1145/1145/1145
f 1151/1151/1151 1152/1152/1152 1146/1146/1146
f 1152/1152/1152 1141/1141/1141 1146/1146/1146
f 1152/1152/1152 1147/1147/1147 1141/1141/1141
f 1153/1153/1153 1148/1148/1148 1147/1147/1147
f 1153/1153/1153 1154/1154/1154 1148/1148/1148
f 1154/1154/1154 1149/1149/1149 1148/1148/1148
f 1154/1154/1154 1155/1155/1155 1149/1149/1149
f 1155/1155/1155 1150/1150/1150 1149/1149/1149
f 1155/1155/1155 1156/1156/1156 1150/1150/1150
f 1156/1156/1156 1151/1151/1151 1150/1150/1150
f 1156/1156/1156 1157/1157/1157 1151/1151/1151
f 1157/1157/1157 1152/1152/1152 1151/1151/1151
f 1157/1157/1157 1158/1158/1158 1152/1152/1152
f 1158/1158/1158 1147/1147/1147 1152/1152/1152
f 1158/1158/1158 1153/1153/1153 1147/1147/1147
f 1159/1159/1159 1154/1154/1154 1153/1153/1153
f 1159/1159/1159 1160/1160/1160 1154/1154/1154
f 1160/1160/1160 1155/1155/1155 1154/1154/1154
f 1160/1160/1160 1161/1161/1161 1155/1155/1155
f 1161/1161/1161 1156/1156/1156 1155/1155/1155
f 1161/1161/1161 1162/1162/1162 1156/1156/1156
f 1162/1162/1162 1157/1157/1157 1156/1156/1156
f 1162/1162/1162 1163/1163/1163 1157/1157/1157
f 1163/1163/1163 1158/1158/1158 1157/1157/1157
f 1163/1163/1163 1164/1164/1164 1158/1158/1158
f 1164/1164/1164 1153/1153/1153 1158/1158/1158
f 1164/1164/1164 1159/1159/1159 1153/1153/1153
f 1165/1165/1165 1160/1160/1160 1159/1159/1159
f 1165/1165/1165 1166/1166/1166 1160/1160/1160
f 1166/1166/1166 1161/1161/1161 1160/1160/1160
f 1166/1166/1166 1167/1167/1167 1161/1161/1161
f 1167/1167/1167 1162/1162/1162 1161/1161/1161
f 1167/1167/1167 1168/1168/1168 1162/1162/1162
f 1168/1168/1168 1163/1163/1163 1162/1162/1162
f 1168/1168/1168 1169/1169/1169 1163/1163/1163
f 1169/1169/1169 1164/1164/1164 1163/1163/1163
f 1169/1169/1169 1170/1170/1170 1164/1164/1164
f 1170/1170/1170 1159/1159/1159 1164/1164/1164
f 1170/1170/1170 1165/1165/1165 1159/1159/1159

v 0.740235 2.936542 1.496024
v 0.764112 2.964532 1.421795
v 0.82883 2.926151 1.371409
v 0.881399 2.85884 1.374598
v 0.908667 2.797806 1.439385
v 0.891312 2.770874 1.529496
v 0.819936 2.804605 1.560083
v 0.759682 2.892478 1.546932
v 0.84132 2.974946 1.54941
v 0.871206 2.982995 1.390336
v 0.948003 2.86078 1.48824
v 0.911243 3.005325 1.549667
v 0.941896 3.015409 1.408887
v 1.008145 2.923826 1.505068
v 0.976752 3.05047 1.551741
v 1.030633 3.038695 1.427337
v 1.081212 2.986694 1.53481
v 1.034278 3.106618 1.56891
v 1.090146 3.094998 1.435828
v 1.150395 3.022671 1.530105
v 1.090027 3.177471 1.560549
v 1.14561 3.158193 1.436887
v 1.197282 3.066174 1.520567
v 1.125104 3.253373 1.571205
v 1.191842 3.212139 1.437396
v 1.239139 3.169276 1.539351
v 1.181688 3.288289 1.578145
v 1.220298 3.278419 1.446565
v 1.301228 3.271381 1.543461
v 1.200952 3.300253 1.584503
v 1.21671 3.288267 1.446642
v 1.318085 3.275098 1.535307
vn -0.169244 0.561698 0.809847
vn -0.352943 0.908065 -0.225496
vn -0.044162 0.345076 -0.937535
vn 0.681146 0.14684 -0.717272
vn 0.980918 0.193548 -0.018417
vn 0.977263 -0.08209 0.195495
vn 0.390036 0.24572 0.887408
vn 0.329297 0.587128 0.739489
vn -0.275423 0.447437 0.850848
vn 0.304817 0.611242 -0.73039
vn 0.758904 -0.335191 0.558312
vn -0.334763 0.505738 0.795086
vn 0.033269 0.464891 -0.884743
vn 0.566969 -0.796042 0.21181
vn -0.353569 0.595581 0.721299
vn 0.047587 0.266931 -0.96254
vn 0.559236 -0.75867 0.334179
vn -0.510614 0.535885 0.672384
vn -0.197797 0.05922 -0.978453
vn 0.57709 -0.775778 0.255218
vn -0.649266 0.403896 0.644454
vn -0.210568 0.053181 -0.976132
vn 0.788788 -0.54201 0.289896
vn -0.629232 0.435864 0.643498
vn 0.064423 0.260925 -0.963207
vn 0.811632 -0.437725 0.386846
vn -0.477147 0.594565 0.647166
vn -0.005797 0.22696 -0.973887
vn 0.782299 -0.444969 0.435903
vn -0.933561 -0.104689 0.342789
vn -0.070076 -0.739651 -0.669332
vn 0.30465 -0.631784 0.712767
vt 0 0
vt 0.25 0
vt 0.5 0
vt 0.75 0
vt 1 0
vt 0.75 0
vt 0.5 0
vt 0.25 0
vt 0 0.25
vt 1 0.25
vt 0.5 0.25
vt 0 0.5
vt 1 0.5
vt 0.5 0.5
vt 0 0.75
vt 1 0.75
vt 0.5 0.75
vt 0 1
vt 1 1
vt 0.5 1
vt 0 0.75
vt 1 0.75
vt 0.5 0.75
vt 0 0.5
vt 1 0.5
vt 0.5 0.5
vt 0 0.25
vt 1 0.25
vt 0.5 0.25
vt 0 0
vt 1 0
vt 0.5 0
usemtl nature_bark_linden_02_m_0001.jpg
f 1179/1179/1179 1172/1172/1172 1171/1171/1171
f 1179/1179/1179 1180/1180/1180 1172/1172/1172
f 1180/1180/1180 1173/1173/1173 1172/1172/1172
f 1180/1180/1180 1174/1174/1174 1173/1173/1173
f 1180/1180/1180 1175/1175/1175 1174/1174/1174
f 1180/1180/1180 1176/1176/1176 1175/1175/1175
f 1180/1180/1180 1181/1181/1181 1176/1176/1176
f 1181/1181/1181 1177/1177/1177 1176/1176/1176
f 1181/1181/1181 1178/1178/1178 1177/1177/1177
f 1181/1181/1181 1171/1171/1171 1178/1178/1178
f 1181/1181/1181 1179/1179/1179 1171/1171/1171
f 1182/1182/1182 1180/1180/1180 1179/1179/1179
f 1182/1182/1182 1183/1183/1183 1180/1180/1180
f 1183/1183/1183 1181/1181/1181 1180/1180/1180
f 1183/1183/1183 1184/1184/1184 1181/1181/1181
f 1184/1184/1184 1179/1179/1179 1181/1181/1181
f 1184/1184/1184 1182/1182/1182 1179/1179/1179
f 1185/1185/1185 1183/1183/1183 1182/1182/1182
f 1185/1185/1185 1186/1186/1186 1183/1183/1183
f 1186/1186/1186 1184/1184/1184 1183/1183/1183
f 1186/1186/1186 1187/1187/1187 1184/1184/1184
f 1187/1187/1187 1182/1182/1182 1184/1184/1184
f 1187/1187/1187 1185/1185/1185 1182/1182/1182
f 1188/1188/1188 1186/1186/1186 1185/1185/1185
f 1188/1188/1188 1189/1189/1189 1186/1186/1186
f 1189/1189/1189 1187/1187/1187 1186/1186/1186
f 1189/1189/1189 1190/1190/1190 1187/1187/1187
f 1190/1190/1190 1185/1185/1185 1187/1187/1187
f 1190/1190/1190 1188/1188/1188 1185/1185/1185
f 1191/1191/1191 1189/1189/1189 1188/1188/1188
f 1191/1191/1191 1192/1192/1192 1189/1189/1189
f 1192/1192/1192 1190/1190/1190 1189/1189/1189
f 1192/1192/1192 1193/1193/1193 1190/1190/1190
f 1193/1193/1193 1188/1188/1188 1190/1190/1190
f 1193/1193/1193 1191/1191/1191 1188/1188/1188
f 1194/1194/1194 1192/1192/1192 1191/1191/1191
f 1194/1194/1194 1195/1195/1195 1192/1192/1192
f 1195/1195/1195 1193/1193/1193 1192/1192/1192
f 1195/1195/1195 1196/1196/1196 1193/1193/1193
f 1196/1196/1196 1191/1191/1191 1193/1193/1193
f 1196/1196/1196 1194/1194/1194 1191/1191/1191
f 1197/1197/1197 1195/1195/1195 1194/1194/1194
f 1197/1197/1197 1198/1198/1198 1195/1195/1195
f 1198/1198/1198 1196/1196/1196 1195/1195/1195
f 1198/1198/1198 1199/1199/1199 1196/1196/1196
f 1199/1199/1199 1194/1194/1194 1196/1196/1196
f 1199/1199/1199 1197/1197/1197 1194/1194/1194
f 1200/1200/1200 1198/1198/1198 1197/1197/1197
f 1200/1200/1200 1201/1201/1201 1198/1198/1198
f 1201/1201/1201 1199/1199/1199 1198/1198/1198
f 1201/1201/1201 1202/1202/1202 1199/1199/1199
f 1202/1202/1202 1197/1197/1197 1199/1199/1199
f 1202/1202/1202 1200/1200/1200 1197/1197/1197

v 0.74385 2.937306 1.485052
v 0.767845 2.958917 1.409299
v 0.840483 2.926322 1.357041
v 0.900535 2.8464 1.378487
v 0.919325 2.792137 1.440816
v 0.891312 2.770874 1.529496
v 0.825834 2.809033 1.569766
v 0.767342 2.884663 1.551517
v 0.760454 2.972659 1.519853
v 0.893529 2.953367 1.440695
v 0.879688 2.866167 1.572407
v 0.776535 3.016129 1.552833
v 0.914005 3.007019 1.471608
v 0.912818 2.965798 1.604492
v 0.828271 3.074376 1.588268
v 0.941238 3.057043 1.494204
v 0.959848 3.016881 1.620064
v 0.864039 3.147834 1.612608
v 0.963755 3.123097 1.510413
v 0.989076 3.050583 1.624087
v 0.883164 3.214368 1.615829
v 0.996648 3.183578 1.530746
v 0.982205 3.123706 1.656947
v 0.891185 3.262811 1.638256
v 1.008087 3.243895 1.561091
v 0.985485 3.192421 1.674548
v 0.905317 3.301691 1.669698
v 1.023082 3.278121 1.603099
v 1.004749 3.253955 1.714559
v 0.911563 3.304403 1.673874
v 1.036236 3.293339 1.617438
v 1.00396 3.258266 1.725629
vn -0.698596 0.44406 0.561048
vn -0.24744 0.938557 -0.240591
vn 0.467365 0.710512 -0.526063
vn 0.879886 0.280637 -0.383463
vn 0.983538 0.15743 0.088704
vn 0.856995 -0.055983 0.512275
vn 0.089285 -0.129811 0.987511
vn -0.081424 0.487383 0.869384
vn -0.819488 0.380245 0.42878
vn 0.692389 0.607048 -0.389988
vn 0.438225 -0.108607 0.89228
vn -0.846066 0.485517 0.220102
vn 0.540219 0.269576 -0.797178
vn 0.427263 -0.596866 0.679115
vn -0.801623 0.512577 0.307676
vn 0.336092 0.04767 -0.940622
vn 0.528672 -0.554678 0.642525
vn -0.959789 0.186342 0.209958
vn 0.226178 -0.010192 -0.974033
vn 0.573429 -0.465608 0.674084
vn -0.964721 0.238802 0.110845
vn 0.484334 0.291944 -0.824736
vn 0.492477 -0.228976 0.839665
vn -0.981417 0.188411 0.036355
vn 0.657251 0.420171 -0.625681
vn 0.372857 -0.488709 0.788759
vn -0.900998 0.428736 0.066235
vn 0.748929 0.364781 -0.55321
vn 0.286644 -0.777837 0.55929
vn -0.461464 0.878082 -0.126582
vn 0.951429 -0.117128 -0.284716
vn -0.056843 -0.676907 0.73387
vt 0 0
vt 0.25 0
vt 0.5 0
vt 0.75 0
vt 1 0
vt 0.75 0
vt 0.5 0
vt 0.25 0
vt 0 0.25
vt 1 0.25
vt 0.5 0.25
vt 0 0.5
vt 1 0.5
vt 0.5 0.5
vt 0 0.75
vt 1 0.75
vt 0.5 0.75
vt 0 1
vt 1 1
vt 0.5 1
vt 0 0.75
vt 1 0.75
vt 0.5 0.75
vt 0 0.5
vt 1 0.5
vt 0.5 0.5
vt 0 0.25
vt 1 0.25
vt 0.5 0.25
vt 0 0
vt 1 0
vt 0.5 0
usemtl nature_bark_linden_02_m_0001.jpg
f 1211/1211/1211 1204/1204/1204 1203/1203/1203
f 1211/1211/1211 1212/1212/1212 1204/1204/1204
f 1212/1212/1212 1205/1205/1205 1204/1204/1204
f 1212/1212/1212 1206/1206/1206 1205/1205/1205
f 1212/1212/1212 1207/1207/1207 1206/1206/1206
f 1212/1212/1212 1208/1208/1208 1207/1207/1207
f 1212/1212/1212 1213/1213/1213 1208/1208/1208
f 1213/1213/1213 1209/1209/1209 1208/1208/1208
f 1213/1213/1213 1210/1210/1210 1209/1209/1209
f 1213/1213/1213 1203/1203/1203 1210/1210/1210
f 1213/1213/1213 1211/1211/1211 1203/1203/1203
f 1214/1214/1214 1212/1212/1212 1211/1211/1211
f 1214/1214/1214 1215/1215/1215 1212/1212/1212
f 1215/1215/1215 1213/1213/1213 1212/1212/1212
f 1215/1215/1215 1216/1216/1216 1213/1213/1213
f 1216/1216/1216 1211/1211/1211 1213/1213/1213
f 1216/1216/1216 1214/1214/1214 1211/1211/1211
f 1217/1217/1217 1215/1215/1215 1214/1214/1214
f 1217/1217/1217 1218/1218/1218 1215/1215/1215
f 1218/1218/1218 1216/1216/1216 1215/1215/1215
f 1218/1218/1218 1219/1219/1219 1216/1216/1216
f 1219/1219/1219 1214/1214/1214 1216/1216/1216
f 1219/1219/1219 1217/1217/1217 1214/1214/1214
f 1220/1220/1220 1218/1218/1218 1217/1217/1217
f 1220/1220/1220 1221/1221/1221 1218/1218/1218
f 1221/1221/1221 1219/1219/1219 1218/1218/1218
f 1221/1221/1221 1222/1222/1222 1219/1219/1219
f 1222/1222/1222 1217/1217/1217 1219/1219/1219
f 1222/1222/1222 1220/1220/1220 1217/1217/1217
f 1223/1223/1223 1221/1221/1221 1220/1220/1220
f 1223/1223/1223 1224/1224/1224 1221/1221/1221
f 1224/1224/1224 1222/1222/1222 1221/1221/1221
f 1224/1224/1224 1225/1225/1225 1222/1222/1222
f 1225/1225/1225 1220/1220/1220 1222/1222/1222
f 1225/1225/1225 1223/1223/1223 1220/1220/1220
f 1226/1226/1226 1224/1224/1224 1223/1223/1223
f 1226/1226/1226 1227/1227/1227 1224/1224/1224
f 1227/1227/1227 1225/1225/1225 1224/1224/1224
f 1227/1227/1227 1228/1228/1228 1225/1225/1225
f 1228/1228/1228 1223/1223/1223 1225/1225/1225
f 1228/1228/1228 1226/1226/1226 1223/1223/1223
f 1229/1229/1229 1227/1227/1227 1226/1226/1226
f 1229/1229/1229 1230/1230/1230 1227/1227/1227
f 1230/1230/1230 1228/1228/1228 1227/1227/1227
f 1230/1230/1230 1231/1231/1231 1228/1228/1228
f 1231/1231/1231 1226/1226/1226 1228/1228/1228
f 1231/1231/1231 1229/1229/1229 1226/1226/1226
f 1232/1232/1232 1230/1230/1230 1229/1229/1229
f 1232/1232/1232 1233/1233/1233 1230/1230/1230
f 1233/1233/1233 1231/1231/1231 1230/1230/1230
f 1233/1233/1233 1234/1234/1234 1231/1231/1231
f 1234/1234/1234 1229/1229/1229 1231/1231/1231
f 1234/1234/1234 1232/1232/1232 1229/1229/1229

v -0.228766 2.916806 0.478956
v -0.230184 2.906682 0.419224
v -0.190773 2.900395 0.361836
v -0.11316 2.928226 0.358206
v -0.07658 2.945188 0.407491
v -0.082393 2.949678 0.490433
v -0.123619 2.932262 0.538522
v -0.189009 2.908402 0.539336
v -0.250765 2.973066 0.461085
v -0.154363 3.016746 0.384415
v -0.154433 3.030442 0.538391
v -0.292132 3.032338 0.481591
v -0.202688 3.079203 0.39946
v -0.192303 3.059967 0.548581
v -0.339244 3.101665 0.52107
v -0.264843 3.124957 0.423103
v -0.219165 3.129249 0.562906
v -0.388516 3.15434 0.519156
v -0.302722 3.209625 0.44706
v -0.272542 3.21398 0.591805
v -0.433731 3.245746 0.514063
v -0.33697 3.298496 0.459889
v -0.332915 3.286052 0.60119
v -0.475284 3.317669 0.491662
v -0.365909 3.344791 0.468029
v -0.393125 3.371151 0.602172
v -0.506848 3.37776 0.466913
v -0.387162 3.419918 0.47049
v -0.443828 3.40423 0.596799
v -0.504642 3.388288 0.453572
v -0.389452 3.439673 0.482334
v -0.466803 3.417624 0.588617
vn -0.856864 -0.039227 0.514049
vn -0.890505 0.090946 -0.44579
vn -0.47692 0.308927 -0.822868
vn 0.273791 0.388006 -0.880051
vn 0.690429 0.644627 -0.328274
vn 0.767259 0.599181 0.228683
vn 0.386603 0.122552 0.914067
vn -0.447005 0.133486 0.884515
vn -0.905923 -0.35443 0.231696
vn 0.01831 0.543181 -0.839416
vn 0.266582 0.446987 0.853895
vn -0.834108 -0.551141 0.022537
vn 0.063709 0.556898 -0.828134
vn 0.414455 0.206924 0.886233
vn -0.717585 -0.673448 0.177592
vn 0.193517 0.193306 -0.961865
vn 0.697545 0.033835 0.715741
vn -0.844194 -0.528052 0.092178
vn 0.279119 0.290917 -0.915128
vn 0.560605 0.15873 0.812728
vn -0.880154 -0.462401 -0.107302
vn 0.456433 0.319721 -0.83033
vn 0.358048 0.261639 0.896296
vn -0.774207 -0.560028 -0.29491
vn 0.632063 0.277496 -0.723527
vn 0.206419 0.167193 0.964074
vn -0.685218 -0.562634 -0.462514
vn 0.838347 0.227841 -0.495239
vn -0.050565 -0.021435 0.998491
vn -0.44451 0.097948 -0.890403
vn 0.710356 0.703385 -0.025381
vn -0.703769 0.330128 0.629067
vt 0 0
vt 0.25 0
vt 0.5 0
vt 0.75 0
vt 1 0
vt 0.75 0
vt 0.5 0
vt 0.25 0
vt 0 0.25
vt 1 0.25
vt 0.5 0.25
vt 0 0.5
vt 1 0.5
vt 0.5 0.5
vt 0 0.75
vt 1 0.75
vt 0.5 0.75
vt 0 1
vt 1 1
vt 0.5 1
vt 0 0.75
vt 1 0.75
vt 0.5 0.75
vt 0 0.5
vt 1 0.5
vt 0.5 0.5
vt 0 0.25
vt 1 0.25
vt 0.5 0.25
vt 0 0
vt 1 0
vt 0.5 0
usemtl nature_bark_linden_02_m_0001.jpg
f 1243/1243/1243 1236/1236/1236 1235/1235/1235
f 1243/1243/1243 1244/1244/1244 1236/1236/1236
f 1244/1244/1244 1237/1237/1237 1236/1236/1236
f 1244/1244/1244 1238/1238/1238 1237/1237/1237
f 1244/1244/1244 1239/1239/1239 1238/1238/1238
f 1244/1244/1244 1240/1240/1240 1239/1239/1239
f 1244/1244/1244 1245/1245/1245 1240/1240/1240
f 1245/1245/1245 1241/1241/1241 1240/1240/1240
f 1245/1245/1245 1242/1242/1242 1241/1241/1241
f 1245/1245/1245 1235/1235/1235 1242/1242/1242
f 1245/1245/1245 1243/1243/1243 1235/1235/1235
f 1246/1246/1246 1244/1244/1244 1243/1243/1243
f 1246/1246/1246 1247/1247/1247 1244/1244/1244
f 1247/1247/1247 1245/1245/1245 1244/1244/1244
f 1247/1247/1247 1248/1248/1248 1245/1245/1245
f 1248/1248/1248 1243/1243/1243 1245/1245/1245
f 1248/1248/1248 1246/1246/1246 1243/1243/1243
f 1249/1249/1249 1247/1247/1247 1246/1246/1246
f 1249/1249/1249 1250/1250/1250 1247/1247/1247
f 1250/1250/1250 1248/1248/1248 1247/1247/1247
f 1250/1250/1250 1251/1251/1251 1248/1248/1248
f 1251/1251/1251 1246/1246/1246 1248/1248/1248
f 1251/1251/1251 1249/1249/1249 1246/1246/1246
f 1252/1252/1252 1250/1250/1250 1249/1249/1249
f 1252/1252/1252 1253/1253/1253 1250/1250/1250
f 1253/1253/1253 1251/1251/1251 1250/1250/1250
f 1253/1253/1253 1254/1254/1254 1251/1251/1251
f 1254/1254/1254 1249/1249/1249 1251/1251/1251
f 1254/1254/1254 1252/1252/1252 1249/1249/1249
f 1255/1255/1255 1253/1253/1253 1252/1252/1252
f 1255/1255/1255 1256/1256/1256 1253/1253/1253
f 1256/1256/1256 1254/1254/1254 1253/1253/1253
f 1256/1256/1256 1257/1257/1257 1254/1254/1254
f 1257/1257/1257 1252/1252/1252 1254/1254/1254
f 1257/1257/1257 1255/1255/1255 1252/1252/1252
f 1258/1258/1258 1256/1256/1256 1255/1255/1255
f 1258/1258/1258 1259/1259/1259 1256/1256/1256
f 1259/1259/1259 1257/1257/1257 1256/1256/1256
f 1259/1259/1259 1260/1260/1260 1257/1257/1257
f 1260/1260/1260 1255/1255/1255 1257/1257/1257
f 1260/1260/1260 1258/1258/1258 1255/1255/1255
f 1261/1261/1261 1259/1259/1259 1258/1258/1258
f 1261/1261/1261 1262/1262/1262 1259/1259/1259
f 1262/1262/1262 1260/1260/1260 1259/1259/1259
f 1262/1262/1262 1263/1263/1263 1260/1260/1260
f 1263/1263/1263 1258/1258/1258 1260/1260/1260
f 1263/1263/1263 1261/1261/1261 1258/1258/1258
f 1264/1264/1264 1262/1262/1262 1261/1261/1261
f 1264/1264/1264 1265/1265/1265 1262/1262/1262
f 1265/1265/1265 1263/1263/1263 1262/1262/1262
f 1265/1265/1265 1266/1266/1266 1263/1263/1263
f 1266/1266/1266 1261/1261/1261 1263/1263/1263
f 1266/1266/1266 1264/1264/1264 1261/1261/1261

v -0.232438 2.915731 0.488146
v -0.234494 2.906281 0.415753
v -0.192426 2.901088 0.362994
v -0.110549 2.924574 0.370873
v -0.077877 2.946573 0.412066
v -0.08343 2.942707 0.484686
v -0.138 2.933842 0.544609
v -0.195149 2.907932 0.541665
v -0.189234 3.02404 0.40232
v -0.080443 2.977706 0.395821
v -0.131811 3.024981 0.522926
v -0.173777 3.075869 0.394155
v -0.072432 3.042794 0.360815
v -0.08569 3.058465 0.491119
v -0.163366 3.125041 0.387276
v -0.064887 3.103596 0.349547
v -0.062795 3.150256 0.474801
v -0.156358 3.219051 0.378831
v -0.065181 3.169935 0.315478
v -0.033118 3.219204 0.429907
v -0.144701 3.301781 0.376085
v -0.080779 3.276111 0.288621
v -0.025133 3.306421 0.401673
v -0.126753 3.360349 0.39247
v -0.11062 3.349381 0.285965
v -0.014073 3.350521 0.361617
v -0.106706 3.448477 0.411274
v -0.130073 3.446792 0.302961
v -0.022527 3.465406 0.340548
v -0.107512 3.479604 0.40674
v -0.134202 3.453755 0.300666
v -0.02646 3.496532 0.33766
vn -0.821103 0.482566 0.304827
vn -0.629298 0.468372 -0.620171
vn -0.249828 0.666211 -0.702673
vn 0.472291 0.140957 -0.870099
vn 0.968888 -0.046925 -0.243008
vn 0.912388 0.233006 0.336536
vn 0.321823 0.198408 0.925778
vn -0.455366 0.375635 0.80718
vn -0.829281 0.518233 -0.209111
vn 0.522559 0.217798 -0.824316
vn 0.27161 0.481363 0.833377
vn -0.966945 0.086726 -0.239784
vn 0.509006 -0.471554 -0.720104
vn 0.373528 0.179895 0.910008
vn -0.943467 0.245376 -0.222849
vn 0.528555 -0.292248 -0.797007
vn 0.425673 0.217519 0.878344
vn -0.989825 0.053279 0.131939
vn 0.307786 -0.339626 -0.888776
vn 0.651573 0.211621 0.72847
vn -0.930705 0.253109 0.264055
vn 0.100673 -0.030775 -0.994444
vn 0.764013 0.27563 0.583362
vn -0.643198 -0.078088 0.761708
vn -0.434767 -0.203086 -0.877345
vn 0.986645 0.003449 0.162846
vn -0.368496 0.004744 0.929617
vn -0.602174 -0.249809 -0.758275
vn 0.984642 -0.094221 -0.146976
vn -0.674715 -0.151771 0.722305
vn -0.104775 -0.332695 -0.937196
vn 0.926526 0.136481 0.350604
vt 0 0
vt 0.25 0
vt 0.5 0
vt 0.75 0
vt 1 0
vt 0.75 0
vt 0.5 0
vt 0.25 0
vt 0 0.25
vt 1 0.25
vt 0.5 0.25
vt 0 0.5
vt 1 0.5
vt 0.5 0.5
vt 0 0.75
vt 1 0.75
vt 0.5 0.75
vt 0 1
vt 1 1
vt 0.5 1
vt 0 0.75
vt 1 0.75
vt 0.5 0.75
vt 0 0.5
vt 1 0.5
vt 0.5 0.5
vt 0 0.25
vt 1 0.25
vt 0.5 0.25
vt 0 0
vt 1 0
vt 0.5 0
usemtl nature_bark_linden_02_m_0001.jpg
f 1275/1275/1275 1268/1268/1268 1267/1267/1267
f 1275/1275/1275 1276/1276/1276 1268/1268/1268
f 1276/1276/1276 1269/1269/1269 1268/1268/1268
f 1276/1276/1276 1270/1270/1270 1269/1269/1269
f 1276/1276/1276 1271/1271/1271 1270/1270/1270
f 1276/1276/1276 1272/1272/1272 1271/1271/1271
f 1276/1276/1276 1277/1277/1277 1272/1272/1272
f 1277/1277/1277 1273/1273/1273 1272/1272/1272
f 1277/1277/1277 1274/1274/1274 1273/1273/1273
f 1277/1277/1277 1267/1267/1267 1274/1274/1274
f 1277/1277/1277 1275/1275/1275 1267/1267/1267
f 1278/1278/1278 1276/1276/1276 1275/1275/1275
f 1278/1278/1278 1279/1279/1279 1276/1276/1276
f 1279/1279/1279 1277/1277/1277 1276/1276/1276
f 1279/1279/1279 1280/1280/1280 1277/1277/1277
f 1280/1280/1280 1275/1275/1275 1277/1277/1277
f 1280/1280/1280 1278/1278/1278 1275/1275/1275
f 1281/1281/1281 1279/1279/1279 1278/1278/1278
f 1281/1281/1281 1282/1282/1282 1279/1279/1279
f 1282/1282/1282 1280/1280/1280 1279/1279/1279
f 1282/1282/1282 1283/1283/1283 1280/1280/1280
f 1283/1283/1283 1278/1278/1278 1280/1280/1280
f 1283/1283/1283 1281/1281/1281 1278/1278/1278
f 1284/1284/1284 1282/1282/1282 1281/1281/1281
f 1284/1284/1284 1285/1285/1285 1282/1282/1282
f 1285/1285/1285 1283/1283/1283 1282/1282/1282
f 1285/1285/1285 1286/1286/1286 1283/1283/1283
f 1286/1286/1286 1281/1281/1281 1283/1283/1283
f 1286/1286/1286 1284/1284/1284 1281/1281/1281
f 1287/1287/1287 1285/1285/1285 1284/1284/1284
f 1287/1287/1287 1288/1288/1288 1285/1285/1285
f 1288/1288/1288 1286/1286/1286 1285/1285/1285
f 1288/1288/1288 1289/1289/1289 1286/1286/1286
f 1289/1289/1289 1284/1284/1284 1286/1286/1286
f 1289/1289/1289 1287/1287/1287 1284/1284/1284
f 1290/1290/1290 1288/1288/1288 1287/1287/1287
f 1290/1290/1290 1291/1291/1291 1288/1288/1288
f 1291/1291/1291 1289/1289/1289 1288/1288/1288
f 1291/1291/1291 1292/1292/1292 1289/1289/1289
f 1292/1292/1292 1287/1287/1287 1289/1289/1289
f 1292/1292/1292 1290/1290/1290 1287/1287/1287
f 1293/1293/1293 1291/1291/1291 1290/1290/1290
f 1293/1293/1293 1294/1294/1294 1291/1291/1291
f 1294/1294/1294 1292/1292/1292 1291/1291/1291
f 1294/1294/1294 1295/1295/1295 1292/1292/1292
f 1295/1295/1295 1290/1290/1290 1292/1292/1292
f 1295/1295/1295 1293/1293/1293 1290/1290/1290
f 1296/1296/1296 1294/1294/1294 1293/1293/1293
f 1296/1296/1296 1297/1297/1297 1294/1294/1294
f 1297/1297/1297 1295/1295/1295 1294/1294/1294
f 1297/1297/1297 1298/1298/1298 1295/1295/1295
f 1298/1298/1298 1293/1293/1293 1295/1295/1295
f 1298/1298/1298 1296/1296/1296 1293/1293/1293

v -0.623111 2.507752 0.302566
v -0.571677 2.465667 0.19765
v -0.513397 2.580692 0.171834
v -0.538914 2.636848 0.269498
v -0.627832 2.643694 0.276379
v -0.636751 2.535477 0.1887
v -0.57302 2.640231 0.159271
v -0.668339 2.692419 0.257766
v -0.685209 2.594627 0.165399
v -0.616361 2.719016 0.147222
v -0.721095 2.754381 0.23345
v -0.727422 2.673095 0.140121
v -0.661282 2.763429 0.12419
v -0.762298 2.792493 0.219282
v -0.781153 2.740075 0.132644
v -0.71786 2.798982 0.108544
v -0.822779 2.83469 0.201335
v -0.834061 2.772884 0.117717
v -0.773984 2.851161 0.093791
v -0.884055 2.888104 0.173268
v -0.890697 2.814544 0.083915
v -0.822477 2.888399 0.076681
v -0.937423 2.943143 0.161995
v -0.960717 2.855174 0.078074
v -0.892552 2.972667 0.055016
v -0.951462 2.952702 0.156153
v -0.967318 2.859094 0.076153
v -0.910856 2.97936 0.05179
vn -0.77603 0.569292 0.271449
vn -0.827919 -0.405486 -0.387468
vn -0.250676 0.346725 -0.903849
vn -0.337681 0.77728 -0.530856
vn 0.028433 0.143979 0.989172
vn -0.664998 -0.632408 -0.397289
vn 0.835839 0.076106 -0.543673
vn -0.149159 0.293044 0.944392
vn -0.670464 -0.583972 -0.457663
vn 0.737152 0.401202 -0.543732
vn -0.226115 0.36787 0.901967
vn -0.602754 -0.640225 -0.476235
vn 0.611974 0.506665 -0.60727
vn -0.119314 0.248695 0.961205
vn -0.527039 -0.765355 -0.369406
vn 0.586854 0.445876 -0.675868
vn -0.12813 0.225204 0.96585
vn -0.486974 -0.799845 -0.350861
vn 0.641356 0.467532 -0.608339
vn -0.101564 0.17501 0.979314
vn -0.454379 -0.809086 -0.372718
vn 0.605362 0.533828 -0.590393
vn -0.120592 0.254091 0.959633
vn -0.492776 -0.807679 -0.32377
vn 0.614299 0.522696 -0.591122
vn -0.36844 -0.078651 0.926319
vn -0.183628 -0.622298 -0.760938
vn 0.449587 0.882118 -0.140495
vt 0 0
vt 0.5 0
vt 1 0
vt 0.5 0
vt 0 0.25
vt 1 0.25
vt 0.5 0.25
vt 0 0.5
vt 1 0.5
vt 0.5 0.5
vt 0 0.75
vt 1 0.75
vt 0.5 0.75
vt 0 1
vt 1 1
vt 0.5 1
vt 0 0.75
vt 1 0.75
vt 0.5 0.75
vt 0 0.5
vt 1 0.5
vt 0.5 0.5
vt 0 0.25
vt 1 0.25
vt 0.5 0.25
vt 0 0
vt 1 0
vt 0.5 0
usemtl nature_bark_linden_02_m_0001.jpg
f 1303/1303/1303 1300/1300/1300 1299/1299/1299
f 1303/1303/1303 1304/1304/1304 1300/1300/1300
f 1304/1304/1304 1301/1301/1301 1300/1300/1300
f 1304/1304/1304 1302/1302/1302 1301/1301/1301
f 1304/1304/1304 1305/1305/1305 1302/1302/1302
f 1305/1305/1305 1299/1299/1299 1302/1302/1302
f 1305/1305/1305 1303/1303/1303 1299/1299/1299
f 1306/1306/1306 1304/1304/1304 1303/1303/1303
f 1306/1306/1306 1307/1307/1307 1304/1304/1304
f 1307/1307/1307 1305/1305/1305 1304/1304/1304
f 1307/1307/1307 1308/1308/1308 1305/1305/1305
f 1308/1308/1308 1303/1303/1303 1305/1305/1305
f 1308/1308/1308 1306/1306/1306 1303/1303/1303
f 1309/1309/1309 1307/1307/1307 1306/1306/1306
f 1309/1309/1309 1310/1310/1310 1307/1307/1307
f 1310/1310/1310 1308/1308/1308 1307/1307/1307
f 1310/1310/1310 1311/1311/1311 1308/1308/1308
f 1311/1311/1311 1306/1306/1306 1308/1308/1308
f 1311/1311/1311 1309/1309/1309 1306/1306/1306
f 1312/1312/1312 1310/1310/1310 1309/1309/1309
f 1312/1312/1312 1313/1313/1313 1310/1310/1310
f 1313/1313/1313 1311/1311/1311 1310/1310/1310
f 1313/1313/1313 1314/1314/1314 1311/1311/1311
f 1314/1314/1314 1309/1309/1309 1311/1311/1311
f 1314/1314/1314 1312/1312/1312 1309/1309/1309
f 1315/1315/1315 1313/1313/1313 1312/1312/1312
f 1315/1315/1315 1316/1316/1316 1313/1313/1313
f 1316/1316/1316 1314/1314/1314 1313/1313/1313
f 1316/1316/1316 1317/1317/1317 1314/1314/1314
f 1317/1317/1317 1312/1312/1312 1314/1314/1314
f 1317/1317/1317 1315/1315/1315 1312/1312/1312
f 1318/1318/1318 1316/1316/1316 1315/1315/1315
f 1318/1318/1318 1319/1319/1319 1316/1316/1316
f 1319/1319/1319 1317/1317/1317 1316/1316/1316
f 1319/1319/1319 1320/1320/1320 1317/1317/1317
f 1320/1320/1320 1315/1315/1315 1317/1317/1317
f 1320/1320/1320 1318/1318/1318 1315/1315/1315
f 1321/1321/1321 1319/1319/1319 1318/1318/1318
f 1321/1321/1321 1322/1322/1322 1319/1319/1319
f 1322/1322/1322 1320/1320/1320 1319/1319/1319
f 1322/1322/1322 1323/1323/1323 1320/1320/1320
f 1323/1323/1323 1318/1318/1318 1320/1320/1320
f 1323/1323/1323 1321/1321/1321 1318/1318/1318
f 1324/1324/1324 1322/1322/1322 1321/1321/1321
f 1324/1324/1324 1325/1325/1325 1322/1322/1322
f 1325/1325/1325 1323/1323/1323 1322/1322/1322
f 1325/1325/1325 1326/1326/1326 1323/1323/1323
f 1326/1326/1326 1321/1321/1321 1323/1323/1323
f 1326/1326/1326 1324/1324/1324 1321/1321/1321

v -0.62075 2.512387 0.303377
v -0.567876 2.468254 0.193672
v -0.512545 2.577651 0.173594
v -0.540146 2.642207 0.274516
v -0.641603 2.598377 0.215618
v -0.600761 2.490352 0.151746
v -0.555945 2.608791 0.134938
v -0.676343 2.592631 0.164027
v -0.663114 2.510254 0.098528
v -0.604559 2.631246 0.07579
v -0.737813 2.604297 0.108542
v -0.731603 2.490865 0.05502
v -0.680804 2.64172 0.02027
v -0.805378 2.632341 0.07404
v -0.806522 2.527209 0.011937
v -0.764873 2.630388 -0.017559
v -0.878656 2.640132 0.040738
v -0.869957 2.548088 -0.008643
v -0.845885 2.640206 -0.048462
v -0.943508 2.673774 0.012146
v -0.931357 2.562025 -0.03415
v -0.895243 2.707209 -0.076723
v -0.997012 2.732221 -0.012098
v -0.994138 2.641286 -0.063081
v -0.946336 2.724484 -0.097483
v -1.010842 2.732899 -0.019232
v -1.00519 2.657465 -0.075622
v -0.950172 2.732456 -0.097152
vn -0.838505 0.50614 0.20182
vn -0.579052 -0.753437 -0.3115
vn 0.06345 0.181476 -0.981346
vn -0.386233 0.741578 -0.54853
vn -0.736657 0.379837 0.559518
vn -0.237336 -0.928583 -0.285315
vn 0.824325 0.482518 -0.296083
vn -0.681109 0.321329 0.657905
vn 0.029716 -0.996273 -0.080974
vn 0.533116 0.63476 -0.559345
vn -0.445411 0.414472 0.793613
vn -0.045172 -0.997817 -0.048178
vn 0.333108 0.69882 -0.633001
vn -0.326899 0.539004 0.776281
vn -0.184115 -0.972853 -0.140213
vn 0.363158 0.568344 -0.738309
vn -0.092976 0.347453 0.933077
vn -0.253014 -0.959944 -0.120384
vn 0.497566 0.456345 -0.737684
vn -0.171668 0.354538 0.919148
vn -0.523841 -0.810139 -0.263184
vn 0.576421 0.516829 -0.632951
vn -0.113568 0.310991 0.943603
vn -0.512115 -0.800384 -0.311648
vn 0.705433 0.37868 -0.599137
vn -0.732438 0.12649 0.66898
vn -0.464727 -0.466312 -0.752717
vn 0.39369 0.858981 -0.327353
vt 0 0
vt 0.5 0
vt 1 0
vt 0.5 0
vt 0 0.25
vt 1 0.25
vt 0.5 0.25
vt 0 0.5
vt 1 0.5
vt 0.5 0.5
vt 0 0.75
vt 1 0.75
vt 0.5 0.75
vt 0 1
vt 1 1
vt 0.5 1
vt 0 0.75
vt 1 0.75
vt 0.5 0.75
vt 0 0.5
vt 1 0.5
vt 0.5 0.5
vt 0 0.25
vt 1 0.25
vt 0.5 0.25
vt 0 0
vt 1 0
vt 0.5 0
usemtl nature_bark_linden_02_m_0001.jpg
f 1331/1331/1331 1328/1328/1328 1327/1327/1327
f 1331/1331/1331 1332/1332/1332 1328/1328/1328
f 1332/1332/1332 1329/1329/1329 1328/1328/1328
f 1332/1332/1332 1330/1330/1330 1329/1329/1329
f 1332/1332/1332 1333/1333/1333 1330/1330/1330
f 1333/1333/1333 1327/1327/1327 1330/1330/1330
f 1333/1333/1333 1331/1331/1331 1327/1327/1327
f 1334/1334/1334 1332/1332/1332 1331/1331/1331
f 1334/1334/1334 1335/1335/1335 1332/1332/1332
f 1335/1335/1335 1333/1333/1333 1332/1332/1332
f 1335/1335/1335 1336/1336/1336 1333/1333/1333
f 1336/1336/1336 1331/1331/1331 1333/1333/1333
f 1336/1336/1336 1334/1334/1334 1331/1331/1331
f 1337/1337/1337 1335/1335/1335 1334/1334/1334
f 1337/1337/1337 1338/1338/1338 1335/1335/1335
f 1338/1338/1338 1336/1336/1336 1335/1335/1335
f 1338/1338/1338 1339/1339/1339 1336/1336/1336
f 1339/1339/1339 1334/1334/1334 1336/1336/1336
f 1339/1339/1339 1337/1337/1337 1334/1334/1334
f 1340/1340/1340 1338/1338/1338 1337/1337/1337
f 1340/1340/1340 1341/1341/1341 1338/1338/1338
f 1341/1341/1341 1339/1339/1339 1338/1338/1338
f 1341/1341/1341 1342/1342/1342 1339/1339/1339
f 1342/1342/1342 1337/1337/1337 1339/1339/1339
f 1342/1342/1342 1340/1340/1340 1337/1337/1337
f 1343/1343/1343 1341/1341/1341 1340/1340/1340
f 1343/1343/1343 1344/1344/1344 1341/1341/1341
f 1344/1344/1344 1342/1342/1342 1341/1341/1341
f 1344/1344/1344 1345/1345/1345 1342/1342/1342
f 1345/1345/1345 1340/1340/1340 1342/1342/1342
f 1345/1345/1345 1343/1343/1343 1340/1340/1340
f 1346/1346/1346 1344/1344/1344 1343/1343/1343
f 1346/1346/1346 1347/1347/1347 1344/1344/1344
f 1347/1347/1347 1345/1345/1345 1344/1344/1344
f 1347/1347/1347 1348/1348/1348 1345/1345/1345
f 1348/1348/1348 1343/1343/1343 1345/1345/1345
f 1348/1348/1348 1346/1346/1346 1343/1343/1343
f 1349/1349/1349 1347/1347/1347 1346/1346/1346
f 1349/1349/1349 1350/1350/1350 1347/1347/1347
f 1350/1350/1350 1348/1348/1348 1347/1347/1347
f 1350/1350/1350 1351/1351/1351 1348/1348/1348
f 1351/1351/1351 1346/1346/1346 1348/1348/1348
f 1351/1351/1351 1349/1349/1349 1346/1346/1346
f 1352/1352/1352 1350/1350/1350 1349/1349/1349
f 1352/1352/1352 1353/1353/1353 1350/1350/1350
f 1353/1353/1353 1351/1351/1351 1350/1350/1350
f 1353/1353/1353 1354/1354/1354 1351/1351/1351
f 1354/1354/1354 1349/1349/1349 1351/1351/1351
f 1354/1354/1354 1352/1352/1352 1349/1349/1349

v -0.322219 3.551635 1.552128
v -0.251751 3.570389 1.468496
v -0.143816 3.625124 1.506355
v -0.100631 3.638976 1.615409
v -0.16562 3.597535 1.696532
v -0.275426 3.558985 1.662418
v -0.362052 3.630635 1.590067
v -0.328136 3.654179 1.494057
v -0.224121 3.684593 1.497093
v -0.14904 3.685022 1.590845
v -0.191365 3.688274 1.684234
v -0.27927 3.658196 1.690706
v -0.391794 3.713739 1.596697
v -0.364421 3.72074 1.502117
v -0.249403 3.745788 1.504469
v -0.184458 3.769107 1.604363
v -0.232948 3.731332 1.69743
v -0.317281 3.706894 1.68761
v -0.39743 3.777896 1.605085
v -0.401671 3.791554 1.51071
v -0.288996 3.860042 1.513393
v -0.233979 3.870985 1.610592
v -0.272998 3.84361 1.699592
v -0.348269 3.790641 1.70014
v -0.453971 3.867713 1.596704
v -0.414417 3.918304 1.513312
v -0.302547 3.967014 1.527459
v -0.266965 3.96394 1.628181
v -0.318249 3.929738 1.698483
v -0.392635 3.890687 1.700073
v -0.478335 3.964688 1.5878
v -0.431794 3.983631 1.508866
v -0.329921 4.01681 1.536988
v -0.2981 4.040155 1.637486
v -0.359195 4.018364 1.700497
v -0.435627 3.971518 1.699705
v -0.501417 4.013664 1.608068
v -0.465508 4.062671 1.521128
v -0.370556 4.10509 1.538595
v -0.330027 4.108408 1.635304
v -0.369844 4.081941 1.71757
v -0.463329 4.036483 1.710491
v -0.522014 4.102613 1.597204
v -0.465134 4.126932 1.519163
v -0.389038 4.181709 1.557477
v -0.340173 4.209827 1.655652
v -0.405781 4.164339 1.726246
v -0.506283 4.108063 1.697021
v -0.527049 4.12159 1.592859
v -0.464297 4.150879 1.519778
v -0.387192 4.192488 1.559224
v -0.347728 4.216635 1.657469
v -0.412309 4.185155 1.72728
v -0.514485 4.136497 1.693797
vn -0.931926 -0.330939 0.148301
vn -0.570114 -0.095046 -0.816049
vn 0.295107 0.40582 -0.864998
vn 0.652768 0.750393 -0.103949
vn 0.377489 0.432214 0.818958
vn -0.413421 -0.145512 0.898838
vn -0.883895 -0.460095 0.083916
vn -0.494584 -0.181252 -0.85002
vn 0.39592 0.327357 -0.857954
vn 0.859258 0.507679 -0.062749
vn 0.492042 0.142157 0.858887
vn -0.365456 -0.312475 0.876813
vn -0.946563 -0.295335 0.129601
vn -0.600756 -0.130624 -0.788688
vn 0.407121 0.257556 -0.876309
vn 0.897765 0.439603 -0.02772
vn 0.433478 0.170396 0.884908
vn -0.410108 -0.241578 0.879461
vn -0.914866 -0.350512 0.200403
vn -0.586292 -0.193473 -0.786658
vn 0.463169 0.212226 -0.860485
vn 0.93982 0.340304 0.030511
vn 0.455824 0.137807 0.879337
vn -0.449087 -0.18442 0.874248
vn -0.932382 -0.354175 0.072273
vn -0.448997 -0.08911 -0.889079
vn 0.5671 0.277081 -0.775644
vn 0.908094 0.389438 0.153959
vn 0.37806 0.15775 0.912242
vn -0.43535 -0.22563 0.871528
vn -0.935236 -0.341301 -0.09406
vn -0.402742 -0.045937 -0.91416
vn 0.573469 0.356786 -0.737453
vn 0.898458 0.393148 0.19547
vn 0.430104 0.070363 0.900033
vn -0.473173 -0.280502 0.83512
vn -0.934102 -0.341723 -0.103334
vn -0.395382 -0.052892 -0.916993
vn 0.597672 0.269614 -0.755047
vn 0.969057 0.236203 0.071675
vn 0.489412 -0.052122 0.870494
vn -0.526128 -0.313625 0.790461
vn -0.94746 -0.23129 -0.220961
vn -0.285774 -0.007298 -0.958269
vn 0.67798 0.139066 -0.721806
vn 0.943209 0.305066 0.131499
vn 0.252228 0.10462 0.961996
vn -0.690167 -0.187637 0.6989
vn -0.894441 -0.186228 -0.406565
vn 0.041385 0.051034 -0.997839
vn 0.708885 0.269251 -0.65191
vn 0.727165 0.532136 0.433662
vn 0.055456 0.029567 0.998023
vn -0.856553 -0.176791 0.484832
vt 0 0
vt 0.333333 0
vt 0.666667 0
vt 1 0
vt 0.666667 0
vt 0.333333 0
vt 0 0.25
vt 0.333333 0.25
vt 0.666667 0.25
vt 1 0.25
vt 0.666667 0.25
vt 0.333333 0.25
vt 0 0.5
vt 0.333333 0.5
vt 0.666667 0.5
vt 1 0.5
vt 0.666667 0.5
vt 0.333333 0.5
vt 0 0.75
vt 0.333333 0.75
vt 0.666667 0.75
vt 1 0.75
vt 0.666667 0.75
vt 0.333333 0.75
vt 0 1
vt 0.333333 1
vt 0.666667 1
vt 1 1
vt 0.666667 1
vt 0.333333 1
vt 0 0.75
vt 0.333333 0.75
vt 0.666667 0.75
vt 1 0.75
vt 0.666667 0.75
vt 0.333333 0.75
vt 0 0.5
vt 0.333333 0.5
vt 0.666667 0.5
vt 1 0.5
vt 0.666667 0.5
vt 0.333333 0.5
vt 0 0.25
vt 0.333333 0.25
vt 0.666667 0.25
vt 1 0.25
vt 0.666667 0.25
vt 0.333333 0.25
vt 0 0
vt 0.333333 0
vt 0.666667 0
vt 1 0
vt 0.666667 0
vt 0.333333 0
usemtl nature_bark_linden_02_m_0001.jpg
f 1361/1361/1361 1356/1356/1356 1355/1355/1355
f 1361/1361/1361 1362/1362/1362 1356/1356/1356
f 1362/1362/1362 1357/1357/1357 1356/1356/1356
f 1362/1362/1362 1363/1363/1363 1357/1357/1357
f 1363/1363/1363 1358/1358/1358 1357/1357/1357
f 1363/1363/1363 1364/1364/1364 1358/1358/1358
f 1364/1364/1364 1359/1359/1359 1358/1358/1358
f 1364/1364/1364 1365/1365/1365 1359/1359/1359
f 1365/1365/1365 1360/1360/1360 1359/1359/1359
f 1365/1365/1365 1366/1366/1366 1360/1360/1360
f 1366/1366/1366 1355/1355/1355 1360/1360/1360
f 1366/1366/1366 1361/1361/1361 1355/1355/1355
f 1367/1367/1367 1362/1362/1362 1361/1361/1361
f 1367/1367/1367 1368/1368/1368 1362/1362/1362
f 1368/1368/1368 1363/1363/1363 1362/1362/1362
f 1368/1368/1368 1369/1369/1369 1363/1363/1363
f 1369/1369/1369 1364/1364/1364 1363/1363/1363
f 1369/1369/1369 1370/1370/1370 1364/1364/1364
f 1370/1370/1370 1365/1365/1365 1364/1364/1364
f 1370/1370/1370 1371/1371/1371 1365/1365/1365
f 1371/1371/1371 1366/1366/1366 1365/1365/1365
f 1371/1371/1371 1372/1372/1372 1366/1366/1366
f 1372/1372/1372 1361/1361/1361 1366/1366/1366
f 1372/1372/1372 1367/1367/1367 1361/1361/1361
f 1373/1373/1373 1368/1368/1368 1367/1367/1367
f 1373/1373/1373 1374/1374/1374 1368/1368/1368
f 1374/1374/1374 1369/1369/1369 1368/1368/1368
f 1374/1374/1374 1375/1375/1375 1369/1369/1369
f 1375/1375/1375 1370/1370/1370 1369/1369/1369
f 1375/1375/1375 1376/1376/1376 1370/1370/1370
f 1376/1376/1376 1371/1371/1371 1370/1370/1370
f 1376/1376/1376 1377/1377/1377 1371/1371/1371
f 1377/1377/1377 1372/1372/1372 1371/1371/1371
f 1377/1377/1377 1378/1378/1378 1372/1372/1372
f 1378/1378/1378 1367/1367/1367 1372/1372/1372
f 1378/1378/1378 1373/1373/1373 1367/1367/1367
f 1379/1379/1379 1374/1374/1374 1373/1373/1373
f 1379/1379/1379 1380/1380/1380 1374/1374/1374
f 1380/1380/1380 1375/1375/1375 1374/1374/1374
f 1380/1380/1380 1381/1381/1381 1375/1375/1375
f 1381/1381/1381 1376/1376/1376 1375/1375/1375
f 1381/1381/1381 1382/1382/1382 1376/1376/1376
f 1382/1382/1382 1377/1377/1377 1376/1376/1376
f 1382/1382/1382 1383/1383/1383 1377/1377/1377
f 1383/1383/1383 1378/1378/1378 1377/1377/1377
f 1383/1383/1383 1384/1384/1384 1378/1378/1378
f 1384/1384/1384 1373/1373/1373 1378/1378/1378
f 1384/1384/1384 1379/1379/1379 1373/1373/1373
f 1385/1385/1385 1380/1380/1380 1379/1379/1379
f 1385/1385/1385 1386/1386/1386 1380/1380/1380
f 1386/1386/1386 1381/1381/1381 1380/1380/1380
f 1386/1386/1386 1387/1387/1387 1381/1381/1381
f 1387/1387/1387 1382/1382/1382 1381/1381/1381
f 1387/1387/1387 1388/1388/1388 1382/1382/1382
f 1388/1388/1388 1383/1383/1383 1382/1382/1382
f 1388/1388/1388 1389/1389/1389 1383/1383/1383
f 1389/1389/1389 1384/1384/1384 1383/1383/1383
f 1389/1389/1389 1390/1390/1390 1384/1384/1384
f 1390/1390/1390 1379/1379/1379 1384/1384/1384
f 1390/1390/1390 1385/1385/1385 1379/1379/1379
f 1391/1391/1391 1386/1386/1386 1385/1385/1385
f 1391/1391/1391 1392/1392/1392 1386/1386/1386
f 1392/1392/1392 1387/1387/1387 1386/1386/1386
f 1392/1392/1392 1393/1393/1393 1387/1387/1387
f 1393/1393/1393 1388/1388/1388 1387/1387/1387
f 1393/1393/1393 1394/1394/1394 1388/1388/1388
f 1394/1394/1394 1389/1389/1389 1388/1388/1388
f 1394/1394/1394 1395/1395/1395 1389/1389/1389
f 1395/1395/1395 1390/1390/1390 1389/1389/1389
f 1395/1395/1395 1396/1396/1396 1390/1390/1390
f 1396/1396/1396 1385/1385/1385 1390/1390/1390
f 1396/1396/1396 1391/1391/1391 1385/1385/1385
f 1397/1397/1397 1392/1392/1392 1391/1391/1391
f 1397/1397/1397 1398/1398/1398 1392/1392/1392
f 1398/1398/1398 1393/1393/1393 1392/1392/1392
f 1398/1398/1398 1399/1399/1399 1393/1393/1393
f 1399/1399/1399 1394/1394/1394 1393/1393/1393
f 1399/1399/1399 1400/1400/1400 1394/1394/1394
f 1400/1400/1400 1395/1395/1395 1394/1394/1394
f 1400/1400/1400 1401/1401/1401 1395/1395/1395
f 1401/1401/1401 1396/1396/1396 1395/1395/1395
f 1401/1401/1401 1402/1402/1402 1396/1396/1396
f 1402/1402/1402 1391/1391/1391 1396/1396/1396
f 1402/1402/1402 1397/1397/1397 1391/1391/1391
f 1403/1403/1403 1398/1398/1398 1397/1397/1397
f 1403/1403/1403 1404/1404/1404 1398/1398/1398
f 1404/1404/1404 1399/1399/1399 1398/1398/1398
f 1404/1404/1404 1405/1405/1405 1399/1399/1399
f 1405/1405/1405 1400/1400/1400 1399/1399/1399
f 1405/1405/1405 1406/1406/1406 1400/1400/1400
f 1406/1406/1406 1401/1401/1401 1400/1400/1400
f 1406/1406/1406 1407/1407/1407 1401/1401/1401
f 1407/1407/1407 1402/1402/1402 1401/1401/1401
f 1407/1407/1407 1408/1408/1408 1402/1402/1402
f 1408/1408/1408 1397/1397/1397 1402/1402/1402
f 1408/1408/1408 1403/1403/1403 1397/1397/1397

v 0.003089 3.488357 2.091133
v 0.013866 3.540914 2.037259
v 0.097504 3.584676 2.01222
v 0.158936 3.523402 2.042714
v 0.148146 3.446804 2.102148
v 0.062939 3.431285 2.132627
v -0.009086 3.575771 2.123548
v 0.118156 3.591648 2.137876
v 0.045744 3.451653 2.173615
v -0.024198 3.60846 2.201407
v 0.111685 3.618708 2.204612
v 0.029139 3.485381 2.24883
v -0.025365 3.648826 2.264558
v 0.101137 3.64825 2.288316
v 0.015728 3.539361 2.326281
v -0.024099 3.688094 2.342311
v 0.083772 3.68316 2.363086
v 0.01738 3.588361 2.402849
v -0.033045 3.725814 2.414018
v 0.063209 3.708729 2.427429
v -0.000435 3.654599 2.482814
v -0.056722 3.763162 2.483463
v 0.05459 3.745086 2.519204
v -0.029953 3.68304 2.553438
v -0.080969 3.814289 2.552869
v 0.038277 3.777843 2.611113
v -0.059576 3.720293 2.623932
v -0.077818 3.824892 2.564321
v 0.031654 3.78797 2.636974
v -0.068288 3.725129 2.63309
vn -0.929898 -0.362948 0.059651
vn -0.626979 0.736999 -0.252447
vn 0.176216 0.980814 -0.083381
vn 0.904187 0.418042 0.087675
vn 0.709259 -0.289609 0.642712
vn -0.22987 -0.90654 0.354041
vn -0.967349 0.181519 -0.176882
vn 0.531106 0.847104 0.018465
vn 0.027218 -0.79071 0.611585
vn -0.834294 0.461133 -0.302175
vn 0.858469 0.497489 -0.124644
vn -0.103769 -0.902444 0.418124
vn -0.803815 0.544973 -0.238508
vn 0.88983 0.455893 -0.019097
vn -0.154817 -0.814769 0.558733
vn -0.784621 0.535435 -0.312537
vn 0.901602 0.432321 -0.014571
vn -0.147965 -0.789617 0.595493
vn -0.73847 0.494332 -0.458582
vn 0.911358 0.408196 0.052943
vn -0.174953 -0.891213 0.418487
vn -0.673394 0.504353 -0.540526
vn 0.968359 0.248251 0.025537
vn -0.251749 -0.923886 0.288197
vn -0.540804 0.553615 -0.633279
vn 0.995175 0.069152 0.069603
vn -0.339585 -0.902631 0.264459
vn -0.022556 0.911769 -0.410084
vn 0.788938 -0.31111 0.529894
vn -0.755362 -0.602883 0.256829
vt 0 0
vt 0.333333 0
vt 0.666667 0
vt 1 0
vt 0.666667 0
vt 0.333333 0
vt 0 0.25
vt 1 0.25
vt 0.5 0.25
vt 0 0.5
vt 1 0.5
vt 0.5 0.5
vt 0 0.75
vt 1 0.75
vt 0.5 0.75
vt 0 1
vt 1 1
vt 0.5 1
vt 0 0.75
vt 1 0.75
vt 0.5 0.75
vt 0 0.5
vt 1 0.5
vt 0.5 0.5
vt 0 0.25
vt 1 0.25
vt 0.5 0.25
vt 0 0
vt 1 0
vt 0.5 0
usemtl nature_bark_linden_02_m_0001.jpg
f 1415/1415/1415 1410/1410/1410 1409/1409/1409
f 1415/1415/1415 1416/1416/1416 1410/1410/1410
f 1416/1416/1416 1411/1411/1411 1410/1410/1410
f 1416/1416/1416 1412/1412/1412 1411/1411/1411
f 1416/1416/1416 1413/1413/1413 1412/1412/1412
f 1416/1416/1416 1417/1417/1417 1413/1413/1413
f 1417/1417/1417 1414/1414/1414 1413/1413/1413
f 1417/1417/1417 1409/1409/1409 1414/1414/1414
f 1417/1417/1417 1415/1415/1415 1409/1409/1409
f 1418/1418/1418 1416/1416/1416 1415/1415/1415
f 1418/1418/1418 1419/1419/1419 1416/1416/1416
f 1419/1419/1419 1417/1417/1417 1416/1416/1416
f 1419/1419/1419 1420/1420/1420 1417/1417/1417
f 1420/1420/1420 1415/1415/1415 1417/1417/1417
f 1420/1420/1420 1418/1418/1418 1415/1415/1415
f 1421/1421/1421 1419/1419/1419 1418/1418/1418
f 1421/1421/1421 1422/1422/1422 1419/1419/1419
f 1422/1422/1422 1420/1420/1420 1419/1419/1419
f 1422/1422/1422 1423/1423/1423 1420/1420/1420
f 1423/1423/1423 1418/1418/1418 1420/1420/1420
f 1423/1423/1423 1421/1421/1421 1418/1418/1418
f 1424/1424/1424 1422/1422/1422 1421/1421/1421
f 1424/1424/1424 1425/1425/1425 1422/1422/1422
f 1425/1425/1425 1423/1423/1423 1422/1422/1422
f 1425/1425/1425 1426/1426/1426 1423/1423/1423
f 1426/1426/1426 1421/1421/1421 1423/1423/1423
f 1426/1426/1426 1424/1424/1424 1421/1421/1421
f 1427/1427/1427 1425/1425/1425 1424/1424/1424
f 1427/1427/1427 1428/1428/1428 1425/1425/1425
f 1428/1428/1428 1426/1426/1426 1425/1425/1425
f 1428/1428/1428 1429/1429/1429 1426/1426/1426
f 1429/1429/1429 1424/1424/1424 1426/1426/1426
f 1429/1429/1429 1427/1427/1427 1424/1424/1424
f 1430/1430/1430 1428/1428/1428 1427/1427/1427
f 1430/1430/1430 1431/1431/1431 1428/1428/1428
f 1431/1431/1431 1429/1429/1429 1428/1428/1428
f 1431/1431/1431 1432/1432/1432 1429/1429/1429
f 1432/1432/1432 1427/1427/1427 1429/1429/1429
f 1432/1432/1432 1430/1430/1430 1427/1427/1427
f 1433/1433/1433 1431/1431/1431 1430/1430/1430
f 1433/1433/1433 1434/1434/1434 1431/1431/1431
f 1434/1434/1434 1432/1432/1432 1431/1431/1431
f 1434/1434/1434 1435/1435/1435 1432/1432/1432
f 1435/1435/1435 1430/1430/1430 1432/1432/1432
f 1435/1435/1435 1433/1433/1433 1430/1430/1430
f 1436/1436/1436 1434/1434/1434 1433/1433/1433
f 1436/1436/1436 1437/1437/1437 1434/1434/1434
f 1437/1437/1437 1435/1435/1435 1434/1434/1434
f 1437/1437/1437 1438/1438/1438 1435/1435/1435
f 1438/1438/1438 1433/1433/1433 1435/1435/1435
f 1438/1438/1438 1436/1436/1436 1433/1433/1433

v 0.001537 3.480857 2.098153
v 0.011775 3.537204 2.046027
v 0.105714 3.575686 2.013761
v 0.155611 3.521751 2.037336
v 0.148146 3.446804 2.102148
v 0.066732 3.430997 2.133097
v 0.00671 3.598268 2.092591
v 0.135358 3.586704 2.03682
v 0.096085 3.557 2.15921
v 0.014631 3.669849 2.099511
v 0.136542 3.661346 2.066497
v 0.101144 3.636288 2.1812
v 0.02783 3.723234 2.13323
v 0.151285 3.713592 2.112009
v 0.111674 3.665392 2.214013
v 0.050341 3.776696 2.144114
v 0.161368 3.790417 2.166647
v 0.091571 3.749834 2.242944
v 0.062873 3.879331 2.175156
v 0.140632 3.870557 2.224345
v 0.064047 3.826681 2.280122
v 0.038831 3.966187 2.233058
v 0.132191 3.950127 2.252548
v 0.063857 3.926447 2.329236
v 0.030553 4.030237 2.268095
v 0.137196 4.010532 2.312799
v 0.045999 3.973277 2.372436
v 0.04018 4.043585 2.26174
v 0.137525 4.025254 2.340291
v 0.029087 3.986304 2.36764
vn -0.806284 0.015584 0.591323
vn -0.679034 0.633421 -0.371066
vn 0.143762 0.808257 -0.57101
vn 0.924314 0.28621 -0.252444
vn 0.791833 0.090543 0.603989
vn -0.067125 -0.187455 0.979977
vn -0.976829 0.174402 0.124055
vn 0.506737 0.637247 -0.580632
vn 0.330418 -0.100608 0.938457
vn -0.96275 0.146086 -0.227532
vn 0.764667 0.301139 -0.569737
vn 0.221342 -0.498831 0.837959
vn -0.880671 0.373969 -0.290801
vn 0.789418 0.102599 -0.605221
vn 0.103449 -0.537103 0.837149
vn -0.75914 0.301893 -0.576686
vn 0.927928 0.253617 -0.273182
vn -0.098717 -0.276931 0.955805
vn -0.601562 0.398504 -0.692328
vn 0.95914 0.280451 -0.037378
vn -0.303401 -0.351986 0.885468
vn -0.63809 0.176722 -0.749407
vn 0.969262 0.148236 -0.196359
vn -0.270264 -0.687052 0.674475
vn -0.490441 0.10037 -0.865675
vn 0.959164 -0.26032 -0.110626
vn -0.395096 -0.701401 0.593241
vn 0.002481 0.674834 -0.737966
vn 0.748029 0.310453 0.586576
vn -0.796602 0.198808 0.570878
vt 0 0
vt 0.333333 0
vt 0.666667 0
vt 1 0
vt 0.666667 0
vt 0.333333 0
vt 0 0.25
vt 1 0.25
vt 0.5 0.25
vt 0 0.5
vt 1 0.5
vt 0.5 0.5
vt 0 0.75
vt 1 0.75
vt 0.5 0.75
vt 0 1
vt 1 1
vt 0.5 1
vt 0 0.75
vt 1 0.75
vt 0.5 0.75
vt 0 0.5
vt 1 0.5
vt 0.5 0.5
vt 0 0.25
vt 1 0.25
vt 0.5 0.25
vt 0 0
vt 1 0
vt 0.5 0
usemtl nature_bark_linden_02_m_0001.jpg
f 1445/1445/1445 1440/1440/1440 1439/1439/1439
f 1445/1445/1445 1446/1446/1446 1440/1440/1440
f 1446/1446/1446 1441/1441/1441 1440/1440/1440
f 1446/1446/1446 1442/1442/1442 1441/1441/1441
f 1446/1446/1446 1443/1443/1443 1442/1442/1442
f 1446/1446/1446 1447/1447/1447 1443/1443/1443
f 1447/1447/1447 1444/1444/1444 1443/1443/1443
f 1447/1447/1447 1439/1439/1439 1444/1444/1444
f 1447/1447/1447 1445/1445/1445 1439/1439/1439
f 1448/1448/1448 1446/1446/1446 1445/1445/1445
f 1448/1448/1448 1449/1449/1449 1446/1446/1446
f 1449/1449/1449 1447/1447/1447 1446/1446/1446
f 1449/1449/1449 1450/1450/1450 1447/1447/1447
f 1450/1450/1450 1445/1445/1445 1447/1447/1447
f 1450/1450/1450 1448/1448/1448 1445/1445/1445
f 1451/1451/1451 1449/1449/1449 1448/1448/1448
f 1451/1451/1451 1452/1452/1452 1449/1449/1449
f 1452/1452/1452 1450/1450/1450 1449/1449/1449
f 1452/1452/1452 1453/1453/1453 1450/1450/1450
f 1453/1453/1453 1448/1448/1448 1450/1450/1450
f 1453/1453/1453 1451/1451/1451 1448/1448/1448
f 1454/1454/1454 1452/1452/1452 1451/1451/1451
f 1454/1454/1454 1455/1455/1455 1452/1452/1452
f 1455/1455/1455 1453/1453/1453 1452/1452/1452
f 1455/1455/1455 1456/1456/1456 1453/1453/1453
f 1456/1456/1456 1451/1451/1451 1453/1453/1453
f 1456/1456/1456 1454/1454/1454 1451/1451/1451
f 1457/1457/1457 1455/1455/1455 1454/1454/1454
f 1457/1457/1457 1458/1458/1458 1455/1455/1455
f 1458/1458/1458 1456/1456/1456 1455/1455/1455
f 1458/1458/1458 1459/1459/1459 1456/1456/1456
f 1459/1459/1459 1454/1454/1454 1456/1456/1456
f 1459/1459/1459 1457/1457/1457 1454/1454/1454
f 1460/1460/1460 1458/1458/1458 1457/1457/1457
f 1460/1460/1460 1461/1461/1461 1458/1458/1458
f 1461/1461/1461 1459/1459/1459 1458/1458/1458
f 1461/1461/1461 1462/1462/1462 1459/1459/1459
f 1462/1462/1462 1457/1457/1457 1459/1459/1459
f 1462/1462/1462 1460/1460/1460 1457/1457/1457
f 1463/1463/1463 1461/1461/1461 1460/1460/1460
f 1463/1463/1463 1464/1464/1464 1461/1461/1461
f 1464/1464/1464 1462/1462/1462 1461/1461/1461
f 1464/1464/1464 1465/1465/1465 1462/1462/1462
f 1465/1465/1465 1460/1460/1460 1462/1462/1462
f 1465/1465/1465 1463/1463/1463 1460/1460/1460
f 1466/1466/1466 1464/1464/1464 1463/1463/1463
f 1466/1466/1466 1467/1467/1467 1464/1464/1464
f 1467/1467/1467 1465/1465/1465 1464/1464/1464
f 1467/1467/1467 1468/1468/1468 1465/1465/1465
f 1468/1468/1468 1463/1463/1463 1465/1465/1465
f 1468/1468/1468 1466/1466/1466 1463/1463/1463

v 1.20245 3.298549 1.5847
v 1.21671 3.288267 1.446642
v 1.319439 3.272342 1.534039
v 1.283587 3.342335 1.58905
v 1.285744 3.366997 1.467574
v 1.355298 3.289105 1.525802
v 1.333071 3.415457 1.589539
v 1.341305 3.416015 1.468383
v 1.404293 3.32959 1.519512
v 1.378108 3.495169 1.587445
v 1.40091 3.477825 1.475595
v 1.445026 3.376305 1.525322
v 1.422162 3.541014 1.58597
v 1.45177 3.525665 1.476597
v 1.485457 3.435172 1.542713
v 1.49719 3.575664 1.583833
v 1.494021 3.544195 1.477512
v 1.540902 3.507042 1.532207
v 1.570101 3.591003 1.574927
v 1.562988 3.581842 1.477317
v 1.608212 3.533206 1.536041
v 1.639864 3.6244 1.553288
v 1.633969 3.607942 1.462801
v 1.672372 3.570226 1.521413
v 1.652889 3.629911 1.549085
v 1.653034 3.618763 1.458334
v 1.681325 3.571175 1.522371
vn 0.082561 0.026855 0.996224
vn -0.414692 0.77313 -0.479897
vn 0.599238 -0.690045 -0.405897
vn -0.324362 0.285508 0.901817
vn -0.467777 0.264461 -0.843353
vn 0.541149 -0.840224 -0.03436
vn -0.386804 0.294423 0.873898
vn -0.383752 0.271934 -0.882489
vn 0.740565 -0.669585 -0.056738
vn -0.503091 0.366923 0.782475
vn -0.251381 0.329406 -0.91011
vn 0.78656 -0.61506 0.054995
vn -0.349233 0.547134 0.760711
vn -0.066299 0.400564 -0.913867
vn 0.727853 -0.664685 0.168597
vn -0.190472 0.560535 0.805929
vn -0.011207 0.358742 -0.933369
vn 0.541611 -0.831914 0.120733
vn -0.058919 0.593563 0.802628
vn -0.215787 0.288934 -0.932713
vn 0.385105 -0.91251 0.13791
vn -0.167799 0.585384 0.793202
vn -0.259409 0.204471 -0.943874
vn 0.388184 -0.902914 0.184551
vn -0.313571 0.87267 0.374325
vn -0.065601 -0.416708 -0.90667
vn 0.255601 -0.776517 0.575925
vt 0 0
vt 1 0
vt 0.5 0
vt 0 0.25
vt 1 0.25
vt 0.5 0.25
vt 0 0.5
vt 1 0.5
vt 0.5 0.5
vt 0 0.75
vt 1 0.75
vt 0.5 0.75
vt 0 1
vt 1 1
vt 0.5 1
vt 0 0.75
vt 1 0.75
vt 0.5 0.75
vt 0 0.5
vt 1 0.5
vt 0.5 0.5
vt 0 0.25
vt 1 0.25
vt 0.5 0.25
vt 0 0
vt 1 0
vt 0.5 0
usemtl nature_bark_linden_02_m_0001.jpg
f 1472/1472/1472 1470/1470/1470 1469/1469/1469
f 1472/1472/1472 1473/1473/1473 1470/1470/1470
f 1473/1473/1473 1471/1471/1471 1470/1470/1470
f 1473/1473/1473 1474/1474/1474 1471/1471/1471
f 1474/1474/1474 1469/1469/1469 1471/1471/1471
f 1474/1474/1474 1472/1472/1472 1469/1469/1469
f 1475/1475/1475 1473/1473/1473 1472/1472/1472
f 1475/1475/1475 1476/1476/1476 1473/1473/1473
f 1476/1476/1476 1474/1474/1474 1473/1473/1473
f 1476/1476/1476 1477/1477/1477 1474/1474/1474
f 1477/1477/1477 1472/1472/1472 1474/1474/1474
f 1477/1477/1477 1475/1475/1475 1472/1472/1472
f 1478/1478/1478 1476/1476/1476 1475/1475/1475
f 1478/1478/1478 1479/1479/1479 1476/1476/1476
f 1479/1479/1479 1477/1477/1477 1476/1476/1476
f 1479/1479/1479 1480/1480/1480 1477/1477/1477
f 1480/1480/1480 1475/1475/1475 1477/1477/1477
f 1480/1480/1480 1478/1478/1478 1475/1475/1475
f 1481/1481/1481 1479/1479/1479 1478/1478/1478
f 1481/1481/1481 1482/1482/1482 1479/1479/1479
f 1482/1482/1482 1480/1480/1480 1479/1479/1479
f 1482/1482/1482 1483/1483/1483 1480/1480/1480
f 1483/1483/1483 1478/1478/1478 1480/1480/1480
f 1483/1483/1483 1481/1481/1481 1478/1478/1478
f 1484/1484/1484 1482/1482/1482 1481/1481/1481
f 1484/1484/1484 1485/1485/1485 1482/1482/1482
f 1485/1485/1485 1483/1483/1483 1482/1482/1482
f 1485/1485/1485 1486/1486/1486 1483/1483/1483
f 1486/1486/1486 1481/1481/1481 1483/1483/1483
f 1486/1486/1486 1484/1484/1484 1481/1481/1481
f 1487/1487/1487 1485/1485/1485 1484/1484/1484
f 1487/1487/1487 1488/1488/1488 1485/1485/1485
f 1488/1488/1488 1486/1486/1486 1485/1485/1485
f 1488/1488/1488 1489/1489/1489 1486/1486/1486
f 1489/1489/1489 1484/1484/1484 1486/1486/1486
f 1489/1489/1489 1487/1487/1487 1484/1484/1484
f 1490/1490/1490 1488/1488/1488 1487/1487/1487
f 1490/1490/1490 1491/1491/1491 1488/1488/1488
f 1491/1491/1491 1489/1489/1489 1488/1488/1488
f 1491/1491/1491 1492/1492/1492 1489/1489/1489
f 1492/1492/1492 1487/1487/1487 1489/1489/1489
f 1492/1492/1492 1490/1490/1490 1487/1487/1487
f 1493/1493/1493 1491/1491/1491 1490/1490/1490
f 1493/1493/1493 1494/1494/1494 1491/1491/1491
f 1494/1494/1494 1492/1492/1492 1491/1491/1491
f 1494/1494/1494 1495/1495/1495 1492/1492/1492
f 1495/1495/1495 1490/1490/1490 1492/1492/1492
f 1495/1495/1495 1493/1493/1493 1490/1490/1490

v 1.208148 3.298744 1.586996
v 1.212749 3.287833 1.450813
v 1.318085 3.275098 1.535307
v 1.258935 3.342969 1.595749
v 1.187391 3.342665 1.494974
v 1.313883 3.354863 1.488882
v 1.204701 3.444659 1.562402
v 1.243772 3.428631 1.459787
v 1.305413 3.475638 1.550299
v 1.214632 3.516282 1.567623
v 1.216114 3.51269 1.456103
v 1.295908 3.540357 1.517822
v 1.198909 3.600373 1.551212
v 1.194948 3.581267 1.447455
v 1.276694 3.613586 1.485045
v 1.18341 3.645623 1.526916
v 1.176452 3.611246 1.432899
v 1.250376 3.665369 1.460921
v 1.161219 3.732511 1.505248
v 1.146395 3.679378 1.414197
v 1.223293 3.754535 1.427009
v 1.127843 3.789461 1.467397
v 1.115866 3.725264 1.381715
v 1.195315 3.797563 1.394915
v 1.118308 3.793704 1.455293
v 1.114757 3.727193 1.37589
v 1.187972 3.81003 1.388597
vn 0.384236 0.424984 0.819605
vn -0.685622 0.710147 -0.160041
vn 0.734112 0.475884 -0.48437
vn -0.201743 -0.266383 0.942518
vn -0.687209 -0.274885 -0.672445
vn 0.88381 -0.320253 -0.341054
vn -0.604424 0.281858 0.745136
vn -0.398178 0.139842 -0.906586
vn 0.948505 0.302311 0.094584
vn -0.551396 0.098112 0.828454
vn -0.379565 -0.314173 -0.870187
vn 0.989546 0.127699 0.067023
vn -0.484867 0.224914 0.845173
vn -0.448887 -0.468484 -0.760935
vn 0.963406 0.241532 -0.116236
vn -0.382448 0.143151 0.912821
vn -0.512171 -0.482818 -0.710329
vn 0.91442 0.347362 -0.207787
vn -0.38151 0.302152 0.873587
vn -0.54061 -0.576274 -0.612901
vn 0.95538 0.19698 -0.220108
vn -0.455119 0.364458 0.812427
vn -0.404283 -0.823477 -0.398046
vn 0.961472 0.244288 -0.126074
vn -0.869677 0.194099 0.453859
vn 0.053876 -0.675995 -0.734934
vn 0.594415 0.804021 -0.01486
vt 0 0
vt 1 0
vt 0.5 0
vt 0 0.25
vt 1 0.25
vt 0.5 0.25
vt 0 0.5
vt 1 0.5
vt 0.5 0.5
vt 0 0.75
vt 1 0.75
vt 0.5 0.75
vt 0 1
vt 1 1
vt 0.5 1
vt 0 0.75
vt 1 0.75
vt 0.5 0.75
vt 0 0.5
vt 1 0.5
vt 0.5 0.5
vt 0 0.25
vt 1 0.25
vt 0.5 0.25
vt 0 0
vt 1 0
vt 0.5 0
usemtl nature_bark_linden_02_m_0001.jpg
f 1499/1499/1499 1497/1497/1497 1496/1496/1496
f 1499/1499/1499 1500/1500/1500 1497/1497/1497
f 1500/1500/1500 1498/1498/1498 1497/1497/1497
f 1500/1500/1500 1501/1501/1501 1498/1498/1498
f 1501/1501/1501 1496/1496/1496 1498/1498/1498
f 1501/1501/1501 1499/1499/1499 1496/1496/1496
f 1502/1502/1502 1500/1500/1500 1499/1499/1499
f 1502/1502/1502 1503/1503/1503 1500/1500/1500
f 1503/1503/1503 1501/1501/1501 1500/1500/1500
f 1503/1503/1503 1504/1504/1504 1501/1501/1501
f 1504/1504/1504 1499/1499/1499 1501/1501/1501
f 1504/1504/1504 1502/1502/1502 1499/1499/1499
f 1505/1505/1505 1503/1503/1503 1502/1502/1502
f 1505/1505/1505 1506/1506/1506 1503/1503/1503
f 1506/1506/1506 1504/1504/1504 1503/1503/1503
f 1506/1506/1506 1507/1507/1507 1504/1504/1504
f 1507/1507/1507 1502/1502/1502 1504/1504/1504
f 1507/1507/1507 1505/1505/1505 1502/1502/1502
f 1508/1508/1508 1506/1506/1506 1505/1505/1505
f 1508/1508/1508 1509/1509/1509 1506/1506/1506
f 1509/1509/1509 1507/1507/1507 1506/1506/1506
f 1509/1509/1509 1510/1510/1510 1507/1507/1507
f 1510/1510/1510 1505/1505/1505 1507/1507/1507
f 1510/1510/1510 1508/1508/1508 1505/1505/1505
f 1511/1511/1511 1509/1509/1509 1508/1508/1508
f 1511/1511/1511 1512/1512/1512 1509/1509/1509
f 1512/1512/1512 1510/1510/1510 1509/1509/1509
f 1512/1512/1512 1513/1513/1513 1510/1510/1510
f 1513/1513/1513 1508/1508/1508 1510/1510/1510
f 1513/1513/1513 1511/1511/1511 1508/1508/1508
f 1514/1514/1514 1512/1512/1512 1511/1511/1511
f 1514/1514/1514 1515/1515/1515 1512/1512/1512
f 1515/1515/1515 1513/1513/1513 1512/1512/1512
f 1515/1515/1515 1516/1516/1516 1513/1513/1513
f 1516/1516/1516 1511/1511/1511 1513/1513/1513
f 1516/1516/1516 1514/1514/1514 1511/1511/1511
f 1517/1517/1517 1515/1515/1515 1514/1514/1514
f 1517/1517/1517 1518/1518/1518 1515/1515/1515
f 1518/1518/1518 1516/1516/1516 1515/1515/1515
f 1518/1518/1518 1519/1519/1519 1516/1516/1516
f 1519/1519/1519 1514/1514/1514 1516/1516/1516
f 1519/1519/1519 1517/1517/1517 1514/1514/1514
f 1520/1520/1520 1518/1518/1518 1517/1517/1517
f 1520/1520/1520 1521/1521/1521 1518/1518/1518
f 1521/1521/1521 1519/1519/1519 1518/1518/1518
f 1521/1521/1521 1522/1522/1522 1519/1519/1519
f 1522/1522/1522 1517/1517/1517 1519/1519/1519
f 1522/1522/1522 1520/1520/1520 1517/1517/1517

v 0.913224 3.302781 1.67559
v 1.03517 3.293993 1.616825
v 1.00396 3.258266 1.725629
v 0.953917 3.357115 1.714012
v 1.04611 3.34769 1.64682
v 1.05875 3.335118 1.755884
v 0.980622 3.451142 1.736991
v 1.081773 3.448322 1.7154
v 1.040032 3.402162 1.810026
v 0.985496 3.551431 1.80023
v 1.07563 3.559022 1.769228
v 1.041077 3.482398 1.863803
v 1.001068 3.624822 1.863493
v 1.093091 3.611754 1.840985
v 1.057367 3.547461 1.91991
v 1.023731 3.667656 1.909825
v 1.126711 3.671894 1.906483
v 1.066327 3.610364 1.979001
v 1.033061 3.749133 1.96379
v 1.123617 3.759349 1.937324
v 1.080565 3.682706 2.028327
v 1.025379 3.845175 2.000817
v 1.119457 3.843054 1.95549
v 1.085893 3.802076 2.051956
v 1.029641 3.867608 1.991133
v 1.125748 3.859804 1.96992
v 1.06993 3.815134 2.06106
vn -0.719045 0.234287 0.654281
vn 0.123889 0.586161 -0.800666
vn 0.72863 -0.463639 0.50412
vn -0.97589 0.218259 -0.001426
vn 0.54206 0.126856 -0.83071
vn 0.424088 -0.526796 0.736638
vn -0.933582 0.274395 -0.230503
vn 0.704174 0.359848 -0.612085
vn 0.267642 -0.392988 0.879732
vn -0.933574 0.24576 -0.260849
vn 0.743783 0.418246 -0.5214
vn 0.121792 -0.664365 0.737418
vn -0.866124 0.475359 -0.154478
vn 0.783806 0.333156 -0.524076
vn 0.042487 -0.729442 0.682722
vn -0.834838 0.498337 -0.233891
vn 0.79865 0.198584 -0.568087
vn -0.004786 -0.495855 0.868392
vn -0.931739 0.188763 -0.310211
vn 0.719956 0.126443 -0.682404
vn 0.082537 -0.341798 0.936142
vn -0.913052 -0.139379 -0.383289
vn 0.733925 -0.011385 -0.679135
vn 0.131095 -0.494717 0.85911
vn -0.688406 0.469486 -0.552883
vn 0.917279 0.398241 0.001974
vn -0.385134 0.013876 0.922756
vt 0 0
vt 1 0
vt 0.5 0
vt 0 0.25
vt 1 0.25
vt 0.5 0.25
vt 0 0.5
vt 1 0.5
vt 0.5 0.5
vt 0 0.75
vt 1 0.75
vt 0.5 0.75
vt 0 1
vt 1 1
vt 0.5 1
vt 0 0.75
vt 1 0.75
vt 0.5 0.75
vt 0 0.5
vt 1 0.5
vt 0.5 0.5
vt 0 0.25
vt 1 0.25
vt 0.5 0.25
vt 0 0
vt 1 0
vt 0.5 0
usemtl nature_bark_linden_02_m_0001.jpg
f 1526/1526/1526 1524/1524/1524 1523/1523/1523
f 1526/1526/1526 1527/1527/1527 1524/1524/1524
f 1527/1527/1527 1525/1525/1525 1524/1524/1524
f 1527/1527/1527 1528/1528/1528 1525/1525/1525
f 1528/1528/1528 1523/1523/1523 1525/1525/1525
f 1528/1528/1528 1526/1526/1526 1523/1523/1523
f 1529/1529/1529 1527/1527/1527 1526/1526/1526
f 1529/1529/1529 1530/1530/1530 1527/1527/1527
f 1530/1530/1530 1528/1528/1528 1527/1527/1527
f 1530/1530/1530 1531/1531/1531 1528/1528/1528
f 1531/1531/1531 1526/1526/1526 1528/1528/1528
f 1531/1531/1531 1529/1529/1529 1526/1526/1526
f 1532/1532/1532 1530/1530/1530 1529/1529/1529
f 1532/1532/1532 1533/1533/1533 1530/1530/1530
f 1533/1533/1533 1531/1531/1531 1530/1530/1530
f 1533/1533/1533 1534/1534/1534 1531/1531/1531
f 1534/1534/1534 1529/1529/1529 1531/1531/1531
f 1534/1534/1534 1532/1532/1532 1529/1529/1529
f 1535/1535/1535 1533/1533/1533 1532/1532/1532
f 1535/1535/1535 1536/1536/1536 1533/1533/1533
f 1536/1536/1536 1534/1534/1534 1533/1533/1533
f 1536/1536/1536 1537/1537/1537 1534/1534/1534
f 1537/1537/1537 1532/1532/1532 1534/1534/1534
f 1537/1537/1537 1535/1535/1535 1532/1532/1532
f 1538/1538/1538 1536/1536/1536 1535/1535/1535
f 1538/1538/1538 1539/1539/1539 1536/1536/1536
f 1539/1539/1539 1537/1537/1537 1536/1536/1536
f 1539/1539/1539 1540/1540/1540 1537/1537/1537
f 1540/1540/1540 1535/1535/1535 1537/1537/1537
f 1540/1540/1540 1538/1538/1538 1535/1535/1535
f 1541/1541/1541 1539/1539/1539 1538/1538/1538
f 1541/1541/1541 1542/1542/1542 1539/1539/1539
f 1542/1542/1542 1540/1540/1540 1539/1539/1539
f 1542/1542/1542 1543/1543/1543 1540/1540/1540
f 1543/1543/1543 1538/1538/1538 1540/1540/1540
f 1543/1543/1543 1541/1541/1541 1538/1538/1538
f 1544/1544/1544 1542/1542/1542 1541/1541/1541
f 1544/1544/1544 1545/1545/1545 1542/1542/1542
f 1545/1545/1545 1543/1543/1543 1542/1542/1542
f 1545/1545/1545 1546/1546/1546 1543/1543/1543
f 1546/1546/1546 1541/1541/1541 1543/1543/1543
f 1546/1546/1546 1544/1544/1544 1541/1541/1541
f 1547/1547/1547 1545/1545/1545 1544/1544/1544
f 1547/1547/1547 1548/1548/1548 1545/1545/1545
f 1548/1548/1548 1546/1546/1546 1545/1545/1545
f 1548/1548/1548 1549/1549/1549 1546/1546/1546
f 1549/1549/1549 1544/1544/1544 1546/1546/1546
f 1549/1549/1549 1547/1547/1547 1544/1544/1544

v 0.911563 3.304403 1.673874
v 1.036429 3.293007 1.61751
v 1.006665 3.259908 1.723349
v 0.964938 3.337865 1.740127
v 1.06466 3.317101 1.694427
v 1.023355 3.266486 1.741995
v 0.993917 3.343923 1.791212
v 1.084206 3.352561 1.764852
v 1.043579 3.270959 1.796788
v 1.007127 3.366798 1.853943
v 1.086205 3.36053 1.820314
v 1.05756 3.297221 1.859149
v 1.01092 3.377059 1.909959
v 1.085521 3.389706 1.885079
v 1.054784 3.322971 1.923187
v 1.025279 3.417879 1.954614
v 1.103647 3.424622 1.931774
v 1.068947 3.359019 1.9871
v 1.051798 3.46339 2.003784
v 1.125692 3.49215 1.974801
v 1.10406 3.421231 2.035165
v 1.07746 3.536351 2.04501
v 1.143797 3.542507 2.006955
v 1.129084 3.476479 2.07322
v 1.080647 3.549239 2.041708
v 1.149927 3.552602 2.018285
v 1.124785 3.489031 2.085679
vn -0.784909 -0.000272 0.619611
vn 0.433768 0.758373 -0.486534
vn 0.34571 -0.921569 0.17662
vn -0.804745 0.541378 0.243507
vn 0.836065 0.307497 -0.454359
vn 0.097064 -0.935493 0.339751
vn -0.883628 0.453598 0.115979
vn 0.798607 0.475305 -0.369205
vn 0.11858 -0.946779 0.299245
vn -0.900076 0.434686 0.030176
vn 0.816253 0.547708 -0.183705
vn 0.140671 -0.898556 0.415704
vn -0.923571 0.383364 -0.006964
vn 0.730255 0.51122 -0.453191
vn 0.130076 -0.936588 0.325397
vn -0.88089 0.469708 0.058372
vn 0.687538 0.358585 -0.631434
vn 0.171065 -0.773249 0.610592
vn -0.936803 0.343038 0.068747
vn 0.533636 0.244372 -0.809639
vn 0.298174 -0.665657 0.6841
vn -0.977177 0.185626 -0.103284
vn 0.553621 0.084921 -0.828427
vn 0.283979 -0.653593 0.70155
vn -0.697425 0.618381 -0.362222
vn 0.94389 0.233829 -0.23323
vn -0.171744 -0.159216 0.972191
vt 0 0
vt 1 0
vt 0.5 0
vt 0 0.25
vt 1 0.25
vt 0.5 0.25
vt 0 0.5
vt 1 0.5
vt 0.5 0.5
vt 0 0.75
vt 1 0.75
vt 0.5 0.75
vt 0 1
vt 1 1
vt 0.5 1
vt 0 0.75
vt 1 0.75
vt 0.5 0.75
vt 0 0.5
vt 1 0.5
vt 0.5 0.5
vt 0 0.25
vt 1 0.25
vt 0.5 0.25
vt 0 0
vt 1 0
vt 0.5 0
usemtl nature_bark_linden_02_m_0001.jpg
f 1553/1553/1553 1551/1551/1551 1550/1550/1550
f 1553/1553/1553 1554/1554/1554 1551/1551/1551
f 1554/1554/1554 1552/1552/1552 1551/1551/1551
f 1554/1554/1554 1555/1555/1555 1552/1552/1552
f 1555/1555/1555 1550/1550/1550 1552/1552/1552
f 1555/1555/1555 1553/1553/1553 1550/1550/1550
f 1556/1556/1556 1554/1554/1554 1553/1553/1553
f 1556/1556/1556 1557/1557/1557 1554/1554/1554
f 1557/1557/1557 1555/1555/1555 1554/1554/1554
f 1557/1557/1557 1558/1558/1558 1555/1555/1555
f 1558/1558/1558 1553/1553/1553 1555/1555/1555
f 1558/1558/1558 1556/1556/1556 1553/1553/1553
f 1559/1559/1559 1557/1557/1557 1556/1556/1556
f 1559/1559/1559 1560/1560/1560 1557/1557/1557
f 1560/1560/1560 1558/1558/1558 1557/1557/1557
f 1560/1560/1560 1561/1561/1561 1558/1558/1558
f 1561/1561/1561 1556/1556/1556 1558/1558/1558
f 1561/1561/1561 1559/1559/1559 1556/1556/1556
f 1562/1562/1562 1560/1560/1560 1559/1559/1559
f 1562/1562/1562 1563/1563/1563 1560/1560/1560
f 1563/1563/1563 1561/1561/1561 1560/1560/1560
f 1563/1563/1563 1564/1564/1564 1561/1561/1561
f 1564/1564/1564 1559/1559/1559 1561/1561/1561
f 1564/1564/1564 1562/1562/1562 1559/1559/1559
f 1565/1565/1565 1563/1563/1563 1562/1562/1562
f 1565/1565/1565 1566/1566/1566 1563/1563/1563
f 1566/1566/1566 1564/1564/1564 1563/1563/1563
f 1566/1566/1566 1567/1567/1567 1564/1564/1564
f 1567/1567/1567 1562/1562/1562 1564/1564/1564
f 1567/1567/1567 1565/1565/1565 1562/1562/1562
f 1568/1568/1568 1566/1566/1566 1565/1565/1565
f 1568/1568/1568 1569/1569/1569 1566/1566/1566
f 1569/1569/1569 1567/1567/1567 1566/1566/1566
f 1569/1569/1569 1570/1570/1570 1567/1567/1567
f 1570/1570/1570 1565/1565/1565 1567/1567/1567
f 1570/1570/1570 1568/1568/1568 1565/1565/1565
f 1571/1571/1571 1569/1569/1569 1568/1568/1568
f 1571/1571/1571 1572/1572/1572 1569/1569/1569
f 1572/1572/1572 1570/1570/1570 1569/1569/1569
f 1572/1572/1572 1573/1573/1573 1570/1570/1570
f 1573/1573/1573 1568/1568/1568 1570/1570/1570
f 1573/1573/1573 1571/1571/1571 1568/1568/1568
f 1574/1574/1574 1572/1572/1572 1571/1571/1571
f 1574/1574/1574 1575/1575/1575 1572/1572/1572
f 1575/1575/1575 1573/1573/1573 1572/1572/1572
f 1575/1575/1575 1576/1576/1576 1573/1573/1573
f 1576/1576/1576 1571/1571/1571 1573/1573/1573
f 1576/1576/1576 1574/1574/1574 1571/1571/1571

v -0.504826 3.388212 0.453772
v -0.390585 3.439121 0.480691
v -0.466803 3.417624 0.588617
v -0.532637 3.489182 0.478148
v -0.415166 3.512632 0.463676
v -0.446013 3.527474 0.57618
v -0.549371 3.594435 0.490583
v -0.440412 3.640559 0.457635
v -0.45192 3.610657 0.572067
v -0.540096 3.68818 0.526684
v -0.472266 3.687929 0.448324
v -0.442228 3.709009 0.559111
v -0.53016 3.781565 0.501305
v -0.435026 3.783412 0.48038
v -0.477657 3.768585 0.58071
v -0.530255 3.901476 0.557598
v -0.461916 3.893552 0.469793
v -0.434435 3.871825 0.55905
v -0.523949 3.953886 0.521054
v -0.431987 3.95507 0.505137
v -0.462725 3.972928 0.595574
v -0.540179 4.012608 0.553922
v -0.461673 4.029447 0.484689
v -0.424526 4.008593 0.58225
v -0.538523 4.02058 0.565322
v -0.475521 4.046791 0.487178
v -0.421861 4.023936 0.573423
vn -0.996037 0.084435 -0.027956
vn 0.477535 0.24541 -0.843643
vn 0.521968 0.316066 0.792245
vn -0.918829 -0.193903 -0.343738
vn 0.763464 0.063246 -0.642747
vn 0.244079 -0.012773 0.969671
vn -0.987894 0.002898 -0.155104
vn 0.609497 0.246702 -0.753427
vn 0.29939 0.194845 0.934024
vn -0.96184 -0.254563 0.100311
vn 0.425807 -0.040189 -0.903921
vn 0.53764 -0.219066 0.814219
vn -0.939213 0.311685 -0.143986
vn 0.602098 0.352911 -0.716193
vn 0.3189 0.153262 0.935315
vn -0.980093 -0.171576 0.099899
vn 0.373131 -0.169217 -0.912216
vn 0.61828 -0.323027 0.716508
vn -0.868456 0.447065 -0.214281
vn 0.611296 0.293744 -0.734868
vn 0.424079 0.299788 0.854566
vn -0.991908 -0.041061 0.120139
vn 0.223201 0.090796 -0.970535
vn 0.752943 0.137921 0.643471
vn -0.85629 -0.364658 -0.365776
vn 0.515144 -0.140357 -0.845533
vn 0.403566 -0.601065 0.689822
vt 0 0
vt 1 0
vt 0.5 0
vt 0 0.25
vt 1 0.25
vt 0.5 0.25
vt 0 0.5
vt 1 0.5
vt 0.5 0.5
vt 0 0.75
vt 1 0.75
vt 0.5 0.75
vt 0 1
vt 1 1
vt 0.5 1
vt 0 0.75
vt 1 0.75
vt 0.5 0.75
vt 0 0.5
vt 1 0.5
vt 0.5 0.5
vt 0 0.25
vt 1 0.25
vt 0.5 0.25
vt 0 0
vt 1 0
vt 0.5 0
usemtl nature_bark_linden_02_m_0001.jpg
f 1580/1580/1580 1578/1578/1578 1577/1577/1577
f 1580/1580/1580 1581/1581/1581 1578/1578/1578
f 1581/1581/1581 1579/1579/1579 1578/1578/1578
f 1581/1581/1581 1582/1582/1582 1579/1579/1579
f 1582/1582/1582 1577/1577/1577 1579/1579/1579
f 1582/1582/1582 1580/1580/1580 1577/1577/1577
f 1583/1583/1583 1581/1581/1581 1580/1580/1580
f 1583/1583/1583 1584/1584/1584 1581/1581/1581
f 1584/1584/1584 1582/1582/1582 1581/1581/1581
f 1584/1584/1584 1585/1585/1585 1582/1582/1582
f 1585/1585/1585 1580/1580/1580 1582/1582/1582
f 1585/1585/1585 1583/1583/1583 1580/1580/1580
f 1586/1586/1586 1584/1584/1584 1583/1583/1583
f 1586/1586/1586 1587/1587/1587 1584/1584/1584
f 1587/1587/1587 1585/1585/1585 1584/1584/1584
f 1587/1587/1587 1588/1588/1588 1585/1585/1585
f 1588/1588/1588 1583/1583/1583 1585/1585/1585
f 1588/1588/1588 1586/1586/1586 1583/1583/1583
f 1589/1589/1589 1587/1587/1587 1586/1586/1586
f 1589/1589/1589 1590/1590/1590 1587/1587/1587
f 1590/1590/1590 1588/1588/1588 1587/1587/1587
f 1590/1590/1590 1591/1591/1591 1588/1588/1588
f 1591/1591/1591 1586/1586/1586 1588/1588/1588
f 1591/1591/1591 1589/1589/1589 1586/1586/1586
f 1592/1592/1592 1590/1590/1590 1589/1589/1589
f 1592/1592/1592 1593/1593/1593 1590/1590/1590
f 1593/1593/1593 1591/1591/1591 1590/1590/1590
f 1593/1593/1593 1594/1594/1594 1591/1591/1591
f 1594/1594/1594 1589/1589/1589 1591/1591/1591
f 1594/1594/1594 1592/1592/1592 1589/1589/1589
f 1595/1595/1595 1593/1593/1593 1592/1592/1592
f 1595/1595/1595 1596/1596/1596 1593/1593/1593
f 1596/1596/1596 1594/1594/1594 1593/1593/1593
f 1596/1596/1596 1597/1597/1597 1594/1594/1594
f 1597/1597/1597 1592/1592/1592 1594/1594/1594
f 1597/1597/1597 1595/1595/1595 1592/1592/1592
f 1598/1598/1598 1596/1596/1596 1595/1595/1595
f 1598/1598/1598 1599/1599/1599 1596/1596/1596
f 1599/1599/1599 1597/1597/1597 1596/1596/1596
f 1599/1599/1599 1600/1600/1600 1597/1597/1597
f 1600/1600/1600 1595/1595/1595 1597/1597/1597
f 1600/1600/1600 1598/1598/1598 1595/1595/1595
f 1601/1601/1601 1599/1599/1599 1598/1598/1598
f 1601/1601/1601 1602/1602/1602 1599/1599/1599
f 1602/1602/1602 1600/1600/1600 1599/1599/1599
f 1602/1602/1602 1603/1603/1603 1600/1600/1600
f 1603/1603/1603 1598/1598/1598 1600/1600/1600
f 1603/1603/1603 1601/1601/1601 1598/1598/1598

v -0.504274 3.386571 0.450858
v -0.390478 3.437914 0.481662
v -0.466803 3.417624 0.588617
v -0.532098 3.402971 0.433033
v -0.470084 3.478404 0.433028
v -0.53324 3.488091 0.522631
v -0.585331 3.442399 0.414752
v -0.534797 3.560475 0.394491
v -0.581994 3.53575 0.492341
v -0.625872 3.479167 0.371118
v -0.580531 3.582283 0.354317
v -0.64222 3.584847 0.442229
v -0.687167 3.520125 0.341665
v -0.631537 3.630457 0.318115
v -0.681859 3.61058 0.409017
v -0.742539 3.602785 0.311442
v -0.671113 3.669558 0.296982
v -0.719901 3.666325 0.377953
v -0.79572 3.638382 0.299208
v -0.728436 3.69095 0.26978
v -0.762486 3.69119 0.360261
v -0.84927 3.677695 0.262573
v -0.777287 3.74947 0.24455
v -0.818122 3.732283 0.321242
v -0.857649 3.696736 0.248665
v -0.778727 3.756354 0.245575
v -0.830846 3.743463 0.31777
vn -0.637792 -0.770029 -0.016637
vn 0.573844 0.163328 -0.802513
vn -0.021089 0.782949 0.621729
vn -0.373409 -0.836767 -0.400483
vn 0.681963 0.497414 -0.536196
vn -0.222331 0.283707 0.932781
vn -0.453697 -0.786001 -0.419953
vn 0.790983 0.43674 -0.428489
vn -0.328712 0.380098 0.864566
vn -0.328015 -0.878286 -0.347879
vn 0.692774 0.502602 -0.517161
vn -0.360388 0.432044 0.826715
vn -0.562691 -0.720888 -0.404598
vn 0.647479 0.507588 -0.568441
vn -0.239782 0.34758 0.906473
vn -0.538538 -0.777096 -0.325727
vn 0.658279 0.427957 -0.619291
vn -0.27996 0.469074 0.837611
vn -0.509588 -0.843363 -0.170467
vn 0.630594 0.354225 -0.690562
vn -0.0862 0.361759 0.928278
vn -0.575446 -0.771055 -0.272647
vn 0.75198 0.331493 -0.56977
vn -0.063381 0.178942 0.981816
vn -0.457571 -0.277807 -0.844661
vn 0.793965 0.607922 -0.00705
vn -0.517077 0.102367 0.849795
vt 0 0
vt 1 0
vt 0.5 0
vt 0 0.25
vt 1 0.25
vt 0.5 0.25
vt 0 0.5
vt 1 0.5
vt 0.5 0.5
vt 0 0.75
vt 1 0.75
vt 0.5 0.75
vt 0 1
vt 1 1
vt 0.5 1
vt 0 0.75
vt 1 0.75
vt 0.5 0.75
vt 0 0.5
vt 1 0.5
vt 0.5 0.5
vt 0 0.25
vt 1 0.25
vt 0.5 0.25
vt 0 0
vt 1 0
vt 0.5 0
usemtl nature_bark_linden_02_m_0001.jpg
f 1607/1607/1607 1605/1605/1605 1604/1604/1604
f 1607/1607/1607 1608/1608/1608 1605/1605/1605
f 1608/1608/1608 1606/1606/1606 1605/1605/1605
f 1608/1608/1608 1609/1609/1609 1606/1606/1606
f 1609/1609/1609 1604/1604/1604 1606/1606/1606
f 1609/1609/1609 1607/1607/1607 1604/1604/1604
f 1610/1610/1610 1608/1608/1608 1607/1607/1607
f 1610/1610/1610 1611/1611/1611 1608/1608/1608
f 1611/1611/1611 1609/1609/1609 1608/1608/1608
f 1611/1611/1611 1612/1612/1612 1609/1609/1609
f 1612/1612/1612 1607/1607/1607 1609/1609/1609
f 1612/1612/1612 1610/1610/1610 1607/1607/1607
f 1613/1613/1613 1611/1611/1611 1610/1610/1610
f 1613/1613/1613 1614/1614/1614 1611/1611/1611
f 1614/1614/1614 1612/1612/1612 1611/1611/1611
f 1614/1614/1614 1615/1615/1615 1612/1612/1612
f 1615/1615/1615 1610/1610/1610 1612/1612/1612
f 1615/1615/1615 1613/1613/1613 1610/1610/1610
f 1616/1616/1616 1614/1614/1614 1613/1613/1613
f 1616/1616/1616 1617/1617/1617 1614/1614/1614
f 1617/1617/1617 1615/1615/1615 1614/1614/1614
f 1617/1617/1617 1618/1618/1618 1615/1615/1615
f 1618/1618/1618 1613/1613/1613 1615/1615/1615
f 1618/1618/1618 1616/1616/1616 1613/1613/1613
f 1619/1619/1619 1617/1617/1617 1616/1616/1616
f 1619/1619/1619 1620/1620/1620 1617/1617/1617
f 1620/1620/1620 1618/1618/1618 1617/1617/1617
f 1620/1620/1620 1621/1621/1621 1618/1618/1618
f 1621/1621/1621 1616/1616/1616 1618/1618/1618
f 1621/1621/1621 1619/1619/1619 1616/1616/1616
f 1622/1622/1622 1620/1620/1620 1619/1619/1619
f 1622/1622/1622 1623/1623/1623 1620/1620/1620
f 1623/1623/1623 1621/1621/1621 1620/1620/1620
f 1623/1623/1623 1624/1624/1624 1621/1621/1621
f 1624/1624/1624 1619/1619/1619 1621/1621/1621
f 1624/1624/1624 1622/1622/1622 1619/1619/1619
f 1625/1625/1625 1623/1623/1623 1622/1622/1622
f 1625/1625/1625 1626/1626/1626 1623/1623/1623
f 1626/1626/1626 1624/1624/1624 1623/1623/1623
f 1626/1626/1626 1627/1627/1627 1624/1624/1624
f 1627/1627/1627 1622/1622/1622 1624/1624/1624
f 1627/1627/1627 1625/1625/1625 1622/1622/1622
f 1628/1628/1628 1626/1626/1626 1625/1625/1625
f 1628/1628/1628 1629/1629/1629 1626/1626/1626
f 1629/1629/1629 1627/1627/1627 1626/1626/1626
f 1629/1629/1629 1630/1630/1630 1627/1627/1627
f 1630/1630/1630 1625/1625/1625 1627/1627/1627
f 1630/1630/1630 1628/1628/1628 1625/1625/1625

v -0.107711 3.479554 0.405422
v -0.134202 3.453755 0.300666
v -0.024603 3.496902 0.339572
v -0.102352 3.571221 0.39334
v -0.108135 3.565863 0.308556
v -0.029564 3.553418 0.339632
v -0.097002 3.633983 0.396411
v -0.12452 3.639897 0.3245
v -0.050513 3.642694 0.32646
v -0.091358 3.702295 0.380665
v -0.14924 3.686934 0.357908
v -0.090539 3.685236 0.304026
v -0.143048 3.755358 0.384034
v -0.146209 3.767195 0.310474
v -0.081226 3.770908 0.33024
v -0.155288 3.863256 0.374411
v -0.165196 3.83656 0.302001
v -0.102685 3.862994 0.313205
v -0.178616 3.904534 0.336899
v -0.158411 3.884451 0.26636
v -0.110798 3.907871 0.306749
v -0.185617 3.965096 0.305633
v -0.141835 3.949462 0.24212
v -0.105842 3.964712 0.306584
v -0.186186 3.9738 0.282904
v -0.126352 3.956264 0.244064
v -0.112428 3.976083 0.313613
vn 0.133963 0.113744 0.984437
vn -0.91087 0.168173 -0.376872
vn 0.774202 0.04329 -0.631456
vn -0.33444 0.232426 0.913306
vn -0.605372 0.112912 -0.787893
vn 0.964514 0.201135 -0.17105
vn -0.243284 0.276855 0.929604
vn -0.783141 -0.007952 -0.621793
vn 0.876473 0.348678 -0.331992
vn 0.378421 -0.167627 0.910329
vn -0.872261 -0.480561 -0.090669
vn 0.714911 -0.131534 -0.686732
vn -0.127031 0.161596 0.978647
vn -0.793548 -0.113883 -0.597756
vn 0.886405 0.217422 -0.408673
vn -0.418152 0.16529 0.893212
vn -0.570749 -0.395651 -0.719518
vn 0.99236 -0.018099 -0.122045
vn -0.692144 0.18001 0.698952
vn -0.290627 -0.358342 -0.887202
vn 0.987672 0.12177 0.098367
vn -0.926909 -0.035559 0.373599
vn 0.099191 -0.478636 -0.872393
vn 0.780815 -0.158207 0.604399
vn -0.6979 0.603835 -0.385121
vn 0.639844 0.290805 -0.71136
vn 0.369766 0.696826 0.614578
vt 0 0
vt 1 0
vt 0.5 0
vt 0 0.25
vt 1 0.25
vt 0.5 0.25
vt 0 0.5
vt 1 0.5
vt 0.5 0.5
vt 0 0.75
vt 1 0.75
vt 0.5 0.75
vt 0 1
vt 1 1
vt 0.5 1
vt 0 0.75
vt 1 0.75
vt 0.5 0.75
vt 0 0.5
vt 1 0.5
vt 0.5 0.5
vt 0 0.25
vt 1 0.25
vt 0.5 0.25
vt 0 0
vt 1 0
vt 0.5 0
usemtl nature_bark_linden_02_m_0001.jpg
f 1634/1634/1634 1632/1632/1632 1631/1631/1631
f 1634/1634/1634 1635/1635/1635 1632/1632/1632
f 1635/1635/1635 1633/1633/1633 1632/1632/1632
f 1635/1635/1635 1636/1636/1636 1633/1633/1633
f 1636/1636/1636 1631/1631/1631 1633/1633/1633
f 1636/1636/1636 1634/1634/1634 1631/1631/1631
f 1637/1637/1637 1635/1635/1635 1634/1634/1634
f 1637/1637/1637 1638/1638/1638 1635/1635/1635
f 1638/1638/1638 1636/1636/1636 1635/1635/1635
f 1638/1638/1638 1639/1639/1639 1636/1636/1636
f 1639/1639/1639 1634/1634/1634 1636/1636/1636
f 1639/1639/1639 1637/1637/1637 1634/1634/1634
f 1640/1640/1640 1638/1638/1638 1637/1637/1637
f 1640/1640/1640 1641/1641/1641 1638/1638/1638
f 1641/1641/1641 1639/1639/1639 1638/1638/1638
f 1641/1641/1641 1642/1642/1642 1639/1639/1639
f 1642/1642/1642 1637/1637/1637 1639/1639/1639
f 1642/1642/1642 1640/1640/1640 1637/1637/1637
f 1643/1643/1643 1641/1641/1641 1640/1640/1640
f 1643/1643/1643 1644/1644/1644 1641/1641/1641
f 1644/1644/1644 1642/1642/1642 1641/1641/1641
f 1644/1644/1644 1645/1645/1645 1642/1642/1642
f 1645/1645/1645 1640/1640/1640 1642/1642/1642
f 1645/1645/1645 1643/1643/1643 1640/1640/1640
f 1646/1646/1646 1644/1644/1644 1643/1643/1643
f 1646/1646/1646 1647/1647/1647 1644/1644/1644
f 1647/1647/1647 1645/1645/1645 1644/1644/1644
f 1647/1647/1647 1648/1648/1648 1645/1645/1645
f 1648/1648/1648 1643/1643/1643 1645/1645/1645
f 1648/1648/1648 1646/1646/1646 1643/1643/1643
f 1649/1649/1649 1647/1647/1647 1646/1646/1646
f 1649/1649/1649 1650/1650/1650 1647/1647/1647
f 1650/1650/1650 1648/1648/1648 1647/1647/1647
f 1650/1650/1650 1651/1651/1651 1648/1648/1648
f 1651/1651/1651 1646/1646/1646 1648/1648/1648
f 1651/1651/1651 1649/1649/1649 1646/1646/1646
f 1652/1652/1652 1650/1650/1650 1649/1649/1649
f 1652/1652/1652 1653/1653/1653 1650/1650/1650
f 1653/1653/1653 1651/1651/1651 1650/1650/1650
f 1653/1653/1653 1654/1654/1654 1651/1651/1651
f 1654/1654/1654 1649/1649/1649 1651/1651/1651
f 1654/1654/1654 1652/1652/1652 1649/1649/1649
f 1655/1655/1655 1653/1653/1653 1652/1652/1652
f 1655/1655/1655 1656/1656/1656 1653/1653/1653
f 1656/1656/1656 1654/1654/1654 1653/1653/1653
f 1656/1656/1656 1657/1657/1657 1654/1654/1654
f 1657/1657/1657 1652/1652/1652 1654/1654/1654
f 1657/1657/1657 1655/1655/1655 1652/1652/1652

v -0.950775 2.953525 0.155421
v -0.967318 2.859094 0.076153
v -0.910842 2.978863 0.051065
v -1.014409 3.005651 0.131602
v -1.049274 2.910987 0.063276
v -0.986185 2.996471 0.030673
v -1.085516 3.037689 0.123705
v -1.133342 2.942126 0.059637
v -1.079441 3.026606 0.01775
v -1.159435 3.049252 0.122747
v -1.207887 2.968554 0.064508
v -1.16475 3.073172 0.019994
v -1.249326 3.083648 0.128424
v -1.285539 2.993093 0.063058
v -1.252699 3.080978 0.019894
v -1.334859 3.103897 0.115892
v -1.357879 3.052443 0.049591
v -1.314629 3.092995 0.015478
v -1.403865 3.122672 0.104018
v -1.422017 3.075274 0.034241
v -1.369616 3.135384 0.007923
v -1.449864 3.178737 0.102442
v -1.484832 3.147771 0.037005
v -1.431934 3.181915 0.002033
v -1.469304 3.194552 0.102406
v -1.491718 3.157566 0.027783
v -1.434564 3.190179 0.006192
vn 0.085872 0.775775 0.625139
vn -0.639032 -0.702681 0.312854
vn 0.183628 0.180139 -0.966349
vn 0.005087 0.486538 0.873644
vn -0.333428 -0.933719 -0.130366
vn 0.368981 0.500354 -0.783262
vn 0.146509 0.434861 0.888499
vn -0.260806 -0.961785 -0.083359
vn 0.236133 0.480623 -0.844537
vn 0.068089 0.404586 0.911962
vn -0.337565 -0.936256 -0.097334
vn 0.12914 0.578213 -0.805601
vn 0.079353 0.487574 0.869468
vn -0.41414 -0.89774 -0.150166
vn 0.133907 0.508414 -0.850637
vn -0.015039 0.390211 0.920603
vn -0.382866 -0.909596 -0.161399
vn 0.280607 0.407093 -0.869215
vn 0.073347 0.170814 0.98257
vn -0.558414 -0.786512 -0.263767
vn 0.267369 0.558336 -0.78535
vn 0.244497 -0.044151 0.968644
vn -0.655941 -0.712951 -0.247874
vn 0.618883 0.302621 -0.724848
vn -0.557838 -0.089351 0.825126
vn -0.716133 -0.350346 -0.603665
vn 0.638357 0.720209 -0.271659
vt 0 0
vt 1 0
vt 0.5 0
vt 0 0.25
vt 1 0.25
vt 0.5 0.25
vt 0 0.5
vt 1 0.5
vt 0.5 0.5
vt 0 0.75
vt 1 0.75
vt 0.5 0.75
vt 0 1
vt 1 1
vt 0.5 1
vt 0 0.75
vt 1 0.75
vt 0.5 0.75
vt 0 0.5
vt 1 0.5
vt 0.5 0.5
vt 0 0.25
vt 1 0.25
vt 0.5 0.25
vt 0 0
vt 1 0
vt 0.5 0
usemtl nature_bark_linden_02_m_0001.jpg
f 1661/1661/1661 1659/1659/1659 1658/1658/1658
f 1661/1661/1661 1662/1662/1662 1659/1659/1659
f 1662/1662/1662 1660/1660/1660 1659/1659/1659
f 1662/1662/1662 1663/1663/1663 1660/1660/1660
f 1663/1663/1663 1658/1658/1658 1660/1660/1660
f 1663/1663/1663 1661/1661/1661 1658/1658/1658
f 1664/1664/1664 1662/1662/1662 1661/1661/1661
f 1664/1664/1664 1665/1665/1665 1662/1662/1662
f 1665/1665/1665 1663/1663/1663 1662/1662/1662
f 1665/1665/1665 1666/1666/1666 1663/1663/1663
f 1666/1666/1666 1661/1661/1661 1663/1663/1663
f 1666/1666/1666 1664/1664/1664 1661/1661/1661
f 1667/1667/1667 1665/1665/1665 1664/1664/1664
f 1667/1667/1667 1668/1668/1668 1665/1665/1665
f 1668/1668/1668 1666/1666/1666 1665/1665/1665
f 1668/1668/1668 1669/1669/1669 1666/1666/1666
f 1669/1669/1669 1664/1664/1664 1666/1666/1666
f 1669/1669/1669 1667/1667/1667 1664/1664/1664
f 1670/1670/1670 1668/1668/1668 1667/1667/1667
f 1670/1670/1670 1671/1671/1671 1668/1668/1668
f 1671/1671/1671 1669/1669/1669 1668/1668/1668
f 1671/1671/1671 1672/1672/1672 1669/1669/1669
f 1672/1672/1672 1667/1667/1667 1669/1669/1669
f 1672/1672/1672 1670/1670/1670 1667/1667/1667
f 1673/1673/1673 1671/1671/1671 1670/1670/1670
f 1673/1673/1673 1674/1674/1674 1671/1671/1671
f 1674/1674/1674 1672/1672/1672 1671/1671/1671
f 1674/1674/1674 1675/1675/1675 1672/1672/1672
f 1675/1675/1675 1670/1670/1670 1672/1672/1672
f 1675/1675/1675 1673/1673/1673 1670/1670/1670
f 1676/1676/1676 1674/1674/1674 1673/1673/1673
f 1676/1676/1676 1677/1677/1677 1674/1674/1674
f 1677/1677/1677 1675/1675/1675 1674/1674/1674
f 1677/1677/1677 1678/1678/1678 1675/1675/1675
f 1678/1678/1678 1673/1673/1673 1675/1675/1675
f 1678/1678/1678 1676/1676/1676 1673/1673/1673
f 1679/1679/1679 1677/1677/1677 1676/1676/1676
f 1679/1679/1679 1680/1680/1680 1677/1677/1677
f 1680/1680/1680 1678/1678/1678 1677/1677/1677
f 1680/1680/1680 1681/1681/1681 1678/1678/1678
f 1681/1681/1681 1676/1676/1676 1678/1678/1678
f 1681/1681/1681 1679/1679/1679 1676/1676/1676
f 1682/1682/1682 1680/1680/1680 1679/1679/1679
f 1682/1682/1682 1683/1683/1683 1680/1680/1680
f 1683/1683/1683 1681/1681/1681 1680/1680/1680
f 1683/1683/1683 1684/1684/1684 1681/1681/1681
f 1684/1684/1684 1679/1679/1679 1681/1681/1681
f 1684/1684/1684 1682/1682/1682 1679/1679/1679

v -0.521905 4.118529 1.598282
v -0.464297 4.150879 1.519778
v -0.389728 4.192422 1.553148
v -0.349363 4.214347 1.649885
v -0.411812 4.184764 1.724159
v -0.509503 4.136618 1.691888
v -0.542133 4.206205 1.704681
v -0.495768 4.283942 1.573303
v -0.37924 4.279233 1.694964
v -0.570955 4.261173 1.738156
v -0.541078 4.331826 1.607441
v -0.410284 4.319419 1.722418
v -0.624276 4.295544 1.757206
v -0.576992 4.36333 1.651367
v -0.468523 4.381795 1.762171
v -0.655077 4.351848 1.80382
v -0.630374 4.414995 1.687936
v -0.507593 4.459694 1.785742
v -0.676623 4.414758 1.850356
v -0.673358 4.499508 1.733937
v -0.550019 4.521898 1.823161
v -0.703848 4.495174 1.885936
v -0.686517 4.589856 1.770998
v -0.587731 4.569385 1.86021
v -0.738219 4.544344 1.915886
v -0.708668 4.636274 1.807357
v -0.634808 4.616177 1.903988
v -0.74702 4.551539 1.915645
v -0.708902 4.639933 1.810892
v -0.647438 4.623104 1.919616
vn -0.954945 0.271735 0.119333
vn -0.645744 0.285116 -0.708325
vn 0.391525 0.606112 -0.692341
vn 0.408942 0.911378 0.046443
vn 0.312134 0.760712 0.569112
vn -0.67257 0.605129 0.425991
vn -0.701672 -0.556524 0.444902
vn -0.162156 0.457202 -0.874455
vn 0.628082 0.639627 0.443159
vn -0.516651 -0.739353 0.431775
vn -0.288242 0.346277 -0.892753
vn 0.753204 0.428043 0.499463
vn -0.577711 -0.688022 0.439176
vn -0.376749 0.453799 -0.807544
vn 0.767061 0.463605 0.443494
vn -0.511683 -0.70328 0.493536
vn -0.418227 0.256053 -0.871506
vn 0.920699 0.319967 0.223462
vn -0.527279 -0.579962 0.620984
vn -0.47463 0.294767 -0.829361
vn 0.935621 0.27084 0.226406
vn -0.56955 -0.541576 0.618311
vn -0.363602 0.393819 -0.844216
vn 0.836503 0.364238 0.409382
vn -0.538571 -0.735607 0.410882
vn -0.173271 0.476224 -0.862083
vn 0.846187 0.271936 0.458278
vn -0.951004 -0.296193 0.088661
vn 0.098733 0.893039 -0.439014
vn 0.467985 0.176188 0.865995
vt 0 0
vt 0.333333 0
vt 0.666667 0
vt 1 0
vt 0.666667 0
vt 0.333333 0
vt 0 0.25
vt 1 0.25
vt 0.5 0.25
vt 0 0.5
vt 1 0.5
vt 0.5 0.5
vt 0 0.75
vt 1 0.75
vt 0.5 0.75
vt 0 1
vt 1 1
vt 0.5 1
vt 0 0.75
vt 1 0.75
vt 0.5 0.75
vt 0 0.5
vt 1 0.5
vt 0.5 0.5
vt 0 0.25
vt 1 0.25
vt 0.5 0.25
vt 0 0
vt 1 0
vt 0.5 0
usemtl nature_bark_linden_02_m_0001.jpg
f 1691/1691/1691 1686/1686/1686 1685/1685/1685
f 1691/1691/1691 1692/1692/1692 1686/1686/1686
f 1692/1692/1692 1687/1687/1687 1686/1686/1686
f 1692/1692/1692 1688/1688/1688 1687/1687/1687
f 1692/1692/1692 1689/1689/1689 1688/1688/1688
f 1692/1692/1692 1693/1693/1693 1689/1689/1689
f 1693/1693/1693 1690/1690/1690 1689/1689/1689
f 1693/1693/1693 1685/1685/1685 1690/1690/1690
f 1693/1693/1693 1691/1691/1691 1685/1685/1685
f 1694/1694/1694 1692/1692/1692 1691/1691/1691
f 1694/1694/1694 1695/1695/1695 1692/1692/1692
f 1695/1695/1695 1693/1693/1693 1692/1692/1692
f 1695/1695/1695 1696/1696/1696 1693/1693/1693
f 1696/1696/1696 1691/1691/1691 1693/1693/1693
f 1696/1696/1696 1694/1694/1694 1691/1691/1691
f 1697/1697/1697 1695/1695/1695 1694/1694/1694
f 1697/1697/1697 1698/1698/1698 1695/1695/1695
f 1698/1698/1698 1696/1696/1696 1695/1695/1695
f 1698/1698/1698 1699/1699/1699 1696/1696/1696
f 1699/1699/1699 1694/1694/1694 1696/1696/1696
f 1699/1699/1699 1697/1697/1697 1694/1694/1694
f 1700/1700/1700 1698/1698/1698 1697/1697/1697
f 1700/1700/1700 1701/1701/1701 1698/1698/1698
f 1701/1701/1701 1699/1699/1699 1698/1698/1698
f 1701/1701/1701 1702/1702/1702 1699/1699/1699
f 1702/1702/1702 1697/1697/1697 1699/1699/1699
f 1702/1702/1702 1700/1700/1700 1697/1697/1697
f 1703/1703/1703 1701/1701/1701 1700/1700/1700
f 1703/1703/1703 1704/1704/1704 1701/1701/1701
f 1704/1704/1704 1702/1702/1702 1701/1701/1701
f 1704/1704/1704 1705/1705/1705 1702/1702/1702
f 1705/1705/1705 1700/1700/1700 1702/1702/1702
f 1705/1705/1705 1703/1703/1703 1700/1700/1700
f 1706/1706/1706 1704/1704/1704 1703/1703/1703
f 1706/1706/1706 1707/1707/1707 1704/1704/1704
f 1707/1707/1707 1705/1705/1705 1704/1704/1704
f 1707/1707/1707 1708/1708/1708 1705/1705/1705
f 1708/1708/1708 1703/1703/1703 1705/1705/1705
f 1708/1708/1708 1706/1706/1706 1703/1703/1703
f 1709/1709/1709 1707/1707/1707 1706/1706/1706
f 1709/1709/1709 1710/1710/1710 1707/1707/1707
f 1710/1710/1710 1708/1708/1708 1707/1707/1707
f 1710/1710/1710 1711/1711/1711 1708/1708/1708
f 1711/1711/1711 1706/1706/1706 1708/1708/1708
f 1711/1711/1711 1709/1709/1709 1706/1706/1706
f 1712/1712/1712 1710/1710/1710 1709/1709/1709
f 1712/1712/1712 1713/1713/1713 1710/1710/1710
f 1713/1713/1713 1711/1711/1711 1710/1710/1710
f 1713/1713/1713 1714/1714/1714 1711/1711/1711
f 1714/1714/1714 1709/1709/1709 1711/1711/1711
f 1714/1714/1714 1712/1712/1712 1709/1709/1709

v -0.527178 4.125713 1.610616
v -0.470285 4.149211 1.540118
v -0.405494 4.173827 1.556087
v -0.355716 4.204594 1.652731
v -0.412309 4.185155 1.72728
v -0.510262 4.134868 1.693763
v -0.522813 4.251633 1.630876
v -0.455179 4.187133 1.517836
v -0.378037 4.254806 1.61099
v -0.519499 4.315701 1.572336
v -0.444193 4.269546 1.486618
v -0.385621 4.314631 1.583853
v -0.515277 4.330831 1.520231
v -0.44324 4.292838 1.450143
v -0.394463 4.34195 1.532329
v -0.516046 4.384164 1.481067
v -0.45855 4.330017 1.401618
v -0.401488 4.399255 1.473285
v -0.521718 4.406273 1.422846
v -0.460284 4.341687 1.346446
v -0.414759 4.441837 1.416275
v -0.520508 4.471406 1.366793
v -0.457795 4.395336 1.300879
v -0.416339 4.496042 1.375061
v -0.528105 4.527002 1.319166
v -0.476009 4.463385 1.250904
v -0.421365 4.556088 1.314921
v -0.532545 4.528862 1.299972
v -0.470019 4.46679 1.246216
v -0.42526 4.561753 1.30827
vn -0.842766 0.461847 0.276483
vn -0.551403 -0.187458 -0.812905
vn 0.618122 0.053606 -0.784253
vn 0.180619 0.949625 -0.256102
vn -0.014 0.980697 0.195029
vn -0.592534 0.783217 0.188347
vn -0.860837 0.295476 0.414311
vn -0.068206 -0.080693 -0.994403
vn 0.74545 0.375271 0.550888
vn -0.871457 0.483342 0.083327
vn 0.106331 -0.668057 -0.736474
vn 0.870699 0.355107 0.340267
vn -0.946138 0.227888 0.229977
vn 0.110539 -0.760848 -0.639447
vn 0.802995 0.587435 0.100598
vn -0.920984 0.237456 0.308874
vn 0.071784 -0.892816 -0.444664
vn 0.827462 0.368616 0.423591
vn -0.91363 0.171571 0.36857
vn 0.075311 -0.799429 -0.596022
vn 0.77486 0.557548 0.297879
vn -0.916296 0.262428 0.302546
vn 0.087573 -0.640656 -0.762818
vn 0.765447 0.49097 0.415979
vn -0.914732 0.226325 0.334727
vn 0.100573 -0.835554 -0.540125
vn 0.69501 0.384911 0.607293
vn -0.941074 0.164065 -0.29574
vn 0.607822 -0.456835 -0.649504
vn 0.227224 0.95489 0.191194
vt 0 0
vt 0.333333 0
vt 0.666667 0
vt 1 0
vt 0.666667 0
vt 0.333333 0
vt 0 0.25
vt 1 0.25
vt 0.5 0.25
vt 0 0.5
vt 1 0.5
vt 0.5 0.5
vt 0 0.75
vt 1 0.75
vt 0.5 0.75
vt 0 1
vt 1 1
vt 0.5 1
vt 0 0.75
vt 1 0.75
vt 0.5 0.75
vt 0 0.5
vt 1 0.5
vt 0.5 0.5
vt 0 0.25
vt 1 0.25
vt 0.5 0.25
vt 0 0
vt 1 0
vt 0.5 0
usemtl nature_bark_linden_02_m_0001.jpg
f 1721/1721/1721 1716/1716/1716 1715/1715/1715
f 1721/1721/1721 1722/1722/1722 1716/1716/1716
f 1722/1722/1722 1717/1717/1717 1716/1716/1716
f 1722/1722/1722 1718/1718/1718 1717/1717/1717
f 1722/1722/1722 1719/1719/1719 1718/1718/1718
f 1722/1722/1722 1723/1723/1723 1719/1719/1719
f 1723/1723/1723 1720/1720/1720 1719/1719/1719
f 1723/1723/1723 1715/1715/1715 1720/1720/1720
f 1723/1723/1723 1721/1721/1721 1715/1715/1715
f 1724/1724/1724 1722/1722/1722 1721/1721/1721
f 1724/1724/1724 1725/1725/1725 1722/1722/1722
f 1725/1725/1725 1723/1723/1723 1722/1722/1722
f 1725/1725/1725 1726/1726/1726 1723/1723/1723
f 1726/1726/1726 1721/1721/1721 1723/1723/1723
f 1726/1726/1726 1724/1724/1724 1721/1721/1721
f 1727/1727/1727 1725/1725/1725 1724/1724/1724
f 1727/1727/1727 1728/1728/1728 1725/1725/1725
f 1728/1728/1728 1726/1726/1726 1725/1725/1725
f 1728/1728/1728 1729/1729/1729 1726/1726/1726
f 1729/1729/1729 1724/1724/1724 1726/1726/1726
f 1729/1729/1729 1727/1727/1727 1724/1724/1724
f 1730/1730/1730 1728/1728/1728 1727/1727/1727
f 1730/1730/1730 1731/1731/1731 1728/1728/1728
f 1731/1731/1731 1729/1729/1729 1728/1728/1728
f 1731/1731/1731 1732/1732/1732 1729/1729/1729
f 1732/1732/1732 1727/1727/1727 1729/1729/1729
f 1732/1732/1732 1730/1730/1730 1727/1727/1727
f 1733/1733/1733 1731/1731/1731 1730/1730/1730
f 1733/1733/1733 1734/1734/1734 1731/1731/1731
f 1734/1734/1734 1732/1732/1732 1731/1731/1731
f 1734/1734/1734 1735/1735/1735 1732/1732/1732
f 1735/1735/1735 1730/1730/1730 1732/1732/1732
f 1735/1735/1735 1733/1733/1733 1730/1730/1730
f 1736/1736/1736 1734/1734/1734 1733/1733/1733
f 1736/1736/1736 1737/1737/1737 1734/1734/1734
f 1737/1737/1737 1735/1735/1735 1734/1734/1734
f 1737/1737/1737 1738/1738/1738 1735/1735/1735
f 1738/1738/1738 1733/1733/1733 1735/1735/1735
f 1738/1738/1738 1736/1736/1736 1733/1733/1733
f 1739/1739/1739 1737/1737/1737 1736/1736/1736
f 1739/1739/1739 1740/1740/1740 1737/1737/1737
f 1740/1740/1740 1738/1738/1738 1737/1737/1737
f 1740/1740/1740 1741/1741/1741 1738/1738/1738
f 1741/1741/1741 1736/1736/1736 1738/1738/1738
f 1741/1741/1741 1739/1739/1739 1736/1736/1736
f 1742/1742/1742 1740/1740/1740 1739/1739/1739
f 1742/1742/1742 1743/1743/1743 1740/1740/1740
f 1743/1743/1743 1741/1741/1741 1740/1740/1740
f 1743/1743/1743 1744/1744/1744 1741/1741/1741
f 1744/1744/1744 1739/1739/1739 1741/1741/1741
f 1744/1744/1744 1742/1742/1742 1739/1739/1739

v -0.076502 3.825944 2.564315
v 0.031654 3.78797 2.636974
v -0.069532 3.726104 2.631404
v -0.102161 3.865183 2.607021
v -0.028627 3.847288 2.693468
v -0.108363 3.76945 2.673724
v -0.151674 3.913402 2.669836
v -0.081172 3.902252 2.737
v -0.139471 3.807865 2.734772
v -0.187458 3.960244 2.720925
v -0.128547 3.961329 2.785293
v -0.183504 3.871597 2.790805
v -0.220882 3.996572 2.758266
v -0.185018 4.012346 2.836424
v -0.240987 3.956365 2.828925
v -0.270081 4.03883 2.802945
v -0.224663 4.046948 2.867856
v -0.287535 4.018553 2.878566
v -0.32117 4.101405 2.853378
v -0.262811 4.084671 2.907635
v -0.325854 4.052883 2.923045
v -0.366445 4.178496 2.911189
v -0.283434 4.147806 2.95312
v -0.353186 4.091933 2.973575
v -0.364159 4.192313 2.913934
v -0.291189 4.161641 2.970318
v -0.366129 4.101136 2.978998
vn -0.716912 0.130109 -0.684915
vn 0.777542 0.622237 0.090822
vn -0.147921 -0.742379 0.653446
vn -0.394553 0.582757 -0.710438
vn 0.786248 0.317261 0.530244
vn -0.520141 -0.75337 0.402351
vn -0.411492 0.513165 -0.753217
vn 0.875296 0.349436 0.334294
vn -0.402795 -0.785486 0.46986
vn -0.386889 0.444923 -0.807689
vn 0.826242 0.441992 0.349238
vn -0.502798 -0.683948 0.528591
vn -0.418109 0.44625 -0.791231
vn 0.722059 0.490932 0.487459
vn -0.555487 -0.702846 0.444343
vn -0.426208 0.36819 -0.826307
vn 0.809705 0.35862 0.46451
vn -0.394425 -0.826682 0.40128
vn -0.413502 0.462987 -0.784002
vn 0.916969 0.219431 0.333194
vn -0.368087 -0.832494 0.414084
vn -0.317963 0.230419 -0.919677
vn 0.995082 0.015612 0.097819
vn -0.370986 -0.830458 0.415582
vn 0.050363 0.67475 -0.736326
vn 0.747093 0.036505 0.663716
vn -0.865898 -0.374911 0.331152
vt 0 0
vt 1 0
vt 0.5 0
vt 0 0.25
vt 1 0.25
vt 0.5 0.25
vt 0 0.5
vt 1 0.5
vt 0.5 0.5
vt 0 0.75
vt 1 0.75
vt 0.5 0.75
vt 0 1
vt 1 1
vt 0.5 1
vt 0 0.75
vt 1 0.75
vt 0.5 0.75
vt 0 0.5
vt 1 0.5
vt 0.5 0.5
vt 0 0.25
vt 1 0.25
vt 0.5 0.25
vt 0 0
vt 1 0
vt 0.5 0
usemtl nature_bark_linden_02_m_0001.jpg
f 1748/1748/1748 1746/1746/1746 1745/1745/1745
f 1748/1748/1748 1749/1749/1749 1746/1746/1746
f 1749/1749/1749 1747/1747/1747 1746/1746/1746
f 1749/1749/1749 1750/1750/1750 1747/1747/1747
f 1750/1750/1750 1745/1745/1745 1747/1747/1747
f 1750/1750/1750 1748/1748/1748 1745/1745/1745
f 1751/1751/1751 1749/1749/1749 1748/1748/1748
f 1751/1751/1751 1752/1752/1752 1749/1749/1749
f 1752/1752/1752 1750/1750/1750 1749/1749/1749
f 1752/1752/1752 1753/1753/1753 1750/1750/1750
f 1753/1753/1753 1748/1748/1748 1750/1750/1750
f 1753/1753/1753 1751/1751/1751 1748/1748/1748
f 1754/1754/1754 1752/1752/1752 1751/1751/1751
f 1754/1754/1754 1755/1755/1755 1752/1752/1752
f 1755/1755/1755 1753/1753/1753 1752/1752/1752
f 1755/1755/1755 1756/1756/1756 1753/1753/1753
f 1756/1756/1756 1751/1751/1751 1753/1753/1753
f 1756/1756/1756 1754/1754/1754 1751/1751/1751
f 1757/1757/1757 1755/1755/1755 1754/1754/1754
f 1757/1757/1757 1758/1758/1758 1755/1755/1755
f 1758/1758/1758 1756/1756/1756 1755/1755/1755
f 1758/1758/1758 1759/1759/1759 1756/1756/1756
f 1759/1759/1759 1754/1754/1754 1756/1756/1756
f 1759/1759/1759 1757/1757/1757 1754/1754/1754
f 1760/1760/1760 1758/1758/1758 1757/1757/1757
f 1760/1760/1760 1761/1761/1761 1758/1758/1758
f 1761/1761/1761 1759/1759/1759 1758/1758/1758
f 1761/1761/1761 1762/1762/1762 1759/1759/1759
f 1762/1762/1762 1757/1757/1757 1759/1759/1759
f 1762/1762/1762 1760/1760/1760 1757/1757/1757
f 1763/1763/1763 1761/1761/1761 1760/1760/1760
f 1763/1763/1763 1764/1764/1764 1761/1761/1761
f 1764/1764/1764 1762/1762/1762 1761/1761/1761
f 1764/1764/1764 1765/1765/1765 1762/1762/1762
f 1765/1765/1765 1760/1760/1760 1762/1762/1762
f 1765/1765/1765 1763/1763/1763 1760/1760/1760
f 1766/1766/1766 1764/1764/1764 1763/1763/1763
f 1766/1766/1766 1767/1767/1767 1764/1764/1764
f 1767/1767/1767 1765/1765/1765 1764/1764/1764
f 1767/1767/1767 1768/1768/1768 1765/1765/1765
f 1768/1768/1768 1763/1763/1763 1765/1765/1765
f 1768/1768/1768 1766/1766/1766 1763/1763/1763
f 1769/1769/1769 1767/1767/1767 1766/1766/1766
f 1769/1769/1769 1770/1770/1770 1767/1767/1767
f 1770/1770/1770 1768/1768/1768 1767/1767/1767
f 1770/1770/1770 1771/1771/1771 1768/1768/1768
f 1771/1771/1771 1766/1766/1766 1768/1768/1768
f 1771/1771/1771 1769/1769/1769 1766/1766/1766

v -0.077818 3.824892 2.564321
v 0.032019 3.791769 2.63452
v -0.063739 3.723854 2.632897
v -0.077303 3.826449 2.66544
v 0.017744 3.826781 2.671187
v -0.033062 3.74902 2.695487
v -0.082057 3.844199 2.725589
v -0.004672 3.851003 2.738691
v -0.045093 3.78439 2.756563
v -0.104154 3.872569 2.789551
v -0.035155 3.871844 2.799236
v -0.062838 3.815689 2.81378
v -0.123391 3.896676 2.85032
v -0.04817 3.910207 2.855502
v -0.083569 3.833536 2.879297
v -0.132412 3.932541 2.916854
v -0.045386 3.939032 2.90298
v -0.082377 3.858463 2.936498
v -0.131247 3.971508 2.968713
v -0.038468 3.965235 2.963608
v -0.086204 3.882488 2.990875
v -0.131514 3.991778 3.014528
v -0.039798 4.000048 3.022483
v -0.093053 3.906264 3.048528
v -0.13119 3.994566 3.019775
v -0.044724 4.003178 3.038335
v -0.097329 3.910545 3.056192
vn -0.901001 0.36476 0.234835
vn 0.554798 0.831942 0.008508
vn 0.206181 -0.71918 0.663528
vn -0.845272 0.444513 -0.296518
vn 0.876324 0.458362 -0.148195
vn -0.085957 -0.883243 0.460969
vn -0.856174 0.404939 -0.32092
vn 0.824033 0.559331 0.090106
vn -0.045668 -0.854103 0.518095
vn -0.824145 0.371491 -0.427526
vn 0.820535 0.570072 0.041716
vn 0.04826 -0.918998 0.391298
vn -0.870038 0.350898 -0.346272
vn 0.807194 0.547317 -0.22109
vn 0.08258 -0.958178 0.273999
vn -0.899085 0.331417 -0.286023
vn 0.808018 0.46324 -0.364027
vn 0.058911 -0.934285 0.351626
vn -0.852437 0.448755 -0.268273
vn 0.856006 0.46165 -0.232665
vn -0.001333 -0.888843 0.45821
vn -0.811444 0.456826 -0.364512
vn 0.849961 0.516391 -0.104431
vn -0.077714 -0.8875 0.454207
vn -0.530208 0.81293 -0.240883
vn 0.89448 0.159636 0.417639
vn -0.651788 -0.665105 0.364428
vt 0 0
vt 1 0
vt 0.5 0
vt 0 0.25
vt 1 0.25
vt 0.5 0.25
vt 0 0.5
vt 1 0.5
vt 0.5 0.5
vt 0 0.75
vt 1 0.75
vt 0.5 0.75
vt 0 1
vt 1 1
vt 0.5 1
vt 0 0.75
vt 1 0.75
vt 0.5 0.75
vt 0 0.5
vt 1 0.5
vt 0.5 0.5
vt 0 0.25
vt 1 0.25
vt 0.5 0.25
vt 0 0
vt 1 0
vt 0.5 0
usemtl nature_bark_linden_02_m_0001.jpg
f 1775/1775/1775 1773/1773/1773 1772/1772/1772
f 1775/1775/1775 1776/1776/1776 1773/1773/1773
f 1776/1776/1776 1774/1774/1774 1773/1773/1773
f 1776/1776/1776 1777/1777/1777 1774/1774/1774
f 1777/1777/1777 1772/1772/1772 1774/1774/1774
f 1777/1777/1777 1775/1775/1775 1772/1772/1772
f 1778/1778/1778 1776/1776/1776 1775/1775/1775
f 1778/1778/1778 1779/1779/1779 1776/1776/1776
f 1779/1779/1779 1777/1777/1777 1776/1776/1776
f 1779/1779/1779 1780/1780/1780 1777/1777/1777
f 1780/1780/1780 1775/1775/1775 1777/1777/1777
f 1780/1780/1780 1778/1778/1778 1775/1775/1775
f 1781/1781/1781 1779/1779/1779 1778/1778/1778
f 1781/1781/1781 1782/1782/1782 1779/1779/1779
f 1782/1782/1782 1780/1780/1780 1779/1779/1779
f 1782/1782/1782 1783/1783/1783 1780/1780/1780
f 1783/1783/1783 1778/1778/1778 1780/1780/1780
f 1783/1783/1783 1781/1781/1781 1778/1778/1778
f 1784/1784/1784 1782/1782/1782 1781/1781/1781
f 1784/1784/1784 1785/1785/1785 1782/1782/1782
f 1785/1785/1785 1783/1783/1783 1782/1782/1782
f 1785/1785/1785 1786/1786/1786 1783/1783/1783
f 1786/1786/1786 1781/1781/1781 1783/1783/1783
f 1786/1786/1786 1784/1784/1784 1781/1781/1781
f 1787/1787/1787 1785/1785/1785 1784/1784/1784
f 1787/1787/1787 1788/1788/1788 1785/1785/1785
f 1788/1788/1788 1786/1786/1786 1785/1785/1785
f 1788/1788/1788 1789/1789/1789 1786/1786/1786
f 1789/1789/1789 1784/1784/1784 1786/1786/1786
f 1789/1789/1789 1787/1787/1787 1784/1784/1784
f 1790/1790/1790 1788/1788/1788 1787/1787/1787
f 1790/1790/1790 1791/1791/1791 1788/1788/1788
f 1791/1791/1791 1789/1789/1789 1788/1788/1788
f 1791/1791/1791 1792/1792/1792 1789/1789/1789
f 1792/1792/1792 1787/1787/1787 1789/1789/1789
f 1792/1792/1792 1790/1790/1790 1787/1787/1787
f 1793/1793/1793 1791/1791/1791 1790/1790/1790
f 1793/1793/1793 1794/1794/1794 1791/1791/1791
f 1794/1794/1794 1792/1792/1792 1791/1791/1791
f 1794/1794/1794 1795/1795/1795 1792/1792/1792
f 1795/1795/1795 1790/1790/1790 1792/1792/1792
f 1795/1795/1795 1793/1793/1793 1790/1790/1790
f 1796/1796/1796 1794/1794/1794 1793/1793/1793
f 1796/1796/1796 1797/1797/1797 1794/1794/1794
f 1797/1797/1797 1795/1795/1795 1794/1794/1794
f 1797/1797/1797 1798/1798/1798 1795/1795/1795
f 1798/1798/1798 1793/1793/1793 1795/1795/1795
f 1798/1798/1798 1796/1796/1796 1793/1793/1793

v 0.040156 4.043731 2.26149
v 0.137525 4.025254 2.340291
v 0.02828 3.986529 2.366983
v 0.03264 4.094839 2.2911
v 0.121234 4.120216 2.372346
v 0.018622 4.070035 2.392071
v 0.018456 4.191485 2.350593
v 0.105208 4.188315 2.385763
v 0.02536 4.167355 2.438018
v -0.007767 4.289864 2.384302
v 0.085831 4.270317 2.39166
v 0.017637 4.237421 2.470165
v -0.02158 4.327442 2.418676
v 0.060231 4.334517 2.426949
v -0.008274 4.291364 2.505659
v -0.036402 4.372908 2.432475
v 0.038252 4.38569 2.467198
v -0.048488 4.366133 2.529252
v -0.064455 4.455961 2.469096
v 0.02885 4.44185 2.477893
v -0.038772 4.418203 2.551135
v -0.069067 4.540453 2.497932
v 0.034566 4.529878 2.507982
v -0.035851 4.483213 2.582142
v -0.069684 4.556063 2.501721
v 0.037352 4.542973 2.517478
v -0.038851 4.49016 2.582854
vn -0.805985 0.198379 -0.557704
vn 0.899962 0.333603 -0.280673
vn -0.206509 -0.311553 0.927517
vn -0.438307 0.4179 -0.795768
vn 0.959755 0.203231 0.193824
vn -0.62022 -0.257115 0.741094
vn -0.588369 0.198302 -0.783899
vn 0.986643 0.134211 -0.092323
vn -0.433341 -0.273353 0.858775
vn -0.661268 0.03492 -0.749336
vn 0.894619 0.413229 -0.169995
vn -0.223022 -0.47791 0.849625
vn -0.670307 0.117477 -0.732726
vn 0.886325 0.409529 -0.216133
vn -0.239636 -0.549601 0.800321
vn -0.624599 0.28589 -0.726735
vn 0.904399 0.414643 -0.100669
vn -0.399357 -0.388019 0.830635
vn -0.731491 0.131342 -0.669081
vn 0.940977 0.061285 -0.332875
vn -0.245884 -0.483347 0.840188
vn -0.740429 0.068516 -0.668633
vn 0.923696 0.024526 -0.382341
vn -0.251139 -0.442612 0.860827
vn -0.366796 0.385856 -0.846508
vn 0.953562 0.150152 0.2611
vn -0.72872 -0.192815 0.657107
vt 0 0
vt 1 0
vt 0.5 0
vt 0 0.25
vt 1 0.25
vt 0.5 0.25
vt 0 0.5
vt 1 0.5
vt 0.5 0.5
vt 0 0.75
vt 1 0.75
vt 0.5 0.75
vt 0 1
vt 1 1
vt 0.5 1
vt 0 0.75
vt 1 0.75
vt 0.5 0.75
vt 0 0.5
vt 1 0.5
vt 0.5 0.5
vt 0 0.25
vt 1 0.25
vt 0.5 0.25
vt 0 0
vt 1 0
vt 0.5 0
usemtl nature_bark_linden_02_m_0001.jpg
f 1802/1802/1802 1800/1800/1800 1799/1799/1799
f 1802/1802/1802 1803/1803/1803 1800/1800/1800
f 1803/1803/1803 1801/1801/1801 1800/1800/1800
f 1803/1803/1803 1804/1804/1804 1801/1801/1801
f 1804/1804/1804 1799/1799/1799 1801/1801/1801
f 1804/1804/1804 1802/1802/1802 1799/1799/1799
f 1805/1805/1805 1803/1803/1803 1802/1802/1802
f 1805/1805/1805 1806/1806/1806 1803/1803/1803
f 1806/1806/1806 1804/1804/1804 1803/1803/1803
f 1806/1806/1806 1807/1807/1807 1804/1804/1804
f 1807/1807/1807 1802/1802/1802 1804/1804/1804
f 1807/1807/1807 1805/1805/1805 1802/1802/1802
f 1808/1808/1808 1806/1806/1806 1805/1805/1805
f 1808/1808/1808 1809/1809/1809 1806/1806/1806
f 1809/1809/1809 1807/1807/1807 1806/1806/1806
f 1809/1809/1809 1810/1810/1810 1807/1807/1807
f 1810/1810/1810 1805/1805/1805 1807/1807/1807
f 1810/1810/1810 1808/1808/1808 1805/1805/1805
f 1811/1811/1811 1809/1809/1809 1808/1808/1808
f 1811/1811/1811 1812/1812/1812 1809/1809/1809
f 1812/1812/1812 1810/1810/1810 1809/1809/1809
f 1812/1812/1812 1813/1813/1813 1810/1810/1810
f 1813/1813/1813 1808/1808/1808 1810/1810/1810
f 1813/1813/1813 1811/1811/1811 1808/1808/1808
f 1814/1814/1814 1812/1812/1812 1811/1811/1811
f 1814/1814/1814 1815/1815/1815 1812/1812/1812
f 1815/1815/1815 1813/1813/1813 1812/1812/1812
f 1815/1815/1815 1816/1816/1816 1813/1813/1813
f 1816/1816/1816 1811/1811/1811 1813/1813/1813
f 1816/1816/1816 1814/1814/1814 1811/1811/1811
f 1817/1817/1817 1815/1815/1815 1814/1814/1814
f 1817/1817/1817 1818/1818/1818 1815/1815/1815
f 1818/1818/1818 1816/1816/1816 1815/1815/1815
f 1818/1818/1818 1819/1819/1819 1816/1816/1816
f 1819/1819/1819 1814/1814/1814 1816/1816/1816
f 1819/1819/1819 1817/1817/1817 1814/1814/1814
f 1820/1820/1820 1818/1818/1818 1817/1817/1817
f 1820/1820/1820 1821/1821/1821 1818/1818/1818
f 1821/1821/1821 1819/1819/1819 1818/1818/1818
f 1821/1821/1821 1822/1822/1822 1819/1819/1819
f 1822/1822/1822 1817/1817/1817 1819/1819/1819
f 1822/1822/1822 1820/1820/1820 1817/1817/1817
f 1823/1823/1823 1821/1821/1821 1820/1820/1820
f 1823/1823/1823 1824/1824/1824 1821/1821/1821
f 1824/1824/1824 1822/1822/1822 1821/1821/1821
f 1824/1824/1824 1825/1825/1825 1822/1822/1822
f 1825/1825/1825 1820/1820/1820 1822/1822/1822
f 1825/1825/1825 1823/1823/1823 1820/1820/1820

v 1.029177 3.86565 1.995299
v 1.120234 3.860957 1.966925
v 1.06993 3.815134 2.06106
v 1.042658 3.907924 2.033816
v 1.108491 3.916772 1.965694
v 1.127641 3.877607 2.043533
v 1.058648 3.961666 2.039964
v 1.1389 3.964955 1.987467
v 1.135313 3.917938 2.06367
v 1.093463 4.006773 2.064729
v 1.153765 3.998297 1.995618
v 1.176499 3.987975 2.069493
v 1.110825 4.059108 2.068066
v 1.178709 4.079256 2.010871
v 1.181001 4.058376 2.086874
v 1.129559 4.133692 2.088618
v 1.185017 4.145553 2.019965
v 1.20041 4.118614 2.090129
v 1.150268 4.192898 2.106549
v 1.182752 4.198167 2.02378
v 1.216666 4.177792 2.07893
v 1.163854 4.246876 2.115849
v 1.208399 4.239196 2.037772
v 1.233975 4.218581 2.104347
v 1.163827 4.251448 2.108083
v 1.218624 4.243486 2.043448
v 1.23501 4.234806 2.118081
vn -0.658877 0.504409 0.55808
vn -0.048328 0.638443 -0.76815
vn 0.790832 0.080131 0.606765
vn -0.972731 -0.075497 0.219304
vn 0.161737 -0.053363 -0.98539
vn 0.56372 -0.616339 0.54986
vn -0.836699 0.437975 0.328806
vn 0.41636 0.27916 -0.865283
vn 0.593003 -0.409463 0.693316
vn -0.879551 0.301153 0.368372
vn 0.227658 -0.000207 -0.973741
vn 0.665196 -0.382582 0.641206
vn -0.910723 0.265074 0.316732
vn 0.318968 0.186633 -0.929208
vn 0.664375 -0.173059 0.727087
vn -0.861705 0.216106 0.459089
vn 0.205077 0.120388 -0.971314
vn 0.770876 -0.189491 0.608147
vn -0.80101 -0.178468 0.57143
vn -0.005401 0.12186 -0.992533
vn 0.842645 -0.432852 0.320294
vn -0.888179 0.116828 0.444398
vn 0.230668 -0.092685 -0.968608
vn 0.699551 -0.585926 0.409048
vn -0.56271 0.820058 -0.104223
vn 0.795431 0.193211 -0.574421
vn 0.65793 0.221791 0.719679
vt 0 0
vt 1 0
vt 0.5 0
vt 0 0.25
vt 1 0.25
vt 0.5 0.25
vt 0 0.5
vt 1 0.5
vt 0.5 0.5
vt 0 0.75
vt 1 0.75
vt 0.5 0.75
vt 0 1
vt 1 1
vt 0.5 1
vt 0 0.75
vt 1 0.75
vt 0.5 0.75
vt 0 0.5
vt 1 0.5
vt 0.5 0.5
vt 0 0.25
vt 1 0.25
vt 0.5 0.25
vt 0 0
vt 1 0
vt 0.5 0
usemtl nature_bark_linden_02_m_0001.jpg
f 1829/1829/1829 1827/1827/1827 1826/1826/1826
f 1829/1829/1829 1830/1830/1830 1827/1827/1827
f 1830/1830/1830 1828/1828/1828 1827/1827/1827
f 1830/1830/1830 1831/1831/1831 1828/1828/1828
f 1831/1831/1831 1826/1826/1826 1828/1828/1828
f 1831/1831/1831 1829/1829/1829 1826/1826/1826
f 1832/1832/1832 1830/1830/1830 1829/1829/1829
f 1832/1832/1832 1833/1833/1833 1830/1830/1830
f 1833/1833/1833 1831/1831/1831 1830/1830/1830
f 1833/1833/1833 1834/1834/1834 1831/1831/1831
f 1834/1834/1834 1829/1829/1829 1831/1831/1831
f 1834/1834/1834 1832/1832/1832 1829/1829/1829
f 1835/1835/1835 1833/1833/1833 1832/1832/1832
f 1835/1835/1835 1836/1836/1836 1833/1833/1833
f 1836/1836/1836 1834/1834/1834 1833/1833/1833
f 1836/1836/1836 1837/1837/1837 1834/1834/1834
f 1837/1837/1837 1832/1832/1832 1834/1834/1834
f 1837/1837/1837 1835/1835/1835 1832/1832/1832
f 1838/1838/1838 1836/1836/1836 1835/1835/1835
f 1838/1838/1838 1839/1839/1839 1836/1836/1836
f 1839/1839/1839 1837/1837/1837 1836/1836/1836
f 1839/1839/1839 1840/1840/1840 1837/1837/1837
f 1840/1840/1840 1835/1835/1835 1837/1837/1837
f 1840/1840/1840 1838/1838/1838 1835/1835/1835
f 1841/1841/1841 1839/1839/1839 1838/1838/1838
f 1841/1841/1841 1842/1842/1842 1839/1839/1839
f 1842/1842/1842 1840/1840/1840 1839/1839/1839
f 1842/1842/1842 1843/1843/1843 1840/1840/1840
f 1843/1843/1843 1838/1838/1838 1840/1840/1840
f 1843/1843/1843 1841/1841/1841 1838/1838/1838
f 1844/1844/1844 1842/1842/1842 1841/1841/1841
f 1844/1844/1844 1845/1845/1845 1842/1842/1842
f 1845/1845/1845 1843/1843/1843 1842/1842/1842
f 1845/1845/1845 1846/1846/1846 1843/1843/1843
f 1846/1846/1846 1841/1841/1841 1843/1843/1843
f 1846/1846/1846 1844/1844/1844 1841/1841/1841
f 1847/1847/1847 1845/1845/1845 1844/1844/1844
f 1847/1847/1847 1848/1848/1848 1845/1845/1845
f 1848/1848/1848 1846/1846/1846 1845/1845/1845
f 1848/1848/1848 1849/1849/1849 1846/1846/1846
f 1849/1849/1849 1844/1844/1844 1846/1846/1846
f 1849/1849/1849 1847/1847/1847 1844/1844/1844
f 1850/1850/1850 1848/1848/1848 1847/1847/1847
f 1850/1850/1850 1851/1851/1851 1848/1848/1848
f 1851/1851/1851 1849/1849/1849 1848/1848/1848
f 1851/1851/1851 1852/1852/1852 1849/1849/1849
f 1852/1852/1852 1847/1847/1847 1849/1849/1849
f 1852/1852/1852 1850/1850/1850 1847/1847/1847

v -0.53784 4.01706 0.554889
v -0.470569 4.047354 0.491123
v -0.421861 4.023936 0.573423
v -0.559738 4.0661 0.511708
v -0.471255 4.106499 0.499632
v -0.504131 4.120771 0.574841
v -0.58688 4.138145 0.524815
v -0.504698 4.196194 0.487281
v -0.505761 4.175359 0.569889
v -0.62331 4.223821 0.526422
v -0.549855 4.268272 0.487887
v -0.541547 4.260725 0.564567
v -0.663336 4.261165 0.537247
v -0.603931 4.294832 0.489304
v -0.582084 4.303586 0.56642
v -0.699695 4.29567 0.563549
v -0.656159 4.362876 0.505896
v -0.613698 4.342635 0.573702
v -0.715219 4.362341 0.59754
v -0.694958 4.427077 0.528077
v -0.641197 4.435403 0.588892
v -0.717234 4.467289 0.630215
v -0.717456 4.498673 0.561795
v -0.659365 4.519145 0.603336
v -0.728234 4.492614 0.631087
v -0.712116 4.514779 0.560761
v -0.665479 4.532328 0.614251
vn -0.7374 -0.409308 0.537316
vn 0.170953 -0.22052 -0.960284
vn 0.852238 0.332476 0.403919
vn -0.961014 -0.209347 -0.180627
vn 0.516353 0.307716 -0.799181
vn 0.294078 0.349984 0.889398
vn -0.915568 -0.395892 -0.070749
vn 0.602142 0.12306 -0.788848
vn 0.422184 0.193619 0.885592
vn -0.803531 -0.595221 -0.007117
vn 0.407013 0.304992 -0.861
vn 0.333904 0.456731 0.824564
vn -0.587499 -0.803296 0.097777
vn 0.114868 0.41806 -0.901128
vn 0.590537 0.344248 0.729904
vn -0.737276 -0.606041 0.29856
vn -0.004393 0.4482 -0.893922
vn 0.792972 0.203227 0.574364
vn -0.663517 -0.409147 0.626374
vn -0.246469 0.323634 -0.913518
vn 0.947826 0.167567 0.271196
vn -0.538421 -0.402482 0.740345
vn -0.380402 0.054151 -0.923234
vn 0.994467 0.007156 0.104801
vn -0.923077 -0.01082 0.384462
vn 0.059453 0.451653 -0.89021
vn 0.727812 0.252072 0.637769
vt 0 0
vt 1 0
vt 0.5 0
vt 0 0.25
vt 1 0.25
vt 0.5 0.25
vt 0 0.5
vt 1 0.5
vt 0.5 0.5
vt 0 0.75
vt 1 0.75
vt 0.5 0.75
vt 0 1
vt 1 1
vt 0.5 1
vt 0 0.75
vt 1 0.75
vt 0.5 0.75
vt 0 0.5
vt 1 0.5
vt 0.5 0.5
vt 0 0.25
vt 1 0.25
vt 0.5 0.25
vt 0 0
vt 1 0
vt 0.5 0
usemtl nature_bark_linden_02_m_0001.jpg
f 1856/1856/1856 1854/1854/1854 1853/1853/1853
f 1856/1856/1856 1857/1857/1857 1854/1854/1854
f 1857/1857/1857 1855/1855/1855 1854/1854/1854
f 1857/1857/1857 1858/1858/1858 1855/1855/1855
f 1858/1858/1858 1853/1853/1853 1855/1855/1855
f 1858/1858/1858 1856/1856/1856 1853/1853/1853
f 1859/1859/1859 1857/1857/1857 1856/1856/1856
f 1859/1859/1859 1860/1860/1860 1857/1857/1857
f 1860/1860/1860 1858/1858/1858 1857/1857/1857
f 1860/1860/1860 1861/1861/1861 1858/1858/1858
f 1861/1861/1861 1856/1856/1856 1858/1858/1858
f 1861/1861/1861 1859/1859/1859 1856/1856/1856
f 1862/1862/1862 1860/1860/1860 1859/1859/1859
f 1862/1862/1862 1863/1863/1863 1860/1860/1860
f 1863/1863/1863 1861/1861/1861 1860/1860/1860
f 1863/1863/1863 1864/1864/1864 1861/1861/1861
f 1864/1864/1864 1859/1859/1859 1861/1861/1861
f 1864/1864/1864 1862/1862/1862 1859/1859/1859
f 1865/1865/1865 1863/1863/1863 1862/1862/1862
f 1865/1865/1865 1866/1866/1866 1863/1863/1863
f 1866/1866/1866 1864/1864/1864 1863/1863/1863
f 1866/1866/1866 1867/1867/1867 1864/1864/1864
f 1867/1867/1867 1862/1862/1862 1864/1864/1864
f 1867/1867/1867 1865/1865/1865 1862/1862/1862
f 1868/1868/1868 1866/1866/1866 1865/1865/1865
f 1868/1868/1868 1869/1869/1869 1866/1866/1866
f 1869/1869/1869 1867/1867/1867 1866/1866/1866
f 1869/1869/1869 1870/1870/1870 1867/1867/1867
f 1870/1870/1870 1865/1865/1865 1867/1867/1867
f 1870/1870/1870 1868/1868/1868 1865/1865/1865
f 1871/1871/1871 1869/1869/1869 1868/1868/1868
f 1871/1871/1871 1872/1872/1872 1869/1869/1869
f 1872/1872/1872 1870/1870/1870 1869/1869/1869
f 1872/1872/1872 1873/1873/1873 1870/1870/1870
f 1873/1873/1873 1868/1868/1868 1870/1870/1870
f 1873/1873/1873 1871/1871/1871 1868/1868/1868
f 1874/1874/1874 1872/1872/1872 1871/1871/1871
f 1874/1874/1874 1875/1875/1875 1872/1872/1872
f 1875/1875/1875 1873/1873/1873 1872/1872/1872
f 1875/1875/1875 1876/1876/1876 1873/1873/1873
f 1876/1876/1876 1871/1871/1871 1873/1873/1873
f 1876/1876/1876 1874/1874/1874 1871/1871/1871
f 1877/1877/1877 1875/1875/1875 1874/1874/1874
f 1877/1877/1877 1878/1878/1878 1875/1875/1875
f 1878/1878/1878 1876/1876/1876 1875/1875/1875
f 1878/1878/1878 1879/1879/1879 1876/1876/1876
f 1879/1879/1879 1874/1874/1874 1876/1876/1876
f 1879/1879/1879 1877/1877/1877 1874/1874/1874

v -1.469304 3.194552 0.102406
v -1.492152 3.155826 0.026444
v -1.436637 3.189522 0.007464
v -1.523149 3.234055 0.055241
v -1.516353 3.185103 -0.0176
v -1.459727 3.221323 -0.005189
v -1.555901 3.320492 0.003871
v -1.542107 3.240024 -0.058698
v -1.49237 3.302832 -0.048137
v -1.579889 3.367074 -0.020043
v -1.585441 3.29683 -0.088156
v -1.532729 3.35651 -0.086263
v -1.619174 3.41607 -0.069573
v -1.618083 3.365833 -0.127191
v -1.564726 3.422345 -0.125211
v -1.658711 3.438906 -0.119599
v -1.666403 3.399651 -0.163792
v -1.609887 3.432423 -0.171585
v -1.711945 3.471244 -0.175047
v -1.718405 3.406511 -0.210309
v -1.656874 3.479542 -0.223029
v -1.774358 3.492523 -0.219672
v -1.776872 3.449214 -0.252096
v -1.731431 3.488309 -0.271989
v -1.779305 3.494972 -0.223018
v -1.79151 3.446872 -0.256031
v -1.750821 3.491973 -0.282277
vn 0.281947 0.708936 0.646465
vn -0.648784 -0.760713 0.019897
vn 0.684844 -0.142488 -0.714623
vn -0.374315 0.321693 0.869714
vn -0.514921 -0.666235 -0.539433
vn 0.834569 0.344086 -0.430232
vn -0.397234 0.393179 0.829226
vn -0.472478 -0.652201 -0.592788
vn 0.895213 0.319014 -0.311165
vn -0.293598 0.345418 0.89134
vn -0.517233 -0.645021 -0.56251
vn 0.885505 0.26119 -0.384266
vn -0.594563 0.531965 0.602916
vn -0.432794 -0.760294 -0.484399
vn 0.835453 0.334274 -0.436211
vn -0.443076 0.449303 0.775765
vn -0.310772 -0.948645 -0.059107
vn 0.816772 0.308504 -0.487553
vn -0.459269 0.515132 0.723679
vn -0.320565 -0.9449 -0.066354
vn 0.67983 0.460693 -0.570608
vn -0.393107 0.559674 0.729542
vn -0.173097 -0.984301 -0.034477
vn 0.558715 0.393171 -0.730243
vn -0.250438 -0.030836 0.967642
vn 0.205702 -0.937654 -0.280164
vn 0.497673 0.798228 -0.339343
vt 0 0
vt 1 0
vt 0.5 0
vt 0 0.25
vt 1 0.25
vt 0.5 0.25
vt 0 0.5
vt 1 0.5
vt 0.5 0.5
vt 0 0.75
vt 1 0.75
vt 0.5 0.75
vt 0 1
vt 1 1
vt 0.5 1
vt 0 0.75
vt 1 0.75
vt 0.5 0.75
vt 0 0.5
vt 1 0.5
vt 0.5 0.5
vt 0 0.25
vt 1 0.25
vt 0.5 0.25
vt 0 0
vt 1 0
vt 0.5 0
usemtl nature_bark_linden_02_m_0001.jpg
f 1883/1883/1883 1881/1881/1881 1880/1880/1880
f 1883/1883/1883 1884/1884/1884 1881/1881/1881
f 1884/1884/1884 1882/1882/1882 1881/1881/1881
f 1884/1884/1884 1885/1885/1885 1882/1882/1882
f 1885/1885/1885 1880/1880/1880 1882/1882/1882
f 1885/1885/1885 1883/1883/1883 1880/1880/1880
f 1886/1886/1886 1884/1884/1884 1883/1883/1883
f 1886/1886/1886 1887/1887/1887 1884/1884/1884
f 1887/1887/1887 1885/1885/1885 1884/1884/1884
f 1887/1887/1887 1888/1888/1888 1885/1885/1885
f 1888/1888/1888 1883/1883/1883 1885/1885/1885
f 1888/1888/1888 1886/1886/1886 1883/1883/1883
f 1889/1889/1889 1887/1887/1887 1886/1886/1886
f 1889/1889/1889 1890/1890/1890 1887/1887/1887
f 1890/1890/1890 1888/1888/1888 1887/1887/1887
f 1890/1890/1890 1891/1891/1891 1888/1888/1888
f 1891/1891/1891 1886/1886/1886 1888/1888/1888
f 1891/1891/1891 1889/1889/1889 1886/1886/1886
f 1892/1892/1892 1890/1890/1890 1889/1889/1889
f 1892/1892/1892 1893/1893/1893 1890/1890/1890
f 1893/1893/1893 1891/1891/1891 1890/1890/1890
f 1893/1893/1893 1894/1894/1894 1891/1891/1891
f 1894/1894/1894 1889/1889/1889 1891/1891/1891
f 1894/1894/1894 1892/1892/1892 1889/1889/1889
f 1895/1895/1895 1893/1893/1893 1892/1892/1892
f 1895/1895/1895 1896/1896/1896 1893/1893/1893
f 1896/1896/1896 1894/1894/1894 1893/1893/1893
f 1896/1896/1896 1897/1897/1897 1894/1894/1894
f 1897/1897/1897 1892/1892/1892 1894/1894/1894
f 1897/1897/1897 1895/1895/1895 1892/1892/1892
f 1898/1898/1898 1896/1896/1896 1895/1895/1895
f 1898/1898/1898 1899/1899/1899 1896/1896/1896
f 1899/1899/1899 1897/1897/1897 1896/1896/1896
f 1899/1899/1899 1900/1900/1900 1897/1897/1897
f 1900/1900/1900 1895/1895/1895 1897/1897/1897
f 1900/1900/1900 1898/1898/1898 1895/1895/1895
f 1901/1901/1901 1899/1899/1899 1898/1898/1898
f 1901/1901/1901 1902/1902/1902 1899/1899/1899
f 1902/1902/1902 1900/1900/1900 1899/1899/1899
f 1902/1902/1902 1903/1903/1903 1900/1900/1900
f 1903/1903/1903 1898/1898/1898 1900/1900/1900
f 1903/1903/1903 1901/1901/1901 1898/1898/1898
f 1904/1904/1904 1902/1902/1902 1901/1901/1901
f 1904/1904/1904 1905/1905/1905 1902/1902/1902
f 1905/1905/1905 1903/1903/1903 1902/1902/1902
f 1905/1905/1905 1906/1906/1906 1903/1903/1903
f 1906/1906/1906 1901/1901/1901 1903/1903/1903
f 1906/1906/1906 1904/1904/1904 1901/1901/1901

v -0.744857 4.550882 1.916772
v -0.708902 4.639933 1.810892
v -0.650248 4.623359 1.91743
v -0.751813 4.590872 1.974831
v -0.76448 4.668355 1.88741
v -0.6775 4.675119 1.942157
v -0.777699 4.637216 2.024003
v -0.79472 4.709939 1.934239
v -0.686894 4.729423 1.984658
v -0.807286 4.677499 2.066142
v -0.813975 4.76155 1.975537
v -0.703333 4.784932 2.039821
v -0.819982 4.722839 2.115929
v -0.840805 4.819042 2.026406
v -0.722862 4.83773 2.083837
v -0.845777 4.814298 2.155531
v -0.852206 4.8919 2.064853
v -0.755549 4.891721 2.140041
v -0.863856 4.88945 2.212486
v -0.878073 4.961438 2.123834
v -0.791556 4.937534 2.17474
v -0.891519 4.945773 2.267823
v -0.901742 5.007096 2.165283
v -0.814159 4.985867 2.208855
v -0.887148 4.957438 2.278656
v -0.914463 5.015845 2.186933
v -0.818562 4.998348 2.20786
vn 0.015579 -0.508271 0.861056
vn -0.852789 0.333889 -0.401583
vn 0.657817 0.748327 0.085342
vn -0.251053 -0.86294 0.438527
vn -0.556652 0.360224 -0.748583
vn 0.955235 0.295707 -0.009165
vn -0.275111 -0.81165 0.515305
vn -0.592596 0.288218 -0.75217
vn 0.948716 0.307118 -0.074939
vn -0.35247 -0.735735 0.578325
vn -0.621141 0.38128 -0.684697
vn 0.936944 0.349061 0.017117
vn -0.40944 -0.629901 0.659988
vn -0.61847 0.338666 -0.709084
vn 0.966192 0.257478 -0.013343
vn -0.487455 -0.489419 0.723089
vn -0.57524 0.433595 -0.69361
vn 0.877926 0.393291 0.273071
vn -0.364925 -0.645056 0.671366
vn -0.530584 0.434136 -0.728016
vn 0.914999 0.339124 0.218567
vn -0.392083 -0.511454 0.764647
vn -0.558432 0.596955 -0.57602
vn 0.902085 0.40108 0.159304
vn -0.662411 -0.707113 0.247392
vn -0.155803 0.207172 -0.965818
vn 0.961622 -0.238205 0.13617
vt 0 0
vt 1 0
vt 0.5 0
vt 0 0.25
vt 1 0.25
vt 0.5 0.25
vt 0 0.5
vt 1 0.5
vt 0.5 0.5
vt 0 0.75
vt 1 0.75
vt 0.5 0.75
vt 0 1
vt 1 1
vt 0.5 1
vt 0 0.75
vt 1 0.75
vt 0.5 0.75
vt 0 0.5
vt 1 0.5
vt 0.5 0.5
vt 0 0.25
vt 1 0.25
vt 0.5 0.25
vt 0 0
vt 1 0
vt 0.5 0
usemtl nature_bark_linden_02_m_0001.jpg
f 1910/1910/1910 1908/1908/1908 1907/1907/1907
f 1910/1910/1910 1911/1911/1911 1908/1908/1908
f 1911/1911/1911 1909/1909/1909 1908/1908/1908
f 1911/1911/1911 1912/1912/1912 1909/1909/1909
f 1912/1912/1912 1907/1907/1907 1909/1909/1909
f 1912/1912/1912 1910/1910/1910 1907/1907/1907
f 1913/1913/1913 1911/1911/1911 1910/1910/1910
f 1913/1913/1913 1914/1914/1914 1911/1911/1911
f 1914/1914/1914 1912/1912/1912 1911/1911/1911
f 1914/1914/1914 1915/1915/1915 1912/1912/1912
f 1915/1915/1915 1910/1910/1910 1912/1912/1912
f 1915/1915/1915 1913/1913/1913 1910/1910/1910
f 1916/1916/1916 1914/1914/1914 1913/1913/1913
f 1916/1916/1916 1917/1917/1917 1914/1914/1914
f 1917/1917/1917 1915/1915/1915 1914/1914/1914
f 1917/1917/1917 1918/1918/1918 1915/1915/1915
f 1918/1918/1918 1913/1913/1913 1915/1915/1915
f 1918/1918/1918 1916/1916/1916 1913/1913/1913
f 1919/1919/1919 1917/1917/1917 1916/1916/1916
f 1919/1919/1919 1920/1920/1920 1917/1917/1917
f 1920/1920/1920 1918/1918/1918 1917/1917/1917
f 1920/1920/1920 1921/1921/1921 1918/1918/1918
f 1921/1921/1921 1916/1916/1916 1918/1918/1918
f 1921/1921/1921 1919/1919/1919 1916/1916/1916
f 1922/1922/1922 1920/1920/1920 1919/1919/1919
f 1922/1922/1922 1923/1923/1923 1920/1920/1920
f 1923/1923/1923 1921/1921/1921 1920/1920/1920
f 1923/1923/1923 1924/1924/1924 1921/1921/1921
f 1924/1924/1924 1919/1919/1919 1921/1921/1921
f 1924/1924/1924 1922/1922/1922 1919/1919/1919
f 1925/1925/1925 1923/1923/1923 1922/1922/1922
f 1925/1925/1925 1926/1926/1926 1923/1923/1923
f 1926/1926/1926 1924/1924/1924 1923/1923/1923
f 1926/1926/1926 1927/1927/1927 1924/1924/1924
f 1927/1927/1927 1922/1922/1922 1924/1924/1924
f 1927/1927/1927 1925/1925/1925 1922/1922/1922
f 1928/1928/1928 1926/1926/1926 1925/1925/1925
f 1928/1928/1928 1929/1929/1929 1926/1926/1926
f 1929/1929/1929 1927/1927/1927 1926/1926/1926
f 1929/1929/1929 1930/1930/1930 1927/1927/1927
f 1930/1930/1930 1925/1925/1925 1927/1927/1927
f 1930/1930/1930 1928/1928/1928 1925/1925/1925
f 1931/1931/1931 1929/1929/1929 1928/1928/1928
f 1931/1931/1931 1932/1932/1932 1929/1929/1929
f 1932/1932/1932 1930/1930/1930 1929/1929/1929
f 1932/1932/1932 1933/1933/1933 1930/1930/1930
f 1933/1933/1933 1928/1928/1928 1930/1930/1930
f 1933/1933/1933 1931/1931/1931 1928/1928/1928

v -0.74702 4.551539 1.915645
v -0.704851 4.641062 1.813281
v -0.647468 4.623069 1.919687
v -0.781202 4.632069 1.896479
v -0.710655 4.659151 1.822186
v -0.71263 4.680513 1.938654
v -0.814492 4.672105 1.91543
v -0.761697 4.707207 1.831046
v -0.741277 4.718304 1.934346
v -0.849677 4.695988 1.922145
v -0.804506 4.777049 1.849176
v -0.784828 4.768537 1.944844
v -0.89431 4.759591 1.936083
v -0.843455 4.842642 1.858527
v -0.822617 4.845123 1.943762
v -0.929 4.858733 1.949545
v -0.881786 4.888924 1.869141
v -0.847523 4.915499 1.951404
v -0.959796 4.906652 1.97272
v -0.92805 4.953969 1.888543
v -0.865092 4.942926 1.966172
v -0.99848 4.956894 1.973295
v -0.951037 5.001887 1.895536
v -0.906228 4.995499 1.980588
v -1.003537 4.960785 1.969889
v -0.955889 5.011178 1.90006
v -0.915376 5.012581 1.987
vn -0.614008 -0.373803 0.695173
vn -0.319192 0.062259 -0.945643
vn 0.8141 0.524204 0.249904
vn -0.909687 -0.364865 0.19835
vn 0.039173 0.442708 -0.89581
vn 0.416528 0.536783 0.733736
vn -0.596626 -0.744993 0.298367
vn 0.178617 0.188157 -0.96576
vn 0.615166 0.295587 0.730889
vn -0.722122 -0.607556 0.330781
vn 0.15732 0.335952 -0.928648
vn 0.633137 0.282449 0.720667
vn -0.794796 -0.475595 0.376974
vn 0.147433 0.271588 -0.951054
vn 0.703195 0.324557 0.632598
vn -0.669758 -0.626958 0.397929
vn -0.016338 0.184849 -0.982631
vn 0.792215 0.334264 0.510552
vn -0.678511 -0.58318 0.446681
vn -0.051612 0.159145 -0.985905
vn 0.829313 0.274256 0.48685
vn -0.710088 -0.584946 0.391935
vn 0.143323 0.150628 -0.978146
vn 0.723962 0.370326 0.582012
vn -0.897437 -0.388338 -0.209284
vn 0.400301 0.549371 -0.733451
vn 0.285675 0.326823 0.900875
vt 0 0
vt 1 0
vt 0.5 0
vt 0 0.25
vt 1 0.25
vt 0.5 0.25
vt 0 0.5
vt 1 0.5
vt 0.5 0.5
vt 0 0.75
vt 1 0.75
vt 0.5 0.75
vt 0 1
vt 1 1
vt 0.5 1
vt 0 0.75
vt 1 0.75
vt 0.5 0.75
vt 0 0.5
vt 1 0.5
vt 0.5 0.5
vt 0 0.25
vt 1 0.25
vt 0.5 0.25
vt 0 0
vt 1 0
vt 0.5 0
usemtl nature_bark_linden_02_m_0001.jpg
f 1937/1937/1937 1935/1935/1935 1934/1934/1934
f 1937/1937/1937 1938/1938/1938 1935/1935/1935
f 1938/1938/1938 1936/1936/1936 1935/1935/1935
f 1938/1938/1938 1939/1939/1939 1936/1936/1936
f 1939/1939/1939 1934/1934/1934 1936/1936/1936
f 1939/1939/1939 1937/1937/1937 1934/1934/1934
f 1940/1940/1940 1938/1938/1938 1937/1937/1937
f 1940/1940/1940 1941/1941/1941 1938/1938/1938
f 1941/1941/1941 1939/1939/1939 1938/1938/1938
f 1941/1941/1941 1942/1942/1942 1939/1939/1939
f 1942/1942/1942 1937/1937/1937 1939/1939/1939
f 1942/1942/1942 1940/1940/1940 1937/1937/1937
f 1943/1943/1943 1941/1941/1941 1940/1940/1940
f 1943/1943/1943 1944/1944/1944 1941/1941/1941
f 1944/1944/1944 1942/1942/1942 1941/1941/1941
f 1944/1944/1944 1945/1945/1945 1942/1942/1942
f 1945/1945/1945 1940/1940/1940 1942/1942/1942
f 1945/1945/1945 1943/1943/1943 1940/1940/1940
f 1946/1946/1946 1944/1944/1944 1943/1943/1943
f 1946/1946/1946 1947/1947/1947 1944/1944/1944
f 1947/1947/1947 1945/1945/1945 1944/1944/1944
f 1947/1947/1947 1948/1948/1948 1945/1945/1945
f 1948/1948/1948 1943/1943/1943 1945/1945/1945
f 1948/1948/1948 1946/1946/1946 1943/1943/1943
f 1949/1949/1949 1947/1947/1947 1946/1946/1946
f 1949/1949/1949 1950/1950/1950 1947/1947/1947
f 1950/1950/1950 1948/1948/1948 1947/1947/1947
f 1950/1950/1950 1951/1951/1951 1948/1948/1948
f 1951/1951/1951 1946/1946/1946 1948/1948/1948
f 1951/1951/1951 1949/1949/1949 1946/1946/1946
f 1952/1952/1952 1950/1950/1950 1949/1949/1949
f 1952/1952/1952 1953/1953/1953 1950/1950/1950
f 1953/1953/1953 1951/1951/1951 1950/1950/1950
f 1953/1953/1953 1954/1954/1954 1951/1951/1951
f 1954/1954/1954 1949/1949/1949 1951/1951/1951
f 1954/1954/1954 1952/1952/1952 1949/1949/1949
f 1955/1955/1955 1953/1953/1953 1952/1952/1952
f 1955/1955/1955 1956/1956/1956 1953/1953/1953
f 1956/1956/1956 1954/1954/1954 1953/1953/1953
f 1956/1956/1956 1957/1957/1957 1954/1954/1954
f 1957/1957/1957 1952/1952/1952 1954/1954/1954
f 1957/1957/1957 1955/1955/1955 1952/1952/1952
f 1958/1958/1958 1956/1956/1956 1955/1955/1955
f 1958/1958/1958 1959/1959/1959 1956/1956/1956
f 1959/1959/1959 1957/1957/1957 1956/1956/1956
f 1959/1959/1959 1960/1960/1960 1957/1957/1957
f 1960/1960/1960 1955/1955/1955 1957/1957/1957
f 1960/1960/1960 1958/1958/1958 1955/1955/1955

v -0.531128 4.530471 1.300945
v -0.471614 4.466223 1.246639
v -0.42526 4.561753 1.30827
v -0.533376 4.576563 1.254864
v -0.50837 4.501664 1.19969
v -0.437097 4.596451 1.23086
v -0.553453 4.61117 1.188523
v -0.525705 4.549497 1.14117
v -0.444051 4.613761 1.176013
v -0.577494 4.618118 1.138426
v -0.559033 4.557769 1.084729
v -0.471598 4.624683 1.114336
v -0.596445 4.65988 1.080216
v -0.566696 4.613358 1.02557
v -0.489667 4.686078 1.070363
v -0.608604 4.686977 1.037415
v -0.586117 4.641068 0.970469
v -0.505804 4.722436 1.016974
v -0.636048 4.76624 0.987837
v -0.603219 4.684765 0.923911
v -0.539078 4.785896 0.955567
v -0.647026 4.805063 0.929942
v -0.603739 4.737093 0.870702
v -0.553172 4.813853 0.914319
v -0.649238 4.806815 0.916506
v -0.602724 4.739072 0.863545
v -0.555798 4.82141 0.90408
vn -0.618009 0.657462 0.431056
vn -0.594956 -0.62908 -0.500285
vn 0.896311 0.259142 -0.359822
vn -0.806949 0.38617 0.446885
vn -0.13696 -0.867011 -0.479097
vn 0.882255 0.453245 0.127261
vn -0.809011 0.475699 0.345271
vn -0.112888 -0.969981 -0.21539
vn 0.896694 0.428325 -0.111699
vn -0.713985 0.262804 0.648968
vn -0.209198 -0.90405 -0.372733
vn 0.856062 0.460485 -0.23476
vn -0.849331 0.326598 0.414694
vn -0.19127 -0.785223 -0.588931
vn 0.88923 0.439829 0.125782
vn -0.788521 0.198007 0.582261
vn -0.178399 -0.823901 -0.537922
vn 0.820172 0.569549 0.05414
vn -0.773148 0.341421 0.534485
vn -0.176873 -0.700994 -0.690886
vn 0.888584 0.407801 0.210038
vn -0.848447 0.429141 0.3098
vn -0.032767 -0.876061 -0.481085
vn 0.854768 0.452449 0.254286
vn -0.999856 -0.004651 -0.016324
vn 0.503196 -0.752687 -0.424566
vn 0.437734 0.880373 0.18257
vt 0 0
vt 1 0
vt 0.5 0
vt 0 0.25
vt 1 0.25
vt 0.5 0.25
vt 0 0.5
vt 1 0.5
vt 0.5 0.5
vt 0 0.75
vt 1 0.75
vt 0.5 0.75
vt 0 1
vt 1 1
vt 0.5 1
vt 0 0.75
vt 1 0.75
vt 0.5 0.75
vt 0 0.5
vt 1 0.5
vt 0.5 0.5
vt 0 0.25
vt 1 0.25
vt 0.5 0.25
vt 0 0
vt 1 0
vt 0.5 0
usemtl nature_bark_linden_02_m_0001.jpg
f 1964/1964/1964 1962/1962/1962 1961/1961/1961
f 1964/1964/1964 1965/1965/1965 1962/1962/1962
f 1965/1965/1965 1963/1963/1963 1962/1962/1962
f 1965/1965/1965 1966/1966/1966 1963/1963/1963
f 1966/1966/1966 1961/1961/1961 1963/1963/1963
f 1966/1966/1966 1964/1964/1964 1961/1961/1961
f 1967/1967/1967 1965/1965/1965 1964/1964/1964
f 1967/1967/1967 1968/1968/1968 1965/1965/1965
f 1968/1968/1968 1966/1966/1966 1965/1965/1965
f 1968/1968/1968 1969/1969/1969 1966/1966/1966
f 1969/1969/1969 1964/1964/1964 1966/1966/1966
f 1969/1969/1969 1967/1967/1967 1964/1964/1964
f 1970/1970/1970 1968/1968/1968 1967/1967/1967
f 1970/1970/1970 1971/1971/1971 1968/1968/1968
f 1971/1971/1971 1969/1969/1969 1968/1968/1968
f 1971/1971/1971 1972/1972/1972 1969/1969/1969
f 1972/1972/1972 1967/1967/1967 1969/1969/1969
f 1972/1972/1972 1970/1970/1970 1967/1967/1967
f 1973/1973/1973 1971/1971/1971 1970/1970/1970
f 1973/1973/1973 1974/1974/1974 1971/1971/1971
f 1974/1974/1974 1972/1972/1972 1971/1971/1971
f 1974/1974/1974 1975/1975/1975 1972/1972/1972
f 1975/1975/1975 1970/1970/1970 1972/1972/1972
f 1975/1975/1975 1973/1973/1973 1970/1970/1970
f 1976/1976/1976 1974/1974/1974 1973/1973/1973
f 1976/1976/1976 1977/1977/1977 1974/1974/1974
f 1977/1977/1977 1975/1975/1975 1974/1974/1974
f 1977/1977/1977 1978/1978/1978 1975/1975/1975
f 1978/1978/1978 1973/1973/1973 1975/1975/1975
f 1978/1978/1978 1976/1976/1976 1973/1973/1973
f 1979/1979/1979 1977/1977/1977 1976/1976/1976
f 1979/1979/1979 1980/1980/1980 1977/1977/1977
f 1980/1980/1980 1978/1978/1978 1977/1977/1977
f 1980/1980/1980 1981/1981/1981 1978/1978/1978
f 1981/1981/1981 1976/1976/1976 1978/1978/1978
f 1981/1981/1981 1979/1979/1979 1976/1976/1976
f 1982/1982/1982 1980/1980/1980 1979/1979/1979
f 1982/1982/1982 1983/1983/1983 1980/1980/1980
f 1983/1983/1983 1981/1981/1981 1980/1980/1980
f 1983/1983/1983 1984/1984/1984 1981/1981/1981
f 1984/1984/1984 1979/1979/1979 1981/1981/1981
f 1984/1984/1984 1982/1982/1982 1979/1979/1979
f 1985/1985/1985 1983/1983/1983 1982/1982/1982
f 1985/1985/1985 1986/1986/1986 1983/1983/1983
f 1986/1986/1986 1984/1984/1984 1983/1983/1983
f 1986/1986/1986 1987/1987/1987 1984/1984/1984
f 1987/1987/1987 1982/1982/1982 1984/1984/1984
f 1987/1987/1987 1985/1985/1985 1982/1982/1982

v -0.364125 4.192108 2.914264
v -0.291189 4.161641 2.970318
v -0.365803 4.100357 2.980374
v -0.386224 4.247268 2.961157
v -0.310391 4.231153 3.005752
v -0.381112 4.144759 3.017177
v -0.402753 4.292336 2.983458
v -0.340835 4.296136 3.03371
v -0.407479 4.218988 3.051259
v -0.424492 4.32501 3.022058
v -0.366038 4.340434 3.06234
v -0.418529 4.282889 3.084715
v -0.448199 4.355373 3.065824
v -0.392624 4.36468 3.10821
v -0.445293 4.320623 3.121245
v -0.48126 4.38962 3.11197
v -0.42438 4.389627 3.14413
v -0.4712 4.361376 3.16523
v -0.51002 4.432776 3.142353
v -0.454662 4.430011 3.172402
v -0.504704 4.392639 3.201503
v -0.550604 4.489074 3.172375
v -0.498542 4.48303 3.214643
v -0.548649 4.415242 3.233115
v -0.56584 4.498295 3.184922
v -0.501745 4.496097 3.217064
v -0.551303 4.418949 3.240507
vn -0.799452 0.193385 -0.568752
vn 0.871443 0.460378 -0.169231
vn 0.007504 -0.539953 0.841661
vn -0.382429 0.34829 -0.855828
vn 0.967715 0.210464 0.138684
vn -0.541502 -0.517702 0.66239
vn -0.469613 0.381081 -0.796392
vn 0.864856 0.440369 0.241036
vn -0.515514 -0.507543 0.690395
vn -0.59741 0.337955 -0.727247
vn 0.837546 0.510954 0.193502
vn -0.353226 -0.729854 0.585273
vn -0.67504 0.402732 -0.618165
vn 0.809362 0.50792 0.294873
vn -0.347378 -0.775322 0.527451
vn -0.595191 0.290539 -0.749223
vn 0.876475 0.427396 0.221642
vn -0.257349 -0.775129 0.577015
vn -0.375852 0.17117 -0.910734
vn 0.871819 0.448718 0.196426
vn -0.198347 -0.798594 0.568249
vn -0.417618 0.391899 -0.819762
vn 0.83461 0.469704 0.287758
vn -0.290221 -0.809657 0.510126
vn 0.029703 0.38686 -0.92166
vn 0.94988 -0.096108 0.297476
vn -0.614482 -0.765588 -0.190493
vt 0 0
vt 1 0
vt 0.5 0
vt 0 0.25
vt 1 0.25
vt 0.5 0.25
vt 0 0.5
vt 1 0.5
vt 0.5 0.5
vt 0 0.75
vt 1 0.75
vt 0.5 0.75
vt 0 1
vt 1 1
vt 0.5 1
vt 0 0.75
vt 1 0.75
vt 0.5 0.75
vt 0 0.5
vt 1 0.5
vt 0.5 0.5
vt 0 0.25
vt 1 0.25
vt 0.5 0.25
vt 0 0
vt 1 0
vt 0.5 0
usemtl nature_bark_linden_02_m_0001.jpg
f 1991/1991/1991 1989/1989/1989 1988/1988/1988
f 1991/1991/1991 1992/1992/1992 1989/1989/1989
f 1992/1992/1992 1990/1990/1990 1989/1989/1989
f 1992/1992/1992 1993/1993/1993 1990/1990/1990
f 1993/1993/1993 1988/1988/1988 1990/1990/1990
f 1993/1993/1993 1991/1991/1991 1988/1988/1988
f 1994/1994/1994 1992/1992/1992 1991/1991/1991
f 1994/1994/1994 1995/1995/1995 1992/1992/1992
f 1995/1995/1995 1993/1993/1993 1992/1992/1992
f 1995/1995/1995 1996/1996/1996 1993/1993/1993
f 1996/1996/1996 1991/1991/1991 1993/1993/1993
f 1996/1996/1996 1994/1994/1994 1991/1991/1991
f 1997/1997/1997 1995/1995/1995 1994/1994/1994
f 1997/1997/1997 1998/1998/1998 1995/1995/1995
f 1998/1998/1998 1996/1996/1996 1995/1995/1995
f 1998/1998/1998 1999/1999/1999 1996/1996/1996
f 1999/1999/1999 1994/1994/1994 1996/1996/1996
f 1999/1999/1999 1997/1997/1997 1994/1994/1994
f 2000/2000/2000 1998/1998/1998 1997/1997/1997
f 2000/2000/2000 2001/2001/2001 1998/1998/1998
f 2001/2001/2001 1999/1999/1999 1998/1998/1998
f 2001/2001/2001 2002/2002/2002 1999/1999/1999
f 2002/2002/2002 1997/1997/1997 1999/1999/1999
f 2002/2002/2002 2000/2000/2000 1997/1997/1997
f 2003/2003/2003 2001/2001/2001 2000/2000/2000
f 2003/2003/2003 2004/2004/2004 2001/2001/2001
f 2004/2004/2004 2002/2002/2002 2001/2001/2001
f 2004/2004/2004 2005/2005/2005 2002/2002/2002
f 2005/2005/2005 2000/2000/2000 2002/2002/2002
f 2005/2005/2005 2003/2003/2003 2000/2000/2000
f 2006/2006/2006 2004/2004/2004 2003/2003/2003
f 2006/2006/2006 2007/2007/2007 2004/2004/2004
f 2007/2007/2007 2005/2005/2005 2004/2004/2004
f 2007/2007/2007 2008/2008/2008 2005/2005/2005
f 2008/2008/2008 2003/2003/2003 2005/2005/2005
f 2008/2008/2008 2006/2006/2006 2003/2003/2003
f 2009/2009/2009 2007/2007/2007 2006/2006/2006
f 2009/2009/2009 2010/2010/2010 2007/2007/2007
f 2010/2010/2010 2008/2008/2008 2007/2007/2007
f 2010/2010/2010 2011/2011/2011 2008/2008/2008
f 2011/2011/2011 2006/2006/2006 2008/2008/2008
f 2011/2011/2011 2009/2009/2009 2006/2006/2006
f 2012/2012/2012 2010/2010/2010 2009/2009/2009
f 2012/2012/2012 2013/2013/2013 2010/2010/2010
f 2013/2013/2013 2011/2011/2011 2010/2010/2010
f 2013/2013/2013 2014/2014/2014 2011/2011/2011
f 2014/2014/2014 2009/2009/2009 2011/2011/2011
f 2014/2014/2014 2012/2012/2012 2009/2009/2009

v -0.069413 4.556219 2.501634
v 0.037352 4.542973 2.517478
v -0.0413 4.489664 2.582197
v -0.077883 4.591 2.534119
v 0.005963 4.586534 2.567525
v -0.06664 4.529743 2.606137
v -0.088737 4.626459 2.568901
v -0.014731 4.620507 2.591745
v -0.070669 4.581166 2.640581
v -0.096318 4.658245 2.615013
v -0.025804 4.660523 2.623891
v -0.073526 4.610349 2.67416
v -0.113741 4.685768 2.65608
v -0.054788 4.708269 2.668324
v -0.102256 4.649802 2.714126
v -0.139724 4.736814 2.708785
v -0.07584 4.745043 2.720141
v -0.11767 4.686947 2.760105
v -0.160337 4.78579 2.77281
v -0.079877 4.791597 2.777517
v -0.122041 4.705627 2.812272
v -0.166404 4.823733 2.82252
v -0.079945 4.842825 2.840137
v -0.132068 4.760276 2.868836
v -0.170219 4.835384 2.840349
v -0.079657 4.850015 2.848022
v -0.12853 4.766577 2.876518
vn -0.895439 -0.002999 -0.445174
vn 0.643382 0.69618 -0.318421
vn 0.233339 -0.521577 0.820677
vn -0.673817 0.483183 -0.559022
vn 0.85245 0.50715 0.126994
vn -0.347663 -0.541153 0.765692
vn -0.700903 0.445497 -0.557016
vn 0.897859 0.440266 -0.003885
vn -0.237801 -0.659291 0.713293
vn -0.730624 0.311959 -0.607348
vn 0.859606 0.486902 -0.15493
vn -0.159783 -0.680277 0.715327
vn -0.773583 0.256417 -0.579499
vn 0.784039 0.612913 -0.098082
vn -0.114949 -0.797028 0.592902
vn -0.79837 0.304521 -0.519493
vn 0.846975 0.509018 -0.153405
vn -0.072844 -0.89538 0.439305
vn -0.823521 0.363008 -0.435934
vn 0.843984 0.417187 -0.337113
vn -0.055336 -0.871808 0.486713
vn -0.844324 0.438095 -0.30853
vn 0.851498 0.44725 -0.273713
vn -0.067431 -0.779275 0.623043
vn -0.542378 0.591335 -0.596782
vn 0.977075 -0.104316 -0.185589
vn -0.574796 -0.709457 0.407775
vt 0 0
vt 1 0
vt 0.5 0
vt 0 0.25
vt 1 0.25
vt 0.5 0.25
vt 0 0.5
vt 1 0.5
vt 0.5 0.5
vt 0 0.75
vt 1 0.75
vt 0.5 0.75
vt 0 1
vt 1 1
vt 0.5 1
vt 0 0.75
vt 1 0.75
vt 0.5 0.75
vt 0 0.5
vt 1 0.5
vt 0.5 0.5
vt 0 0.25
vt 1 0.25
vt 0.5 0.25
vt 0 0
vt 1 0
vt 0.5 0
usemtl nature_bark_linden_02_m_0001.jpg
f 2018/2018/2018 2016/2016/2016 2015/2015/2015
f 2018/2018/2018 2019/2019/2019 2016/2016/2016
f 2019/2019/2019 2017/2017/2017 2016/2016/2016
f 2019/2019/2019 2020/2020/2020 2017/2017/2017
f 2020/2020/2020 2015/2015/2015 2017/2017/2017
f 2020/2020/2020 2018/2018/2018 2015/2015/2015
f 2021/2021/2021 2019/2019/2019 2018/2018/2018
f 2021/2021/2021 2022/2022/2022 2019/2019/2019
f 2022/2022/2022 2020/2020/2020 2019/2019/2019
f 2022/2022/2022 2023/2023/2023 2020/2020/2020
f 2023/2023/2023 2018/2018/2018 2020/2020/2020
f 2023/2023/2023 2021/2021/2021 2018/2018/2018
f 2024/2024/2024 2022/2022/2022 2021/2021/2021
f 2024/2024/2024 2025/2025/2025 2022/2022/2022
f 2025/2025/2025 2023/2023/2023 2022/2022/2022
f 2025/2025/2025 2026/2026/2026 2023/2023/2023
f 2026/2026/2026 2021/2021/2021 2023/2023/2023
f 2026/2026/2026 2024/2024/2024 2021/2021/2021
f 2027/2027/2027 2025/2025/2025 2024/2024/2024
f 2027/2027/2027 2028/2028/2028 2025/2025/2025
f 2028/2028/2028 2026/2026/2026 2025/2025/2025
f 2028/2028/2028 2029/2029/2029 2026/2026/2026
f 2029/2029/2029 2024/2024/2024 2026/2026/2026
f 2029/2029/2029 2027/2027/2027 2024/2024/2024
f 2030/2030/2030 2028/2028/2028 2027/2027/2027
f 2030/2030/2030 2031/2031/2031 2028/2028/2028
f 2031/2031/2031 2029/2029/2029 2028/2028/2028
f 2031/2031/2031 2032/2032/2032 2029/2029/2029
f 2032/2032/2032 2027/2027/2027 2029/2029/2029
f 2032/2032/2032 2030/2030/2030 2027/2027/2027
f 2033/2033/2033 2031/2031/2031 2030/2030/2030
f 2033/2033/2033 2034/2034/2034 2031/2031/2031
f 2034/2034/2034 2032/2032/2032 2031/2031/2031
f 2034/2034/2034 2035/2035/2035 2032/2032/2032
f 2035/2035/2035 2030/2030/2030 2032/2032/2032
f 2035/2035/2035 2033/2033/2033 2030/2030/2030
f 2036/2036/2036 2034/2034/2034 2033/2033/2033
f 2036/2036/2036 2037/2037/2037 2034/2034/2034
f 2037/2037/2037 2035/2035/2035 2034/2034/2034
f 2037/2037/2037 2038/2038/2038 2035/2035/2035
f 2038/2038/2038 2033/2033/2033 2035/2035/2035
f 2038/2038/2038 2036/2036/2036 2033/2033/2033
f 2039/2039/2039 2037/2037/2037 2036/2036/2036
f 2039/2039/2039 2040/2040/2040 2037/2037/2037
f 2040/2040/2040 2038/2038/2038 2037/2037/2037
f 2040/2040/2040 2041/2041/2041 2038/2038/2038
f 2041/2041/2041 2036/2036/2036 2038/2038/2038
f 2041/2041/2041 2039/2039/2039 2036/2036/2036

v -0.891614 4.955938 2.280241
v -0.914913 5.015767 2.186919
v -0.818562 4.998348 2.20786
v -0.90678 5.002284 2.335038
v -0.94326 5.08843 2.252579
v -0.837631 5.083756 2.268849
v -0.880605 5.078163 2.3902
v -0.944578 5.166638 2.31976
v -0.826511 5.18239 2.308301
v -0.876683 5.137876 2.446999
v -0.919023 5.241264 2.38595
v -0.82187 5.244158 2.373393
v -0.875818 5.231421 2.494256
v -0.914428 5.283806 2.436908
v -0.830217 5.276685 2.41154
v -0.888674 5.269632 2.545793
v -0.922597 5.319939 2.489903
v -0.828028 5.324294 2.476157
v -0.898726 5.329125 2.601423
v -0.923723 5.377501 2.529357
v -0.823235 5.371727 2.539096
v -0.914625 5.390341 2.649957
v -0.929975 5.468604 2.567218
v -0.830074 5.447945 2.607891
v -0.910262 5.396546 2.659427
v -0.934419 5.477912 2.588671
v -0.832614 5.461023 2.614248
vn 0.403452 -0.576742 0.710349
vn -0.932007 -0.005043 -0.362405
vn 0.659091 0.582593 -0.475589
vn -0.098487 -0.734685 0.671221
vn -0.752852 0.438476 -0.49087
vn 0.910183 0.274125 -0.31052
vn 0.048997 -0.679893 0.731672
vn -0.878062 0.306473 -0.367534
vn 0.80043 0.286162 -0.52671
vn 0.020115 -0.504974 0.8629
vn -0.85802 0.449855 -0.247857
vn 0.798365 0.47244 -0.373381
vn -0.02894 -0.699368 0.714176
vn -0.874233 0.324748 -0.36091
vn 0.800667 0.533015 -0.273545
vn -0.101391 -0.800504 0.590689
vn -0.862371 0.334733 -0.37983
vn 0.869071 0.338811 -0.360447
vn -0.239842 -0.64458 0.725942
vn -0.783748 0.315488 -0.534983
vn 0.956015 0.155026 -0.249004
vn -0.348115 -0.571099 0.743412
vn -0.670951 0.540745 -0.507365
vn 0.953146 0.295068 0.066691
vn -0.773413 -0.571076 0.275145
vn -0.209205 0.632376 -0.745878
vn 0.946117 -0.31875 0.057115
vt 0 0
vt 1 0
vt 0.5 0
vt 0 0.25
vt 1 0.25
vt 0.5 0.25
vt 0 0.5
vt 1 0.5
vt 0.5 0.5
vt 0 0.75
vt 1 0.75
vt 0.5 0.75
vt 0 1
vt 1 1
vt 0.5 1
vt 0 0.75
vt 1 0.75
vt 0.5 0.75
vt 0 0.5
vt 1 0.5
vt 0.5 0.5
vt 0 0.25
vt 1 0.25
vt 0.5 0.25
vt 0 0
vt 1 0
vt 0.5 0
usemtl nature_bark_linden_02_m_0001.jpg
f 2045/2045/2045 2043/2043/2043 2042/2042/2042
f 2045/2045/2045 2046/2046/2046 2043/2043/2043
f 2046/2046/2046 2044/2044/2044 2043/2043/2043
f 2046/2046/2046 2047/2047/2047 2044/2044/2044
f 2047/2047/2047 2042/2042/2042 2044/2044/2044
f 2047/2047/2047 2045/2045/2045 2042/2042/2042
f 2048/2048/2048 2046/2046/2046 2045/2045/2045
f 2048/2048/2048 2049/2049/2049 2046/2046/2046
f 2049/2049/2049 2047/2047/2047 2046/2046/2046
f 2049/2049/2049 2050/2050/2050 2047/2047/2047
f 2050/2050/2050 2045/2045/2045 2047/2047/2047
f 2050/2050/2050 2048/2048/2048 2045/2045/2045
f 2051/2051/2051 2049/2049/2049 2048/2048/2048
f 2051/2051/2051 2052/2052/2052 2049/2049/2049
f 2052/2052/2052 2050/2050/2050 2049/2049/2049
f 2052/2052/2052 2053/2053/2053 2050/2050/2050
f 2053/2053/2053 2048/2048/2048 2050/2050/2050
f 2053/2053/2053 2051/2051/2051 2048/2048/2048
f 2054/2054/2054 2052/2052/2052 2051/2051/2051
f 2054/2054/2054 2055/2055/2055 2052/2052/2052
f 2055/2055/2055 2053/2053/2053 2052/2052/2052
f 2055/2055/2055 2056/2056/2056 2053/2053/2053
f 2056/2056/2056 2051/2051/2051 2053/2053/2053
f 2056/2056/2056 2054/2054/2054 2051/2051/2051
f 2057/2057/2057 2055/2055/2055 2054/2054/2054
f 2057/2057/2057 2058/2058/2058 2055/2055/2055
f 2058/2058/2058 2056/2056/2056 2055/2055/2055
f 2058/2058/2058 2059/2059/2059 2056/2056/2056
f 2059/2059/2059 2054/2054/2054 2056/2056/2056
f 2059/2059/2059 2057/2057/2057 2054/2054/2054
f 2060/2060/2060 2058/2058/2058 2057/2057/2057
f 2060/2060/2060 2061/2061/2061 2058/2058/2058
f 2061/2061/2061 2059/2059/2059 2058/2058/2058
f 2061/2061/2061 2062/2062/2062 2059/2059/2059
f 2062/2062/2062 2057/2057/2057 2059/2059/2059
f 2062/2062/2062 2060/2060/2060 2057/2057/2057
f 2063/2063/2063 2061/2061/2061 2060/2060/2060
f 2063/2063/2063 2064/2064/2064 2061/2061/2061
f 2064/2064/2064 2062/2062/2062 2061/2061/2061
f 2064/2064/2064 2065/2065/2065 2062/2062/2062
f 2065/2065/2065 2060/2060/2060 2062/2062/2062
f 2065/2065/2065 2063/2063/2063 2060/2060/2060
f 2066/2066/2066 2064/2064/2064 2063/2063/2063
f 2066/2066/2066 2067/2067/2067 2064/2064/2064
f 2067/2067/2067 2065/2065/2065 2064/2064/2064
f 2067/2067/2067 2068/2068/2068 2065/2065/2065
f 2068/2068/2068 2063/2063/2063 2065/2065/2065
f 2068/2068/2068 2066/2066/2066 2063/2063/2063

v -0.908899 5.396939 2.659269
v -0.934447 5.477242 2.588873
v -0.832614 5.461023 2.614248
v -0.908704 5.420056 2.69313
v -0.949062 5.483965 2.656365
v -0.864006 5.496371 2.671664
v -0.919934 5.456235 2.752351
v -0.962634 5.517651 2.716239
v -0.8862 5.519559 2.725345
v -0.935626 5.47381 2.807606
v -0.981634 5.548727 2.782305
v -0.903512 5.555504 2.781685
v -0.954978 5.475698 2.865176
v -1.004457 5.559138 2.846443
v -0.914171 5.569854 2.851463
v -0.963663 5.504357 2.934158
v -1.013616 5.587149 2.906623
v -0.911873 5.573448 2.916444
v -0.960215 5.520642 2.990612
v -1.009428 5.594541 2.976643
v -0.90923 5.582447 2.98844
v -0.955387 5.530469 3.050256
v -1.003288 5.577784 3.049841
v -0.915377 5.58212 3.055524
v -0.957171 5.535099 3.062744
v -1.002133 5.578484 3.056795
v -0.917265 5.585095 3.07455
vn 0.371169 -0.645873 0.667144
vn -0.990829 0.132559 -0.02619
vn 0.500217 0.865826 0.011283
vn -0.03872 -0.876928 0.479059
vn -0.852 0.393502 -0.345329
vn 0.841889 0.539453 -0.014608
vn 0.044015 -0.877393 0.47775
vn -0.83646 0.355927 -0.416713
vn 0.823442 0.566735 -0.027471
vn 0.105844 -0.971272 0.213137
vn -0.799823 0.336905 -0.496768
vn 0.77897 0.627028 0.006447
vn 0.044895 -0.994913 0.090186
vn -0.872706 0.411693 -0.262474
vn 0.826828 0.559003 -0.062219
vn -0.069894 -0.96208 0.263661
vn -0.861426 0.501924 -0.077567
vn 0.8967 0.442384 0.015024
vn -0.06157 -0.97837 0.197487
vn -0.862702 0.502479 0.0571
vn 0.909646 0.397516 0.120518
vn 0.006776 -0.980726 0.195271
vn -0.912572 0.376517 0.15952
vn 0.890872 0.45413 0.010608
vn -0.30774 -0.902085 0.302554
vn -0.518789 0.853772 -0.043939
vn 0.956011 -0.176452 0.234323
vt 0 0
vt 1 0
vt 0.5 0
vt 0 0.25
vt 1 0.25
vt 0.5 0.25
vt 0 0.5
vt 1 0.5
vt 0.5 0.5
vt 0 0.75
vt 1 0.75
vt 0.5 0.75
vt 0 1
vt 1 1
vt 0.5 1
vt 0 0.75
vt 1 0.75
vt 0.5 0.75
vt 0 0.5
vt 1 0.5
vt 0.5 0.5
vt 0 0.25
vt 1 0.25
vt 0.5 0.25
vt 0 0
vt 1 0
vt 0.5 0
usemtl nature_bark_linden_02_m_0001.jpg
f 2072/2072/2072 2070/2070/2070 2069/2069/2069
f 2072/2072/2072 2073/2073/2073 2070/2070/2070
f 2073/2073/2073 2071/2071/2071 2070/2070/2070
f 2073/2073/2073 2074/2074/2074 2071/2071/2071
f 2074/2074/2074 2069/2069/2069 2071/2071/2071
f 2074/2074/2074 2072/2072/2072 2069/2069/2069
f 2075/2075/2075 2073/2073/2073 2072/2072/2072
f 2075/2075/2075 2076/2076/2076 2073/2073/2073
f 2076/2076/2076 2074/2074/2074 2073/2073/2073
f 2076/2076/2076 2077/2077/2077 2074/2074/2074
f 2077/2077/2077 2072/2072/2072 2074/2074/2074
f 2077/2077/2077 2075/2075/2075 2072/2072/2072
f 2078/2078/2078 2076/2076/2076 2075/2075/2075
f 2078/2078/2078 2079/2079/2079 2076/2076/2076
f 2079/2079/2079 2077/2077/2077 2076/2076/2076
f 2079/2079/2079 2080/2080/2080 2077/2077/2077
f 2080/2080/2080 2075/2075/2075 2077/2077/2077
f 2080/2080/2080 2078/2078/2078 2075/2075/2075
f 2081/2081/2081 2079/2079/2079 2078/2078/2078
f 2081/2081/2081 2082/2082/2082 2079/2079/2079
f 2082/2082/2082 2080/2080/2080 2079/2079/2079
f 2082/2082/2082 2083/2083/2083 2080/2080/2080
f 2083/2083/2083 2078/2078/2078 2080/2080/2080
f 2083/2083/2083 2081/2081/2081 2078/2078/2078
f 2084/2084/2084 2082/2082/2082 2081/2081/2081
f 2084/2084/2084 2085/2085/2085 2082/2082/2082
f 2085/2085/2085 2083/2083/2083 2082/2082/2082
f 2085/2085/2085 2086/2086/2086 2083/2083/2083
f 2086/2086/2086 2081/2081/2081 2083/2083/2083
f 2086/2086/2086 2084/2084/2084 2081/2081/2081
f 2087/2087/2087 2085/2085/2085 2084/2084/2084
f 2087/2087/2087 2088/2088/2088 2085/2085/2085
f 2088/2088/2088 2086/2086/2086 2085/2085/2085
f 2088/2088/2088 2089/2089/2089 2086/2086/2086
f 2089/2089/2089 2084/2084/2084 2086/2086/2086
f 2089/2089/2089 2087/2087/2087 2084/2084/2084
f 2090/2090/2090 2088/2088/2088 2087/2087/2087
f 2090/2090/2090 2091/2091/2091 2088/2088/2088
f 2091/2091/2091 2089/2089/2089 2088/2088/2088
f 2091/2091/2091 2092/2092/2092 2089/2089/2089
f 2092/2092/2092 2087/2087/2087 2089/2089/2089
f 2092/2092/2092 2090/2090/2090 2087/2087/2087
f 2093/2093/2093 2091/2091/2091 2090/2090/2090
f 2093/2093/2093 2094/2094/2094 2091/2091/2091
f 2094/2094/2094 2092/2092/2092 2091/2091/2091
f 2094/2094/2094 2095/2095/2095 2092/2092/2092
f 2095/2095/2095 2090/2090/2090 2092/2092/2092
f 2095/2095/2095 2093/2093/2093 2090/2090/2090

v -0.75842 2.356745 -0.394415
v -1.472727 3.187016 0.653034
v -2.536082 4.610868 -1.200752
v -2.236665 3.300201 -2.150345
vn 0.802816 0.564946 -0.190587
vn 0.778705 0.626442 0.034481
vn 0.802816 0.564946 -0.190587
vn 0.782756 0.472367 -0.405169
vt 0 0
vt 1 0
vt 1 1
vt 0 1
usemtl nature_blossoms_prunusserrulata_01_m_0005.jpg
f 2099/2099/2099 2098/2098/2098 2096/2096/2096
f 2098/2098/2098 2097/2097/2097 2096/2096/2096

v -1.154628 2.438777 -0.487748
v -1.066421 3.153885 0.723418
v -3.040515 4.576002 0.027528
v -2.652924 4.266874 -1.457992
vn 0.712692 0.674949 -0.191084
vn 0.622514 0.653223 -0.431018
vn 0.712692 0.674949 -0.191084
vn 0.75571 0.652013 0.061494
vt 0 0
vt 1 0
vt 1 1
vt 0 1
usemtl nature_blossoms_prunusserrulata_01_m_0006.jpg
f 2103/2103/2103 2102/2102/2102 2100/2100/2100
f 2102/2102/2102 2101/2101/2101 2100/2100/2100

v 0.216084 3.152286 0.713395
v -0.407244 4.256938 1.608777
v -2.130699 4.769779 -0.223723
v -1.750956 3.304351 -0.843581
vn 0.611293 0.567083 -0.552031
vn 0.623041 0.673702 -0.397425
vn 0.611293 0.567083 -0.552031
vn 0.577899 0.440384 -0.687091
vt 0 0
vt 1 0
vt 1 1
vt 0 1
usemtl nature_blossoms_prunusserrulata_01_m_0001.jpg
f 2107/2107/2107 2106/2106/2106 2104/2104/2104
f 2106/2106/2106 2105/2105/2105 2104/2104/2104

v 0.386623 3.297441 1.001624
v -0.618615 4.15443 1.27119
v -2.102197 3.005928 -0.609978
v -1.047016 2.222726 -0.927885
vn 0.346398 0.670373 -0.656208
vn 0.363643 0.639585 -0.67727
vn 0.346398 0.670373 -0.656208
vn 0.328568 0.700029 -0.634037
vt 0 0
vt 1 0
vt 1 1
vt 0 1
usemtl nature_blossoms_prunusserrulata_01_m_0004.jpg
f 2111/2111/2111 2110/2110/2110 2108/2108/2108
f 2110/2110/2110 2109/2109/2109 2108/2108/2108

v 0.43158 3.495684 0.655446
v -0.619407 3.892752 1.639179
v -2.400386 2.264278 0.393749
v -1.438129 2.189344 -0.814804
vn -0.315089 0.824518 -0.469989
vn -0.273088 0.754792 -0.596416
vn -0.315089 0.824518 -0.469989
vn -0.349966 0.875601 -0.332935
vt 0 0
vt 1 0
vt 1 1
vt 0 1
usemtl nature_blossoms_prunusserrulata_01_m_0001.jpg
f 2115/2115/2115 2114/2114/2114 2112/2112/2112
f 2114/2114/2114 2113/2113/2113 2112/2112/2112

v -0.582673 4.29495 2.692292
v 0.758287 3.709798 2.405183
v 1.760033 4.958632 4.538677
v 0.550637 6.046673 4.415331
vn 0.359477 0.63455 -0.684195
vn 0.223754 0.79169 -0.568473
vn 0.359477 0.63455 -0.684195
vn 0.474888 0.441554 -0.761257
vt 0 0
vt 1 0
vt 1 1
vt 0 1
usemtl nature_blossoms_prunusserrulata_01_m_0005.jpg
f 2119/2119/2119 2118/2118/2118 2116/2116/2116
f 2118/2118/2118 2117/2117/2117 2116/2116/2116

v -0.585916 4.356605 2.493202
v 0.778665 3.677549 2.579238
v 0.869009 4.16868 5.022676
v -0.203072 5.418279 4.80054
vn 0.607096 0.738098 -0.294359
vn 0.446897 0.873708 -0.192139
vn 0.607096 0.738098 -0.294359
vn 0.734206 0.562259 -0.380535
vt 0 0
vt 1 0
vt 1 1
vt 0 1
usemtl nature_blossoms_prunusserrulata_01_m_0001.jpg
f 2123/2123/2123 2122/2122/2122 2120/2120/2120
f 2122/2122/2122 2121/2121/2121 2120/2120/2120

v -0.399226 4.428141 2.893638
v 0.638885 3.582815 2.238209
v 1.367971 2.829382 4.364707
v 0.475801 3.894099 4.968332
vn 0.689176 0.723391 -0.041726
vn 0.648381 0.759868 0.046924
vn 0.689176 0.723391 -0.041726
vn 0.722491 0.679063 -0.129923
vt 0 0
vt 1 0
vt 1 1
vt 0 1
usemtl nature_blossoms_prunusserrulata_01_m_0004.jpg
f 2127/2127/2127 2126/2126/2126 2124/2124/2124
f 2126/2126/2126 2125/2125/2125 2124/2124/2124

v -0.261478 4.520776 2.929401
v 0.488228 3.470328 2.189082
v 2.35152 3.689401 3.765153
v 1.666929 4.889165 4.359547
vn 0.411231 0.644536 -0.644564
vn 0.409651 0.702508 -0.581953
vn 0.411231 0.644536 -0.644564
vn 0.409817 0.581869 -0.70248
vt 0 0
vt 1 0
vt 1 1
vt 0 1
usemtl nature_blossoms_prunusserrulata_01_m_0002.jpg
f 2131/2131/2131 2130/2130/2130 2128/2128/2128
f 2130/2130/2130 2129/2129/2129 2128/2128/2128

v 0.423082 3.8073 0.199471
v -0.928622 4.296406 0.246871
v -0.653543 5.287379 -2.13427
v 0.762609 4.970638 -2.122372
vn 0.258075 0.865296 0.429721
vn 0.324786 0.859291 0.395136
vn 0.258075 0.865296 0.429721
vn 0.189898 0.866384 0.461863
vt 0 0
vt 1 0
vt 1 1
vt 0 1
usemtl nature_blossoms_prunusserrulata_01_m_0006.jpg
f 2135/2135/2135 2134/2134/2134 2132/2132/2132
f 2134/2134/2134 2133/2133/2133 2132/2132/2132

v 0.283553 3.838636 0.547298
v -0.849663 4.238741 -0.11433
v 0.289406 3.844268 -2.303841
v 1.577943 4.038226 -1.548995
vn 0.093687 0.995599 0.002159
vn 0.331606 0.943414 0.002544
vn 0.093687 0.995599 0.002159
vn -0.149791 0.988716 0.001646
vt 0 0
vt 1 0
vt 1 1
vt 0 1
usemtl nature_blossoms_prunusserrulata_01_m_0003.jpg
f 2139/2139/2139 2138/2138/2138 2136/2136/2136
f 2138/2138/2138 2137/2137/2137 2136/2136/2136

v -0.007216 3.633487 0.774049
v -0.546479 4.491514 -0.414181
v 1.620829 3.940119 -1.795951
v 1.987222 2.832487 -0.709508
vn 0.529726 0.735007 0.423267
vn 0.448382 0.808791 0.38054
vn 0.529726 0.735007 0.423267
vn 0.603714 0.651016 0.460116
vt 0 0
vt 1 0
vt 1 1
vt 0 1
usemtl nature_blossoms_prunusserrulata_01_m_0001.jpg
f 2143/2143/2143 2142/2142/2142 2140/2140/2140
f 2142/2142/2142 2141/2141/2141 2140/2140/2140

v 0.115905 4.372684 0.688885
v -0.897045 3.44483 1.161426
v -2.418657 4.369215 -0.285267
v -1.184033 4.86335 -1.134252
vn -0.208796 0.815127 0.540344
vn -0.271719 0.655493 0.704626
vn -0.208796 0.815127 0.540344
vn -0.13409 0.928763 0.34557
vt 0 0
vt 1 0
vt 1 1
vt 0 1
usemtl nature_blossoms_prunusserrulata_01_m_0005.jpg
f 2147/2147/2147 2146/2146/2146 2144/2144/2144
f 2146/2146/2146 2145/2145/2145 2144/2144/2144

v -0.507078 3.459115 0.35812
v -0.316054 4.332867 1.51488
v -2.441941 5.755225 0.791572
v -2.25776 5.20181 -0.669113
vn 0.679119 0.640095 -0.359271
vn 0.585923 0.597154 -0.547815
vn 0.679119 0.640095 -0.359271
vn 0.741022 0.653542 -0.154172
vt 0 0
vt 1 0
vt 1 1
vt 0 1
usemtl nature_blossoms_prunusserrulata_01_m_0001.jpg
f 2151/2151/2151 2150/2150/2150 2148/2148/2148
f 2150/2150/2150 2149/2149/2149 2148/2148/2148

v 0.115541 4.285988 0.649042
v -0.952365 3.498347 1.17173
v -2.388302 4.480723 -0.28169
v -1.400469 5.48535 -0.640998
vn -0.22722 0.629558 0.742986
vn -0.195254 0.712194 0.674282
vn -0.22722 0.629558 0.742986
vn -0.25633 0.539008 0.80235
vt 0 0
vt 1 0
vt 1 1
vt 0 1
usemtl nature_blossoms_prunusserrulata_01_m_0003.jpg
f 2155/2155/2155 2154/2154/2154 2152/2152/2152
f 2154/2154/2154 2153/2153/2153 2152/2152/2152

v -0.159164 4.339033 0.430008
v -0.631582 3.451027 1.436485
v -2.966527 3.808591 0.655988
v -2.40549 4.416695 -0.555849
vn -0.118432 0.847341 0.517675
vn -0.094128 0.768037 0.63345
vn -0.118432 0.847341 0.517675
vn -0.140333 0.909457 0.3914
vt 0 0
vt 1 0
vt 1 1
vt 0 1
usemtl nature_blossoms_prunusserrulata_01_m_0002.jpg
f 2159/2159/2159 2158/2158/2158 2156/2156/2156
f 2158/2158/2158 2157/2157/2157 2156/2156/2156

v 0.415779 3.693452 1.067557
v -0.990792 4.284185 0.856213
v -0.238779 5.249488 -1.450558
v 1.209528 4.783583 -1.168073
vn 0.235223 0.852976 0.465942
vn 0.288106 0.846302 0.448071
vn 0.235223 0.852976 0.465942
vn 0.181595 0.856955 0.48234
vt 0 0
vt 1 0
vt 1 1
vt 0 1
usemtl nature_blossoms_prunusserrulata_01_m_0003.jpg
f 2163/2163/2163 2162/2162/2162 2160/2160/2160
f 2162/2162/2162 2161/2161/2161 2160/2160/2160

v 0.318132 4.318323 1.164355
v -0.927564 3.640324 0.765261
v -1.331134 5.557777 -1.232532
v -0.274449 6.462692 -0.62897
vn -0.599354 0.463952 0.652322
vn -0.514141 0.564552 0.645709
vn -0.599354 0.463952 0.652322
vn -0.674122 0.355268 0.647567
vt 0 0
vt 1 0
vt 1 1
vt 0 1
usemtl nature_blossoms_prunusserrulata_01_m_0005.jpg
f 2167/2167/2167 2166/2166/2166 2164/2164/2164
f 2166/2166/2166 2165/2165/2165 2164/2164/2164

v 0.317332 3.586938 1.016063
v -0.919864 4.379206 0.900254
v -0.30349 4.988268 -1.517819
v 1.332676 4.879081 -0.991171
vn 0.201693 0.877199 0.435707
vn 0.487461 0.809168 0.328068
vn 0.201693 0.877199 0.435707
vn -0.103816 0.859373 0.500701
vt 0 0
vt 1 0
vt 1 1
vt 0 1
usemtl nature_blossoms_prunusserrulata_01_m_0005.jpg
f 2171/2171/2171 2170/2170/2170 2168/2168/2168
f 2170/2170/2170 2169/2169/2169 2168/2168/2168

v -0.26863 4.486997 1.525656
v -0.344612 3.485627 0.389135
v 1.340321 4.77627 -0.860675
v 1.423111 5.774 0.278599
vn -0.726431 0.54066 -0.424247
vn -0.72769 0.538044 -0.425413
vn -0.726431 0.54066 -0.424247
vn -0.725165 0.54327 -0.423077
vt 0 0
vt 1 0
vt 1 1
vt 0 1
usemtl nature_blossoms_prunusserrulata_01_m_0001.jpg
f 2175/2175/2175 2174/2174/2174 2172/2172/2172
f 2174/2174/2174 2173/2173/2173 2172/2172/2172

v -0.927912 3.917697 2.464258
v 0.101878 4.756967 3.2849
v -1.820187 6.364703 4.052592
v -2.852392 4.916913 3.857314
vn -0.120827 0.509092 -0.852189
vn 0.16496 0.578612 -0.798747
vn -0.120827 0.509092 -0.852189
vn -0.395816 0.394078 -0.829477
vt 0 0
vt 1 0
vt 1 1
vt 0 1
usemtl nature_blossoms_prunusserrulata_01_m_0005.jpg
f 2179/2179/2179 2178/2178/2178 2176/2176/2176
f 2178/2178/2178 2177/2177/2177 2176/2176/2176

v -1.117264 3.980921 2.80494
v 0.285601 4.598863 2.981109
v -0.706804 6.4637 4.342577
v -2.101757 5.815663 4.208966
vn -0.151866 0.538441 -0.828866
vn -0.132232 0.537608 -0.832762
vn -0.151866 0.538441 -0.828866
vn -0.171439 0.539058 -0.824637
vt 0 0
vt 1 0
vt 1 1
vt 0 1
usemtl nature_blossoms_prunusserrulata_01_m_0001.jpg
f 2183/2183/2183 2182/2182/2182 2180/2180/2180
f 2182/2182/2182 2181/2181/2181 2180/2180/2180

v 0.627957 3.437034 2.085745
v 1.201173 4.564443 2.524001
v 0.088386 4.222828 4.858268
v -1.325401 3.767546 3.790395
vn -0.486848 0.81094 -0.324586
vn -0.796625 0.522911 -0.303239
vn -0.486848 0.81094 -0.324586
vn -0.089742 0.953504 -0.287709
vt 0 0
vt 1 0
vt 1 1
vt 0 1
usemtl nature_blossoms_prunusserrulata_01_m_0002.jpg
f 2187/2187/2187 2186/2186/2186 2184/2184/2184
f 2186/2186/2186 2185/2185/2185 2184/2184/2184

v 0.719188 3.623584 1.646753
v 1.08561 4.360423 2.915228
v -1.159233 3.989483 3.779166
v -1.043884 2.418587 2.856014
vn -0.521351 0.636434 -0.568458
vn -0.30085 0.85982 -0.412551
vn -0.521351 0.636434 -0.568458
vn -0.677815 0.334876 -0.654542
vt 0 0
vt 1 0
vt 1 1
vt 0 1
usemtl nature_blossoms_prunusserrulata_01_m_0004.jpg
f 2191/2191/2191 2190/2190/2190 2188/2188/2188
f 2190/2190/2190 2189/2189/2189 2188/2188/2188

v -0.244045 3.308669 -0.676471
v -0.949015 4.253957 0.03243
v -2.834183 3.907981 -1.38094
v -2.205608 2.625703 -1.716452
vn 0.335603 0.560321 -0.757239
vn 0.3329 0.711954 -0.618303
vn 0.335603 0.560321 -0.757239
vn 0.324109 0.384984 -0.864142
vt 0 0
vt 1 0
vt 1 1
vt 0 1
usemtl nature_blossoms_prunusserrulata_01_m_0002.jpg
f 2195/2195/2195 2194/2194/2194 2192/2192/2192
f 2194/2194/2194 2193/2193/2193 2192/2192/2192

v -0.256162 3.381607 -0.869522
v -0.829503 4.142858 0.244803
v -2.82181 2.299385 0.479092
v -2.212998 1.482394 -0.578903
vn -0.558651 0.496369 -0.664475
vn -0.558877 0.522122 -0.64424
vn -0.558651 0.496369 -0.664475
vn -0.557825 0.470084 -0.683997
vt 0 0
vt 1 0
vt 1 1
vt 0 1
usemtl nature_blossoms_prunusserrulata_01_m_0002.jpg
f 2199/2199/2199 2198/2198/2198 2196/2196/2196
f 2198/2198/2198 2197/2197/2197 2196/2196/2196

v -0.516553 4.002889 -1.027161
v -0.664257 3.577269 0.391152
v -2.146355 1.412235 -0.412898
v -2.022087 1.853285 -1.82902
vn -0.833855 0.545136 0.086672
vn -0.835735 0.543826 0.076162
vn -0.833855 0.545136 0.086672
vn -0.83188 0.546383 0.097171
vt 0 0
vt 1 0
vt 1 1
vt 0 1
usemtl nature_blossoms_prunusserrulata_01_m_0005.jpg
f 2203/2203/2203 2202/2202/2202 2200/2200/2200
f 2202/2202/2202 2201/2201/2201 2200/2200/2200

v -2.260871 3.417091 -0.433741
v -1.401284 2.8267 0.55167
v -3.291367 2.547311 2.033022
v -4.184449 2.699974 0.814573
vn -0.007421 0.944034 0.329766
vn 0.172766 0.904055 0.390943
vn -0.007421 0.944034 0.329766
vn -0.187326 0.94832 0.256121
vt 0 0
vt 1 0
vt 1 1
vt 0 1
usemtl nature_blossoms_prunusserrulata_01_m_0005.jpg
f 2207/2207/2207 2206/2206/2206 2204/2204/2204
f 2206/2206/2206 2205/2205/2205 2204/2204/2204

v -1.582406 2.62941 -0.419242
v -2.008613 3.639524 0.531576
v -4.52202 2.654147 0.451761
v -4.081841 1.626889 -0.474581
vn -0.220741 0.608446 -0.762278
vn -0.218469 0.618395 -0.75489
vn -0.220741 0.608446 -0.762278
vn -0.222979 0.5984 -0.769544
vt 0 0
vt 1 0
vt 1 1
vt 0 1
usemtl nature_blossoms_prunusserrulata_01_m_0003.jpg
f 2211/2211/2211 2210/2210/2210 2208/2208/2208
f 2210/2210/2210 2209/2209/2209 2208/2208/2208

v -1.928716 3.449961 -0.56046
v -1.630972 2.809403 0.719215
v -3.111392 0.73467 0.025132
v -3.690731 1.590504 -1.081264
vn -0.72588 0.431656 0.53551
vn -0.80276 0.437122 0.405587
vn -0.72588 0.431656 0.53551
vn -0.632436 0.416339 0.653212
vt 0 0
vt 1 0
vt 1 1
vt 0 1
usemtl nature_blossoms_prunusserrulata_01_m_0001.jpg
f 2215/2215/2215 2214/2214/2214 2212/2212/2212
f 2214/2214/2214 2213/2213/2213 2212/2212/2212

v -1.151015 3.482455 -0.702936
v -2.282257 2.980034 0.095525
v -4.005951 4.152903 -1.608554
v -2.885874 4.237095 -2.686
vn 0.087496 0.912466 0.399688
vn 0.020252 0.833026 0.552862
vn 0.087496 0.912466 0.399688
vn 0.15174 0.960612 0.232807
vt 0 0
vt 1 0
vt 1 1
vt 0 1
usemtl nature_blossoms_prunusserrulata_01_m_0004.jpg
f 2219/2219/2219 2218/2218/2218 2216/2216/2216
f 2218/2218/2218 2217/2217/2217 2216/2216/2216

v -1.151695 3.065999 -0.690882
v -2.277226 3.470893 0.113247
v -2.802915 5.47813 -1.633236
v -1.480592 5.297093 -2.274635
vn 0.511834 0.593156 0.621443
vn 0.593814 0.611011 0.523499
vn 0.511834 0.593156 0.621443
vn 0.421341 0.565435 0.709052
vt 0 0
vt 1 0
vt 1 1
vt 0 1
usemtl nature_blossoms_prunusserrulata_01_m_0004.jpg
f 2223/2223/2223 2222/2222/2222 2220/2220/2220
f 2222/2222/2222 2221/2221/2221 2220/2220/2220

v -1.490047 3.122377 -0.907557
v -1.960097 3.42582 0.325177
v -3.307132 5.424152 -0.680354
v -2.859765 5.109299 -1.918928
vn 0.783868 0.605024 0.139634
vn 0.783161 0.603434 0.150087
vn 0.783868 0.605024 0.139634
vn 0.784486 0.606546 0.129166
vt 0 0
vt 1 0
vt 1 1
vt 0 1
usemtl nature_blossoms_prunusserrulata_01_m_0005.jpg
f 2227/2227/2227 2226/2226/2226 2224/2224/2224
f 2226/2226/2226 2225/2225/2225 2224/2224/2224

v -1.590952 3.6464 -0.655869
v -1.979117 2.670258 0.277961
v -4.281456 2.229705 -1.139568
v -3.914924 3.236389 -2.050464
vn -0.463732 0.691647 0.553694
vn -0.466222 0.701296 0.539278
vn -0.463732 0.691647 0.553694
vn -0.461101 0.681785 0.56794
vt 0 0
vt 1 0
vt 1 1
vt 0 1
usemtl nature_blossoms_prunusserrulata_01_m_0006.jpg
f 2231/2231/2231 2230/2230/2230 2228/2228/2228
f 2230/2230/2230 2229/2229/2229 2228/2228/2228

v -1.566381 2.848493 -0.723696
v -2.04669 3.475716 0.376847
v -4.538044 2.831683 -0.343405
v -3.965754 1.96479 -1.267211
vn -0.083682 0.780604 -0.619399
vn -0.071001 0.852968 -0.517112
vn -0.083682 0.780604 -0.619399
vn -0.095035 0.695859 -0.711863
vt 0 0
vt 1 0
vt 1 1
vt 0 1
usemtl nature_blossoms_prunusserrulata_01_m_0001.jpg
f 2235/2235/2235 2234/2234/2234 2232/2232/2232
f 2234/2234/2234 2233/2233/2233 2232/2232/2232

v -1.773865 2.959887 -0.848894
v -1.781569 3.310886 0.499681
v -3.808767 1.91764 0.850726
v -3.934375 1.689571 -0.530606
vn -0.54799 0.822625 -0.151639
vn -0.578221 0.788764 -0.208597
vn -0.54799 0.822625 -0.151639
vn -0.514853 0.852123 -0.093876
vt 0 0
vt 1 0
vt 1 1
vt 0 1
usemtl nature_blossoms_prunusserrulata_01_m_0004.jpg
f 2239/2239/2239 2238/2238/2238 2236/2236/2236
f 2238/2238/2238 2237/2237/2237 2236/2236/2236

v -2.328945 3.482579 -0.544685
v -1.276861 2.858931 0.230972
v -3.019171 1.533695 1.52868
v -4.072719 2.019122 0.643873
vn -0.125782 0.743409 0.656903
vn -0.059317 0.737137 0.673134
vn -0.125782 0.743409 0.656903
vn -0.191653 0.746172 0.637571
vt 0 0
vt 1 0
vt 1 1
vt 0 1
usemtl nature_blossoms_prunusserrulata_01_m_0004.jpg
f 2243/2243/2243 2242/2242/2242 2240/2240/2240
f 2242/2242/2242 2241/2241/2241 2240/2240/2240

v -1.1261 5.639962 2.187732
v -0.253108 4.522854 2.205534
v -0.085874 4.691236 4.570872
v -1.302716 5.540325 4.596421
vn 0.688488 0.725151 -0.011839
vn 0.78483 0.611746 -0.099038
vn 0.688488 0.725151 -0.011839
vn 0.571667 0.816985 0.075712
vt 0 0
vt 1 0
vt 1 1
vt 0 1
usemtl nature_blossoms_prunusserrulata_01_m_0002.jpg
f 2247/2247/2247 2246/2246/2246 2244/2244/2244
f 2246/2246/2246 2245/2245/2245 2244/2244/2244

v -1.254548 5.402609 2.453616
v -0.13587 4.86585 2.004504
v 1.194881 6.306375 3.597572
v -0.013052 6.462687 4.279056
vn -0.033333 0.817718 -0.574654
vn 0.062427 0.713781 -0.697581
vn -0.033333 0.817718 -0.574654
vn -0.127923 0.892965 -0.431565
vt 0 0
vt 1 0
vt 1 1
vt 0 1
usemtl nature_blossoms_prunusserrulata_01_m_0004.jpg
f 2251/2251/2251 2250/2250/2250 2248/2248/2248
f 2250/2250/2250 2249/2249/2249 2248/2248/2248

v -1.344692 4.829228 2.279743
v -0.088848 5.365593 2.156897
v 0.022941 5.655963 4.567532
v -1.438652 5.597538 4.67378
vn -0.234292 0.950635 -0.203471
vn -0.398678 0.912522 -0.091429
vn -0.234292 0.950635 -0.203471
vn -0.060294 0.949744 -0.307165
vt 0 0
vt 1 0
vt 1 1
vt 0 1
usemtl nature_blossoms_prunusserrulata_01_m_0005.jpg
f 2255/2255/2255 2254/2254/2254 2252/2252/2252
f 2254/2254/2254 2253/2253/2253 2252/2252/2252

v -0.670016 4.556069 2.268257
v -0.025168 5.092159 3.475833
v -2.119531 5.428997 4.444691
v -2.810514 5.253654 3.101602
vn 0.093148 0.943982 -0.316577
vn -0.032853 0.919878 -0.390826
vn 0.093148 0.943982 -0.316577
vn 0.217103 0.947347 -0.235372
vt 0 0
vt 1 0
vt 1 1
vt 0 1
usemtl nature_blossoms_prunusserrulata_01_m_0005.jpg
f 2259/2259/2259 2258/2258/2258 2256/2256/2256
f 2258/2258/2258 2257/2257/2257 2256/2256/2256

v -0.848136 4.566019 2.420811
v 0.185743 5.046972 3.358598
v -1.289343 4.292015 5.372016
v -2.157181 3.432688 4.445228
vn -0.566555 0.823983 -0.008198
vn -0.435436 0.90003 0.018465
vn -0.566555 0.823983 -0.008198
vn -0.684254 0.728419 -0.034667
vt 0 0
vt 1 0
vt 1 1
vt 0 1
usemtl nature_blossoms_prunusserrulata_01_m_0002.jpg
f 2263/2263/2263 2262/2262/2262 2260/2260/2260
f 2262/2262/2262 2261/2261/2261 2260/2260/2260

v 2.858331 4.253653 1.793269
v 2.000763 3.395943 1.052309
v 3.912091 2.678391 -0.3292
v 4.710148 3.887648 0.0737
vn -0.351885 0.659548 -0.664209
vn -0.186451 0.742359 -0.643536
vn -0.351885 0.659548 -0.664209
vn -0.505125 0.553881 -0.661865
vt 0 0
vt 1 0
vt 1 1
vt 0 1
usemtl nature_blossoms_prunusserrulata_01_m_0005.jpg
f 2267/2267/2267 2266/2266/2266 2264/2264/2264
f 2266/2266/2266 2265/2265/2265 2264/2264/2264

v 3.114053 4.141614 1.552682
v 1.809027 3.498849 1.278204
v 2.936706 1.68379 0.167032
v 4.168813 2.585758 0.181213
vn -0.20349 0.491928 -0.846522
vn -0.060588 0.493514 -0.867625
vn -0.20349 0.491928 -0.846522
vn -0.342144 0.480076 -0.807753
vt 0 0
vt 1 0
vt 1 1
vt 0 1
usemtl nature_blossoms_prunusserrulata_01_m_0005.jpg
f 2271/2271/2271 2270/2270/2270 2268/2268/2268
f 2270/2270/2270 2269/2269/2269 2268/2268/2268

v 2.913635 3.279213 1.688485
v 2.018182 4.3599 1.175608
v 2.774492 3.779501 -1.367827
v 2.761255 1.999745 -0.741442
vn 0.940431 0.339743 0.012798
vn 0.750565 0.656716 0.073327
vn 0.940431 0.339743 0.012798
vn 0.998464 -0.024857 -0.049526
vt 0 0
vt 1 0
vt 1 1
vt 0 1
usemtl nature_blossoms_prunusserrulata_01_m_0001.jpg
f 2275/2275/2275 2274/2274/2274 2272/2272/2272
f 2274/2274/2274 2273/2273/2273 2272/2272/2272

v 2.965442 4.078543 1.082599
v 1.884828 3.56446 1.797531
v 1.56307 1.899858 0.114241
v 2.207328 2.925632 -0.892301
vn -0.759613 0.60024 -0.250397
vn -0.617181 0.615258 -0.490454
vn -0.759613 0.60024 -0.250397
vn -0.84269 0.538321 0.009225
vt 0 0
vt 1 0
vt 1 1
vt 0 1
usemtl nature_blossoms_prunusserrulata_01_m_0006.jpg
f 2279/2279/2279 2278/2278/2278 2276/2276/2276
f 2278/2278/2278 2277/2277/2277 2276/2276/2276

v 2.523364 4.202377 2.078327
v 2.642073 3.405053 0.775582
v 4.916022 2.777228 1.367039
v 4.34112 2.88222 3.051947
vn 0.464343 0.867826 -0.176816
vn 0.346091 0.813934 -0.466619
vn 0.464343 0.867826 -0.176816
vn 0.535755 0.834177 0.130824
vt 0 0
vt 1 0
vt 1 1
vt 0 1
usemtl nature_blossoms_prunusserrulata_01_m_0001.jpg
f 2283/2283/2283 2282/2282/2282 2280/2280/2280
f 2282/2282/2282 2281/2281/2281 2280/2280/2280

v 2.648887 4.331547 1.89031
v 2.41746 3.312834 0.928917
v 4.896976 2.786057 0.890231
v 5.126387 4.149104 1.487246
vn 0.006876 0.550291 -0.834945
vn 0.129759 0.664797 -0.735668
vn 0.006876 0.550291 -0.834945
vn -0.116269 0.414837 -0.902437
vt 0 0
vt 1 0
vt 1 1
vt 0 1
usemtl nature_blossoms_prunusserrulata_01_m_0003.jpg
f 2287/2287/2287 2286/2286/2286 2284/2284/2284
f 2286/2286/2286 2285/2285/2285 2284/2284/2284

v 2.607247 3.351645 1.923908
v 2.491889 4.317489 0.907434
v 4.683327 3.572717 -0.048943
v 4.673434 2.487299 0.868127
vn 0.515705 0.601525 0.610094
vn 0.477029 0.66353 0.576343
vn 0.515705 0.601525 0.610094
vn 0.55104 0.535623 0.639893
vt 0 0
vt 1 0
vt 1 1
vt 0 1
usemtl nature_blossoms_prunusserrulata_01_m_0001.jpg
f 2291/2291/2291 2290/2290/2290 2288/2288/2288
f 2290/2290/2290 2289/2289/2289 2288/2288/2288

v 2.533687 3.261469 1.927546
v 2.5608 4.332873 0.859677
v 5.263561 4.223747 0.818812
v 5.118578 2.48448 1.213613
vn 0.185468 0.468862 0.86358
vn 0.039169 0.704898 0.708227
vn 0.185468 0.468862 0.86358
vn 0.312988 0.185352 0.931495
vt 0 0
vt 1 0
vt 1 1
vt 0 1
usemtl nature_blossoms_prunusserrulata_01_m_0002.jpg
f 2295/2295/2295 2294/2294/2294 2292/2292/2292
f 2294/2294/2294 2293/2293/2293 2292/2292/2292

v 2.934666 4.078156 1.763488
v 2.22722 3.250771 0.755782
v 4.35163 3.341948 -0.810492
v 4.772414 4.698418 -0.035949
vn -0.533611 0.688781 -0.490755
vn -0.354242 0.829286 -0.4322
vn -0.533611 0.688781 -0.490755
vn -0.683448 0.510156 -0.522149
vt 0 0
vt 1 0
vt 1 1
vt 0 1
usemtl nature_blossoms_prunusserrulata_01_m_0001.jpg
f 2299/2299/2299 2298/2298/2298 2296/2296/2296
f 2298/2298/2298 2297/2297/2297 2296/2296/2296

v 3.128442 3.261779 1.611415
v 2.034655 4.069071 0.914074
v 2.911672 3.23801 -1.423629
v 3.896626 2.262273 -0.750588
vn 0.669576 0.740805 -0.053624
vn 0.613534 0.788084 -0.049992
vn 0.669576 0.740805 -0.053624
vn 0.722009 0.689534 -0.056968
vt 0 0
vt 1 0
vt 1 1
vt 0 1
usemtl nature_blossoms_prunusserrulata_01_m_0002.jpg
f 2303/2303/2303 2302/2302/2302 2300/2300/2300
f 2302/2302/2302 2301/2301/2301 2300/2300/2300

v 3.170869 3.252885 1.266948
v 1.965964 4.098667 1.305398
v 1.749585 3.907894 -1.278869
v 3.524518 3.868188 -1.185606
vn 0.307122 0.948891 0.072678
vn 0.568876 0.815325 -0.10782
vn 0.307122 0.948891 0.072678
vn 0.008841 0.969601 0.244531
vt 0 0
vt 1 0
vt 1 1
vt 0 1
usemtl nature_blossoms_prunusserrulata_01_m_0001.jpg
f 2307/2307/2307 2306/2306/2306 2304/2304/2304
f 2306/2306/2306 2305/2305/2305 2304/2304/2304

v 3.049112 4.212014 1.431442
v 2.124377 3.113725 1.114784
v 3.660874 2.349299 -0.720918
v 4.08868 3.979256 -0.797104
vn -0.710594 0.419407 -0.564938
vn -0.480167 0.591141 -0.648068
vn -0.710594 0.419407 -0.564938
vn -0.877423 0.210135 -0.431246
vt 0 0
vt 1 0
vt 1 1
vt 0 1
usemtl nature_blossoms_prunusserrulata_01_m_0006.jpg
f 2311/2311/2311 2310/2310/2310 2308/2308/2308
f 2310/2310/2310 2309/2309/2309 2308/2308/2308

v 1.728666 3.987246 1.081431
v 0.611834 4.53869 0.414275
v 2.04768 4.773345 -1.795403
v 2.870567 3.533068 -1.205541
vn 0.536672 0.796933 0.277275
vn 0.284082 0.916418 0.281914
vn 0.536672 0.796933 0.277275
vn 0.747348 0.615207 0.25098
vt 0 0
vt 1 0
vt 1 1
vt 0 1
usemtl nature_blossoms_prunusserrulata_01_m_0003.jpg
f 2315/2315/2315 2314/2314/2314 2312/2312/2312
f 2314/2314/2314 2313/2313/2313 2312/2312/2312

v 1.748293 3.766854 0.69789
v 0.61573 4.753556 0.812268
v 0.669078 5.11116 -1.744433
v 1.598732 3.89868 -1.920284
vn 0.730619 0.680811 0.051886
vn 0.659051 0.742839 0.117652
vn 0.730619 0.680811 0.051886
vn 0.792474 0.609732 -0.014569
vt 0 0
vt 1 0
vt 1 1
vt 0 1
usemtl nature_blossoms_prunusserrulata_01_m_0004.jpg
f 2319/2319/2319 2318/2318/2318 2316/2316/2316
f 2318/2318/2318 2317/2317/2317 2316/2316/2316

v 1.708345 3.832907 0.768938
v 0.666439 4.717252 0.705872
v 1.646241 5.732255 -1.248391
v 2.952327 5.184856 -0.824964
vn 0.301606 0.698789 0.648636
vn 0.504708 0.636242 0.583494
vn 0.301606 0.698789 0.648636
vn 0.083602 0.726811 0.68173
vt 0 0
vt 1 0
vt 1 1
vt 0 1
usemtl nature_blossoms_prunusserrulata_01_m_0005.jpg
f 2323/2323/2323 2322/2322/2322 2320/2320/2320
f 2322/2322/2322 2321/2321/2321 2320/2320/2320

v 1.898929 3.895389 0.477391
v 0.600025 4.669336 0.783785
v -0.420778 3.722432 -1.151868
v 1.015981 3.215603 -1.548584
vn 0.270133 0.83829 -0.473601
vn 0.328385 0.768516 -0.549132
vn 0.270133 0.83829 -0.473601
vn 0.208109 0.896356 -0.391455
vt 0 0
vt 1 0
vt 1 1
vt 0 1
usemtl nature_blossoms_prunusserrulata_01_m_0004.jpg
f 2327/2327/2327 2326/2326/2326 2324/2324/2324
f 2326/2326/2326 2325/2325/2325 2324/2324/2324

v 1.539365 4.559859 0.078897
v 0.917607 3.927578 1.166595
v -0.446424 2.854254 -0.237047
v 0.179051 3.481871 -1.325333
vn -0.655853 0.752517 0.059786
vn -0.655981 0.752203 0.062281
vn -0.655853 0.752517 0.059786
vn -0.655722 0.752826 0.057291
vt 0 0
vt 1 0
vt 1 1
vt 0 1
usemtl nature_blossoms_prunusserrulata_01_m_0002.jpg
f 2331/2331/2331 2330/2330/2330 2328/2328/2328
f 2330/2330/2330 2329/2329/2329 2328/2328/2328

v 1.707566 4.554363 0.176998
v 0.7311 3.913674 1.122762
v -0.345289 2.633605 -0.855726
v 1.613864 2.476956 -1.327044
vn -0.430359 0.7388 -0.518619
vn -0.63654 0.757697 -0.143917
vn -0.430359 0.7388 -0.518619
vn -0.145307 0.584504 -0.798274
vt 0 0
vt 1 0
vt 1 1
vt 0 1
usemtl nature_blossoms_prunusserrulata_01_m_0005.jpg
f 2335/2335/2335 2334/2334/2334 2332/2332/2332
f 2334/2334/2334 2333/2333/2333 2332/2332/2332

v 1.747358 4.406521 2.450499
v 0.958163 5.217503 1.540421
v 3.16186 5.976882 0.306127
v 3.88577 4.584771 0.754969
vn 0.308593 0.658862 0.686055
vn 0.080911 0.777958 0.623085
vn 0.308593 0.658862 0.686055
vn 0.514676 0.493654 0.70101
vt 0 0
vt 1 0
vt 1 1
vt 0 1
usemtl nature_blossoms_prunusserrulata_01_m_0001.jpg
f 2339/2339/2339 2338/2338/2338 2336/2336/2336
f 2338/2338/2338 2337/2337/2337 2336/2336/2336

v 1.370708 5.339013 2.550354
v 1.313359 4.257601 1.46221
v 3.874037 4.44213 1.143868
v 3.941639 5.289202 2.464361
vn -0.070028 0.779906 -0.621967
vn -0.137241 0.706193 -0.694591
vn -0.070028 0.779906 -0.621967
vn -0.001749 0.841744 -0.539874
vt 0 0
vt 1 0
vt 1 1
vt 0 1
usemtl nature_blossoms_prunusserrulata_01_m_0002.jpg
f 2343/2343/2343 2342/2342/2342 2340/2340/2340
f 2342/2342/2342 2341/2341/2341 2340/2340/2340

v 1.011388 5.335594 2.404171
v 1.651079 4.295714 1.562391
v 3.878584 5.12892 2.225842
v 3.247458 6.235458 2.991785
vn -0.006863 0.596987 -0.802221
vn -0.003132 0.628018 -0.778192
vn -0.006863 0.596987 -0.802221
vn -0.010583 0.565029 -0.825003
vt 0 0
vt 1 0
vt 1 1
vt 0 1
usemtl nature_blossoms_prunusserrulata_01_m_0002.jpg
f 2347/2347/2347 2346/2346/2346 2344/2344/2344
f 2346/2346/2346 2345/2345/2345 2344/2344/2344

v 1.391076 4.965584 2.699318
v 1.279703 4.63679 1.284165
v 3.954119 4.398287 1.1291
v 4.05572 5.629531 2.33535
vn -0.100294 0.87217 -0.478811
vn 0.073116 0.970164 -0.23116
vn -0.100294 0.87217 -0.478811
vn -0.263574 0.686083 -0.678099
vt 0 0
vt 1 0
vt 1 1
vt 0 1
usemtl nature_blossoms_prunusserrulata_01_m_0001.jpg
f 2351/2351/2351 2350/2350/2350 2348/2348/2348
f 2350/2350/2350 2349/2349/2349 2348/2348/2348

v 0.883262 3.496868 3.102544
v 1.814851 4.524753 2.635435
v 3.428227 3.751472 4.151485
v 2.564753 2.626675 4.541183
vn -0.357856 0.58778 0.725571
vn -0.348747 0.630992 0.692982
vn -0.357856 0.58778 0.725571
vn -0.365887 0.542797 0.755975
vt 0 0
vt 1 0
vt 1 1
vt 0 1
usemtl nature_blossoms_prunusserrulata_01_m_0003.jpg
f 2355/2355/2355 2354/2354/2354 2352/2352/2352
f 2354/2354/2354 2353/2353/2353 2352/2352/2352

v 0.681771 4.188552 3.095617
v 2.012616 3.846167 2.642099
v 2.590541 2.913045 5.042481
v 0.936413 2.465291 5.143844
vn 0.086443 0.870073 0.485285
vn 0.325973 0.905005 0.273328
vn 0.086443 0.870073 0.485285
vn -0.162035 0.745071 0.647004
vt 0 0
vt 1 0
vt 1 1
vt 0 1
usemtl nature_blossoms_prunusserrulata_01_m_0005.jpg
f 2359/2359/2359 2358/2358/2358 2356/2356/2356
f 2358/2358/2358 2357/2357/2357 2356/2356/2356

v 0.776983 3.738322 2.663843
v 1.929872 4.28621 3.103637
v 1.279399 3.765714 5.457232
v -0.154207 3.773817 5.060674
vn -0.227471 0.97328 0.031368
vn -0.450467 0.889861 0.072294
vn -0.227471 0.97328 0.031368
vn 0.008802 0.999896 -0.011388
vt 0 0
vt 1 0
vt 1 1
vt 0 1
usemtl nature_blossoms_prunusserrulata_01_m_0002.jpg
f 2363/2363/2363 2362/2362/2362 2360/2360/2360
f 2362/2362/2362 2361/2361/2361 2360/2360/2360

v 0.966537 4.510922 2.486779
v 1.639477 3.525698 3.250971
v 0.355823 4.140033 5.173369
v -0.344422 5.088959 4.386425
vn 0.683464 0.685825 0.250044
vn 0.697417 0.6712 0.251197
vn 0.683464 0.685825 0.250044
vn 0.66923 0.700168 0.248789
vt 0 0
vt 1 0
vt 1 1
vt 0 1
usemtl nature_blossoms_prunusserrulata_01_m_0006.jpg
f 2367/2367/2367 2366/2366/2366 2364/2364/2364
f 2366/2366/2366 2365/2365/2365 2364/2364/2364

v 0.198818 3.955712 1.772668
v 1.433091 4.681057 2.380518
v -0.007144 6.659942 2.943598
v -1.313988 5.562747 2.926835
vn -0.045703 0.394001 -0.917973
vn 0.203384 0.402048 -0.892744
vn -0.045703 0.394001 -0.917973
vn -0.291922 0.361232 -0.885603
vt 0 0
vt 1 0
vt 1 1
vt 0 1
usemtl nature_blossoms_prunusserrulata_01_m_0001.jpg
f 2371/2371/2371 2370/2370/2370 2368/2368/2368
f 2370/2370/2370 2369/2369/2369 2368/2368/2368

v 0.943643 4.703227 1.492862
v 0.690165 3.926594 2.675526
v -1.601298 5.297674 3.084764
v -1.50822 5.808046 1.692872
vn 0.45922 0.767302 0.447621
vn 0.499431 0.671185 0.547796
vn 0.45922 0.767302 0.447621
vn 0.409417 0.84739 0.338095
vt 0 0
vt 1 0
vt 1 1
vt 0 1
usemtl nature_blossoms_prunusserrulata_01_m_0005.jpg
f 2375/2375/2375 2374/2374/2374 2372/2372/2372
f 2374/2374/2374 2373/2373/2373 2372/2372/2372

v 0.566142 4.55885 1.355305
v 1.008781 4.066878 2.782549
v -0.263241 5.909971 3.812362
v -1.47366 5.737625 2.394243
vn 0.594556 0.772235 -0.223954
vn 0.809022 0.585732 -0.049004
vn 0.594556 0.772235 -0.223954
vn 0.313865 0.872722 -0.373959
vt 0 0
vt 1 0
vt 1 1
vt 0 1
usemtl nature_blossoms_prunusserrulata_01_m_0004.jpg
f 2379/2379/2379 2378/2378/2378 2376/2376/2376
f 2378/2378/2378 2377/2377/2377 2376/2376/2376

v 0.096875 4.054857 1.833833
v 1.468587 4.559955 2.307145
v 0.346467 5.779409 4.257826
v -0.924725 4.617594 4.194016
vn -0.36524 0.775885 -0.514396
vn -0.103772 0.815442 -0.569462
vn -0.36524 0.775885 -0.514396
vn -0.600059 0.679717 -0.421799
vt 0 0
vt 1 0
vt 1 1
vt 0 1
usemtl nature_blossoms_prunusserrulata_01_m_0002.jpg
f 2383/2383/2383 2382/2382/2382 2380/2380/2380
f 2382/2382/2382 2381/2381/2381 2380/2380/2380

v 0.433041 4.611243 1.724968
v 1.275748 3.969093 2.608932
v -0.386155 4.411871 4.514922
v -1.307424 4.91904 3.607797
vn 0.400895 0.897889 0.181876
vn 0.456007 0.868141 0.195932
vn 0.400895 0.897889 0.181876
vn 0.344132 0.923938 0.16707
vt 0 0
vt 1 0
vt 1 1
vt 0 1
usemtl nature_blossoms_prunusserrulata_01_m_0002.jpg
f 2387/2387/2387 2386/2386/2386 2384/2384/2384
f 2386/2386/2386 2385/2385/2385 2384/2384/2384

v 0.626631 3.911382 1.658783
v 1.056635 4.727403 2.702269
v -1.16266 4.793803 3.56488
v -1.422584 3.456972 2.858587
vn -0.367321 0.66338 -0.651922
vn -0.1913 0.809889 -0.554513
vn -0.367321 0.66338 -0.651922
vn -0.520592 0.475784 -0.708953
vt 0 0
vt 1 0
vt 1 1
vt 0 1
usemtl nature_blossoms_prunusserrulata_01_m_0006.jpg
f 2391/2391/2391 2390/2390/2390 2388/2388/2388
f 2390/2390/2390 2389/2389/2389 2388/2388/2388

v -1.071904 4.503452 0.236828
v -0.970082 5.45619 1.295426
v -3.355592 6.044632 0.995282
v -3.578747 4.355242 0.611341
vn 0.053234 0.50332 -0.862459
vn 0.257162 0.705867 -0.660015
vn 0.053234 0.50332 -0.862459
vn -0.157272 0.238565 -0.958307
vt 0 0
vt 1 0
vt 1 1
vt 0 1
usemtl nature_blossoms_prunusserrulata_01_m_0002.jpg
f 2395/2395/2395 2394/2394/2394 2392/2392/2392
f 2394/2394/2394 2393/2393/2393 2392/2392/2392

v -0.780417 5.360005 0.204818
v -1.204332 4.630348 1.319971
v -3.48431 4.28866 0.229689
v -3.262039 5.509819 -0.640523
vn -0.285726 0.735389 0.614461
vn -0.329903 0.842505 0.425851
vn -0.285726 0.735389 0.614461
vn -0.22755 0.59224 0.772963
vt 0 0
vt 1 0
vt 1 1
vt 0 1
usemtl nature_blossoms_prunusserrulata_01_m_0004.jpg
f 2399/2399/2399 2398/2398/2398 2396/2396/2396
f 2398/2398/2398 2397/2397/2397 2396/2396/2396

v 0.122113 4.412686 1.117527
v -0.449583 5.314369 0.043688
v 2.072961 6.231276 -0.529367
v 2.637923 4.612148 -0.054369
vn 0.133443 0.582774 0.801603
vn -0.112585 0.730626 0.673432
vn 0.133443 0.582774 0.801603
vn 0.366286 0.377334 0.850561
vt 0 0
vt 1 0
vt 1 1
vt 0 1
usemtl nature_blossoms_prunusserrulata_01_m_0003.jpg
f 2403/2403/2403 2402/2402/2402 2400/2400/2400
f 2402/2402/2402 2401/2401/2401 2400/2400/2400

v -0.315009 4.240459 1.050166
v -0.086463 5.47745 0.167062
v 2.498461 5.774558 1.252206
v 2.458639 3.681787 0.985433
vn -0.205545 0.252435 0.94553
vn -0.370347 0.584075 0.722287
vn -0.205545 0.252435 0.94553
vn -0.00231 -0.126407 0.991976
vt 0 0
vt 1 0
vt 1 1
vt 0 1
usemtl nature_blossoms_prunusserrulata_01_m_0003.jpg
f 2407/2407/2407 2406/2406/2406 2404/2404/2404
f 2406/2406/2406 2405/2405/2405 2404/2404/2404

v -0.110615 4.495365 1.203935
v -0.195484 5.219444 -0.01368
v 2.055188 4.58708 -0.546602
v 2.31301 4.1824 0.848895
vn 0.252773 0.89814 0.359792
vn 0.339666 0.818618 0.463132
vn 0.252773 0.89814 0.359792
vn 0.159672 0.95561 0.247617
vt 0 0
vt 1 0
vt 1 1
vt 0 1
usemtl nature_blossoms_prunusserrulata_01_m_0004.jpg
f 2411/2411/2411 2410/2410/2410 2408/2408/2408
f 2410/2410/2410 2409/2409/2409 2408/2408/2408

v -0.588788 5.082116 1.131825
v 0.447718 4.463752 0.279278
v 2.200795 5.371402 1.752294
v 0.93278 5.130957 2.946285
vn -0.043122 0.965625 -0.256337
vn 0.037653 0.830116 -0.556317
vn -0.043122 0.965625 -0.256337
vn -0.118943 0.990207 0.07309
vt 0 0
vt 1 0
vt 1 1
vt 0 1
usemtl nature_blossoms_prunusserrulata_01_m_0002.jpg
f 2415/2415/2415 2414/2414/2414 2412/2412/2412
f 2414/2414/2414 2413/2413/2413 2412/2412/2412

v -0.051482 4.229641 1.269136
v -0.087136 5.292218 0.120353
v 1.946398 6.347701 1.033518
v 2.245427 4.969564 1.882247
vn -0.470685 0.523023 0.710564
vn -0.565415 0.596681 0.569454
vn -0.470685 0.523023 0.710564
vn -0.359806 0.43142 0.827295
vt 0 0
vt 1 0
vt 1 1
vt 0 1
usemtl nature_blossoms_prunusserrulata_01_m_0002.jpg
f 2419/2419/2419 2418/2418/2418 2416/2416/2416
f 2418/2418/2418 2417/2417/2417 2416/2416/2416

v -0.334045 4.852566 0.635273
v -1.212283 4.273536 -0.31793
v -1.115193 6.477894 -1.746439
v 0.139793 6.857149 -1.019
vn -0.667357 0.494841 0.556567
vn -0.784785 0.361022 0.503761
vn -0.667357 0.494841 0.556567
vn -0.526915 0.611594 0.59018
vt 0 0
vt 1 0
vt 1 1
vt 0 1
usemtl nature_blossoms_prunusserrulata_01_m_0002.jpg
f 2423/2423/2423 2422/2422/2422 2420/2420/2420
f 2422/2422/2422 2421/2421/2421 2420/2420/2420

v -0.077354 4.3324 0.359697
v -1.394746 4.808743 -0.068933
v -0.27262 6.071125 -2.114878
v 1.067446 6.169287 -1.117479
vn -0.177465 0.798588 0.57512
vn 0.11153 0.817231 0.565415
vn -0.177465 0.798588 0.57512
vn -0.451561 0.712895 0.536538
vt 0 0
vt 1 0
vt 1 1
vt 0 1
usemtl nature_blossoms_prunusserrulata_01_m_0005.jpg
f 2427/2427/2427 2426/2426/2426 2424/2424/2424
f 2426/2426/2426 2425/2425/2425 2424/2424/2424

v -0.376413 4.107549 0.53775
v -1.139195 5.051967 -0.180224
v 0.971231 5.819963 -1.412143
v 1.723828 4.815856 -0.761862
vn 0.2011 0.662924 0.721173
vn 0.169412 0.67951 0.713839
vn 0.2011 0.662924 0.721173
vn 0.232521 0.645453 0.727547
vt 0 0
vt 1 0
vt 1 1
vt 0 1
usemtl nature_blossoms_prunusserrulata_01_m_0001.jpg
f 2431/2431/2431 2430/2430/2430 2428/2428/2428
f 2430/2430/2430 2429/2429/2429 2428/2428/2428

v -0.483363 4.763054 -0.446207
v -1.543332 4.283043 0.512389
v -3.30006 5.849925 -0.645509
v -1.869536 6.953269 -0.882232
vn 0.131353 0.497631 0.857385
vn 0.239245 0.736123 0.633155
vn 0.131353 0.497631 0.857385
vn 0.007856 0.200022 0.97976
vt 0 0
vt 1 0
vt 1 1
vt 0 1
usemtl nature_blossoms_prunusserrulata_01_m_0001.jpg
f 2435/2435/2435 2434/2434/2434 2432/2432/2432
f 2434/2434/2434 2433/2433/2433 2432/2432/2432

v -0.282866 4.708465 -0.049164
v -1.653701 4.358847 0.049823
v -2.295984 6.486537 -1.329996
v -0.928302 6.879045 -1.32117
vn -0.106887 0.498628 0.860201
vn -0.073261 0.526983 0.846713
vn -0.106887 0.498628 0.860201
vn -0.140286 0.469218 0.871868
vt 0 0
vt 1 0
vt 1 1
vt 0 1
usemtl nature_blossoms_prunusserrulata_01_m_0002.jpg
f 2439/2439/2439 2438/2438/2438 2436/2436/2436
f 2438/2438/2438 2437/2437/2437 2436/2436/2436

v -0.54233 4.901217 0.373659
v -1.432578 4.113905 -0.371251
v -1.669166 5.913542 -1.990579
v -0.799808 6.710951 -1.231375
vn -0.772175 0.361263 0.522718
vn -0.766603 0.370881 0.524181
vn -0.772175 0.361263 0.522718
vn -0.77765 0.351599 0.52119
vt 0 0
vt 1 0
vt 1 1
vt 0 1
usemtl nature_blossoms_prunusserrulata_01_m_0004.jpg
f 2443/2443/2443 2442/2442/2442 2440/2440/2440
f 2442/2442/2442 2441/2441/2441 2440/2440/2440

v -0.898945 4.508864 -0.486199
v -1.743311 3.624556 0.057607
v -2.267399 2.728681 -2.212967
v -2.111172 4.332904 -2.654558
vn -0.86123 0.466545 0.201543
vn -0.74685 0.659184 -0.087701
vn -0.86123 0.466545 0.201543
vn -0.86033 0.211455 0.46381
vt 0 0
vt 1 0
vt 1 1
vt 0 1
usemtl nature_blossoms_prunusserrulata_01_m_0006.jpg
f 2447/2447/2447 2446/2446/2446 2444/2444/2444
f 2446/2446/2446 2445/2445/2445 2444/2444/2444

v -0.888959 4.317256 -0.692803
v -1.748128 3.808193 0.254418
v -3.677754 4.145403 -1.314608
v -2.749303 4.301937 -2.388446
vn -0.109891 0.96807 0.225308
vn -0.138751 0.919327 0.368219
vn -0.109891 0.96807 0.225308
vn -0.078433 0.993936 0.077072
vt 0 0
vt 1 0
vt 1 1
vt 0 1
usemtl nature_blossoms_prunusserrulata_01_m_0003.jpg
f 2451/2451/2451 2450/2450/2450 2448/2448/2448
f 2450/2450/2450 2449/2449/2449 2448/2448/2448

v -1.243442 3.537029 -0.598313
v -1.586202 4.704499 0.414878
v -4.160344 4.589489 -0.323425
v -3.738879 2.705134 -0.483944
vn 0.057157 0.397601 -0.915777
vn 0.175639 0.674161 -0.717397
vn 0.057157 0.397601 -0.915777
vn -0.068748 0.069401 -0.995217
vt 0 0
vt 1 0
vt 1 1
vt 0 1
usemtl nature_blossoms_prunusserrulata_01_m_0003.jpg
f 2455/2455/2455 2454/2454/2454 2452/2452/2452
f 2454/2454/2454 2453/2453/2453 2452/2452/2452

v -1.044072 4.386027 -0.655171
v -1.729928 3.904053 0.519563
v -3.961761 4.25518 -0.639406
v -3.270734 4.686629 -1.831851
vn -0.040316 0.939849 0.339204
vn -0.039873 0.932384 0.359263
vn -0.040316 0.939849 0.339204
vn -0.04074 0.946882 0.31899
vt 0 0
vt 1 0
vt 1 1
vt 0 1
usemtl nature_blossoms_prunusserrulata_01_m_0006.jpg
f 2459/2459/2459 2458/2458/2458 2456/2456/2456
f 2458/2458/2458 2457/2457/2457 2456/2456/2456

v -1.336353 3.814041 -0.773073
v -1.542138 4.457266 0.593341
v -3.992213 3.553095 0.649985
v -3.83776 3.145234 -0.834955
vn -0.281899 0.888012 -0.363275
vn -0.319453 0.837914 -0.44255
vn -0.281899 0.888012 -0.363275
vn -0.241467 0.929048 -0.280292
vt 0 0
vt 1 0
vt 1 1
vt 0 1
usemtl nature_blossoms_prunusserrulata_01_m_0001.jpg
f 2463/2463/2463 2462/2462/2462 2460/2460/2460
f 2462/2462/2462 2461/2461/2461 2460/2460/2460

v -1.368016 3.629397 -0.353204
v -1.59701 4.646336 0.723979
v -3.423705 5.917838 -0.864742
v -3.326083 4.782214 -1.857806
vn 0.712421 0.539703 -0.448527
vn 0.728298 0.5688 -0.382163
vn 0.712421 0.539703 -0.448527
vn 0.692624 0.507636 -0.512423
vt 0 0
vt 1 0
vt 1 1
vt 0 1
usemtl nature_blossoms_prunusserrulata_01_m_0006.jpg
f 2467/2467/2467 2466/2466/2466 2464/2464/2464
f 2466/2466/2466 2465/2465/2465 2464/2464/2464

v -0.99524 3.716514 -0.113387
v -1.980323 4.610994 0.493868
v -3.047874 5.068111 -1.91123
v -1.898082 4.391388 -2.572049
vn 0.576211 0.816097 -0.044339
vn 0.621784 0.772462 -0.129176
vn 0.576211 0.816097 -0.044339
vn 0.524196 0.85061 0.040993
vt 0 0
vt 1 0
vt 1 1
vt 0 1
usemtl nature_blossoms_prunusserrulata_01_m_0005.jpg
f 2471/2471/2471 2470/2470/2470 2468/2468/2468
f 2470/2470/2470 2469/2469/2469 2468/2468/2468

v -1.399774 4.519489 -0.246307
v -1.631557 3.583487 0.878271
v -3.586398 2.832084 -0.150037
v -3.336336 3.738505 -1.295469
vn -0.528014 0.710745 0.464805
vn -0.52297 0.705019 0.47901
vn -0.528014 0.710745 0.464805
vn -0.53292 0.716286 0.450479
vt 0 0
vt 1 0
vt 1 1
vt 0 1
usemtl nature_blossoms_prunusserrulata_01_m_0005.jpg
f 2475/2475/2475 2474/2474/2474 2472/2472/2472
f 2474/2474/2474 2473/2473/2473 2472/2472/2472

v -1.092799 4.26643 -0.255006
v -1.961067 3.799731 0.83271
v -3.526689 2.462114 -0.990967
v -2.584442 2.834338 -2.060165
vn -0.558625 0.815427 -0.151716
vn -0.571117 0.813907 -0.106676
vn -0.558625 0.815427 -0.151716
vn -0.54491 0.815163 -0.196424
vt 0 0
vt 1 0
vt 1 1
vt 0 1
usemtl nature_blossoms_prunusserrulata_01_m_0004.jpg
f 2479/2479/2479 2478/2478/2478 2476/2476/2476
f 2478/2478/2478 2477/2477/2477 2476/2476/2476

v -1.053187 3.694568 0.667797
v -1.959344 4.41474 -0.06137
v -2.458338 2.363821 -1.466876
v -1.440925 1.695999 -0.824266
vn 0.691049 0.314371 -0.650862
vn 0.722855 0.262245 -0.639303
vn 0.691049 0.314371 -0.650862
vn 0.656574 0.365284 -0.659907
vt 0 0
vt 1 0
vt 1 1
vt 0 1
usemtl nature_blossoms_prunusserrulata_01_m_0001.jpg
f 2483/2483/2483 2482/2482/2482 2480/2480/2480
f 2482/2482/2482 2481/2481/2481 2480/2480/2480

v -0.916425 4.320293 0.27041
v -2.13575 3.764888 0.364627
v -1.472823 2.053866 -1.142402
v -0.672497 3.414398 -1.912987
vn -0.654859 0.509001 -0.558639
vn -0.312985 0.556572 -0.76959
vn -0.654859 0.509001 -0.558639
vn -0.889571 0.378137 -0.256272
vt 0 0
vt 1 0
vt 1 1
vt 0 1
usemtl nature_blossoms_prunusserrulata_01_m_0005.jpg
f 2487/2487/2487 2486/2486/2486 2484/2484/2484
f 2486/2486/2486 2485/2485/2485 2484/2484/2484

v -0.216196 3.589766 -0.731062
v -1.081998 4.570585 -0.248703
v -2.753728 3.942609 -1.97243
v -1.997123 2.749222 -2.218559
vn 0.425952 0.558158 -0.712057
vn 0.400989 0.664228 -0.63088
vn 0.425952 0.558158 -0.712057
vn 0.44305 0.441782 -0.780087
vt 0 0
vt 1 0
vt 1 1
vt 0 1
usemtl nature_blossoms_prunusserrulata_01_m_0003.jpg
f 2491/2491/2491 2490/2490/2490 2488/2488/2488
f 2490/2490/2490 2489/2489/2489 2488/2488/2488

v -0.621638 4.344979 -1.200038
v -0.587298 3.860254 0.168678
v -2.763879 2.442784 -0.278704
v -3.014002 3.19899 -1.545862
vn -0.500649 0.762406 0.409985
vn -0.563453 0.774205 0.288318
vn -0.500649 0.762406 0.409985
vn -0.42839 0.736208 0.523908
vt 0 0
vt 1 0
vt 1 1
vt 0 1
usemtl nature_blossoms_prunusserrulata_01_m_0002.jpg
f 2495/2495/2495 2494/2494/2494 2492/2492/2492
f 2494/2494/2494 2493/2493/2493 2492/2492/2492

v -0.377371 4.48028 -1.045092
v -0.939569 3.726094 0.028961
v -2.645014 2.69021 -1.591114
v -2.212841 3.627495 -2.604658
vn -0.635457 0.719592 0.279968
vn -0.636141 0.747353 0.191802
vn -0.635457 0.719592 0.279968
vn -0.629342 0.685683 0.365742
vt 0 0
vt 1 0
vt 1 1
vt 0 1
usemtl nature_blossoms_prunusserrulata_01_m_0005.jpg
f 2499/2499/2499 2498/2498/2498 2496/2496/2496
f 2498/2498/2498 2497/2497/2497 2496/2496/2496

v -0.410406 4.302879 -1.048149
v -1.040286 3.945393 0.187
v -3.338981 3.868065 -1.00763
v -2.427245 3.516172 -2.304358
vn -0.147463 0.986264 -0.074412
vn -0.14082 0.967871 0.208316
vn -0.147463 0.986264 -0.074412
vn -0.142262 0.925444 -0.351163
vt 0 0
vt 1 0
vt 1 1
vt 0 1
usemtl nature_blossoms_prunusserrulata_01_m_0001.jpg
f 2503/2503/2503 2502/2502/2502 2500/2500/2500
f 2502/2502/2502 2501/2501/2501 2500/2500/2500

v -0.189007 3.811284 -0.785419
v -1.257465 4.468391 -0.139914
v -2.596596 4.333872 -2.219548
v -1.588524 3.548634 -2.83457
vn 0.388318 0.856606 -0.339758
vn 0.366207 0.883221 -0.29294
vn 0.388318 0.856606 -0.339758
vn 0.409113 0.827088 -0.385425
vt 0 0
vt 1 0
vt 1 1
vt 0 1
usemtl nature_blossoms_prunusserrulata_01_m_0003.jpg
f 2507/2507/2507 2506/2506/2506 2504/2504/2504
f 2506/2506/2506 2505/2505/2505 2504/2504/2504

v -0.311015 4.472944 -0.913667
v -1.18746 3.829 0.029739
v -3.194912 4.229053 -1.562163
v -2.314476 4.730191 -2.599336
vn -0.162884 0.90958 0.382274
vn -0.173486 0.880995 0.440171
vn -0.162884 0.90958 0.382274
vn -0.151585 0.93427 0.32274
vt 0 0
vt 1 0
vt 1 1
vt 0 1
usemtl nature_blossoms_prunusserrulata_01_m_0003.jpg
f 2511/2511/2511 2510/2510/2510 2508/2508/2508
f 2510/2510/2510 2509/2509/2509 2508/2508/2508

v -0.456133 4.746891 -0.443881
v -1.207977 3.786107 0.525179
v -3.456049 4.046533 -0.960782
v -2.129067 4.045054 -2.437669
vn -0.256079 0.944282 0.206773
vn -0.278635 0.781326 0.558474
vn -0.256079 0.944282 0.206773
vn -0.194917 0.964881 -0.1761
vt 0 0
vt 1 0
vt 1 1
vt 0 1
usemtl nature_blossoms_prunusserrulata_01_m_0004.jpg
f 2515/2515/2515 2514/2514/2514 2512/2512/2512
f 2514/2514/2514 2513/2513/2513 2512/2512/2512

v -0.373209 3.803522 -0.283067
v -1.308855 4.731252 0.343224
v -2.214456 5.353919 -1.932059
v -1.110643 4.616181 -2.588555
vn 0.63785 0.77007 0.011811
vn 0.678404 0.731359 -0.069868
vn 0.63785 0.77007 0.011811
vn 0.591035 0.801223 0.093374
vt 0 0
vt 1 0
vt 1 1
vt 0 1
usemtl nature_blossoms_prunusserrulata_01_m_0005.jpg
f 2519/2519/2519 2518/2518/2518 2516/2516/2516
f 2518/2518/2518 2517/2517/2517 2516/2516/2516

v -0.298919 3.748851 0.077028
v -1.380185 4.823824 -0.007156
v -1.748023 4.274293 -2.299751
v -0.473907 3.392562 -2.224972
vn 0.631801 0.742971 -0.220954
vn 0.689089 0.671853 -0.271604
vn 0.631801 0.742971 -0.220954
vn 0.567623 0.805987 -0.167894
vt 0 0
vt 1 0
vt 1 1
vt 0 1
usemtl nature_blossoms_prunusserrulata_01_m_0001.jpg
f 2523/2523/2523 2522/2522/2522 2520/2520/2520
f 2522/2522/2522 2521/2521/2521 2520/2520/2520

v -0.289549 4.719308 0.168522
v -1.463176 3.781774 -0.071928
v -0.034349 2.434852 -1.794224
v 0.633258 4.168315 -2.187299
vn -0.648264 0.453242 -0.611821
vn -0.324876 0.59519 -0.734987
vn -0.648264 0.453242 -0.611821
vn -0.880962 0.247887 -0.403062
vt 0 0
vt 1 0
vt 1 1
vt 0 1
usemtl nature_blossoms_prunusserrulata_01_m_0002.jpg
f 2527/2527/2527 2526/2526/2526 2524/2524/2524
f 2526/2526/2526 2525/2525/2525 2524/2524/2524

v -0.485286 3.866102 -0.588842
v -1.078991 4.71603 0.470252
v -2.24536 6.155177 -1.338512
v -2.101694 4.908466 -2.331468
vn 0.805484 0.537844 -0.248836
vn 0.797857 0.60179 -0.035678
vn 0.805484 0.537844 -0.248836
vn 0.773171 0.447231 -0.449657
vt 0 0
vt 1 0
vt 1 1
vt 0 1
usemtl nature_blossoms_prunusserrulata_01_m_0005.jpg
f 2531/2531/2531 2530/2530/2530 2528/2528/2528
f 2530/2530/2530 2529/2529/2529 2528/2528/2528

v -0.241984 4.641008 -0.362238
v -1.316804 3.944244 0.236159
v -2.862492 6.075805 -0.058197
v -1.888133 6.422863 -1.24423
vn 0.378113 0.529698 0.759244
vn 0.285774 0.331397 0.899171
vn 0.378113 0.529698 0.759244
vn 0.444957 0.692281 0.568121
vt 0 0
vt 1 0
vt 1 1
vt 0 1
usemtl nature_blossoms_prunusserrulata_01_m_0005.jpg
f 2535/2535/2535 2534/2534/2534 2532/2532/2532
f 2534/2534/2534 2533/2533/2533 2532/2532/2532

v -0.461045 3.990483 -0.811077
v -0.784361 4.667822 0.319616
v -2.799246 5.680384 -0.863105
v -2.4297 5.047449 -2.007179
vn 0.567282 0.776461 -0.274408
vn 0.563126 0.769917 -0.300194
vn 0.567282 0.776461 -0.274408
vn 0.571026 0.782442 -0.248423
vt 0 0
vt 1 0
vt 1 1
vt 0 1
usemtl nature_blossoms_prunusserrulata_01_m_0002.jpg
f 2539/2539/2539 2538/2538/2538 2536/2536/2536
f 2538/2538/2538 2537/2537/2537 2536/2536/2536

v -0.577568 4.019357 -0.817007
v -0.637903 4.676298 0.392131
v -2.995138 5.519438 -0.183583
v -2.916214 4.909276 -1.417209
vn 0.403978 0.821224 -0.402981
vn 0.395015 0.815351 -0.423281
vn 0.403978 0.821224 -0.402981
vn 0.412727 0.826664 -0.38247
vt 0 0
vt 1 0
vt 1 1
vt 0 1
usemtl nature_blossoms_prunusserrulata_01_m_0002.jpg
f 2543/2543/2543 2542/2542/2542 2540/2540/2540
f 2542/2542/2542 2541/2541/2541 2540/2540/2540

v -0.255822 4.855941 -0.270089
v -1.137046 3.812101 0.044412
v -2.376141 4.219251 -2.076155
v -1.521836 5.288876 -2.380504
vn -0.602159 0.635876 0.482769
vn -0.597578 0.647123 0.473426
vn -0.602159 0.635876 0.482769
vn -0.606599 0.62448 0.491999
vt 0 0
vt 1 0
vt 1 1
vt 0 1
usemtl nature_blossoms_prunusserrulata_01_m_0001.jpg
f 2547/2547/2547 2546/2546/2546 2544/2544/2544
f 2546/2546/2546 2545/2545/2545 2544/2544/2544

v -0.086399 4.066391 0.023711
v -1.311738 4.605063 -0.230766
v -0.854536 4.474985 -2.707608
v 0.128688 3.441127 -2.335516
vn 0.583405 0.811056 -0.042742
vn 0.397906 0.917078 0.025287
vn 0.583405 0.811056 -0.042742
vn 0.739571 0.664256 -0.108622
vt 0 0
vt 1 0
vt 1 1
vt 0 1
usemtl nature_blossoms_prunusserrulata_01_m_0006.jpg
f 2551/2551/2551 2550/2550/2550 2548/2548/2548
f 2550/2550/2550 2549/2549/2549 2548/2548/2548

v -0.196193 4.740531 0.195522
v -1.233408 3.966927 -0.430635
v -0.222298 4.39475 -2.634083
v 1.305892 4.265352 -1.705575
vn -0.21527 0.969581 -0.116498
vn -0.557384 0.824728 -0.095641
vn -0.21527 0.969581 -0.116498
vn 0.156651 0.980186 -0.121225
vt 0 0
vt 1 0
vt 1 1
vt 0 1
usemtl nature_blossoms_prunusserrulata_01_m_0003.jpg
f 2555/2555/2555 2554/2554/2554 2552/2552/2552
f 2554/2554/2554 2553/2553/2553 2552/2552/2552

v -1.840364 2.861702 -1.05022
v -2.509719 3.68364 -0.118693
v -4.899373 2.751479 -1.013296
v -4.191494 1.76403 -1.771102
vn -0.033061 0.668721 -0.742778
vn -0.034701 0.736884 -0.675127
vn -0.033061 0.668721 -0.742778
vn -0.031117 0.594388 -0.803576
vt 0 0
vt 1 0
vt 1 1
vt 0 1
usemtl nature_blossoms_prunusserrulata_01_m_0005.jpg
f 2559/2559/2559 2558/2558/2558 2556/2556/2556
f 2558/2558/2558 2557/2557/2557 2556/2556/2556

v -1.897884 2.871789 -1.096257
v -2.449805 3.686158 -0.068325
v -4.386726 2.246224 0.03247
v -3.618585 1.256768 -0.740658
vn -0.460297 0.436989 -0.772766
vn -0.454531 0.5631 -0.690159
vn -0.460297 0.436989 -0.772766
vn -0.455586 0.300932 -0.837784
vt 0 0
vt 1 0
vt 1 1
vt 0 1
usemtl nature_blossoms_prunusserrulata_01_m_0004.jpg
f 2563/2563/2563 2562/2562/2562 2560/2560/2560
f 2562/2562/2562 2561/2561/2561 2560/2560/2560

v -2.765094 3.50261 -0.682739
v -1.517795 3.034571 -0.461692
v -2.468372 0.712053 -0.015507
v -3.74883 1.441418 0.503873
vn 0.20664 0.248259 0.946397
vn -0.088479 0.222727 0.970857
vn 0.20664 0.248259 0.946397
vn 0.483504 0.251858 0.838327
vt 0 0
vt 1 0
vt 1 1
vt 0 1
usemtl nature_blossoms_prunusserrulata_01_m_0001.jpg
f 2567/2567/2567 2566/2566/2566 2564/2564/2564
f 2566/2566/2566 2565/2565/2565 2564/2564/2564

v -2.608307 3.202419 -1.134745
v -1.729776 3.324439 -0.026261
v -2.138451 0.848475 0.570186
v -2.388118 0.584678 -1.0211
vn -0.915281 0.099939 0.390222
vn -0.76938 0.266808 0.580403
vn -0.915281 0.099939 0.390222
vn -0.983107 -0.075454 0.166754
vt 0 0
vt 1 0
vt 1 1
vt 0 1
usemtl nature_blossoms_prunusserrulata_01_m_0001.jpg
f 2571/2571/2571 2570/2570/2570 2568/2568/2568
f 2570/2570/2570 2569/2569/2569 2568/2568/2568

v -2.415048 3.500247 -0.286013
v -1.848176 4.355676 0.58618
v -3.89708 4.045092 2.222456
v -4.429452 3.114248 1.401807
vn -0.498487 0.73801 -0.454809
vn -0.469789 0.763367 -0.443361
vn -0.498487 0.73801 -0.454809
vn -0.526389 0.711474 -0.46553
vt 0 0
vt 1 0
vt 1 1
vt 0 1
usemtl nature_blossoms_prunusserrulata_01_m_0002.jpg
f 2575/2575/2575 2574/2574/2574 2572/2572/2572
f 2574/2574/2574 2573/2573/2573 2572/2572/2572

v -2.121945 3.551237 -0.446111
v -2.150772 4.217542 0.750641
v -4.45962 3.658278 1.006403
v -4.470621 3.092121 -0.247067
vn -0.232741 0.868051 -0.438543
vn -0.25652 0.841835 -0.47488
vn -0.232741 0.868051 -0.438543
vn -0.208363 0.892032 -0.401077
vt 0 0
vt 1 0
vt 1 1
vt 0 1
usemtl nature_blossoms_prunusserrulata_01_m_0002.jpg
f 2579/2579/2579 2578/2578/2578 2576/2576/2576
f 2578/2578/2578 2577/2577/2577 2576/2576/2576

v -2.026183 3.259759 -0.243911
v -2.284312 4.502603 0.524631
v -4.662803 4.73616 -0.651926
v -4.638822 2.968767 -0.650839
vn 0.30089 0.285914 -0.909791
vn 0.415338 0.539273 -0.732584
vn 0.30089 0.285914 -0.909791
vn 0.153737 0.001478 -0.988111
vt 0 0
vt 1 0
vt 1 1
vt 0 1
usemtl nature_blossoms_prunusserrulata_01_m_0003.jpg
f 2583/2583/2583 2582/2582/2582 2580/2580/2580
f 2582/2582/2582 2581/2581/2581 2580/2580/2580

v -2.231047 3.163414 -0.953503
v -1.700248 3.800614 0.179288
v -4.065015 4.844066 0.700416
v -4.13316 5.030076 -1.112223
vn 0.502176 0.819553 -0.275956
vn 0.229605 0.79837 -0.556674
vn 0.502176 0.819553 -0.275956
vn 0.69764 0.714897 0.047134
vt 0 0
vt 1 0
vt 1 1
vt 0 1
usemtl nature_blossoms_prunusserrulata_01_m_0003.jpg
f 2587/2587/2587 2586/2586/2586 2584/2584/2584
f 2586/2586/2586 2585/2585/2585 2584/2584/2584

v -2.502913 3.262548 -0.733109
v -1.36447 3.734618 -0.01986
v -2.581419 6.041798 0.395528
v -3.891294 5.196435 0.202977
vn 0.14508 0.375787 -0.915279
vn 0.385392 0.356513 -0.8511
vn 0.14508 0.375787 -0.915279
vn -0.104263 0.371673 -0.92249
vt 0 0
vt 1 0
vt 1 1
vt 0 1
usemtl nature_blossoms_prunusserrulata_01_m_0004.jpg
f 2591/2591/2591 2590/2590/2590 2588/2588/2588
f 2590/2590/2590 2589/2589/2589 2588/2588/2588

v -2.363393 3.637924 -0.932265
v -1.521376 3.362105 0.226261
v -2.068336 5.655417 1.169779
v -2.258592 6.2146 -0.394985
vn 0.92862 0.193827 -0.316379
vn 0.787602 0.385587 -0.480631
vn 0.92862 0.193827 -0.316379
vn 0.991972 -0.014143 -0.125666
vt 0 0
vt 1 0
vt 1 1
vt 0 1
usemtl nature_blossoms_prunusserrulata_01_m_0005.jpg
f 2595/2595/2595 2594/2594/2594 2592/2592/2592
f 2594/2594/2594 2593/2593/2593 2592/2592/2592

v -2.455998 3.187185 0.019876
v -1.412704 3.821718 -0.731351
v -0.979267 5.49079 1.280403
v -2.64163 5.271535 1.522644
vn -0.452316 0.63348 -0.627784
vn -0.666099 0.638218 -0.385991
vn -0.452316 0.63348 -0.627784
vn -0.191406 0.56274 -0.804169
vt 0 0
vt 1 0
vt 1 1
vt 0 1
usemtl nature_blossoms_prunusserrulata_01_m_0004.jpg
f 2599/2599/2599 2598/2598/2598 2596/2596/2596
f 2598/2598/2598 2597/2597/2597 2596/2596/2596

v -1.405814 3.947134 -0.699595
v -2.340203 3.130313 -0.181609
v -3.859832 3.513417 -2.318721
v -2.912684 4.309997 -2.84561
vn -0.430282 0.787529 0.441198
vn -0.434115 0.781152 0.448716
vn -0.430282 0.787529 0.441198
vn -0.426401 0.793818 0.433631
vt 0 0
vt 1 0
vt 1 1
vt 0 1
usemtl nature_blossoms_prunusserrulata_01_m_0002.jpg
f 2603/2603/2603 2602/2602/2602 2600/2600/2600
f 2602/2602/2602 2601/2601/2601 2600/2600/2600

v -1.671959 4.078245 -0.943274
v -2.056081 3.00711 0.09532
v -4.069722 2.270941 -1.408657
v -4.119556 3.875841 -2.05726
vn -0.520219 0.514685 0.681522
vn -0.588768 0.661516 0.464488
vn -0.520219 0.514685 0.681522
vn -0.413505 0.330095 0.848558
vt 0 0
vt 1 0
vt 1 1
vt 0 1
usemtl nature_blossoms_prunusserrulata_01_m_0003.jpg
f 2607/2607/2607 2606/2606/2606 2604/2604/2604
f 2606/2606/2606 2605/2605/2605 2604/2604/2604

v -1.772443 3.917134 -1.0704
v -1.942938 3.213231 0.227197
v -4.348651 3.352602 -0.013292
v -4.189274 4.334101 -1.161763
vn 0.054233 0.819855 0.569998
vn 0.003214 0.878816 0.477151
vn 0.054233 0.819855 0.569998
vn 0.104455 0.748842 0.654466
vt 0 0
vt 1 0
vt 1 1
vt 0 1
usemtl nature_blossoms_prunusserrulata_01_m_0002.jpg
f 2611/2611/2611 2610/2610/2610 2608/2608/2608
f 2610/2610/2610 2609/2609/2609 2608/2608/2608

v -1.761359 4.100516 -0.878778
v -1.953892 3.035122 -0.047502
v -3.732912 2.180662 -1.55465
v -3.521391 3.228129 -2.404502
vn -0.686153 0.528739 0.499629
vn -0.683273 0.521906 0.510639
vn -0.686153 0.528739 0.499629
vn -0.688912 0.53548 0.48853
vt 0 0
vt 1 0
vt 1 1
vt 0 1
usemtl nature_blossoms_prunusserrulata_01_m_0005.jpg
f 2615/2615/2615 2614/2614/2614 2612/2612/2612
f 2614/2614/2614 2613/2613/2613 2612/2612/2612

v -2.187811 4.014387 -0.567095
v -1.706063 2.95274 0.325766
v -3.79013 3.084751 1.607205
v -4.485682 3.749892 0.35824
vn 0.247557 0.811463 0.52938
vn 0.410887 0.688779 0.597289
vn 0.247557 0.811463 0.52938
vn 0.072756 0.896544 0.436939
vt 0 0
vt 1 0
vt 1 1
vt 0 1
usemtl nature_blossoms_prunusserrulata_01_m_0004.jpg
f 2619/2619/2619 2618/2618/2618 2616/2616/2616
f 2618/2618/2618 2617/2617/2617 2616/2616/2616

v -2.42854 3.971426 -0.287177
v -1.473348 3.042545 0.064212
v -2.659727 2.699168 2.381481
v -3.57696 3.683975 2.074743
vn 0.587933 0.709211 0.389043
vn 0.561545 0.72696 0.395218
vn 0.587933 0.709211 0.389043
vn 0.613704 0.690719 0.382459
vt 0 0
vt 1 0
vt 1 1
vt 0 1
usemtl nature_blossoms_prunusserrulata_01_m_0004.jpg
f 2623/2623/2623 2622/2622/2622 2620/2620/2620
f 2622/2622/2622 2621/2621/2621 2620/2620/2620

v -2.451036 3.957693 -0.390749
v -1.462211 3.038582 0.192286
v -3.358838 1.582084 1.1129
v -4.368653 2.308244 0.261291
vn -0.119718 0.563236 0.817577
vn -0.000807 0.535043 0.844825
vn -0.119718 0.563236 0.817577
vn -0.236752 0.5826 0.777512
vt 0 0
vt 1 0
vt 1 1
vt 0 1
usemtl nature_blossoms_prunusserrulata_01_m_0001.jpg
f 2627/2627/2627 2626/2626/2626 2624/2624/2624
f 2626/2626/2626 2625/2625/2625 2624/2624/2624

v -2.417197 3.109291 -0.526235
v -1.530451 3.88503 0.309514
v -3.332877 3.726874 2.368722
v -3.813274 2.381596 1.630473
vn -0.640347 0.684445 -0.348556
vn -0.436806 0.841587 -0.317699
vn -0.640347 0.684445 -0.348556
vn -0.800937 0.481394 -0.356034
vt 0 0
vt 1 0
vt 1 1
vt 0 1
usemtl nature_blossoms_prunusserrulata_01_m_0002.jpg
f 2631/2631/2631 2630/2630/2630 2628/2628/2628
f 2630/2630/2630 2629/2629/2629 2628/2628/2628

v -1.583255 3.766733 -0.65905
v -2.512569 3.174246 0.211184
v -4.538292 4.594077 -0.985392
v -3.612714 5.163643 -1.875221
vn 0.139546 0.752362 0.6438
vn 0.136472 0.744997 0.652959
vn 0.139546 0.752362 0.6438
vn 0.142599 0.759616 0.634546
vt 0 0
vt 1 0
vt 1 1
vt 0 1
usemtl nature_blossoms_prunusserrulata_01_m_0004.jpg
f 2635/2635/2635 2634/2634/2634 2632/2632/2632
f 2634/2634/2634 2633/2633/2633 2632/2632/2632

v -1.357468 3.798879 -0.282162
v -2.73706 3.212656 -0.118274
v -3.732027 5.079835 -1.814955
v -2.272476 5.364911 -2.38295
vn -0.052105 0.725092 0.686678
vn -0.16839 0.612252 0.772524
vn -0.052105 0.725092 0.686678
vn 0.065933 0.813551 0.577744
vt 0 0
vt 1 0
vt 1 1
vt 0 1
usemtl nature_blossoms_prunusserrulata_01_m_0001.jpg
f 2639/2639/2639 2638/2638/2638 2636/2636/2636
f 2638/2638/2638 2637/2637/2637 2636/2636/2636

v -1.319204 3.751712 -0.194577
v -2.763204 3.290977 -0.278413
v -3.218872 5.078983 -2.256241
v -1.397351 4.469186 -2.791556
vn 0.061012 0.863902 0.499951
vn -0.258433 0.68624 0.679918
vn 0.061012 0.863902 0.499951
vn 0.370329 0.89816 0.236993
vt 0 0
vt 1 0
vt 1 1
vt 0 1
usemtl nature_blossoms_prunusserrulata_01_m_0006.jpg
f 2643/2643/2643 2642/2642/2642 2640/2640/2640
f 2642/2642/2642 2641/2641/2641 2640/2640/2640

v -2.395446 3.515416 -0.388267
v -1.900386 2.457692 0.47205
v -4.013859 2.7823 2.087316
v -4.522939 3.824717 1.216248
vn 0.505218 0.679816 0.531606
vn 0.51138 0.673491 0.533761
vn 0.505218 0.679816 0.531606
vn 0.499014 0.686086 0.529407
vt 0 0
vt 1 0
vt 1 1
vt 0 1
usemtl nature_blossoms_prunusserrulata_01_m_0002.jpg
f 2647/2647/2647 2646/2646/2646 2644/2644/2644
f 2646/2646/2646 2645/2645/2645 2644/2644/2644

v -2.36422 3.435994 -0.469885
v -1.944595 2.556631 0.569181
v -4.473366 1.887736 1.024335
v -4.838601 3.320761 0.431868
vn 0.110797 0.607881 0.78626
vn -0.077944 0.745265 0.662197
vn 0.110797 0.607881 0.78626
vn 0.291795 0.428013 0.855371
vt 0 0
vt 1 0
vt 1 1
vt 0 1
usemtl nature_blossoms_prunusserrulata_01_m_0003.jpg
f 2651/2651/2651 2650/2650/2650 2648/2648/2648
f 2650/2650/2650 2649/2649/2649 2648/2648/2648

v -2.135313 2.500758 -0.488105
v -2.13633 3.530044 0.550228
v -4.422755 3.506847 0.570984
v -4.37808 2.621415 -0.609907
vn 0.031 0.757244 -0.652396
vn -0.013595 0.710121 -0.703948
vn 0.031 0.757244 -0.652396
vn 0.075382 0.799167 -0.596364
vt 0 0
vt 1 0
vt 1 1
vt 0 1
usemtl nature_blossoms_prunusserrulata_01_m_0002.jpg
f 2655/2655/2655 2654/2654/2654 2652/2652/2652
f 2654/2654/2654 2653/2653/2653 2652/2652/2652

v -2.638429 2.510451 -0.180961
v -1.571899 3.343601 0.49385
v -3.117836 3.832538 2.333522
v -4.307594 3.257546 1.534738
vn -0.214005 0.847207 -0.486254
vn -0.324337 0.810388 -0.487931
vn -0.214005 0.847207 -0.486254
vn -0.100777 0.872561 -0.477997
vt 0 0
vt 1 0
vt 1 1
vt 0 1
usemtl nature_blossoms_prunusserrulata_01_m_0001.jpg
f 2659/2659/2659 2658/2658/2658 2656/2656/2656
f 2658/2658/2658 2657/2657/2657 2656/2656/2656

v -2.780458 2.632239 0.00692
v -1.447222 3.200433 0.32181
v -1.926608 3.032453 2.654624
v -3.386262 2.741857 2.374082
vn -0.285396 0.956964 -0.052614
vn -0.389285 0.921016 -0.013677
vn -0.285396 0.956964 -0.052614
vn -0.177625 0.979897 -0.090835
vt 0 0
vt 1 0
vt 1 1
vt 0 1
usemtl nature_blossoms_prunusserrulata_01_m_0002.jpg
f 2663/2663/2663 2662/2662/2662 2660/2660/2660
f 2662/2662/2662 2661/2661/2661 2660/2660/2660

v -1.347747 3.954937 -0.9975
v -1.716417 3.568188 0.422207
v -3.277705 5.78583 0.62089
v -3.70216 5.374092 -1.222297
vn 0.699037 0.714644 0.025133
vn 0.781859 0.519581 0.344575
vn 0.699037 0.714644 0.025133
vn 0.51349 0.804688 -0.298003
vt 0 0
vt 1 0
vt 1 1
vt 0 1
usemtl nature_blossoms_prunusserrulata_01_m_0002.jpg
f 2667/2667/2667 2666/2666/2666 2664/2664/2664
f 2666/2666/2666 2665/2665/2665 2664/2664/2664

v -1.098748 4.133896 -0.767472
v -1.992697 3.35115 0.189114
v -3.930696 5.008114 -0.266141
v -3.053431 5.663098 -1.342863
vn 0.318493 0.621046 0.716146
vn 0.310981 0.572222 0.75885
vn 0.318493 0.621046 0.716146
vn 0.324647 0.667222 0.670388
vt 0 0
vt 1 0
vt 1 1
vt 0 1
usemtl nature_blossoms_prunusserrulata_01_m_0004.jpg
f 2671/2671/2671 2670/2670/2670 2668/2668/2668
f 2670/2670/2670 2669/2669/2669 2668/2668/2668

v -1.131655 4.328761 -0.548011
v -2.005811 3.189743 -0.356498
v -3.263088 3.743271 -2.803202
v -2.173096 4.69732 -3.109642
vn -0.616214 0.674015 0.407412
vn -0.659574 0.585458 0.471383
vn -0.616214 0.674015 0.407412
vn -0.564342 0.753261 0.337812
vt 0 0
vt 1 0
vt 1 1
vt 0 1
usemtl nature_blossoms_prunusserrulata_01_m_0002.jpg
f 2675/2675/2675 2674/2674/2674 2672/2672/2672
f 2674/2674/2674 2673/2673/2673 2672/2672/2672

v -1.371431 3.300988 -0.970409
v -1.797697 4.180974 0.043322
v -3.610976 5.055714 -1.47848
v -2.787696 4.568937 -2.6666
vn 0.629601 0.766037 -0.129579
vn 0.626226 0.699641 -0.344012
vn 0.629601 0.766037 -0.129579
vn 0.601243 0.793823 0.091385
vt 0 0
vt 1 0
vt 1 1
vt 0 1
usemtl nature_blossoms_prunusserrulata_01_m_0004.jpg
f 2679/2679/2679 2678/2678/2678 2676/2676/2676
f 2678/2678/2678 2677/2677/2677 2676/2676/2676

v -1.121207 4.024133 -1.006031
v -2.028186 3.442074 0.073325
v -3.76839 5.363999 -0.352535
v -2.833207 5.995072 -1.381759
vn 0.450456 0.545108 0.707069
vn 0.455783 0.565072 0.687717
vn 0.450456 0.545108 0.707069
vn 0.444767 0.524707 0.725855
vt 0 0
vt 1 0
vt 1 1
vt 0 1
usemtl nature_blossoms_prunusserrulata_01_m_0001.jpg
f 2683/2683/2683 2682/2682/2682 2680/2680/2680
f 2682/2682/2682 2681/2681/2681 2680/2680/2680

v -0.724789 3.252686 -0.467197
v -1.823482 4.194903 -0.12405
v -1.679649 5.176666 -2.359263
v -0.515845 4.300658 -2.675732
vn 0.646089 0.67361 0.358913
vn 0.671553 0.661523 0.333772
vn 0.646089 0.67361 0.358913
vn 0.619704 0.684735 0.383543
vt 0 0
vt 1 0
vt 1 1
vt 0 1
usemtl nature_blossoms_prunusserrulata_01_m_0006.jpg
f 2687/2687/2687 2686/2686/2686 2684/2684/2684
f 2686/2686/2686 2685/2685/2685 2684/2684/2684

v -0.728538 4.123237 0.036913
v -1.793522 3.373893 -0.597895
v -0.39747 3.233141 -2.773829
v 0.309867 4.594043 -2.260914
vn -0.634192 0.712466 -0.300321
vn -0.410892 0.854101 -0.318871
vn -0.634192 0.712466 -0.300321
vn -0.812928 0.520769 -0.260667
vt 0 0
vt 1 0
vt 1 1
vt 0 1
usemtl nature_blossoms_prunusserrulata_01_m_0002.jpg
f 2691/2691/2691 2690/2690/2690 2688/2688/2688
f 2690/2690/2690 2689/2689/2689 2688/2688/2688

v -0.732332 4.128496 -0.169579
v -1.858318 3.393903 -0.457017
v -1.795807 4.238925 -2.861471
v -0.399608 4.615301 -2.717065
vn -0.429647 0.879231 0.205807
vn -0.573249 0.77758 0.25837
vn -0.429647 0.879231 0.205807
vn -0.271559 0.951236 0.146306
vt 0 0
vt 1 0
vt 1 1
vt 0 1
usemtl nature_blossoms_prunusserrulata_01_m_0006.jpg
f 2695/2695/2695 2694/2694/2694 2692/2692/2692
f 2694/2694/2694 2693/2693/2693 2692/2692/2692

v -0.637333 3.531591 -0.166845
v -1.899433 3.944924 -0.447707
v -0.964263 5.870067 -1.816898
v 0.248937 5.07229 -1.882062
vn 0.212838 0.583016 0.784087
vn 0.007316 0.577202 0.816569
vn 0.212838 0.583016 0.784087
vn 0.409138 0.563568 0.717633
vt 0 0
vt 1 0
vt 1 1
vt 0 1
usemtl nature_blossoms_prunusserrulata_01_m_0006.jpg
f 2699/2699/2699 2698/2698/2698 2696/2696/2696
f 2698/2698/2698 2697/2697/2697 2696/2696/2696

v -1.023065 3.450551 -0.8311
v -1.699941 4.021708 0.466625
v -3.74807 4.432392 -0.782403
v -2.457906 4.868593 -2.203607
vn 0.337389 0.928783 0.153399
vn 0.325937 0.916172 -0.233224
vn 0.337389 0.928783 0.153399
vn 0.298312 0.802291 0.517048
vt 0 0
vt 1 0
vt 1 1
vt 0 1
usemtl nature_blossoms_prunusserrulata_01_m_0006.jpg
f 2703/2703/2703 2702/2702/2702 2700/2700/2700
f 2702/2702/2702 2701/2701/2701 2700/2700/2700

v -1.290232 3.403047 -0.866776
v -1.424717 4.124983 0.44434
v -3.799426 4.527029 -0.020619
v -3.771567 3.177634 -0.997176
vn 0.115594 0.749108 -0.652285
vn 0.23406 0.861596 -0.45041
vn 0.115594 0.749108 -0.652285
vn -0.010667 0.586099 -0.810169
vt 0 0
vt 1 0
vt 1 1
vt 0 1
usemtl nature_blossoms_prunusserrulata_01_m_0005.jpg
f 2707/2707/2707 2706/2706/2706 2704/2704/2704
f 2706/2706/2706 2705/2705/2705 2704/2704/2704

v -1.670375 3.381766 -0.747556
v -1.035794 4.098107 0.408257
v -3.112884 4.885154 1.06086
v -3.75591 4.127558 -0.064748
vn 0.109956 0.805671 -0.582069
vn 0.127287 0.810269 -0.572068
vn 0.109956 0.805671 -0.582069
vn 0.092579 0.800732 -0.591825
vt 0 0
vt 1 0
vt 1 1
vt 0 1
usemtl nature_blossoms_prunusserrulata_01_m_0001.jpg
f 2711/2711/2711 2710/2710/2710 2708/2708/2708
f 2710/2710/2710 2709/2709/2709 2708/2708/2708

v -1.293802 3.217093 -0.611161
v -1.37602 4.331854 0.202213
v -3.722798 4.269672 0.050216
v -3.630434 3.183595 -0.801444
vn 0.045747 0.605029 -0.794888
vn 0.03655 0.590786 -0.806
vn 0.045747 0.605029 -0.794888
vn 0.054926 0.619023 -0.78345
vt 0 0
vt 1 0
vt 1 1
vt 0 1
usemtl nature_blossoms_prunusserrulata_01_m_0006.jpg
f 2715/2715/2715 2714/2714/2714 2712/2712/2712
f 2714/2714/2714 2713/2713/2713 2712/2712/2712

v 0.433033 5.300991 1.010063
v -0.850553 5.63674 0.987851
v -0.261481 7.801813 -0.327055
v 0.957302 7.196331 -0.637128
vn 0.282799 0.512156 0.811
vn 0.113993 0.492868 0.862605
vn 0.282799 0.512156 0.811
vn 0.442689 0.515296 0.733824
vt 0 0
vt 1 0
vt 1 1
vt 0 1
usemtl nature_blossoms_prunusserrulata_01_m_0003.jpg
f 2719/2719/2719 2718/2718/2718 2716/2716/2716
f 2718/2718/2718 2717/2717/2717 2716/2716/2716

v 0.275947 5.295341 0.559121
v -0.676923 5.693995 1.502322
v -0.919464 7.973593 0.293801
v 0.326303 7.71194 -0.411407
vn 0.629343 0.349654 0.694024
vn 0.726065 0.380792 0.572562
vn 0.629343 0.349654 0.694024
vn 0.516838 0.309747 0.798082
vt 0 0
vt 1 0
vt 1 1
vt 0 1
usemtl nature_blossoms_prunusserrulata_01_m_0005.jpg
f 2723/2723/2723 2722/2722/2722 2720/2720/2720
f 2722/2722/2722 2721/2721/2721 2720/2720/2720

v 0.284044 5.771662 1.906614
v -0.045097 4.931473 0.779739
v 2.366895 5.120434 -0.065648
v 2.673137 6.038917 1.00954
vn -0.274636 0.788454 -0.550378
vn -0.249532 0.809844 -0.530929
vn -0.274636 0.788454 -0.550378
vn -0.299338 0.765907 -0.56902
vt 0 0
vt 1 0
vt 1 1
vt 0 1
usemtl nature_blossoms_prunusserrulata_01_m_0006.jpg
f 2727/2727/2727 2726/2726/2726 2724/2724/2724
f 2726/2726/2726 2725/2725/2725 2724/2724/2724

v 0.149265 5.882012 1.788898
v 0.045286 4.777025 0.856251
v 2.08956 3.90203 1.665022
v 2.395398 5.537009 1.947237
vn 0.311484 0.360254 -0.879315
vn 0.498431 0.5313 -0.685046
vn 0.311484 0.360254 -0.879315
vn 0.092783 0.152483 -0.983941
vt 0 0
vt 1 0
vt 1 1
vt 0 1
usemtl nature_blossoms_prunusserrulata_01_m_0004.jpg
f 2731/2731/2731 2730/2730/2730 2728/2728/2728
f 2730/2730/2730 2729/2729/2729 2728/2728/2728

v -0.172281 4.933204 1.793689
v 0.373417 5.792701 0.900931
v 2.309519 5.967725 2.252877
v 1.807526 5.028102 3.095209
vn -0.408262 0.745692 0.526561
vn -0.411142 0.769178 0.489211
vn -0.408262 0.745692 0.526561
vn -0.404584 0.720747 0.562881
vt 0 0
vt 1 0
vt 1 1
vt 0 1
usemtl nature_blossoms_prunusserrulata_01_m_0001.jpg
f 2735/2735/2735 2734/2734/2734 2732/2732/2732
f 2734/2734/2734 2733/2733/2733 2732/2732/2732

v -0.193956 4.881164 3.522244
v 0.922492 4.124157 3.668414
v 1.297966 5.088152 5.793018
v 0.066128 5.694753 5.749253
vn 0.48638 0.781484 -0.390791
vn 0.545579 0.722697 -0.424327
vn 0.48638 0.781484 -0.390791
vn 0.423249 0.833952 -0.354096
vt 0 0
vt 1 0
vt 1 1
vt 0 1
usemtl nature_blossoms_prunusserrulata_01_m_0004.jpg
f 2739/2739/2739 2738/2738/2738 2736/2736/2736
f 2738/2738/2738 2737/2737/2737 2736/2736/2736

v -0.104675 4.176863 4.032524
v 0.848891 4.884381 3.186887
v 2.359979 5.230356 5.180305
v 1.65209 4.090118 5.940932
vn -0.504551 0.782211 0.365478
vn -0.462619 0.863515 0.200812
vn -0.504551 0.782211 0.365478
vn -0.528579 0.673152 0.517176
vt 0 0
vt 1 0
vt 1 1
vt 0 1
usemtl nature_blossoms_prunusserrulata_01_m_0005.jpg
f 2743/2743/2743 2742/2742/2742 2740/2740/2740
f 2742/2742/2742 2741/2741/2741 2740/2740/2740

v 0.132254 5.059538 4.097927
v 0.53862 3.959342 3.116211
v 2.515271 3.23979 4.740805
v 2.284707 4.644475 5.454056
vn 0.582634 0.552357 -0.596187
vn 0.613449 0.639751 -0.463033
vn 0.582634 0.552357 -0.596187
vn 0.536485 0.450427 -0.713652
vt 0 0
vt 1 0
vt 1 1
vt 0 1
usemtl nature_blossoms_prunusserrulata_01_m_0006.jpg
f 2747/2747/2747 2746/2746/2746 2744/2744/2744
f 2746/2746/2746 2745/2745/2745 2744/2744/2744

v 0.09766 4.897622 4.162996
v 0.437976 3.826721 3.336994
v 2.092539 2.958842 5.143875
v 2.088755 4.373365 5.663028
vn 0.694703 0.419016 -0.584648
vn 0.731589 0.546674 -0.407339
vn 0.694703 0.419016 -0.584648
vn 0.62371 0.270785 -0.733254
vt 0 0
vt 1 0
vt 1 1
vt 0 1
usemtl nature_blossoms_prunusserrulata_01_m_0006.jpg
f 2751/2751/2751 2750/2750/2750 2748/2748/2748
f 2750/2750/2750 2749/2749/2749 2748/2748/2748

v -0.194813 4.749216 4.165833
v 0.752892 3.960938 3.287808
v 1.653743 2.642003 5.444273
v 0.894375 3.617273 6.357701
vn 0.738231 0.673226 0.042216
vn 0.703694 0.697959 0.132921
vn 0.738231 0.673226 0.042216
vn 0.765361 0.641739 -0.048913
vt 0 0
vt 1 0
vt 1 1
vt 0 1
usemtl nature_blossoms_prunusserrulata_01_m_0002.jpg
f 2755/2755/2755 2754/2754/2754 2752/2752/2752
f 2754/2754/2754 2753/2753/2753 2752/2752/2752

v -0.266122 4.737749 4.119293
v 0.84166 3.927551 3.376736
v 0.851298 2.247924 5.223744
v -0.744483 2.73299 5.593028
vn 0.53692 0.531561 0.655102
vn 0.704278 0.527052 0.475614
vn 0.53692 0.531561 0.655102
vn 0.337216 0.504047 0.795124
vt 0 0
vt 1 0
vt 1 1
vt 0 1
usemtl nature_blossoms_prunusserrulata_01_m_0004.jpg
f 2759/2759/2759 2758/2758/2758 2756/2756/2756
f 2758/2758/2758 2757/2757/2757 2756/2756/2756

v -1.140649 4.785037 3.430173
v -0.004921 3.873336 3.615848
v -1.009049 3.065116 5.789334
v -2.059925 4.09349 5.657527
vn 0.544991 0.691689 0.473867
vn 0.493662 0.715608 0.494169
vn 0.544991 0.691689 0.473867
vn 0.594348 0.665267 0.451851
vt 0 0
vt 1 0
vt 1 1
vt 0 1
usemtl nature_blossoms_prunusserrulata_01_m_0002.jpg
f 2763/2763/2763 2762/2762/2762 2760/2760/2760
f 2762/2762/2762 2761/2761/2761 2760/2760/2760

v -0.786705 3.856355 2.985074
v -0.412753 4.814615 4.049459
v -2.067274 3.551893 5.767566
v -2.945686 2.991382 4.522323
vn -0.606509 0.770848 -0.194784
vn -0.748565 0.601657 -0.278674
vn -0.606509 0.770848 -0.194784
vn -0.430584 0.896992 -0.100016
vt 0 0
vt 1 0
vt 1 1
vt 0 1
usemtl nature_blossoms_prunusserrulata_01_m_0005.jpg
f 2767/2767/2767 2766/2766/2766 2764/2764/2764
f 2766/2766/2766 2765/2765/2765 2764/2764/2764

v -1.223951 4.606116 3.670619
v 0.040741 4.040717 3.406017
v -0.581986 2.058108 4.666046
v -1.421519 3.229526 5.667809
vn 0.664942 0.411134 0.623555
vn 0.360903 0.416848 0.834258
vn 0.664942 0.411134 0.623555
vn 0.877971 0.34915 0.327508
vt 0 0
vt 1 0
vt 1 1
vt 0 1
usemtl nature_blossoms_prunusserrulata_01_m_0003.jpg
f 2771/2771/2771 2770/2770/2770 2768/2768/2768
f 2770/2770/2770 2769/2769/2769 2768/2768/2768

v -0.636751 3.974351 2.855914
v -0.55586 4.809222 3.982446
v -2.944825 4.220821 4.590049
v -3.101445 3.61395 3.299985
vn -0.267388 0.838357 -0.475039
vn -0.328742 0.769904 -0.54697
vn -0.267388 0.838357 -0.475039
vn -0.202392 0.895387 -0.396636
vt 0 0
vt 1 0
vt 1 1
vt 0 1
usemtl nature_blossoms_prunusserrulata_01_m_0003.jpg
f 2775/2775/2775 2774/2774/2774 2772/2772/2772
f 2774/2774/2774 2773/2773/2773 2772/2772/2772

v -0.320479 4.032836 2.963525
v -0.961242 4.732799 3.939992
v -3.152364 4.034472 3.002749
v -2.420226 2.952914 2.359782
vn -0.009866 0.67217 -0.740331
vn -0.007647 0.810347 -0.5859
vn -0.009866 0.67217 -0.740331
vn -0.011661 0.505125 -0.862967
vt 0 0
vt 1 0
vt 1 1
vt 0 1
usemtl nature_blossoms_prunusserrulata_01_m_0005.jpg
f 2779/2779/2779 2778/2778/2778 2776/2776/2776
f 2778/2778/2778 2777/2777/2777 2776/2776/2776

v -1.047995 4.744869 2.860026
v -0.371988 3.936196 3.823822
v -1.589718 5.053457 5.615376
v -2.211663 5.924953 4.666373
vn 0.74727 0.660504 0.072945
vn 0.725509 0.685049 0.065918
vn 0.74727 0.660504 0.072945
vn 0.768191 0.635217 0.07989
vt 0 0
vt 1 0
vt 1 1
vt 0 1
usemtl nature_blossoms_prunusserrulata_01_m_0003.jpg
f 2783/2783/2783 2782/2782/2782 2780/2780/2780
f 2782/2782/2782 2781/2781/2781 2780/2780/2780

v -0.968059 4.594984 2.664372
v -0.464182 4.050245 3.984997
v -2.848213 3.947917 4.852402
v -3.312183 4.696499 3.600633
vn 0.151454 0.904906 0.397752
vn 0.087718 0.932233 0.351065
vn 0.151454 0.904906 0.397752
vn 0.214133 0.871255 0.441659
vt 0 0
vt 1 0
vt 1 1
vt 0 1
usemtl nature_blossoms_prunusserrulata_01_m_0005.jpg
f 2787/2787/2787 2786/2786/2786 2784/2784/2784
f 2786/2786/2786 2785/2785/2785 2784/2784/2784

v -0.564351 4.70316 2.753137
v -0.859293 3.946427 3.9721
v -3.483117 4.442711 3.645327
v -2.951884 5.88204 2.907295
vn 0.174051 0.633129 0.754224
vn 0.090766 0.836101 0.541014
vn 0.174051 0.633129 0.754224
vn 0.241045 0.370901 0.896844
vt 0 0
vt 1 0
vt 1 1
vt 0 1
usemtl nature_blossoms_prunusserrulata_01_m_0005.jpg
f 2791/2791/2791 2790/2790/2790 2788/2788/2788
f 2790/2790/2790 2789/2789/2789 2788/2788/2788

v -1.258328 3.878538 2.832712
v -0.236737 4.582365 3.583791
v -1.704694 4.760572 5.41346
v -2.785896 4.347044 4.471428
vn -0.205722 0.914582 -0.348163
vn -0.338228 0.871047 -0.356201
vn -0.205722 0.914582 -0.348163
vn -0.069201 0.940268 -0.333329
vt 0 0
vt 1 0
vt 1 1
vt 0 1
usemtl nature_blossoms_prunusserrulata_01_m_0001.jpg
f 2795/2795/2795 2794/2794/2794 2792/2792/2792
f 2794/2794/2794 2793/2793/2793 2792/2792/2792

v -0.63858 4.594981 2.631094
v -0.860951 3.843365 3.867934
v -2.858321 5.122156 4.285938
v -2.895756 5.603306 2.838029
vn 0.481661 0.78116 0.397231
vn 0.537623 0.674206 0.506368
vn 0.481661 0.78116 0.397231
vn 0.412944 0.867427 0.277575
vt 0 0
vt 1 0
vt 1 1
vt 0 1
usemtl nature_blossoms_prunusserrulata_01_m_0006.jpg
f 2799/2799/2799 2798/2798/2798 2796/2796/2796
f 2798/2798/2798 2797/2797/2797 2796/2796/2796

v -0.996069 4.419153 2.618152
v -0.552047 4.028698 3.85417
v -1.017035 6.149691 4.691227
v -1.426742 6.561829 3.449731
vn 0.930895 0.284999 -0.228494
vn 0.924693 0.296815 -0.23842
vn 0.930895 0.284999 -0.228494
vn 0.93684 0.273105 -0.218505
vt 0 0
vt 1 0
vt 1 1
vt 0 1
usemtl nature_blossoms_prunusserrulata_01_m_0002.jpg
f 2803/2803/2803 2802/2802/2802 2800/2800/2800
f 2802/2802/2802 2801/2801/2801 2800/2800/2800

v 0.117004 4.403486 3.407406
v 1.072839 5.292658 2.623528
v 2.220854 5.977124 4.799786
v 1.164615 5.206413 5.595609
vn -0.616112 0.786538 0.042001
vn -0.635547 0.766287 0.094253
vn -0.616112 0.786538 0.042001
vn -0.59451 0.804021 -0.010399
vt 0 0
vt 1 0
vt 1 1
vt 0 1
usemtl nature_blossoms_prunusserrulata_01_m_0005.jpg
f 2807/2807/2807 2806/2806/2806 2804/2804/2804
f 2806/2806/2806 2805/2805/2805 2804/2804/2804

v -0.124617 4.572706 3.024031
v 1.226597 5.093455 2.975575
v 1.437204 4.792456 5.613635
v 0.165328 4.065658 5.660093
vn -0.416794 0.89186 0.175692
vn -0.352196 0.926312 0.133808
vn -0.416794 0.89186 0.175692
vn -0.478428 0.851064 0.216326
vt 0 0
vt 1 0
vt 1 1
vt 0 1
usemtl nature_blossoms_prunusserrulata_01_m_0003.jpg
f 2811/2811/2811 2810/2810/2810 2808/2808/2808
f 2810/2810/2810 2809/2809/2809 2808/2808/2808

v 3.10764 4.16046 1.715596
v 2.215511 4.543667 0.637408
v 3.991734 4.052062 -1.007023
v 5.069497 4.382767 0.171303
vn 0.069569 0.99743 -0.017121
vn 0.323735 0.943733 0.06755
vn 0.069569 0.99743 -0.017121
vn -0.189791 0.976666 -0.100514
vt 0 0
vt 1 0
vt 1 1
vt 0 1
usemtl nature_blossoms_prunusserrulata_01_m_0002.jpg
f 2815/2815/2815 2814/2814/2814 2812/2812/2812
f 2814/2814/2814 2813/2813/2813 2812/2812/2812

v 2.731237 4.723357 1.753616
v 2.520718 4.017823 0.596136
v 5.053275 4.028151 0.129225
v 5.159521 5.004711 1.140468
vn -0.174155 0.790449 -0.587248
vn -0.096632 0.857595 -0.505166
vn -0.174155 0.790449 -0.587248
vn -0.248674 0.709663 -0.659196
vt 0 0
vt 1 0
vt 1 1
vt 0 1
usemtl nature_blossoms_prunusserrulata_01_m_0004.jpg
f 2819/2819/2819 2818/2818/2818 2816/2816/2816
f 2818/2818/2818 2817/2817/2817 2816/2816/2816

v 3.064812 4.070571 1.252908
v 1.916646 4.871464 0.932948
v 3.505949 6.619455 -0.394809
v 4.572819 5.609263 -0.307018
vn 0.250765 0.494561 0.832182
vn 0.129536 0.522406 0.8428
vn 0.250765 0.494561 0.832182
vn 0.368085 0.459008 0.808594
vt 0 0
vt 1 0
vt 1 1
vt 0 1
usemtl nature_blossoms_prunusserrulata_01_m_0003.jpg
f 2823/2823/2823 2822/2822/2822 2820/2820/2820
f 2822/2822/2822 2821/2821/2821 2820/2820/2820

v 2.974594 4.777208 1.584602
v 2.056052 4.114857 0.59908
v 2.478345 5.916145 -1.005124
v 3.288681 6.649591 0.033469
vn -0.8041 0.471872 0.361608
vn -0.771937 0.514046 0.373993
vn -0.8041 0.471872 0.361608
vn -0.833877 0.428298 0.348151
vt 0 0
vt 1 0
vt 1 1
vt 0 1
usemtl nature_blossoms_prunusserrulata_01_m_0001.jpg
f 2827/2827/2827 2826/2826/2826 2824/2824/2824
f 2826/2826/2826 2825/2825/2825 2824/2824/2824

v 2.810686 4.195974 0.534312
v 2.212953 4.672533 1.695875
v 1.594394 6.713103 0.540377
v 2.962209 6.465096 -0.318677
vn 0.744445 0.358363 0.563362
vn 0.866126 0.417856 0.274267
vn 0.744445 0.358363 0.563362
vn 0.54689 0.262345 0.795039
vt 0 0
vt 1 0
vt 1 1
vt 0 1
usemtl nature_blossoms_prunusserrulata_01_m_0003.jpg
f 2831/2831/2831 2830/2830/2830 2828/2828/2828
f 2830/2830/2830 2829/2829/2829 2828/2828/2828

v 2.967989 4.520614 1.627886
v 2.013987 4.353426 0.566648
v 2.395285 6.987774 -0.191138
v 2.858433 7.256696 1.295328
vn -0.870293 0.145023 0.470701
vn -0.734937 0.283571 0.615999
vn -0.870293 0.145023 0.470701
vn -0.954624 -0.002028 0.297805
vt 0 0
vt 1 0
vt 1 1
vt 0 1
usemtl nature_blossoms_prunusserrulata_01_m_0006.jpg
f 2835/2835/2835 2834/2834/2834 2832/2832/2832
f 2834/2834/2834 2833/2833/2833 2832/2832/2832

v 3.025979 3.958182 1.869891
v 2.387637 3.357131 0.792299
v 4.531018 3.440298 -0.52378
v 5.221465 3.444801 0.855684
vn -0.034825 0.972044 -0.232203
vn -0.251897 0.900955 -0.353309
vn -0.034825 0.972044 -0.232203
vn 0.184576 0.97816 -0.095577
vt 0 0
vt 1 0
vt 1 1
vt 0 1
usemtl nature_blossoms_prunusserrulata_01_m_0004.jpg
f 2839/2839/2839 2838/2838/2838 2836/2836/2836
f 2838/2838/2838 2837/2837/2837 2836/2836/2836

v 2.850714 3.930254 1.979724
v 2.565637 3.361415 0.645895
v 4.910667 2.825704 0.373163
v 4.741013 2.427771 2.21648
vn 0.405008 0.908248 -0.105136
vn 0.156364 0.896029 -0.41555
vn 0.405008 0.908248 -0.105136
vn 0.589527 0.776664 0.221923
vt 0 0
vt 1 0
vt 1 1
vt 0 1
usemtl nature_blossoms_prunusserrulata_01_m_0006.jpg
f 2843/2843/2843 2842/2842/2842 2840/2840/2840
f 2842/2842/2842 2841/2841/2841 2840/2840/2840

v 2.527959 4.119565 1.906289
v 2.858273 3.17489 0.797492
v 5.279195 2.9814 1.683543
v 4.927859 3.885203 2.820899
vn 0.278031 0.781405 -0.558663
vn 0.27233 0.770963 -0.575718
vn 0.278031 0.781405 -0.558663
vn 0.283611 0.791509 -0.541366
vt 0 0
vt 1 0
vt 1 1
vt 0 1
usemtl nature_blossoms_prunusserrulata_01_m_0006.jpg
f 2847/2847/2847 2846/2846/2846 2844/2844/2844
f 2846/2846/2846 2845/2845/2845 2844/2844/2844

v 2.527345 3.253181 1.924132
v 2.882371 4.002945 0.712741
v 5.126735 2.879346 0.675075
v 4.759539 2.10447 1.867357
vn 0.380182 0.725117 0.574166
vn 0.376979 0.734074 0.564821
vn 0.380182 0.725117 0.574166
vn 0.383317 0.716032 0.58341
vt 0 0
vt 1 0
vt 1 1
vt 0 1
usemtl nature_blossoms_prunusserrulata_01_m_0002.jpg
f 2851/2851/2851 2850/2850/2850 2848/2848/2848
f 2850/2850/2850 2849/2849/2849 2848/2848/2848

v 2.923577 3.183261 1.596121
v 2.452026 4.125008 0.767109
v 4.694633 4.105446 -0.530732
v 5.215531 3.230641 0.346255
vn 0.328462 0.735596 0.592462
vn 0.356593 0.711527 0.605451
vn 0.328462 0.735596 0.592462
vn 0.299825 0.758533 0.578561
vt 0 0
vt 1 0
vt 1 1
vt 0 1
usemtl nature_blossoms_prunusserrulata_01_m_0002.jpg
f 2855/2855/2855 2854/2854/2854 2852/2852/2852
f 2854/2854/2854 2853/2853/2853 2852/2852/2852

v 3.215227 3.27258 1.371904
v 2.136401 4.008795 0.939227
v 3.400317 4.637704 -1.142079
v 4.303812 3.554343 -0.862919
vn 0.514999 0.736826 0.438022
vn 0.364184 0.806941 0.464991
vn 0.514999 0.736826 0.438022
vn 0.651193 0.645795 0.398618
vt 0 0
vt 1 0
vt 1 1
vt 0 1
usemtl nature_blossoms_prunusserrulata_01_m_0003.jpg
f 2859/2859/2859 2858/2858/2858 2856/2856/2856
f 2858/2858/2858 2857/2857/2857 2856/2856/2856

v 3.028219 4.230623 1.119142
v 2.232149 3.024061 1.245336
v 1.796826 3.031882 -1.426023
v 2.990404 3.982471 -1.492009
vn -0.734059 0.678144 0.035752
vn -0.820449 0.555473 0.135326
vn -0.734059 0.678144 0.035752
vn -0.623865 0.778826 -0.064981
vt 0 0
vt 1 0
vt 1 1
vt 0 1
usemtl nature_blossoms_prunusserrulata_01_m_0001.jpg
f 2863/2863/2863 2862/2862/2862 2860/2860/2860
f 2862/2862/2862 2861/2861/2861 2860/2860/2860

v 3.190225 4.160474 1.224782
v 2.190956 3.146847 1.149342
v 3.446027 2.046679 -0.693096
v 4.225861 3.296263 -0.881398
vn -0.636733 0.474448 -0.60784
vn -0.503619 0.546297 -0.669274
vn -0.636733 0.474448 -0.60784
vn -0.752875 0.389953 -0.530204
vt 0 0
vt 1 0
vt 1 1
vt 0 1
usemtl nature_blossoms_prunusserrulata_01_m_0005.jpg
f 2867/2867/2867 2866/2866/2866 2864/2864/2864
f 2866/2866/2866 2865/2865/2865 2864/2864/2864

v 2.717033 4.419756 2.136242
v 2.780777 3.301254 1.295267
v 5.435257 3.633337 1.054798
v 5.173065 5.151355 1.349372
vn -0.249445 0.369012 -0.895325
vn -0.145708 0.589227 -0.79472
vn -0.249445 0.369012 -0.895325
vn -0.335876 0.123196 -0.933815
vt 0 0
vt 1 0
vt 1 1
vt 0 1
usemtl nature_blossoms_prunusserrulata_01_m_0003.jpg
f 2871/2871/2871 2870/2870/2870 2868/2868/2868
f 2870/2870/2870 2869/2869/2869 2868/2868/2868

v 2.599224 3.563449 2.298935
v 2.974595 4.174963 1.092822
v 5.507788 3.629156 1.604482
v 5.091821 3.878477 3.234413
vn 0.016565 0.986533 0.16272
vn 0.093182 0.876034 0.47316
vn 0.016565 0.986533 0.16272
vn -0.061949 0.98412 -0.166344
vt 0 0
vt 1 0
vt 1 1
vt 0 1
usemtl nature_blossoms_prunusserrulata_01_m_0005.jpg
f 2875/2875/2875 2874/2874/2874 2872/2872/2872
f 2874/2874/2874 2873/2873/2873 2872/2872/2872

v 2.279294 4.34562 2.107659
v 3.263855 3.410397 1.3435
v 4.907368 3.704193 3.101479
v 3.875633 4.513344 3.959151
vn 0.364982 0.824024 -0.433327
vn 0.375779 0.790617 -0.48344
vn 0.364982 0.824024 -0.433327
vn 0.352819 0.854346 -0.381591
vt 0 0
vt 1 0
vt 1 1
vt 0 1
usemtl nature_blossoms_prunusserrulata_01_m_0003.jpg
f 2879/2879/2879 2878/2878/2878 2876/2876/2876
f 2878/2878/2878 2877/2877/2877 2876/2876/2876

v 2.175418 4.214074 1.929544
v 3.394877 3.522951 1.437521
v 4.085597 3.179502 3.631872
v 2.653841 3.461984 4.171729
vn 0.388647 0.913649 0.119161
vn 0.487811 0.872785 -0.016945
vn 0.388647 0.913649 0.119161
vn 0.277812 0.927078 0.251689
vt 0 0
vt 1 0
vt 1 1
vt 0 1
usemtl nature_blossoms_prunusserrulata_01_m_0003.jpg
f 2883/2883/2883 2882/2882/2882 2880/2880/2880
f 2882/2882/2882 2881/2881/2881 2880/2880/2880

v 2.697892 3.716653 2.291553
v 2.644969 4.382679 1.07348
v 5.065898 4.412643 0.984678
v 4.792745 2.795141 1.696665
vn 0.212896 0.648298 0.731016
vn 0.006729 0.877507 0.479517
vn 0.212896 0.648298 0.731016
vn 0.385363 0.316468 0.8668
vt 0 0
vt 1 0
vt 1 1
vt 0 1
usemtl nature_blossoms_prunusserrulata_01_m_0002.jpg
f 2887/2887/2887 2886/2886/2886 2884/2884/2884
f 2886/2886/2886 2885/2885/2885 2884/2884/2884

v 2.468109 4.520701 2.193449
v 2.844723 3.547618 1.163231
v 5.095193 4.003615 1.55522
v 4.516634 4.217283 3.22891
vn 0.081223 0.911189 -0.403902
vn -0.025863 0.721999 -0.691411
vn 0.081223 0.911189 -0.403902
vn 0.177757 0.981996 -0.063918
vt 0 0
vt 1 0
vt 1 1
vt 0 1
usemtl nature_blossoms_prunusserrulata_01_m_0003.jpg
f 2891/2891/2891 2890/2890/2890 2888/2888/2888
f 2890/2890/2890 2889/2889/2889 2888/2888/2888

v 2.157035 3.659256 2.016454
v 3.157373 4.465023 1.357102
v 4.929469 3.464608 2.823076
v 3.634344 3.544654 4.117707
vn -0.040911 0.930086 0.365057
vn -0.144043 0.727631 0.670674
vn -0.040911 0.930086 0.365057
vn 0.068154 0.997654 0.006496
vt 0 0
vt 1 0
vt 1 1
vt 0 1
usemtl nature_blossoms_prunusserrulata_01_m_0004.jpg
f 2895/2895/2895 2894/2894/2894 2892/2892/2892
f 2894/2894/2894 2893/2893/2893 2892/2892/2892

v 2.871421 4.027309 1.449975
v 2.339424 3.283304 0.371924
v 4.516953 2.944212 -0.468622
v 4.929561 4.227445 0.296203
vn -0.270108 0.720667 -0.638499
vn -0.077914 0.838086 -0.539946
vn -0.270108 0.720667 -0.638499
vn -0.445976 0.559692 -0.698463
vt 0 0
vt 1 0
vt 1 1
vt 0 1
usemtl nature_blossoms_prunusserrulata_01_m_0003.jpg
f 2899/2899/2899 2898/2898/2898 2896/2896/2896
f 2898/2898/2898 2897/2897/2897 2896/2896/2896

v 2.434636 4.217356 1.435951
v 2.719913 3.081848 0.446552
v 4.961284 4.163974 -0.149114
v 4.76577 4.957591 1.258546
vn -0.378495 0.681547 -0.626287
vn -0.445341 0.521978 -0.727468
vn -0.378495 0.681547 -0.626287
vn -0.296445 0.81374 -0.499948
vt 0 0
vt 1 0
vt 1 1
vt 0 1
usemtl nature_blossoms_prunusserrulata_01_m_0002.jpg
f 2903/2903/2903 2902/2902/2902 2900/2900/2900
f 2902/2902/2902 2901/2901/2901 2900/2900/2900

v 2.766775 3.881735 1.567698
v 2.421842 3.368397 0.239578
v 4.818924 4.110704 -0.669892
v 4.96779 4.878569 0.610771
vn -0.447174 0.833377 -0.324836
vn -0.371506 0.894362 -0.249198
vn -0.447174 0.833377 -0.324836
vn -0.51606 0.759753 -0.395547
vt 0 0
vt 1 0
vt 1 1
vt 0 1
usemtl nature_blossoms_prunusserrulata_01_m_0003.jpg
f 2907/2907/2907 2906/2906/2906 2904/2904/2904
f 2906/2906/2906 2905/2905/2905 2904/2904/2904

v 2.679862 3.313761 1.549601
v 2.494517 3.917311 0.275612
v 4.995412 4.954665 0.403216
v 5.194973 4.297708 1.649835
vn -0.349567 0.815518 0.461229
vn -0.362898 0.820576 0.441543
vn -0.349567 0.815518 0.461229
vn -0.33603 0.809979 0.480643
vt 0 0
vt 1 0
vt 1 1
vt 0 1
usemtl nature_blossoms_prunusserrulata_01_m_0006.jpg
f 2911/2911/2911 2910/2910/2910 2908/2908/2908
f 2910/2910/2910 2909/2909/2909 2908/2908/2908

v 2.434002 3.057104 1.569619
v 2.741677 3.850609 0.360084
v 4.607671 2.13811 -0.288726
v 3.934816 1.076134 0.651789
vn 0.689175 0.368638 0.623814
vn 0.668831 0.532073 0.519195
vn 0.689175 0.368638 0.623814
vn 0.683282 0.191168 0.704684
vt 0 0
vt 1 0
vt 1 1
vt 0 1
usemtl nature_blossoms_prunusserrulata_01_m_0001.jpg
f 2915/2915/2915 2914/2914/2914 2912/2912/2912
f 2914/2914/2914 2913/2913/2913 2912/2912/2912

v 2.35616 3.05909 1.408492
v 2.809447 3.947804 0.45945
v 5.00255 2.914494 0.539308
v 4.39286 1.622846 1.036328
vn 0.302536 0.433044 0.849085
vn 0.272362 0.633999 0.723785
vn 0.302536 0.433044 0.849085
vn 0.315467 0.207409 0.925993
vt 0 0
vt 1 0
vt 1 1
vt 0 1
usemtl nature_blossoms_prunusserrulata_01_m_0004.jpg
f 2919/2919/2919 2918/2918/2918 2916/2916/2916
f 2918/2918/2918 2917/2917/2917 2916/2916/2916

v 0.49118 4.474072 0.504758
v -0.27979 3.357839 0.973257
v -2.044872 3.818952 -0.832754
v -0.854652 4.530554 -1.575393
vn -0.441836 0.76974 0.46074
vn -0.488531 0.602371 0.631258
vn -0.441836 0.76974 0.46074
vn -0.368952 0.891488 0.262914
vt 0 0
vt 1 0
vt 1 1
vt 0 1
usemtl nature_blossoms_prunusserrulata_01_m_0002.jpg
f 2923/2923/2923 2922/2922/2922 2920/2920/2920
f 2922/2922/2922 2921/2921/2921 2920/2920/2920

v 0.500092 4.219337 0.224504
v -0.295711 3.624959 1.261693
v -2.475528 4.267579 -0.04255
v -1.680863 4.789245 -1.12228
vn -0.026003 0.892193 0.450906
vn -0.028886 0.876669 0.480226
vn -0.026003 0.892193 0.450906
vn -0.023091 0.906727 0.421086
vt 0 0
vt 1 0
vt 1 1
vt 0 1
usemtl nature_blossoms_prunusserrulata_01_m_0006.jpg
f 2927/2927/2927 2926/2926/2926 2924/2924/2924
f 2926/2926/2926 2925/2925/2925 2924/2924/2924

v 0.734988 4.156819 0.500208
v -0.465827 3.711978 0.983779
v -1.734246 5.063047 -0.923128
v -0.530787 5.449628 -1.453727
vn -0.0363 0.813259 0.580769
vn -0.053557 0.797634 0.600759
vn -0.0363 0.813259 0.580769
vn -0.019009 0.828117 0.560233
vt 0 0
vt 1 0
vt 1 1
vt 0 1
usemtl nature_blossoms_prunusserrulata_01_m_0001.jpg
f 2931/2931/2931 2930/2930/2930 2928/2928/2928
f 2930/2930/2930 2929/2929/2929 2928/2928/2928

v 0.635596 3.356011 0.561849
v -0.308563 4.179601 1.172587
v -1.76972 3.825368 -0.608571
v -0.565309 3.486036 -1.470008
vn 0.313131 0.90764 -0.279534
vn 0.384939 0.792312 -0.473354
vn 0.313131 0.90764 -0.279534
vn 0.22378 0.972119 -0.070054
vt 0 0
vt 1 0
vt 1 1
vt 0 1
usemtl nature_blossoms_prunusserrulata_01_m_0001.jpg
f 2935/2935/2935 2934/2934/2934 2932/2932/2932
f 2934/2934/2934 2933/2933/2933 2932/2932/2932

v 0.722824 3.240655 0.991262
v -0.431008 4.299346 0.781592
v -0.596297 3.668363 -1.494855
v 0.242208 2.302926 -1.09877
vn 0.769304 0.557349 -0.312303
vn 0.679536 0.6928 -0.24137
vn 0.769304 0.557349 -0.312303
vn 0.834888 0.404377 -0.373419
vt 0 0
vt 1 0
vt 1 1
vt 0 1
usemtl nature_blossoms_prunusserrulata_01_m_0001.jpg
f 2939/2939/2939 2938/2938/2938 2936/2936/2936
f 2938/2938/2938 2937/2937/2937 2936/2936/2936

v 0.443006 3.808755 0.709004
v -0.462596 4.549329 1.509772
v -2.364171 3.877941 -0.019831
v -1.451588 3.283877 -0.948201
vn 0.15097 0.852438 -0.500557
vn 0.165863 0.810402 -0.561906
vn 0.15097 0.852438 -0.500557
vn 0.135209 0.889571 -0.436327
vt 0 0
vt 1 0
vt 1 1
vt 0 1
usemtl nature_blossoms_prunusserrulata_01_m_0006.jpg
f 2943/2943/2943 2942/2942/2942 2940/2940/2940
f 2942/2942/2942 2941/2941/2941 2940/2940/2940

v 0.6671 3.833735 1.026461
v -0.682471 4.533387 1.204775
v -1.813115 2.607304 0.20488
v -0.437874 1.979319 -0.060356
vn 0.073312 0.448474 -0.890784
vn 0.095086 0.414124 -0.90524
vn 0.073312 0.448474 -0.890784
vn 0.051401 0.481989 -0.874668
vt 0 0
vt 1 0
vt 1 1
vt 0 1
usemtl nature_blossoms_prunusserrulata_01_m_0003.jpg
f 2947/2947/2947 2946/2946/2946 2944/2944/2944
f 2946/2946/2946 2945/2945/2945 2944/2944/2944

v 0.55707 4.532364 0.916746
v -0.583045 3.810901 1.300996
v -0.846846 2.965958 -1.068188
v 0.108694 3.931483 -1.541849
vn -0.651564 0.747532 -0.129071
vn -0.573261 0.789876 -0.21787
vn -0.651564 0.747532 -0.129071
vn -0.719567 0.69337 -0.038232
vt 0 0
vt 1 0
vt 1 1
vt 0 1
usemtl nature_blossoms_prunusserrulata_01_m_0003.jpg
f 2951/2951/2951 2950/2950/2950 2948/2948/2948
f 2950/2950/2950 2949/2949/2949 2948/2948/2948

v 0.516932 3.713039 1.354094
v -0.544697 4.64301 0.850534
v 0.803427 4.961719 -1.403051
v 1.303656 3.297374 -1.07216
vn 0.740845 0.579579 0.339466
vn 0.488217 0.774812 0.401634
vn 0.740845 0.579579 0.339466
vn 0.91509 0.323026 0.241382
vt 0 0
vt 1 0
vt 1 1
vt 0 1
usemtl nature_blossoms_prunusserrulata_01_m_0003.jpg
f 2955/2955/2955 2954/2954/2954 2952/2952/2952
f 2954/2954/2954 2953/2953/2953 2952/2952/2952

v 0.535214 3.593365 0.758248
v -0.53224 4.501906 1.283468
v -2.36996 3.181504 -0.167434
v -1.39136 1.863333 -0.16465
vn 0.219736 0.424357 -0.878429
vn 0.15525 0.624771 -0.765218
vn 0.219736 0.424357 -0.878429
vn 0.271665 0.199694 -0.941446
vt 0 0
vt 1 0
vt 1 1
vt 0 1
usemtl nature_blossoms_prunusserrulata_01_m_0001.jpg
f 2959/2959/2959 2958/2958/2958 2956/2956/2956
f 2958/2958/2958 2957/2957/2957 2956/2956/2956

v 0.256552 4.355368 0.513266
v -0.221847 3.693977 1.541354
v -0.478433 1.701827 0.140364
v -0.146993 2.442428 -0.90515
vn -0.942303 0.285554 -0.174713
vn -0.925318 0.29054 -0.243667
vn -0.942303 0.285554 -0.174713
vn -0.954512 0.279121 -0.104873
vt 0 0
vt 1 0
vt 1 1
vt 0 1
usemtl nature_blossoms_prunusserrulata_01_m_0005.jpg
f 2963/2963/2963 2962/2962/2962 2960/2960/2960
f 2962/2962/2962 2961/2961/2961 2960/2960/2960

v 0.459841 3.797582 1.426747
v -0.463942 4.238276 0.577457
v -0.076201 2.310054 -0.844842
v 0.883736 1.885205 -0.026656
vn 0.686991 0.52294 -0.504556
vn 0.701457 0.50902 -0.498855
vn 0.686991 0.52294 -0.504556
vn 0.672225 0.536633 -0.510038
vt 0 0
vt 1 0
vt 1 1
vt 0 1
usemtl nature_blossoms_prunusserrulata_01_m_0004.jpg
f 2967/2967/2967 2966/2966/2966 2964/2964/2964
f 2966/2966/2966 2965/2965/2965 2964/2964/2964

v 0.316196 3.963109 1.622252
v -0.345065 4.083581 0.43061
v -0.481863 1.522106 0.247563
v -0.057188 1.367449 1.567034
vn 0.911979 -0.070575 -0.404121
vn 0.87382 -0.011929 -0.486103
vn 0.911979 -0.070575 -0.404121
vn 0.939544 -0.1284 -0.317445
vt 0 0
vt 1 0
vt 1 1
vt 0 1
usemtl nature_blossoms_prunusserrulata_01_m_0001.jpg
f 2971/2971/2971 2970/2970/2970 2968/2968/2968
f 2970/2970/2970 2969/2969/2969 2968/2968/2968

v 0.537568 5.030733 0.409884
v -0.068246 4.225797 1.255284
v -2.00126 5.819984 1.387969
v -1.386105 6.646918 0.570207
vn 0.439968 0.458067 0.7724
vn 0.440786 0.470865 0.764195
vn 0.439968 0.458067 0.7724
vn 0.439049 0.445163 0.780427
vt 0 0
vt 1 0
vt 1 1
vt 0 1
usemtl nature_blossoms_prunusserrulata_01_m_0004.jpg
f 2975/2975/2975 2974/2974/2974 2972/2972/2972
f 2974/2974/2974 2973/2973/2973 2972/2972/2972

v 0.49488 4.27412 0.308204
v -0.029661 4.969603 1.406906
v -2.048842 5.623061 0.029269
v -1.411474 5.139237 -1.149548
vn 0.476045 0.855981 -0.201687
vn 0.47244 0.829016 -0.299219
vn 0.476045 0.855981 -0.201687
vn 0.474769 0.87417 -0.102087
vt 0 0
vt 1 0
vt 1 1
vt 0 1
usemtl nature_blossoms_prunusserrulata_01_m_0004.jpg
f 2979/2979/2979 2978/2978/2978 2976/2976/2976
f 2978/2978/2978 2977/2977/2977 2976/2976/2976

v 0.864206 4.438277 0.498122
v -0.387506 4.817373 1.225422
v -1.801144 4.229342 -0.901003
v -0.400332 4.581857 -1.753038
vn -0.030327 0.995401 -0.090873
vn 0.096512 0.940991 -0.324378
vn -0.030327 0.995401 -0.090873
vn -0.154935 0.976575 0.149317
vt 0 0
vt 1 0
vt 1 1
vt 0 1
usemtl nature_blossoms_prunusserrulata_01_m_0002.jpg
f 2983/2983/2983 2982/2982/2982 2980/2980/2980
f 2982/2982/2982 2981/2981/2981 2980/2980/2980

v 1.01049 5.044132 0.871198
v -0.172632 4.338649 0.784332
v -1.230843 6.302547 -0.752591
v 0.250152 6.567546 -1.14538
vn -0.166088 0.655168 0.737
vn -0.335609 0.46173 0.82108
vn -0.166088 0.655168 0.737
vn 0.015595 0.800632 0.598954
vt 0 0
vt 1 0
vt 1 1
vt 0 1
usemtl nature_blossoms_prunusserrulata_01_m_0003.jpg
f 2987/2987/2987 2986/2986/2986 2984/2984/2984
f 2986/2986/2986 2985/2985/2985 2984/2984/2984

v 0.919164 4.935565 0.431464
v -0.103743 4.411362 1.215909
v -1.796135 5.649104 -0.163834
v -0.75956 5.761603 -1.205575
vn 0.130176 0.87864 0.459397
vn 0.07091 0.784168 0.616484
vn 0.130176 0.87864 0.459397
vn 0.18461 0.940503 0.285261
vt 0 0
vt 1 0
vt 1 1
vt 0 1
usemtl nature_blossoms_prunusserrulata_01_m_0002.jpg
f 2991/2991/2991 2990/2990/2990 2988/2988/2988
f 2990/2990/2990 2989/2989/2989 2988/2988/2988

v 0.827475 4.692272 0.562399
v -0.44594 3.919906 0.988671
v -1.451621 4.222631 -1.467124
v -0.525296 5.862389 -1.358632
vn -0.582522 0.635171 0.507174
vn -0.427227 0.859404 0.280894
vn -0.582522 0.635171 0.507174
vn -0.664653 0.331159 0.669754
vt 0 0
vt 1 0
vt 1 1
vt 0 1
usemtl nature_blossoms_prunusserrulata_01_m_0006.jpg
f 2995/2995/2995 2994/2994/2994 2992/2992/2992
f 2994/2994/2994 2993/2993/2993 2992/2992/2992

v 0.745874 4.587286 0.353716
v -0.378366 4.013215 1.2076
v -1.949912 5.775892 0.323532
v -0.90113 5.918502 -0.919778
vn 0.319856 0.740453 0.591119
vn 0.259597 0.607828 0.750436
vn 0.319856 0.740453 0.591119
vn 0.36521 0.83857 0.404255
vt 0 0
vt 1 0
vt 1 1
vt 0 1
usemtl nature_blossoms_prunusserrulata_01_m_0005.jpg
f 2999/2999/2999 2998/2998/2998 2996/2996/2996
f 2998/2998/2998 2997/2997/2997 2996/2996/2996

v 0.807105 4.623321 0.619739
v -0.400832 4.01101 0.96905
v -1.333945 4.628608 -1.175119
v -0.086786 5.130336 -1.582639
vn -0.294182 0.887957 0.353539
vn -0.324353 0.862044 0.389454
vn -0.294182 0.887957 0.353539
vn -0.263166 0.911319 0.316609
vt 0 0
vt 1 0
vt 1 1
vt 0 1
usemtl nature_blossoms_prunusserrulata_01_m_0004.jpg
f 3003/3003/3003 3002/3002/3002 3000/3000/3000
f 3002/3002/3002 3001/3001/3001 3000/3000/3000

v 0.204791 4.94239 0.357834
v 0.231771 3.993633 1.269254
v -2.39769 4.0202 1.374746
v -2.23451 4.296769 -0.242029
vn -0.13294 0.879357 0.457228
vn 0.035894 0.692858 0.72018
vn -0.13294 0.879357 0.457228
vn -0.284168 0.949403 0.133726
vt 0 0
vt 1 0
vt 1 1
vt 0 1
usemtl nature_blossoms_prunusserrulata_01_m_0002.jpg
f 3007/3007/3007 3006/3006/3006 3004/3004/3004
f 3006/3006/3006 3005/3005/3005 3004/3004/3004

v 0.606656 4.795567 0.381642
v -0.140146 4.065108 1.3247
v -2.109982 4.269084 -0.077208
v -1.294496 4.671603 -1.219885
vn -0.232864 0.9154 0.328354
vn -0.243554 0.850612 0.465984
vn -0.232864 0.9154 0.328354
vn -0.216759 0.958902 0.18309
vt 0 0
vt 1 0
vt 1 1
vt 0 1
usemtl nature_blossoms_prunusserrulata_01_m_0006.jpg
f 3011/3011/3011 3010/3010/3010 3008/3008/3008
f 3010/3010/3010 3009/3009/3009 3008/3008/3008

v 0.194619 4.18024 0.165899
v 0.318868 4.683488 1.50454
v -1.6951 6.328809 1.072931
v -1.839123 5.786387 -0.249148
vn 0.631345 0.69797 -0.337994
vn 0.639417 0.698254 -0.32185
vn 0.631345 0.69797 -0.337994
vn 0.623068 0.697459 -0.354029
vt 0 0
vt 1 0
vt 1 1
vt 0 1
usemtl nature_blossoms_prunusserrulata_01_m_0005.jpg
f 3015/3015/3015 3014/3014/3014 3012/3012/3012
f 3014/3014/3014 3013/3013/3013 3012/3012/3012

v 0.085405 4.596363 0.12232
v 0.341286 4.297607 1.493644
v -1.343482 5.983967 2.1754
v -1.365903 6.513261 0.810739
vn 0.769356 0.629251 0.110162
vn 0.711387 0.702507 0.020307
vn 0.769356 0.629251 0.110162
vn 0.814398 0.545423 0.198167
vt 0 0
vt 1 0
vt 1 1
vt 0 1
usemtl nature_blossoms_prunusserrulata_01_m_0004.jpg
f 3019/3019/3019 3018/3018/3018 3016/3016/3016
f 3018/3018/3018 3017/3017/3017 3016/3016/3016

v 2.258314 4.592942 0.472385
v 1.078035 3.921502 0.383206
v 1.381454 3.707087 -2.018149
v 2.854855 3.834292 -1.710819
vn -0.255667 0.935772 -0.242829
vn -0.481823 0.865311 -0.138143
vn -0.255667 0.935772 -0.242829
vn -0.012364 0.94347 -0.331228
vt 0 0
vt 1 0
vt 1 1
vt 0 1
usemtl nature_blossoms_prunusserrulata_01_m_0006.jpg
f 3023/3023/3023 3022/3022/3022 3020/3020/3020
f 3022/3022/3022 3021/3021/3021 3020/3020/3020

v 2.228855 4.607856 0.617063
v 1.102504 3.915736 0.224092
v 2.449511 2.301151 -0.793068
v 3.38834 3.737904 -1.174099
vn -0.403409 0.448854 -0.797365
vn -0.021578 0.519954 -0.853922
vn -0.403409 0.448854 -0.797365
vn -0.723096 0.308609 -0.617975
vt 0 0
vt 1 0
vt 1 1
vt 0 1
usemtl nature_blossoms_prunusserrulata_01_m_0003.jpg
f 3027/3027/3027 3026/3026/3026 3024/3024/3024
f 3026/3026/3026 3025/3025/3025 3024/3024/3024

v 1.723374 3.680888 0.919093
v 1.568549 4.649497 -0.164253
v 3.1879 3.285757 -1.614986
v 4.070422 3.17282 0.12941
vn 0.531801 0.827897 0.178254
vn 0.768542 0.527611 0.361897
vn 0.531801 0.827897 0.178254
vn 0.199365 0.979209 -0.037466
vt 0 0
vt 1 0
vt 1 1
vt 0 1
usemtl nature_blossoms_prunusserrulata_01_m_0005.jpg
f 3031/3031/3031 3030/3030/3030 3028/3028/3028
f 3030/3030/3030 3029/3029/3029 3028/3028/3028

v 2.22538 4.522336 0.718296
v 1.163595 3.751724 0.050852
v 2.416049 3.811056 -2.010084
v 3.374705 4.805812 -1.437372
vn -0.54586 0.800679 -0.246881
vn -0.458404 0.851657 -0.254059
vn -0.54586 0.800679 -0.246881
vn -0.627693 0.741456 -0.237161
vt 0 0
vt 1 0
vt 1 1
vt 0 1
usemtl nature_blossoms_prunusserrulata_01_m_0006.jpg
f 3035/3035/3035 3034/3034/3034 3032/3032/3032
f 3034/3034/3034 3033/3033/3033 3032/3032/3032

v 2.274436 4.530715 0.485347
v 1.047489 3.710908 0.200288
v 0.924136 4.793444 -2.382064
v 2.163279 5.595726 -2.099093
vn -0.57033 0.749011 0.337204
vn -0.575835 0.743824 0.339321
vn -0.57033 0.749011 0.337204
vn -0.56479 0.75415 0.335066
vt 0 0
vt 1 0
vt 1 1
vt 0 1
usemtl nature_blossoms_prunusserrulata_01_m_0002.jpg
f 3039/3039/3039 3038/3038/3038 3036/3036/3036
f 3038/3038/3038 3037/3037/3037 3036/3036/3036

v 2.179735 4.628291 0.677575
v 1.103773 3.699515 0.078879
v 2.367632 3.790597 -2.333796
v 3.752154 4.189338 -1.467378
vn -0.33483 0.902207 -0.271865
vn -0.546111 0.79765 -0.255963
vn -0.33483 0.902207 -0.271865
vn -0.104858 0.956399 -0.272591
vt 0 0
vt 1 0
vt 1 1
vt 0 1
usemtl nature_blossoms_prunusserrulata_01_m_0006.jpg
f 3043/3043/3043 3042/3042/3042 3040/3040/3040
f 3042/3042/3042 3041/3041/3041 3040/3040/3040

v 1.526046 4.814894 1.312256
v 1.722839 4.142204 0.008455
v 3.578019 5.74595 -0.538973
v 3.385335 6.413041 0.768337
vn -0.660411 0.623512 -0.418437
vn -0.661197 0.621362 -0.420389
vn -0.660411 0.623512 -0.418437
vn -0.659619 0.625657 -0.41648
vt 0 0
vt 1 0
vt 1 1
vt 0 1
usemtl nature_blossoms_prunusserrulata_01_m_0001.jpg
f 3047/3047/3047 3046/3046/3046 3044/3044/3044
f 3046/3046/3046 3045/3045/3045 3044/3044/3044

v 1.198703 4.755497 1.149207
v 2.100087 4.17751 0.159869
v 3.569133 6.211348 0.310114
v 3.095199 6.238166 2.010903
vn -0.576269 0.662359 -0.478743
vn -0.525442 0.433607 -0.732049
vn -0.576269 0.662359 -0.478743
vn -0.558476 0.812241 -0.16843
vt 0 0
vt 1 0
vt 1 1
vt 0 1
usemtl nature_blossoms_prunusserrulata_01_m_0002.jpg
f 3051/3051/3051 3050/3050/3050 3048/3048/3048
f 3050/3050/3050 3049/3049/3049 3048/3048/3048

v 2.155854 4.769963 0.971713
v 1.290665 3.990548 0.195799
v 2.602133 4.637609 -1.916545
v 2.910675 5.995423 -1.100947
vn -0.803634 0.575764 -0.150558
vn -0.59761 0.791405 -0.128606
vn -0.803634 0.575764 -0.150558
vn -0.93779 0.308632 -0.159046
vt 0 0
vt 1 0
vt 1 1
vt 0 1
usemtl nature_blossoms_prunusserrulata_01_m_0002.jpg
f 3055/3055/3055 3054/3054/3054 3052/3052/3052
f 3054/3054/3054 3053/3053/3053 3052/3052/3052

v 2.140676 3.974783 0.20889
v 1.22504 4.834428 1.005032
v 1.0767 6.295897 -0.743614
v 2.428978 5.70253 -1.325096
vn 0.667153 0.523352 0.530104
vn 0.785257 0.506246 0.356491
vn 0.667153 0.523352 0.530104
vn 0.519438 0.517231 0.680189
vt 0 0
vt 1 0
vt 1 1
vt 0 1
usemtl nature_blossoms_prunusserrulata_01_m_0003.jpg
f 3059/3059/3059 3058/3058/3058 3056/3056/3056
f 3058/3058/3058 3057/3057/3057 3056/3056/3056

v 2.345367 4.671191 0.77028
v 1.122109 4.109851 0.411784
v 0.52163 6.286273 -0.947155
v 1.401649 7.132815 0.135965
vn -0.603316 0.151367 0.783005
vn -0.420414 0.394258 0.817198
vn -0.603316 0.151367 0.783005
vn -0.729737 -0.105695 0.675509
vt 0 0
vt 1 0
vt 1 1
vt 0 1
usemtl nature_blossoms_prunusserrulata_01_m_0001.jpg
f 3063/3063/3063 3062/3062/3062 3060/3060/3060
f 3062/3062/3062 3061/3061/3061 3060/3060/3060

v 0.744751 4.909782 2.455776
v 1.89051 5.598988 1.978114
v 2.056254 6.836942 4.161893
v 1.361547 5.512836 4.805407
vn -0.756722 0.638639 -0.139684
vn -0.586911 0.722652 -0.365116
vn -0.756722 0.638639 -0.139684
vn -0.860915 0.499248 0.09786
vt 0 0
vt 1 0
vt 1 1
vt 0 1
usemtl nature_blossoms_prunusserrulata_01_m_0006.jpg
f 3067/3067/3067 3066/3066/3066 3064/3064/3064
f 3066/3066/3066 3065/3065/3065 3064/3064/3064

v 0.747243 5.640095 2.258461
v 1.881912 4.841588 2.229856
v 2.834814 6.115691 4.461957
v 1.799369 7.062678 4.281612
vn 0.518319 0.590576 -0.618518
vn 0.458963 0.672961 -0.580066
vn 0.518319 0.590576 -0.618518
vn 0.571565 0.50123 -0.649679
vt 0 0
vt 1 0
vt 1 1
vt 0 1
usemtl nature_blossoms_prunusserrulata_01_m_0002.jpg
f 3071/3071/3071 3070/3070/3070 3068/3068/3068
f 3070/3070/3070 3069/3069/3069 3068/3068/3068

v 0.660466 5.016053 2.583278
v 1.915179 5.450684 1.848256
v 2.181613 7.352696 3.427761
v 0.635237 7.194351 3.828276
vn -0.416894 0.536559 -0.733692
vn -0.552331 0.577009 -0.601657
vn -0.416894 0.536559 -0.733692
vn -0.265861 0.476035 -0.838277
vt 0 0
vt 1 0
vt 1 1
vt 0 1
usemtl nature_blossoms_prunusserrulata_01_m_0001.jpg
f 3075/3075/3075 3074/3074/3074 3072/3072/3072
f 3074/3074/3074 3073/3073/3073 3072/3072/3072

v 1.080681 5.09658 2.812951
v 1.559213 5.370067 1.60003
v 1.713225 7.741303 2.195452
v 1.043036 7.524577 3.345557
vn -0.902871 0.119521 -0.412963
vn -0.931147 0.14454 -0.334774
vn -0.902871 0.119521 -0.412963
vn -0.867788 0.093602 -0.488039
vt 0 0
vt 1 0
vt 1 1
vt 0 1
usemtl nature_blossoms_prunusserrulata_01_m_0003.jpg
f 3079/3079/3079 3078/3078/3078 3076/3076/3076
f 3078/3078/3078 3077/3077/3077 3076/3076/3076

v 0.939744 5.531558 2.481677
v 1.918819 4.835456 1.823077
v 3.486742 5.502632 3.448782
v 2.410772 5.794236 4.390869
vn 0.154187 0.912553 -0.378778
vn 0.214555 0.813374 -0.540731
vn 0.154187 0.912553 -0.378778
vn 0.087697 0.975496 -0.201785
vt 0 0
vt 1 0
vt 1 1
vt 0 1
usemtl nature_blossoms_prunusserrulata_01_m_0004.jpg
f 3083/3083/3083 3082/3082/3082 3080/3080/3080
f 3082/3082/3082 3081/3081/3081 3080/3080/3080

v 1.382729 4.938287 2.848181
v 1.447613 5.430495 1.488399
v 3.319206 7.045291 2.162222
v 3.687216 6.043619 3.358247
vn -0.579388 0.679185 0.450574
vn -0.681455 0.697969 0.220131
vn -0.579388 0.679185 0.450574
vn -0.440313 0.617019 0.652236
vt 0 0
vt 1 0
vt 1 1
vt 0 1
usemtl nature_blossoms_prunusserrulata_01_m_0002.jpg
f 3087/3087/3087 3086/3086/3086 3084/3084/3084
f 3086/3086/3086 3085/3085/3085 3084/3084/3084

v 1.807339 4.532145 2.191236
v 1.017524 5.417939 1.272333
v 3.30016 6.18911 0.053746
v 4.13878 5.480393 1.101397
vn 0.019245 0.783643 0.620914
vn 0.091494 0.755073 0.649226
vn 0.019245 0.783643 0.620914
vn -0.053137 0.806854 0.588356
vt 0 0
vt 1 0
vt 1 1
vt 0 1
usemtl nature_blossoms_prunusserrulata_01_m_0006.jpg
f 3091/3091/3091 3090/3090/3090 3088/3088/3088
f 3090/3090/3090 3089/3089/3089 3088/3088/3088

v 1.986486 4.746194 2.081906
v 0.891673 5.233634 1.382895
v 2.022483 4.591388 -0.83607
v 3.2682 4.488667 -0.105136
vn 0.274172 0.960503 -0.047575
vn 0.428929 0.902334 -0.04258
vn 0.274172 0.960503 -0.047575
vn 0.111914 0.992394 -0.051268
vt 0 0
vt 1 0
vt 1 1
vt 0 1
usemtl nature_blossoms_prunusserrulata_01_m_0004.jpg
f 3095/3095/3095 3094/3094/3094 3092/3092/3092
f 3094/3094/3094 3093/3093/3093 3092/3092/3092

v 1.811706 5.442181 1.699245
v 0.84127 4.45993 1.729046
v 0.802381 4.421144 -0.815695
v 1.316186 5.859202 -0.691625
vn -0.8433 0.522377 0.126364
vn -0.71137 0.702818 0.000159
vn -0.8433 0.522377 0.126364
vn -0.919663 0.307515 0.244242
vt 0 0
vt 1 0
vt 1 1
vt 0 1
usemtl nature_blossoms_prunusserrulata_01_m_0005.jpg
f 3099/3099/3099 3098/3098/3098 3096/3096/3096
f 3098/3098/3098 3097/3097/3097 3096/3096/3096

v 1.673076 4.516777 1.199878
v 0.956727 5.385457 2.225337
v 0.082491 6.848809 0.375001
v 0.035163 5.245214 -0.561378
vn 0.837538 0.476999 -0.266462
vn 0.81117 0.579931 0.075386
vn 0.837538 0.476999 -0.266462
vn 0.756575 0.312939 -0.574163
vt 0 0
vt 1 0
vt 1 1
vt 0 1
usemtl nature_blossoms_prunusserrulata_01_m_0005.jpg
f 3103/3103/3103 3102/3102/3102 3100/3100/3100
f 3102/3102/3102 3101/3101/3101 3100/3100/3100

v 1.611611 5.54641 1.444609
v 1.042569 4.28258 2.031935
v -1.167989 4.788457 0.978758
v -0.689383 6.186446 0.5925
vn -0.260523 0.421567 0.868567
vn -0.274699 0.504173 0.818749
vn -0.260523 0.421567 0.868567
vn -0.243871 0.334954 0.910128
vt 0 0
vt 1 0
vt 1 1
vt 0 1
usemtl nature_blossoms_prunusserrulata_01_m_0002.jpg
f 3107/3107/3107 3106/3106/3106 3104/3104/3104
f 3106/3106/3106 3105/3105/3105 3104/3104/3104

v 1.938179 5.245413 1.497789
v 0.695115 4.626859 1.916587
v -0.549395 5.959456 0.190881
v 0.655041 6.735829 -0.10948
vn -0.178118 0.680461 0.710807
vn -0.139899 0.732344 0.666409
vn -0.178118 0.680461 0.710807
vn -0.215245 0.624412 0.750853
vt 0 0
vt 1 0
vt 1 1
vt 0 1
usemtl nature_blossoms_prunusserrulata_01_m_0005.jpg
f 3111/3111/3111 3110/3110/3110 3108/3108/3108
f 3110/3110/3110 3109/3109/3109 3108/3108/3108

v 0.058213 5.127495 2.897937
v 1.149566 4.163043 2.738249
v 0.811552 3.420534 4.912625
v 0.308816 5.024493 5.232718
vn 0.841417 0.524562 0.129814
vn 0.651147 0.68153 0.333953
vn 0.841417 0.524562 0.129814
vn 0.94543 0.313819 -0.087633
vt 0 0
vt 1 0
vt 1 1
vt 0 1
usemtl nature_blossoms_prunusserrulata_01_m_0006.jpg
f 3115/3115/3115 3114/3114/3114 3112/3112/3112
f 3114/3114/3114 3113/3113/3113 3112/3112/3112

v -0.052969 4.229583 2.845215
v 1.274554 4.997327 2.766836
v 2.180918 3.61193 4.547756
v 0.877638 2.798593 4.590165
vn -0.34973 0.634664 0.689123
vn -0.337114 0.652224 0.678939
vn -0.34973 0.634664 0.689123
vn -0.362147 0.616742 0.698913
vt 0 0
vt 1 0
vt 1 1
vt 0 1
usemtl nature_blossoms_prunusserrulata_01_m_0001.jpg
f 3119/3119/3119 3118/3118/3118 3116/3116/3116
f 3118/3118/3118 3117/3117/3117 3116/3116/3116

v 0.340898 5.076008 3.243481
v 0.895796 4.158352 2.363617
v 2.5832 3.372608 4.247297
v 2.444469 4.825676 4.831213
vn 0.649616 0.539416 -0.535751
vn 0.658762 0.688711 -0.302836
vn 0.649616 0.539416 -0.535751
vn 0.590696 0.348789 -0.727615
vt 0 0
vt 1 0
vt 1 1
vt 0 1
usemtl nature_blossoms_prunusserrulata_01_m_0006.jpg
f 3123/3123/3123 3122/3122/3122 3120/3120/3120
f 3122/3122/3122 3121/3121/3121 3120/3120/3120

v 0.635001 4.942933 3.450149
v 0.620455 4.349354 2.220394
v 2.553875 3.129752 2.786203
v 2.403797 3.475491 4.137533
vn 0.621036 0.745658 -0.241471
vn 0.570814 0.736784 -0.362383
vn 0.621036 0.745658 -0.241471
vn 0.660563 0.741692 -0.1164
vt 0 0
vt 1 0
vt 1 1
vt 0 1
usemtl nature_blossoms_prunusserrulata_01_m_0002.jpg
f 3127/3127/3127 3126/3126/3126 3124/3124/3124
f 3126/3126/3126 3125/3125/3125 3124/3124/3124

v 0.325111 4.11617 2.39441
v 1.124888 5.002493 3.401181
v -0.05198 3.722657 5.462803
v -1.260961 3.37741 4.30476
vn -0.557561 0.829273 0.03783
vn -0.739795 0.672816 -0.00463
vn -0.557561 0.829273 0.03783
vn -0.342158 0.936396 0.078041
vt 0 0
vt 1 0
vt 1 1
vt 0 1
usemtl nature_blossoms_prunusserrulata_01_m_0001.jpg
f 3131/3131/3131 3130/3130/3130 3128/3128/3128
f 3130/3130/3130 3129/3129/3129 3128/3128/3128

v 0.358625 4.903818 2.481815
v 1.178352 4.183957 3.364022
v -0.718655 2.718438 3.930847
v -1.556066 3.518266 3.130323
vn -0.21383 0.610864 0.762313
vn -0.256036 0.618693 0.742742
vn -0.21383 0.610864 0.762313
vn -0.171148 0.601677 0.780188
vt 0 0
vt 1 0
vt 1 1
vt 0 1
usemtl nature_blossoms_prunusserrulata_01_m_0003.jpg
f 3135/3135/3135 3134/3134/3134 3132/3132/3132
f 3134/3134/3134 3133/3133/3133 3132/3132/3132

v 0.425167 5.009216 1.83484
v 0.512059 4.534932 3.277338
v -2.040457 5.11661 3.622346
v -1.763571 6.220701 2.36501
vn 0.381549 0.790683 0.478791
vn 0.249663 0.924249 0.288847
vn 0.381549 0.790683 0.478791
vn 0.486225 0.600733 0.63459
vt 0 0
vt 1 0
vt 1 1
vt 0 1
usemtl nature_blossoms_prunusserrulata_01_m_0006.jpg
f 3139/3139/3139 3138/3138/3138 3136/3136/3136
f 3138/3138/3138 3137/3137/3137 3136/3136/3136

v -0.108615 4.428031 2.415028
v 1.009884 5.048447 2.775041
v -0.264392 6.529017 4.182512
v -1.381231 5.8804 3.865944
vn -0.128129 0.632872 -0.763581
vn -0.106338 0.63548 -0.76476
vn -0.128129 0.632872 -0.763581
vn -0.149858 0.629959 -0.762033
vt 0 0
vt 1 0
vt 1 1
vt 0 1
usemtl nature_blossoms_prunusserrulata_01_m_0006.jpg
f 3143/3143/3143 3142/3142/3142 3140/3140/3140
f 3142/3142/3142 3141/3141/3141 3140/3140/3140

v 0.130698 4.416638 2.210136
v 0.947009 5.06591 3.141008
v -0.898356 6.172247 3.987609
v -1.755886 5.233607 3.294715
vn 0.007188 0.713528 -0.70059
vn 0.148552 0.745225 -0.650055
vn 0.007188 0.713528 -0.70059
vn -0.134346 0.665033 -0.734631
vt 0 0
vt 1 0
vt 1 1
vt 0 1
usemtl nature_blossoms_prunusserrulata_01_m_0006.jpg
f 3147/3147/3147 3146/3146/3146 3144/3144/3144
f 3146/3146/3146 3145/3145/3145 3144/3144/3144

v 0.092363 5.15821 2.303655
v 0.939179 4.349098 3.055061
v -0.340475 5.055378 5.25772
v -1.071304 6.031271 4.555188
vn 0.689469 0.713298 0.125853
vn 0.62876 0.768459 0.118878
vn 0.689469 0.713298 0.125853
vn 0.745505 0.653303 0.131975
vt 0 0
vt 1 0
vt 1 1
vt 0 1
usemtl nature_blossoms_prunusserrulata_01_m_0002.jpg
f 3151/3151/3151 3150/3150/3150 3148/3148/3148
f 3150/3150/3150 3149/3149/3149 3148/3148/3148

v 0.869276 5.491014 1.660688
v 0.689736 4.755054 2.846924
v -2.074798 5.154312 2.67621
v -1.518445 6.808004 2.116381
vn 0.208337 0.571733 0.793547
vn 0.088346 0.840376 0.534755
vn 0.208337 0.571733 0.793547
vn 0.29634 0.215306 0.930498
vt 0 0
vt 1 0
vt 1 1
vt 0 1
usemtl nature_blossoms_prunusserrulata_01_m_0003.jpg
f 3155/3155/3155 3154/3154/3154 3152/3152/3152
f 3154/3154/3154 3153/3153/3153 3152/3152/3152

v 0.844484 4.865506 1.571163
v 0.679482 5.324384 2.930238
v -0.860558 7.15547 2.125018
v -1.295302 6.021967 0.92091
vn 0.676578 0.605215 -0.419472
vn 0.784084 0.61065 -0.110986
vn 0.676578 0.605215 -0.419472
vn 0.496847 0.535173 -0.683179
vt 0 0
vt 1 0
vt 1 1
vt 0 1
usemtl nature_blossoms_prunusserrulata_01_m_0001.jpg
f 3159/3159/3159 3158/3158/3158 3156/3156/3156
f 3158/3158/3158 3157/3157/3157 3156/3156/3156

v 0.974257 5.29417 1.549998
v 0.570533 4.900686 2.927102
v -1.277596 6.618075 2.876003
v -0.751242 7.092922 1.558099
vn 0.631748 0.647145 0.426729
vn 0.624492 0.683289 0.37832
vn 0.631748 0.647145 0.426729
vn 0.636665 0.608605 0.473559
vt 0 0
vt 1 0
vt 1 1
vt 0 1
usemtl nature_blossoms_prunusserrulata_01_m_0004.jpg
f 3163/3163/3163 3162/3162/3162 3160/3160/3160
f 3162/3162/3162 3161/3161/3161 3160/3160/3160

v 1.368252 5.2971 1.778591
v 0.106332 4.815212 2.381137
v -1.231921 6.50773 0.932015
v 0.200772 7.563588 1.146154
vn -0.086745 0.43904 0.89427
vn 0.083631 0.685428 0.723321
vn -0.086745 0.43904 0.89427
vn -0.246802 0.140423 0.958838
vt 0 0
vt 1 0
vt 1 1
vt 0 1
usemtl nature_blossoms_prunusserrulata_01_m_0005.jpg
f 3167/3167/3167 3166/3166/3166 3164/3164/3164
f 3166/3166/3166 3165/3165/3165 3164/3164/3164

v 1.196704 4.869875 1.504913
v 0.288674 5.188017 2.688748
v -0.028453 7.367462 1.859802
v 1.331401 7.244331 0.97012
vn 0.686399 0.239116 0.68679
vn 0.792176 0.314253 0.523166
vn 0.686399 0.239116 0.68679
vn 0.550691 0.153552 0.820464
vt 0 0
vt 1 0
vt 1 1
vt 0 1
usemtl nature_blossoms_prunusserrulata_01_m_0004.jpg
f 3171/3171/3171 3170/3170/3170 3168/3168/3168
f 3170/3170/3170 3169/3169/3169 3168/3168/3168

v 0.225774 4.755356 2.041704
v 1.344945 5.397633 2.330493
v 0.048325 7.35744 2.996729
v -1.069873 6.658999 2.829078
vn -0.014328 0.343653 -0.938987
vn 0.042747 0.346803 -0.936964
vn -0.014328 0.343653 -0.938987
vn -0.071356 0.339379 -0.937939
vt 0 0
vt 1 0
vt 1 1
vt 0 1
usemtl nature_blossoms_prunusserrulata_01_m_0001.jpg
f 3175/3175/3175 3174/3174/3174 3172/3172/3172
f 3174/3174/3174 3173/3173/3173 3172/3172/3172

v 0.335891 4.555941 1.857577
v 1.140323 5.577248 2.525136
v -1.137178 6.908674 3.232638
v -1.970401 5.792958 2.744211
vn -0.026488 0.492001 -0.870191
vn 0.041643 0.523461 -0.851031
vn -0.026488 0.492001 -0.870191
vn -0.094461 0.45759 -0.884131
vt 0 0
vt 1 0
vt 1 1
vt 0 1
usemtl nature_blossoms_prunusserrulata_01_m_0002.jpg
f 3179/3179/3179 3178/3178/3178 3176/3176/3176
f 3178/3178/3178 3177/3177/3177 3176/3176/3176

v 0.128805 4.913077 1.752231
v 1.343751 5.226063 2.606358
v 0.178991 7.243029 3.524067
v -1.297578 6.493378 3.202094
vn 0.12629 0.598744 -0.790921
vn 0.377811 0.555281 -0.740892
vn 0.12629 0.598744 -0.790921
vn -0.133776 0.601699 -0.787441
vt 0 0
vt 1 0
vt 1 1
vt 0 1
usemtl nature_blossoms_prunusserrulata_01_m_0004.jpg
f 3183/3183/3183 3182/3182/3182 3180/3180/3180
f 3182/3182/3182 3181/3181/3181 3180/3180/3180

v 0.966739 5.159375 1.566955
v 0.537217 4.916114 2.831087
v -0.706154 7.224763 2.85288
v -0.334632 7.448575 1.565299
vn 0.822978 0.453956 0.341513
vn 0.821584 0.439049 0.363642
vn 0.822978 0.453956 0.341513
vn 0.823785 0.468538 0.31914
vt 0 0
vt 1 0
vt 1 1
vt 0 1
usemtl nature_blossoms_prunusserrulata_01_m_0003.jpg
f 3187/3187/3187 3186/3186/3186 3184/3184/3184
f 3186/3186/3186 3185/3185/3185 3184/3184/3184

v 1.006564 3.864685 3.098277
v 1.998641 4.725389 2.568293
v 1.899122 6.075836 4.575154
v 1.131657 5.000071 5.176323
vn -0.786601 0.529582 -0.317494
vn -0.712497 0.565271 -0.415711
vn -0.786601 0.529582 -0.317494
vn -0.847794 0.485202 -0.214065
vt 0 0
vt 1 0
vt 1 1
vt 0 1
usemtl nature_blossoms_prunusserrulata_01_m_0005.jpg
f 3191/3191/3191 3190/3190/3190 3188/3188/3188
f 3190/3190/3190 3189/3189/3189 3188/3188/3188

v 1.086273 4.705448 2.335977
v 1.954626 3.952123 3.304846
v 0.815607 5.247714 5.333059
v 0.793506 6.607545 4.077309
vn 0.903628 0.428299 0.004113
vn 0.695266 0.715652 -0.066695
vn 0.903628 0.428299 0.004113
vn 0.993614 0.084839 0.074383
vt 0 0
vt 1 0
vt 1 1
vt 0 1
usemtl nature_blossoms_prunusserrulata_01_m_0001.jpg
f 3195/3195/3195 3194/3194/3194 3192/3192/3192
f 3194/3194/3194 3193/3193/3193 3192/3192/3192

v 0.858844 4.024383 3.048284
v 2.118042 4.615744 2.635103
v 2.271325 5.912007 4.957506
v 1.035251 5.281815 5.385581
vn -0.507345 0.770324 -0.386266
vn -0.493766 0.772785 -0.398746
vn -0.507345 0.770324 -0.386266
vn -0.520749 0.767596 -0.373652
vt 0 0
vt 1 0
vt 1 1
vt 0 1
usemtl nature_blossoms_prunusserrulata_01_m_0004.jpg
f 3199/3199/3199 3198/3198/3198 3196/3196/3196
f 3198/3198/3198 3197/3197/3197 3196/3196/3196

v 1.141192 4.718913 2.327365
v 1.817802 3.898148 3.349331
v 1.836411 5.782523 4.850396
v 0.97648 6.494266 3.862242
vn 0.853275 0.352913 -0.383893
vn 0.888561 0.280436 -0.363063
vn 0.853275 0.352913 -0.383893
vn 0.812074 0.422944 -0.402062
vt 0 0
vt 1 0
vt 1 1
vt 0 1
usemtl nature_blossoms_prunusserrulata_01_m_0003.jpg
f 3203/3203/3203 3202/3202/3202 3200/3200/3200
f 3202/3202/3202 3201/3201/3201 3200/3200/3200

v 1.339275 4.696279 3.396735
v 1.756758 3.955872 2.120554
v 3.833595 3.424184 3.108432
v 3.625612 4.715167 4.133717
vn 0.320633 0.757559 -0.568594
vn 0.389555 0.846226 -0.363521
vn 0.320633 0.757559 -0.568594
vn 0.234182 0.627479 -0.742583
vt 0 0
vt 1 0
vt 1 1
vt 0 1
usemtl nature_blossoms_prunusserrulata_01_m_0001.jpg
f 3207/3207/3207 3206/3206/3206 3204/3204/3204
f 3206/3206/3206 3205/3205/3205 3204/3204/3204

v 1.087038 4.565876 3.324179
v 2.007912 4.062361 2.228695
v 3.112232 2.41427 3.914506
v 2.306997 3.095738 5.025405
vn 0.694604 0.699681 0.167247
vn 0.672033 0.699351 0.243476
vn 0.694604 0.699681 0.167247
vn 0.712785 0.695589 0.089961
vt 0 0
vt 1 0
vt 1 1
vt 0 1
usemtl nature_blossoms_prunusserrulata_01_m_0001.jpg
f 3211/3211/3211 3210/3210/3210 3208/3208/3208
f 3210/3210/3210 3209/3209/3209 3208/3208/3208

v 0.860176 4.161882 2.770231
v 2.298733 4.472774 2.709242
v 2.72525 2.818887 4.338874
v 1.307075 2.390566 4.282005
vn -0.16514 0.643581 0.74735
vn -0.116688 0.681639 0.722324
vn -0.16514 0.643581 0.74735
vn -0.212862 0.602678 0.76907
vt 0 0
vt 1 0
vt 1 1
vt 0 1
usemtl nature_blossoms_prunusserrulata_01_m_0003.jpg
f 3215/3215/3215 3214/3214/3214 3212/3212/3212
f 3214/3214/3214 3213/3213/3213 3212/3212/3212

v 0.896002 4.921404 3.100757
v 1.944306 4.169398 2.340725
v 3.657625 5.27425 3.610702
v 2.614686 5.98555 4.41841
vn 0.026785 0.748295 -0.662826
vn 0.032061 0.732243 -0.680289
vn 0.026785 0.748295 -0.662826
vn 0.021494 0.763904 -0.644971
vt 0 0
vt 1 0
vt 1 1
vt 0 1
usemtl nature_blossoms_prunusserrulata_01_m_0001.jpg
f 3219/3219/3219 3218/3218/3218 3216/3216/3216
f 3218/3218/3218 3217/3217/3217 3216/3216/3216

v 0.786161 4.867823 2.580454
v 2.015476 4.211347 2.816404
v 2.728685 6.103956 4.366286
v 1.80924 7.097321 3.453206
vn 0.572037 0.235958 -0.785556
vn 0.406491 0.482288 -0.775992
vn 0.572037 0.235958 -0.785556
vn 0.687143 -0.031178 -0.725853
vt 0 0
vt 1 0
vt 1 1
vt 0 1
usemtl nature_blossoms_prunusserrulata_01_m_0003.jpg
f 3223/3223/3223 3222/3222/3222 3220/3220/3220
f 3222/3222/3222 3221/3221/3221 3220/3220/3220

v 0.800058 4.685418 2.323073
v 2.04341 4.340383 3.15783
v 2.157744 6.664225 3.948058
v 0.64442 6.873865 3.459454
vn 0.464792 0.349248 -0.81363
vn 0.585901 0.234914 -0.775587
vn 0.464792 0.349248 -0.81363
vn 0.330118 0.453389 -0.827925
vt 0 0
vt 1 0
vt 1 1
vt 0 1
usemtl nature_blossoms_prunusserrulata_01_m_0003.jpg
f 3227/3227/3227 3226/3226/3226 3224/3224/3224
f 3226/3226/3226 3225/3225/3225 3224/3224/3224

v 0.691808 4.165924 3.004841
v 1.855031 4.978271 2.383938
v 2.07621 6.314324 4.546301
v 0.724092 5.660848 5.021178
vn -0.587031 0.686332 -0.429352
vn -0.654485 0.671312 -0.347837
vn -0.587031 0.686332 -0.429352
vn -0.512873 0.693514 -0.505964
vt 0 0
vt 1 0
vt 1 1
vt 0 1
usemtl nature_blossoms_prunusserrulata_01_m_0003.jpg
f 3231/3231/3231 3230/3230/3230 3228/3228/3228
f 3230/3230/3230 3229/3229/3229 3228/3228/3228

v 0.81591 4.901457 2.225165
v 1.800862 4.212677 3.145431
v 0.32102 4.662121 5.065681
v -0.179105 5.990729 4.105395
vn 0.694599 0.696589 0.17971
vn 0.465188 0.871627 0.154489
vn 0.694599 0.696589 0.17971
vn 0.86573 0.463106 0.189853
vt 0 0
vt 1 0
vt 1 1
vt 0 1
usemtl nature_blossoms_prunusserrulata_01_m_0006.jpg
f 3235/3235/3235 3234/3234/3234 3232/3232/3232
f 3234/3234/3234 3233/3233/3233 3232/3232/3232

v 0.914973 4.031435 2.738968
v 1.697291 5.080051 2.672123
v 1.634726 5.276607 5.023308
v 1.106567 4.04119 5.134294
vn -0.866009 0.500028 0.000303
vn -0.80166 0.593554 -0.070953
vn -0.866009 0.500028 0.000303
vn -0.9148 0.397519 0.071553
vt 0 0
vt 1 0
vt 1 1
vt 0 1
usemtl nature_blossoms_prunusserrulata_01_m_0006.jpg
f 3239/3239/3239 3238/3238/3238 3236/3236/3236
f 3238/3238/3238 3237/3237/3237 3236/3236/3236

v 0.718764 4.291691 2.31994
v 1.864244 4.870357 3.094911
v 0.849832 3.917482 5.305815
v -0.311077 3.372686 4.528358
vn -0.503154 0.854488 0.129177
vn -0.515197 0.847337 0.128809
vn -0.503154 0.854488 0.129177
vn -0.491013 0.861471 0.129519
vt 0 0
vt 1 0
vt 1 1
vt 0 1
usemtl nature_blossoms_prunusserrulata_01_m_0005.jpg
f 3243/3243/3243 3242/3242/3242 3240/3240/3240
f 3242/3242/3242 3241/3241/3241 3240/3240/3240

v 1.140511 4.658566 3.407572
v 2.012545 4.006958 2.351682
v 3.958469 4.431861 3.696559
v 3.078177 5.174015 4.689751
vn 0.119525 0.865403 -0.486612
vn 0.117342 0.885512 -0.449555
vn 0.119525 0.865403 -0.486612
vn 0.121494 0.843752 -0.522802
vt 0 0
vt 1 0
vt 1 1
vt 0 1
usemtl nature_blossoms_prunusserrulata_01_m_0004.jpg
f 3247/3247/3247 3246/3246/3246 3244/3244/3244
f 3246/3246/3246 3245/3245/3245 3244/3244/3244

v 1.272919 4.724594 3.412356
v 1.881866 4.010135 2.28281
v 3.831992 5.22718 2.564335
v 3.350125 5.779722 3.864806
vn -0.332818 0.765511 -0.550658
vn -0.345023 0.697998 -0.627501
vn -0.332818 0.765511 -0.550658
vn -0.317081 0.824901 -0.467972
vt 0 0
vt 1 0
vt 1 1
vt 0 1
usemtl nature_blossoms_prunusserrulata_01_m_0006.jpg
f 3251/3251/3251 3250/3250/3250 3248/3248/3248
f 3250/3250/3250 3249/3249/3249 3248/3248/3248

v 1.411156 4.626674 3.501394
v 1.764513 4.057458 2.270902
v 3.186268 6.156244 1.708302
v 2.54014 6.856146 2.794265
vn -0.795391 0.318744 -0.515515
vn -0.797877 0.426224 -0.426292
vn -0.795391 0.318744 -0.515515
vn -0.777379 0.205043 -0.594676
vt 0 0
vt 1 0
vt 1 1
vt 0 1
usemtl nature_blossoms_prunusserrulata_01_m_0005.jpg
f 3255/3255/3255 3254/3254/3254 3252/3252/3252
f 3254/3254/3254 3253/3253/3253 3252/3252/3252

v 2.172442 3.90575 2.83717
v 0.954975 4.810618 2.860255
v 1.952601 6.208467 0.681744
v 3.478603 5.701217 1.344729
vn 0.200145 0.679662 0.705693
vn 0.476079 0.624757 0.618892
vn 0.200145 0.679662 0.705693
vn -0.093139 0.675648 0.731318
vt 0 0
vt 1 0
vt 1 1
vt 0 1
usemtl nature_blossoms_prunusserrulata_01_m_0003.jpg
f 3259/3259/3259 3258/3258/3258 3256/3256/3256
f 3258/3258/3258 3257/3257/3257 3256/3256/3256

v 1.656542 4.744339 3.333644
v 1.673714 3.702618 2.344002
v 3.750851 2.780454 3.350735
v 3.650615 3.683012 4.485423
vn 0.581291 0.615261 -0.532498
vn 0.549124 0.580359 -0.601371
vn 0.581291 0.615261 -0.532498
vn 0.609391 0.645859 -0.4599
vt 0 0
vt 1 0
vt 1 1
vt 0 1
usemtl nature_blossoms_prunusserrulata_01_m_0004.jpg
f 3263/3263/3263 3262/3262/3262 3260/3260/3260
f 3262/3262/3262 3261/3261/3261 3260/3260/3260

v 1.311677 4.757735 3.129132
v 2.021883 3.629695 2.478691
v 3.509696 3.456081 4.404304
v 2.781431 4.560784 5.075499
vn 0.63016 0.653852 -0.418779
vn 0.631506 0.645385 -0.429741
vn 0.63016 0.653852 -0.418779
vn 0.628692 0.662191 -0.407736
vt 0 0
vt 1 0
vt 1 1
vt 0 1
usemtl nature_blossoms_prunusserrulata_01_m_0001.jpg
f 3267/3267/3267 3266/3266/3266 3264/3264/3264
f 3266/3266/3266 3265/3265/3265 3264/3264/3264

v 1.081031 3.865112 2.921477
v 2.248475 4.621403 2.659408
v 3.328169 3.757208 4.975207
v 1.857011 3.560535 5.499282
vn -0.248611 0.914197 0.320056
vn -0.399409 0.782223 0.478121
vn -0.248611 0.914197 0.320056
vn -0.081618 0.986619 0.141142
vt 0 0
vt 1 0
vt 1 1
vt 0 1
usemtl nature_blossoms_prunusserrulata_01_m_0006.jpg
f 3271/3271/3271 3270/3270/3270 3268/3268/3268
f 3270/3270/3270 3269/3269/3269 3268/3268/3268

v 1.48208 4.62577 3.331086
v 1.787432 3.828647 2.290017
v 3.131455 2.368994 3.801851
v 2.574365 2.95463 4.931013
vn 0.811434 0.582075 -0.052565
vn 0.811333 0.554105 -0.186296
vn 0.811434 0.582075 -0.052565
vn 0.796389 0.59918 0.082148
vt 0 0
vt 1 0
vt 1 1
vt 0 1
usemtl nature_blossoms_prunusserrulata_01_m_0003.jpg
f 3275/3275/3275 3274/3274/3274 3272/3272/3272
f 3274/3274/3274 3273/3273/3273 3272/3272/3272

v -0.754181 5.485049 -0.01778
v -0.998513 4.923257 1.197307
v -2.111465 7.101559 1.980644
v -2.179519 7.482599 0.619172
vn 0.865167 0.44811 0.225129
vn 0.88318 0.332152 0.331161
vn 0.865167 0.44811 0.225129
vn 0.825514 0.552859 0.113467
vt 0 0
vt 1 0
vt 1 1
vt 0 1
usemtl nature_blossoms_prunusserrulata_01_m_0004.jpg
f 3279/3279/3279 3278/3278/3278 3276/3276/3276
f 3278/3278/3278 3277/3277/3277 3276/3276/3276

v -1.460365 4.85897 0.39631
v -0.320439 5.528219 0.792674
v -1.728412 6.980418 2.389948
v -2.829044 6.12126 2.201231
vn -0.250665 0.645944 -0.721057
vn -0.138716 0.66883 -0.730359
vn -0.250665 0.645944 -0.721057
vn -0.35932 0.614568 -0.702278
vt 0 0
vt 1 0
vt 1 1
vt 0 1
usemtl nature_blossoms_prunusserrulata_01_m_0001.jpg
f 3283/3283/3283 3282/3282/3282 3280/3280/3280
f 3282/3282/3282 3281/3281/3281 3280/3280/3280

v -1.368676 5.645655 0.336373
v -0.396439 4.7608 0.874664
v -1.163989 5.292924 3.135695
v -1.579109 6.774125 2.57145
vn 0.849743 0.527179 0.004294
vn 0.658137 0.751457 0.046565
vn 0.849743 0.527179 0.004294
vn 0.965892 0.256088 -0.038358
vt 0 0
vt 1 0
vt 1 1
vt 0 1
usemtl nature_blossoms_prunusserrulata_01_m_0004.jpg
f 3287/3287/3287 3286/3286/3286 3284/3284/3284
f 3286/3286/3286 3285/3285/3285 3284/3284/3284

v -1.167143 5.370518 -0.112255
v -0.878723 4.953005 1.291838
v -2.891306 6.137727 2.057534
v -3.231822 6.508173 0.650146
vn 0.524763 0.842896 0.118951
vn 0.540469 0.830319 0.135879
vn 0.524763 0.842896 0.118951
vn 0.508695 0.85489 0.101942
vt 0 0
vt 1 0
vt 1 1
vt 0 1
usemtl nature_blossoms_prunusserrulata_01_m_0006.jpg
f 3291/3291/3291 3290/3290/3290 3288/3288/3288
f 3290/3290/3290 3289/3289/3289 3288/3288/3288

v -1.153103 5.447666 -0.051558
v -0.878143 4.895785 1.279582
v -1.404163 7.152114 2.323693
v -1.777889 7.66651 0.997413
vn 0.948372 0.296522 -0.112539
vn 0.960221 0.264831 -0.088546
vn 0.948372 0.296522 -0.112539
vn 0.934892 0.327703 -0.136339
vt 0 0
vt 1 0
vt 1 1
vt 0 1
usemtl nature_blossoms_prunusserrulata_01_m_0006.jpg
f 3295/3295/3295 3294/3294/3294 3292/3292/3292
f 3294/3294/3294 3293/3293/3293 3292/3292/3292

v -1.681813 4.921076 0.730614
v -0.426224 5.457612 0.496178
v -0.564005 6.803747 2.839049
v -2.224307 6.914019 2.38623
vn -0.096877 0.767371 -0.633843
vn -0.419555 0.776188 -0.470645
vn -0.096877 0.767371 -0.633843
vn 0.238475 0.658157 -0.714114
vt 0 0
vt 1 0
vt 1 1
vt 0 1
usemtl nature_blossoms_prunusserrulata_01_m_0006.jpg
f 3299/3299/3299 3298/3298/3298 3296/3296/3296
f 3298/3298/3298 3297/3297/3297 3296/3296/3296

v -1.686266 5.567784 0.543145
v -0.420162 4.746419 0.644177
v 0.158139 5.866103 2.499833
v -1.508083 6.114403 2.754089
vn 0.306832 0.854337 -0.419478
vn 0.482569 0.675246 -0.557826
vn 0.306832 0.854337 -0.419478
vn 0.105905 0.96329 -0.246693
vt 0 0
vt 1 0
vt 1 1
vt 0 1
usemtl nature_blossoms_prunusserrulata_01_m_0006.jpg
f 3303/3303/3303 3302/3302/3302 3300/3300/3300
f 3302/3302/3302 3301/3301/3301 3300/3300/3300

v -1.417864 5.155818 0.777249
v -0.095774 5.474844 1.273593
v -1.051467 6.701242 3.030958
v -2.276637 7.119927 1.802286
vn 0.370714 0.736753 -0.565479
vn 0.01415 0.823568 -0.567041
vn 0.370714 0.736753 -0.565479
vn 0.677352 0.550714 -0.487759
vt 0 0
vt 1 0
vt 1 1
vt 0 1
usemtl nature_blossoms_prunusserrulata_01_m_0005.jpg
f 3307/3307/3307 3306/3306/3306 3304/3304/3304
f 3306/3306/3306 3305/3305/3305 3304/3304/3304

v -1.321584 5.480634 0.634994
v -0.119129 5.112943 1.39998
v -0.396194 7.148536 2.813895
v -1.655969 7.471029 2.117285
vn 0.535717 0.545161 -0.644831
vn 0.565868 0.520926 -0.639085
vn 0.535717 0.545161 -0.644831
vn 0.504747 0.568562 -0.649591
vt 0 0
vt 1 0
vt 1 1
vt 0 1
usemtl nature_blossoms_prunusserrulata_01_m_0006.jpg
f 3311/3311/3311 3310/3310/3310 3308/3308/3308
f 3310/3310/3310 3309/3309/3309 3308/3308/3308

v -0.727875 5.72311 1.595574
v 0.0269 4.457442 1.06403
v 1.558425 4.477942 3.18993
v 0.572659 5.532108 3.897088
vn 0.632585 0.674792 -0.380121
vn 0.652855 0.589236 -0.476006
vn 0.632585 0.674792 -0.380121
vn 0.601608 0.748928 -0.277802
vt 0 0
vt 1 0
vt 1 1
vt 0 1
usemtl nature_blossoms_prunusserrulata_01_m_0003.jpg
f 3315/3315/3315 3314/3314/3314 3312/3312/3312
f 3314/3314/3314 3313/3313/3313 3312/3312/3312

v -0.879869 5.49897 1.550463
v 0.243007 4.648983 1.070869
v 0.409182 3.671673 3.192031
v -0.246736 5.105341 3.730458
vn 0.792131 0.607899 0.054652
vn 0.652152 0.706648 0.274492
vn 0.792131 0.607899 0.054652
vn 0.870581 0.461932 -0.169434
vt 0 0
vt 1 0
vt 1 1
vt 0 1
usemtl nature_blossoms_prunusserrulata_01_m_0001.jpg
f 3319/3319/3319 3318/3318/3318 3316/3316/3316
f 3318/3318/3318 3317/3317/3317 3316/3316/3316

v -1.005669 4.804078 1.165347
v 0.352083 5.318375 1.50777
v -0.26762 5.296153 3.998354
v -1.556334 4.581964 3.682409
vn -0.409319 0.910932 -0.051588
vn -0.336541 0.938648 -0.075362
vn -0.409319 0.910932 -0.051588
vn -0.479384 0.877175 -0.027472
vt 0 0
vt 1 0
vt 1 1
vt 0 1
usemtl nature_blossoms_prunusserrulata_01_m_0003.jpg
f 3323/3323/3323 3322/3322/3322 3320/3320/3320
f 3322/3322/3322 3321/3321/3321 3320/3320/3320

v -0.778644 4.660418 1.252106
v 0.371871 5.325875 1.419357
v 0.380653 4.665578 3.98613
v -1.201419 4.749092 3.807551
vn -0.240948 0.965337 0.100346
vn -0.512202 0.831359 0.215618
vn -0.240948 0.965337 0.100346
vn 0.055561 0.998131 -0.025443
vt 0 0
vt 1 0
vt 1 1
vt 0 1
usemtl nature_blossoms_prunusserrulata_01_m_0004.jpg
f 3327/3327/3327 3326/3326/3326 3324/3324/3324
f 3326/3326/3326 3325/3325/3325 3324/3324/3324

v -0.642494 5.437038 0.886671
v 0.260179 4.578963 1.796379
v -0.761557 5.733694 3.899404
v -2.21845 5.830185 2.821273
vn 0.445382 0.892577 -0.070288
vn 0.70988 0.703118 -0.04118
vn 0.445382 0.892577 -0.070288
vn 0.133362 0.986798 -0.091897
vt 0 0
vt 1 0
vt 1 1
vt 0 1
usemtl nature_blossoms_prunusserrulata_01_m_0004.jpg
f 3331/3331/3331 3330/3330/3330 3328/3328/3328
f 3330/3330/3330 3329/3329/3329 3328/3328/3328

v -0.793857 4.625882 1.483852
v 0.410753 5.336678 1.221671
v 0.081828 6.716531 3.4513
v -1.477586 6.481107 3.372092
vn -0.302884 0.717337 -0.627447
vn -0.517631 0.691278 -0.504175
vn -0.302884 0.717337 -0.627447
vn -0.069361 0.698927 -0.711822
vt 0 0
vt 1 0
vt 1 1
vt 0 1
usemtl nature_blossoms_prunusserrulata_01_m_0002.jpg
f 3335/3335/3335 3334/3334/3334 3332/3332/3332
f 3334/3334/3334 3333/3333/3333 3332/3332/3332

v -0.595166 4.501777 1.218504
v 0.23281 5.52642 1.504457
v -1.102223 6.02762 3.574115
v -1.938298 5.01181 3.279964
vn -0.578763 0.621955 -0.527452
vn -0.583612 0.618452 -0.526227
vn -0.578763 0.621955 -0.527452
vn -0.573893 0.625435 -0.528657
vt 0 0
vt 1 0
vt 1 1
vt 0 1
usemtl nature_blossoms_prunusserrulata_01_m_0005.jpg
f 3339/3339/3339 3338/3338/3338 3336/3336/3336
f 3338/3338/3338 3337/3337/3337 3336/3336/3336

v -0.393824 4.583451 1.488877
v -0.099155 5.739902 0.710834
v 1.929725 6.004626 1.87271
v 1.499028 4.990327 2.810524
vn -0.487582 0.635475 0.598695
vn -0.462286 0.573055 0.676683
vn -0.487582 0.635475 0.598695
vn -0.5077 0.691147 0.51435
vt 0 0
vt 1 0
vt 1 1
vt 0 1
usemtl nature_blossoms_prunusserrulata_01_m_0005.jpg
f 3343/3343/3343 3342/3342/3342 3340/3340/3340
f 3342/3342/3342 3341/3341/3341 3340/3340/3340

v -0.523036 5.530155 1.732178
v -0.011167 4.849564 0.463537
v 2.05315 5.934148 0.714594
v 1.784468 6.019947 2.400445
vn -0.27049 0.906199 -0.32502
vn -0.336274 0.766648 -0.546965
vn -0.27049 0.906199 -0.32502
vn -0.184944 0.979542 -0.079328
vt 0 0
vt 1 0
vt 1 1
vt 0 1
usemtl nature_blossoms_prunusserrulata_01_m_0001.jpg
f 3347/3347/3347 3346/3346/3346 3344/3344/3344
f 3346/3346/3346 3345/3345/3345 3344/3344/3344

v -0.269282 5.596945 1.553955
v 0.110688 4.59065 0.690143
v 2.312938 5.131303 1.029029
v 1.770651 5.57421 2.477758
vn 0.043767 0.844475 -0.533804
vn -0.039835 0.642125 -0.765565
vn 0.043767 0.844475 -0.533804
vn 0.122921 0.960986 -0.247783
vt 0 0
vt 1 0
vt 1 1
vt 0 1
usemtl nature_blossoms_prunusserrulata_01_m_0004.jpg
f 3351/3351/3351 3350/3350/3350 3348/3348/3348
f 3350/3350/3350 3349/3349/3349 3348/3348/3348

v 0.055529 5.504 1.699203
v -0.198568 4.634307 0.53848
v 2.237467 4.157038 0.362805
v 2.52927 5.294185 1.314878
vn 0.023689 0.723197 -0.690236
vn 0.109485 0.78382 -0.61126
vn 0.023689 0.723197 -0.690236
vn -0.062516 0.650081 -0.757289
vt 0 0
vt 1 0
vt 1 1
vt 0 1
usemtl nature_blossoms_prunusserrulata_01_m_0002.jpg
f 3355/3355/3355 3354/3354/3354 3352/3352/3352
f 3354/3354/3354 3353/3353/3353 3352/3352/3352

v -0.285235 5.607688 1.528298
v 0.151167 4.526839 0.665972
v 2.22595 4.287832 2.015544
v 1.943278 5.809038 2.403721
vn 0.407247 0.490394 -0.770496
vn 0.461749 0.659594 -0.593063
vn 0.407247 0.490394 -0.770496
vn 0.327054 0.29026 -0.899324
vt 0 0
vt 1 0
vt 1 1
vt 0 1
usemtl nature_blossoms_prunusserrulata_01_m_0004.jpg
f 3359/3359/3359 3358/3358/3358 3356/3356/3356
f 3358/3358/3358 3357/3357/3357 3356/3356/3356

v -0.741977 4.99986 0.592177
v -0.743541 4.776845 -0.76726
v 0.582086 7.003544 -1.134076
v 0.915045 6.996762 0.262678
vn -0.812823 0.580347 0.050169
vn -0.862242 0.499973 -0.081028
vn -0.812823 0.580347 0.050169
vn -0.742176 0.645565 0.180055
vt 0 0
vt 1 0
vt 1 1
vt 0 1
usemtl nature_blossoms_prunusserrulata_01_m_0003.jpg
f 3363/3363/3363 3362/3362/3362 3360/3360/3360
f 3362/3362/3362 3361/3361/3361 3360/3360/3360

v -0.806625 4.667869 0.671253
v -0.703869 5.050496 -0.773328
v 0.814373 7.108181 -0.120312
v 1.400978 5.906581 1.156382
vn -0.680712 0.592087 0.431351
vn -0.81509 0.571746 0.09346
vn -0.680712 0.592087 0.431351
vn -0.456044 0.533892 0.712028
vt 0 0
vt 1 0
vt 1 1
vt 0 1
usemtl nature_blossoms_prunusserrulata_01_m_0004.jpg
f 3367/3367/3367 3366/3366/3366 3364/3364/3364
f 3366/3366/3366 3365/3365/3365 3364/3364/3364

v -0.647259 4.555234 0.513058
v -0.846941 5.238998 -0.674612
v 0.782555 7.01534 0.074097
v 0.13452 6.653356 1.589546
vn -0.854558 0.512103 0.086491
vn -0.749968 0.510859 0.420203
vn -0.854558 0.512103 0.086491
vn -0.854633 0.450714 -0.257799
vt 0 0
vt 1 0
vt 1 1
vt 0 1
usemtl nature_blossoms_prunusserrulata_01_m_0002.jpg
f 3371/3371/3371 3370/3370/3370 3368/3368/3368
f 3370/3370/3370 3369/3369/3369 3368/3368/3368

v -0.308093 4.693843 0.272895
v -1.38589 5.073417 -0.353742
v -0.301041 7.276503 -0.885167
v 0.90567 6.717148 -0.589158
vn -0.199843 0.40135 0.893857
vn -0.360009 0.382534 0.850918
vn -0.199843 0.40135 0.893857
vn -0.034111 0.408989 0.911902
vt 0 0
vt 1 0
vt 1 1
vt 0 1
usemtl nature_blossoms_prunusserrulata_01_m_0004.jpg
f 3375/3375/3375 3374/3374/3374 3372/3372/3372
f 3374/3374/3374 3373/3373/3373 3372/3372/3372

v -0.249674 4.572192 0.026393
v -1.463471 5.178245 -0.066551
v -0.560818 6.697817 -1.946125
v 0.664728 6.121127 -1.815163
vn 0.264898 0.676464 0.687186
vn 0.284417 0.674161 0.681626
vn 0.264898 0.676464 0.687186
vn 0.245269 0.678485 0.69246
vt 0 0
vt 1 0
vt 1 1
vt 0 1
usemtl nature_blossoms_prunusserrulata_01_m_0003.jpg
f 3379/3379/3379 3378/3378/3378 3376/3376/3376
f 3378/3378/3378 3377/3377/3377 3376/3376/3376

v -0.685698 4.890395 -0.442392
v -1.968324 4.322913 0.12895
v -3.286322 5.992439 -1.171629
v -2.004619 6.822931 -1.483808
vn -0.004283 0.544783 0.838566
vn 0.057157 0.641233 0.765215
vn -0.004283 0.544783 0.838566
vn -0.065644 0.438278 0.896439
vt 0 0
vt 1 0
vt 1 1
vt 0 1
usemtl nature_blossoms_prunusserrulata_01_m_0006.jpg
f 3383/3383/3383 3382/3382/3382 3380/3380/3380
f 3382/3382/3382 3381/3381/3381 3380/3380/3380

v -1.207165 4.46241 -0.792438
v -1.436812 4.719872 0.563238
v -3.25159 6.418618 -0.066794
v -2.366389 6.586483 -1.392197
vn 0.71415 0.649833 0.260205
vn 0.687193 0.726157 -0.021499
vn 0.71415 0.649833 0.260205
vn 0.679755 0.517683 0.519555
vt 0 0
vt 1 0
vt 1 1
vt 0 1
usemtl nature_blossoms_prunusserrulata_01_m_0005.jpg
f 3387/3387/3387 3386/3386/3386 3384/3384/3384
f 3386/3386/3386 3385/3385/3385 3384/3384/3384

v -1.496679 4.100044 -0.506303
v -0.977668 5.22613 0.435037
v -3.278692 5.925171 0.86748
v -3.752524 4.479691 0.283309
vn -0.09565 0.537326 -0.837933
vn 0.044972 0.628433 -0.776563
vn -0.09565 0.537326 -0.837933
vn -0.233226 0.429111 -0.872622
vt 0 0
vt 1 0
vt 1 1
vt 0 1
usemtl nature_blossoms_prunusserrulata_01_m_0005.jpg
f 3391/3391/3391 3390/3390/3390 3388/3388/3388
f 3390/3390/3390 3389/3389/3389 3388/3388/3388

v -1.095294 4.183231 -0.486889
v -1.361696 5.143594 0.481517
v -3.830284 4.419514 0.520489
v -3.522495 4.089275 -1.061421
vn -0.103744 0.868175 -0.485293
vn -0.206589 0.665726 -0.717028
vn -0.103744 0.868175 -0.485293
vn 0.010021 0.979236 -0.202475
vt 0 0
vt 1 0
vt 1 1
vt 0 1
usemtl nature_blossoms_prunusserrulata_01_m_0004.jpg
f 3395/3395/3395 3394/3394/3394 3392/3392/3392
f 3394/3394/3394 3393/3393/3393 3392/3392/3392

v 1.378241 4.410911 0.11496
v 0.158753 4.867226 -0.71819
v 1.560522 4.320391 -3.069469
v 2.40877 3.050071 -2.138761
vn 0.615137 0.788316 0.012803
vn 0.354224 0.935139 -0.006306
vn 0.615137 0.788316 0.012803
vn 0.820689 0.570546 0.030759
vt 0 0
vt 1 0
vt 1 1
vt 0 1
usemtl nature_blossoms_prunusserrulata_01_m_0004.jpg
f 3399/3399/3399 3398/3398/3398 3396/3396/3396
f 3398/3398/3398 3397/3397/3397 3396/3396/3396

v 1.096536 5.013174 0.164798
v 0.400869 4.325786 -0.773914
v 2.294376 4.267371 -2.134393
v 2.918807 5.194162 -1.318195
vn -0.37524 0.8064 -0.457071
vn -0.278442 0.861538 -0.424526
vn -0.37524 0.8064 -0.457071
vn -0.466983 0.740401 -0.483459
vt 0 0
vt 1 0
vt 1 1
vt 0 1
usemtl nature_blossoms_prunusserrulata_01_m_0004.jpg
f 3403/3403/3403 3402/3402/3402 3400/3400/3400
f 3402/3402/3402 3401/3401/3401 3400/3400/3400

v 1.322591 4.108339 -0.189225
v 0.237363 5.219225 -0.451137
v 1.232625 5.612718 -2.906011
v 2.605562 4.842675 -2.390552
vn 0.468852 0.779208 0.415949
vn 0.622149 0.693455 0.363388
vn 0.468852 0.779208 0.415949
vn 0.299793 0.838767 0.454527
vt 0 0
vt 1 0
vt 1 1
vt 0 1
usemtl nature_blossoms_prunusserrulata_01_m_0004.jpg
f 3407/3407/3407 3406/3406/3406 3404/3404/3404
f 3406/3406/3406 3405/3405/3405 3404/3404/3404

v 0.920522 5.04922 0.320565
v 0.630139 4.291558 -0.957958
v 2.749239 5.488409 -2.14852
v 2.830341 6.461049 -0.949862
vn -0.652445 0.664089 -0.365105
vn -0.592849 0.744651 -0.306636
vn -0.652445 0.664089 -0.365105
vn -0.703259 0.574587 -0.41866
vt 0 0
vt 1 0
vt 1 1
vt 0 1
usemtl nature_blossoms_prunusserrulata_01_m_0002.jpg
f 3411/3411/3411 3410/3410/3410 3408/3408/3408
f 3410/3410/3410 3409/3409/3409 3408/3408/3408

v 0.928459 5.112755 0.37417
v 0.642714 4.416994 -0.75042
v 2.92701 3.516107 -0.773474
v 3.313844 4.77779 -0.024693
vn 0.120292 0.674284 -0.728609
vn 0.300119 0.775208 -0.555861
vn 0.120292 0.674284 -0.728609
vn -0.068239 0.524566 -0.848631
vt 0 0
vt 1 0
vt 1 1
vt 0 1
usemtl nature_blossoms_prunusserrulata_01_m_0003.jpg
f 3415/3415/3415 3414/3414/3414 3412/3412/3412
f 3414/3414/3414 3413/3413/3413 3412/3412/3412

v 1.08037 4.353523 0.268588
v 0.457331 5.237476 -0.643997
v 2.679548 5.715566 -1.698056
v 3.204552 4.567945 -0.973937
vn 0.248917 0.689637 0.68003
vn 0.139738 0.757209 0.63805
vn 0.248917 0.689637 0.68003
vn 0.353553 0.609481 0.709601
vt 0 0
vt 1 0
vt 1 1
vt 0 1
usemtl nature_blossoms_prunusserrulata_01_m_0004.jpg
f 3419/3419/3419 3418/3418/3418 3416/3416/3416
f 3418/3418/3418 3417/3417/3417 3416/3416/3416

v 1.301341 5.187218 0.055841
v 0.256441 4.349077 -0.403308
v 1.788666 3.482518 -2.308404
v 2.432729 5.078023 -2.319568
vn -0.621566 0.569018 -0.5384
vn -0.326404 0.733515 -0.596168
vn -0.621566 0.569018 -0.5384
vn -0.843683 0.337652 -0.417361
vt 0 0
vt 1 0
vt 1 1
vt 0 1
usemtl nature_blossoms_prunusserrulata_01_m_0005.jpg
f 3423/3423/3423 3422/3422/3422 3420/3420/3420
f 3422/3422/3422 3421/3421/3421 3420/3420/3420

v 0.670592 4.730534 0.485287
v 0.179304 5.136483 -0.795001
v 2.66016 5.757719 -1.550007
v 3.134874 5.13234 -0.332936
vn -0.061361 0.913909 0.401255
vn -0.128192 0.930135 0.344115
vn -0.061361 0.913909 0.401255
vn 0.005959 0.890376 0.455186
vt 0 0
vt 1 0
vt 1 1
vt 0 1
usemtl nature_blossoms_prunusserrulata_01_m_0002.jpg
f 3427/3427/3427 3426/3426/3426 3424/3424/3424
f 3426/3426/3426 3425/3425/3425 3424/3424/3424

v 0.966792 5.333429 0.220237
v -0.11806 4.549271 -0.504523
v 1.349914 4.322927 -2.456958
v 2.714474 4.134082 -1.09813
vn 0.015498 0.936192 -0.351146
vn -0.366063 0.85212 -0.374017
vn 0.015498 0.936192 -0.351146
vn 0.394685 0.876858 -0.274487
vt 0 0
vt 1 0
vt 1 1
vt 0 1
usemtl nature_blossoms_prunusserrulata_01_m_0002.jpg
f 3431/3431/3431 3430/3430/3430 3428/3428/3428
f 3430/3430/3430 3429/3429/3429 3428/3428/3428

v 0.899992 5.393905 0.221759
v -0.032072 4.496336 -0.528154
v 1.831894 2.975556 -1.024652
v 2.776691 3.957315 -0.391333
vn 0.136749 0.494954 -0.858091
vn 0.189134 0.506466 -0.841261
vn 0.136749 0.494954 -0.858091
vn 0.083933 0.481877 -0.87221
vt 0 0
vt 1 0
vt 1 1
vt 0 1
usemtl nature_blossoms_prunusserrulata_01_m_0004.jpg
f 3435/3435/3435 3434/3434/3434 3432/3432/3432
f 3434/3434/3434 3433/3433/3433 3432/3432/3432

v 0.594228 4.365909 0.360177
v 0.46054 5.372677 -0.620024
v 3.220064 5.452738 -0.914158
v 3.280317 4.163957 -0.213598
vn 0.138409 0.594418 0.792155
vn 0.055541 0.70029 0.711695
vn 0.138409 0.594418 0.792155
vn 0.217879 0.473954 0.853168
vt 0 0
vt 1 0
vt 1 1
vt 0 1
usemtl nature_blossoms_prunusserrulata_01_m_0002.jpg
f 3439/3439/3439 3438/3438/3438 3436/3436/3436
f 3438/3438/3438 3437/3437/3437 3436/3436/3436

v 0.744293 4.439247 0.433576
v 0.245451 5.29518 -0.672217
v 2.186823 4.841052 -1.899518
v 2.184637 3.315593 -1.085945
vn 0.652227 0.568679 0.501204
vn 0.446683 0.79373 0.412876
vn 0.652227 0.568679 0.501204
vn 0.792092 0.286362 0.539061
vt 0 0
vt 1 0
vt 1 1
vt 0 1
usemtl nature_blossoms_prunusserrulata_01_m_0004.jpg
f 3443/3443/3443 3442/3442/3442 3440/3440/3440
f 3442/3442/3442 3441/3441/3441 3440/3440/3440

v 0.684501 5.263786 0.460622
v 0.381394 4.541302 -0.699324
v 2.578921 4.918888 -1.508746
v 2.915651 5.176295 -0.067909
vn -0.159202 0.935005 -0.316892
vn -0.30803 0.841578 -0.443694
vn -0.159202 0.935005 -0.316892
vn -0.002898 0.984527 -0.17521
vt 0 0
vt 1 0
vt 1 1
vt 0 1
usemtl nature_blossoms_prunusserrulata_01_m_0003.jpg
f 3447/3447/3447 3446/3446/3446 3444/3444/3444
f 3446/3446/3446 3445/3445/3445 3444/3444/3444

v 0.621628 5.412976 0.772703
v 0.98965 4.282503 -0.186657
v 3.411222 4.376875 0.631081
v 2.429839 4.675532 2.335328
vn 0.307436 0.877914 -0.367084
vn 0.213422 0.671597 -0.709513
vn 0.307436 0.877914 -0.367084
vn 0.349596 0.936159 0.037258
vt 0 0
vt 1 0
vt 1 1
vt 0 1
usemtl nature_blossoms_prunusserrulata_01_m_0006.jpg
f 3451/3451/3451 3450/3450/3450 3448/3448/3448
f 3450/3450/3450 3449/3449/3449 3448/3448/3448

v 0.298959 4.525294 0.685907
v 1.32928 5.103405 -0.042711
v 2.623865 5.406589 2.028489
v 1.728884 4.533995 2.714833
vn -0.462646 0.853116 0.241148
vn -0.415152 0.900754 0.127634
vn -0.462646 0.853116 0.241148
vn -0.502084 0.790624 0.350463
vt 0 0
vt 1 0
vt 1 1
vt 0 1
usemtl nature_blossoms_prunusserrulata_01_m_0006.jpg
f 3455/3455/3455 3454/3454/3454 3452/3452/3452
f 3454/3454/3454 3453/3453/3453 3452/3452/3452

v 0.581619 5.312359 0.836872
v 1.002898 4.325258 -0.219488
v 3.116634 3.585721 1.314524
v 3.194002 5.404269 1.792812
vn 0.476326 0.499073 -0.723906
vn 0.561559 0.704349 -0.434217
vn 0.476326 0.499073 -0.723906
vn 0.327589 0.227261 -0.917081
vt 0 0
vt 1 0
vt 1 1
vt 0 1
usemtl nature_blossoms_prunusserrulata_01_m_0003.jpg
f 3459/3459/3459 3458/3458/3458 3456/3456/3456
f 3458/3458/3458 3457/3457/3457 3456/3456/3456

v 0.500186 5.267774 0.516802
v 1.188752 4.225294 -0.162007
v 3.362487 5.014483 0.830976
v 2.706863 6.235619 1.268831
vn 0.138186 0.504224 -0.852445
vn 0.139574 0.603417 -0.785116
vn 0.138186 0.504224 -0.852445
vn 0.134813 0.397785 -0.90752
vt 0 0
vt 1 0
vt 1 1
vt 0 1
usemtl nature_blossoms_prunusserrulata_01_m_0001.jpg
f 3463/3463/3463 3462/3462/3462 3460/3460/3460
f 3462/3462/3462 3461/3461/3461 3460/3460/3460

v 0.617228 4.377856 0.711861
v 1.075396 5.116552 -0.324504
v 2.599187 6.356114 1.232681
v 1.39709 6.201631 2.356574
vn -0.672387 0.719456 -0.174007
vn -0.71814 0.676181 0.164482
vn -0.672387 0.719456 -0.174007
vn -0.546929 0.677447 -0.491868
vt 0 0
vt 1 0
vt 1 1
vt 0 1
usemtl nature_blossoms_prunusserrulata_01_m_0006.jpg
f 3467/3467/3467 3466/3466/3466 3464/3464/3464
f 3466/3466/3466 3465/3465/3465 3464/3464/3464

v 0.872757 4.465588 0.61332
v 0.936678 5.105522 -0.572101
v 3.357239 5.525483 -0.214868
v 3.281247 4.909672 0.982925
vn -0.222166 0.867915 0.44426
vn -0.216972 0.863846 0.454636
vn -0.222166 0.867915 0.44426
vn -0.227328 0.871852 0.433816
vt 0 0
vt 1 0
vt 1 1
vt 0 1
usemtl nature_blossoms_prunusserrulata_01_m_0004.jpg
f 3471/3471/3471 3470/3470/3470 3468/3468/3468
f 3470/3470/3470 3469/3469/3469 3468/3468/3468

v 0.543192 5.270537 0.412602
v 1.244017 4.295562 -0.36054
v 3.06753 3.969377 1.703748
v 2.614524 5.387864 2.142235
vn 0.587573 0.577305 -0.56699
vn 0.57178 0.721167 -0.391134
vn 0.587573 0.577305 -0.56699
vn 0.572888 0.403497 -0.713435
vt 0 0
vt 1 0
vt 1 1
vt 0 1
usemtl nature_blossoms_prunusserrulata_01_m_0001.jpg
f 3475/3475/3475 3474/3474/3474 3472/3472/3472
f 3474/3474/3474 3473/3473/3473 3472/3472/3472

v 0.901163 5.293215 0.526497
v 0.921809 4.227275 -0.442155
v 3.528481 4.064853 -0.207863
v 3.269633 4.676137 1.256034
vn 0.226163 0.808522 -0.54327
vn 0.107771 0.669752 -0.734723
vn 0.226163 0.808522 -0.54327
vn 0.328741 0.890754 -0.313827
vt 0 0
vt 1 0
vt 1 1
vt 0 1
usemtl nature_blossoms_prunusserrulata_01_m_0005.jpg
f 3479/3479/3479 3478/3478/3478 3476/3476/3476
f 3478/3478/3478 3477/3477/3477 3476/3476/3476

v 1.192047 5.140083 0.537606
v 0.603051 4.379271 -0.474139
v 2.927211 3.549417 -1.203133
v 3.455555 4.143498 -0.030701
vn 0.155956 0.801654 -0.577086
vn 0.079317 0.773995 -0.628204
vn 0.155956 0.801654 -0.577086
vn 0.231152 0.821897 -0.520628
vt 0 0
vt 1 0
vt 1 1
vt 0 1
usemtl nature_blossoms_prunusserrulata_01_m_0003.jpg
f 3483/3483/3483 3482/3482/3482 3480/3480/3480
f 3482/3482/3482 3481/3481/3481 3480/3480/3480

v 0.661822 4.283607 0.539201
v 1.023578 5.130577 -0.657883
v 3.621388 4.662409 -0.204071
v 3.15433 3.398458 0.666165
vn 0.095423 0.680323 0.726674
vn 0.043524 0.809312 0.585764
vn 0.095423 0.680323 0.726674
vn 0.143581 0.524673 0.839108
vt 0 0
vt 1 0
vt 1 1
vt 0 1
usemtl nature_blossoms_prunusserrulata_01_m_0003.jpg
f 3487/3487/3487 3486/3486/3486 3484/3484/3484
f 3486/3486/3486 3485/3485/3485 3484/3484/3484

v 1.065994 5.064333 0.535056
v 0.571079 4.249411 -0.653485
v 2.916303 3.891982 -1.384979
v 3.366233 4.892904 -0.305236
vn -0.109817 0.797739 -0.592919
vn -0.045284 0.832603 -0.552017
vn -0.109817 0.797739 -0.592919
vn -0.173577 0.757248 -0.62964
vt 0 0
vt 1 0
vt 1 1
vt 0 1
usemtl nature_blossoms_prunusserrulata_01_m_0004.jpg
f 3491/3491/3491 3490/3490/3490 3488/3488/3488
f 3490/3490/3490 3489/3489/3489 3488/3488/3488

v 0.910307 4.274643 0.47045
v 0.77313 5.13617 -0.56075
v 3.321369 5.505468 -0.5912
v 3.441406 4.688828 0.479782
vn -0.116067 0.769284 0.628276
vn -0.101947 0.756705 0.645759
vn -0.116067 0.769284 0.628276
vn -0.13011 0.781353 0.610376
vt 0 0
vt 1 0
vt 1 1
vt 0 1
usemtl nature_blossoms_prunusserrulata_01_m_0006.jpg
f 3495/3495/3495 3494/3494/3494 3492/3492/3492
f 3494/3494/3494 3493/3493/3493 3492/3492/3492

v 0.403432 4.989683 0.347582
v 1.321951 4.369529 -0.467611
v 3.065873 5.605038 0.557445
v 2.090069 6.612091 1.013762
vn -0.068158 0.573347 -0.816472
vn -0.113915 0.724655 -0.679631
vn -0.068158 0.573347 -0.816472
vn -0.019421 0.396977 -0.917623
vt 0 0
vt 1 0
vt 1 1
vt 0 1
usemtl nature_blossoms_prunusserrulata_01_m_0001.jpg
f 3499/3499/3499 3498/3498/3498 3496/3496/3496
f 3498/3498/3498 3497/3497/3497 3496/3496/3496

v -2.926158 4.22912 -1.065991
v -2.475267 3.323423 -0.065026
v -4.588652 2.176661 -0.150656
v -5.220829 3.854558 -0.371255
vn -0.058291 0.445613 0.893326
vn -0.357869 0.606507 0.709985
vn -0.058291 0.445613 0.893326
vn 0.249987 0.218212 0.94334
vt 0 0
vt 1 0
vt 1 1
vt 0 1
usemtl nature_blossoms_prunusserrulata_01_m_0003.jpg
f 3503/3503/3503 3502/3502/3502 3500/3500/3500
f 3502/3502/3502 3501/3501/3501 3500/3500/3500

v -2.180082 3.30383 -0.965721
v -3.1917 4.265769 -0.208855
v -5.046656 2.893225 -0.943732
v -3.958358 1.514845 -1.068832
vn -0.054256 0.328278 -0.943022
vn -0.086314 0.558402 -0.825068
vn -0.054256 0.328278 -0.943022
vn -0.018514 0.075864 -0.996946
vt 0 0
vt 1 0
vt 1 1
vt 0 1
usemtl nature_blossoms_prunusserrulata_01_m_0002.jpg
f 3507/3507/3507 3506/3506/3506 3504/3504/3504
f 3506/3506/3506 3505/3505/3505 3504/3504/3504

v -2.902519 4.057652 -1.076933
v -2.394615 3.152285 -0.096295
v -4.659561 2.380328 0.36409
v -4.999121 2.86347 -1.093556
vn -0.288636 0.779715 0.555639
vn -0.097762 0.705476 0.701959
vn -0.288636 0.779715 0.555639
vn -0.461225 0.804555 0.374116
vt 0 0
vt 1 0
vt 1 1
vt 0 1
usemtl nature_blossoms_prunusserrulata_01_m_0003.jpg
f 3511/3511/3511 3510/3510/3510 3508/3508/3508
f 3510/3510/3510 3509/3509/3509 3508/3508/3508

v -2.555157 4.009877 -1.096821
v -2.761826 3.082174 -0.060093
v -5.090692 2.839318 -0.741662
v -4.637284 3.231421 -2.208478
vn -0.342999 0.858579 0.381044
vn -0.257753 0.744992 0.615264
vn -0.342999 0.858579 0.381044
vn -0.402511 0.907748 0.118235
vt 0 0
vt 1 0
vt 1 1
vt 0 1
usemtl nature_blossoms_prunusserrulata_01_m_0003.jpg
f 3515/3515/3515 3514/3514/3514 3512/3512/3512
f 3514/3514/3514 3513/3513/3513 3512/3512/3512

v -1.974418 3.709432 -1.037177
v -3.03246 3.167882 -0.297495
v -4.423839 3.009395 -2.403759
v -3.591633 4.249562 -2.95499
vn -0.451324 0.797472 0.400431
vn -0.355242 0.920017 0.165442
vn -0.451324 0.797472 0.400431
vn -0.51154 0.611553 0.603597
vt 0 0
vt 1 0
vt 1 1
vt 0 1
usemtl nature_blossoms_prunusserrulata_01_m_0006.jpg
f 3519/3519/3519 3518/3518/3518 3516/3516/3516
f 3518/3518/3518 3517/3517/3517 3516/3516/3516

v -2.246195 3.747707 -1.257197
v -2.700074 3.025155 -0.064829
v -5.16995 2.859576 -1.105334
v -4.728105 3.605555 -2.288086
vn -0.239291 0.863627 0.443721
vn -0.241102 0.867957 0.434189
vn -0.239291 0.863627 0.443721
vn -0.237454 0.859199 0.453203
vt 0 0
vt 1 0
vt 1 1
vt 0 1
usemtl nature_blossoms_prunusserrulata_01_m_0001.jpg
f 3523/3523/3523 3522/3522/3522 3520/3520/3520
f 3522/3522/3522 3521/3521/3521 3520/3520/3520

v -2.592078 3.957261 -1.276367
v -2.292292 3.060908 -0.181461
v -4.083243 1.362575 -1.081451
v -4.744219 2.707858 -1.709943
vn -0.537514 0.365978 0.759696
vn -0.701648 0.445038 0.556445
vn -0.537514 0.365978 0.759696
vn -0.333334 0.259653 0.906349
vt 0 0
vt 1 0
vt 1 1
vt 0 1
usemtl nature_blossoms_prunusserrulata_01_m_0001.jpg
f 3527/3527/3527 3526/3526/3526 3524/3524/3524
f 3526/3526/3526 3525/3525/3525 3524/3524/3524

v -2.371942 3.247897 -1.465648
v -2.516335 3.741552 0.010473
v -3.996816 1.683954 0.553771
v -4.059558 1.366376 -1.001498
vn -0.788635 0.58823 -0.178999
vn -0.815682 0.51992 -0.253665
vn -0.788635 0.58823 -0.178999
vn -0.752934 0.650085 -0.102369
vt 0 0
vt 1 0
vt 1 1
vt 0 1
usemtl nature_blossoms_prunusserrulata_01_m_0002.jpg
f 3531/3531/3531 3530/3530/3530 3528/3528/3528
f 3530/3530/3530 3529/3529/3529 3528/3528/3528

v -2.207439 3.264833 -1.298938
v -2.686932 3.744008 -0.153851
v -4.899551 2.168234 -0.420961
v -4.483788 1.846715 -1.658708
vn -0.457559 0.776652 -0.432956
vn -0.461551 0.73283 -0.499931
vn -0.457559 0.776652 -0.432956
vn -0.450629 0.815487 -0.3632
vt 0 0
vt 1 0
vt 1 1
vt 0 1
usemtl nature_blossoms_prunusserrulata_01_m_0005.jpg
f 3535/3535/3535 3534/3534/3534 3532/3532/3532
f 3534/3534/3534 3533/3533/3533 3532/3532/3532

v -2.44364 2.900248 -1.213164
v -2.435156 4.076218 -0.282135
v -4.639108 3.698336 0.215247
v -4.545871 2.315208 -0.45505
vn -0.342059 0.491952 -0.800611
vn -0.272623 0.59842 -0.753373
vn -0.342059 0.491952 -0.800611
vn -0.405206 0.376439 -0.833128
vt 0 0
vt 1 0
vt 1 1
vt 0 1
usemtl nature_blossoms_prunusserrulata_01_m_0004.jpg
f 3539/3539/3539 3538/3538/3538 3536/3536/3536
f 3538/3538/3538 3537/3537/3537 3536/3536/3536

v -2.020376 4.704337 -0.644728
v -2.289334 3.73537 0.434504
v -4.741608 4.367631 0.39103
v -4.480309 5.442491 -0.595037
vn 0.188603 0.67371 0.714524
vn 0.171357 0.71148 0.681493
vn 0.188603 0.67371 0.714524
vn 0.205318 0.634043 0.745543
vt 0 0
vt 1 0
vt 1 1
vt 0 1
usemtl nature_blossoms_prunusserrulata_01_m_0006.jpg
f 3543/3543/3543 3542/3542/3542 3540/3540/3540
f 3542/3542/3542 3541/3541/3541 3540/3540/3540

v -2.273642 3.776487 -0.719872
v -2.054758 4.623266 0.459542
v -4.356774 4.246622 1.157182
v -4.758847 3.814485 -0.285933
vn -0.164804 0.898061 -0.40783
vn -0.289506 0.802176 -0.522207
vn -0.164804 0.898061 -0.40783
vn -0.033868 0.959976 -0.278026
vt 0 0
vt 1 0
vt 1 1
vt 0 1
usemtl nature_blossoms_prunusserrulata_01_m_0002.jpg
f 3547/3547/3547 3546/3546/3546 3544/3544/3544
f 3546/3546/3546 3545/3545/3545 3544/3544/3544

v -2.047782 4.624242 -0.674404
v -2.274089 3.781234 0.415592
v -4.579939 4.20105 0.261535
v -4.355083 5.380812 -0.568314
vn 0.158615 0.664994 0.729811
vn 0.099919 0.77692 0.62162
vn 0.158615 0.664994 0.729811
vn 0.21292 0.534663 0.817802
vt 0 0
vt 1 0
vt 1 1
vt 0 1
usemtl nature_blossoms_prunusserrulata_01_m_0001.jpg
f 3551/3551/3551 3550/3550/3550 3548/3548/3548
f 3550/3550/3550 3549/3549/3549 3548/3548/3548

v -2.40455 4.652604 -0.598009
v -1.941636 3.747582 0.360671
v -4.290485 3.145768 0.92672
v -4.778472 3.66694 -0.382218
vn -0.166359 0.796465 0.58135
vn -0.018585 0.722543 0.691076
vn -0.166359 0.796465 0.58135
vn -0.307587 0.839054 0.448753
vt 0 0
vt 1 0
vt 1 1
vt 0 1
usemtl nature_blossoms_prunusserrulata_01_m_0005.jpg
f 3555/3555/3555 3554/3554/3554 3552/3552/3552
f 3554/3554/3554 3553/3553/3553 3552/3552/3552

v -1.460804 3.693514 -0.309325
v -2.608602 4.558282 -0.000787
v -3.150043 4.68599 -2.372955
v -2.122882 3.658434 -2.674014
vn 0.625889 0.766566 -0.143668
vn 0.5838 0.806915 -0.08981
vn 0.625889 0.766566 -0.143668
vn 0.664034 0.721386 -0.196621
vt 0 0
vt 1 0
vt 1 1
vt 0 1
usemtl nature_blossoms_prunusserrulata_01_m_0006.jpg
f 3559/3559/3559 3558/3558/3558 3556/3556/3556
f 3558/3558/3558 3557/3557/3557 3556/3556/3556

v -1.540051 3.728536 -0.437523
v -2.542149 4.515105 0.119695
v -4.224761 3.606851 -1.624217
v -2.750094 3.828102 -2.754208
vn 0.086259 0.952277 -0.292794
vn 0.240554 0.746206 -0.620733
vn 0.086259 0.952277 -0.292794
vn -0.08303 0.992826 0.086037
vt 0 0
vt 1 0
vt 1 1
vt 0 1
usemtl nature_blossoms_prunusserrulata_01_m_0004.jpg
f 3563/3563/3563 3562/3562/3562 3560/3560/3560
f 3562/3562/3562 3561/3561/3561 3560/3560/3560

v -1.721667 3.798872 -0.826641
v -2.320596 4.44368 0.43821
v -4.649499 4.47362 -0.679829
v -4.1807 3.431702 -1.803856
vn 0.168282 0.841797 -0.512893
vn 0.190605 0.908159 -0.372715
vn 0.168282 0.841797 -0.512893
vn 0.141827 0.754766 -0.640479
vt 0 0
vt 1 0
vt 1 1
vt 0 1
usemtl nature_blossoms_prunusserrulata_01_m_0006.jpg
f 3567/3567/3567 3566/3566/3566 3564/3564/3564
f 3566/3566/3566 3565/3565/3565 3564/3564/3564

v -1.761037 3.757312 -0.65488
v -2.132442 4.534415 0.459626
v -4.54757 4.268343 -0.159686
v -3.940141 4.111711 -1.62817
vn 0.118265 0.943835 -0.308526
vn 0.052305 0.827257 -0.559384
vn 0.118265 0.943835 -0.308526
vn 0.17466 0.984085 -0.032718
vt 0 0
vt 1 0
vt 1 1
vt 0 1
usemtl nature_blossoms_prunusserrulata_01_m_0001.jpg
f 3571/3571/3571 3570/3570/3570 3568/3568/3568
f 3570/3570/3570 3569/3569/3569 3568/3568/3568

v -2.178054 3.729069 -0.708329
v -1.767653 4.579039 0.480154
v -3.65589 6.072352 0.064214
v -4.36136 4.592865 -0.572164
vn 0.346446 0.483512 -0.80386
vn 0.574016 0.559215 -0.598151
vn 0.346446 0.483512 -0.80386
vn 0.084289 0.359538 -0.929316
vt 0 0
vt 1 0
vt 1 1
vt 0 1
usemtl nature_blossoms_prunusserrulata_01_m_0006.jpg
f 3575/3575/3575 3574/3574/3574 3572/3572/3572
f 3574/3574/3574 3573/3573/3573 3572/3572/3572

v -2.044484 3.905033 -0.604504
v -1.992054 4.529323 0.608232
v -4.381651 5.609982 0.15524
v -4.553999 4.516058 -0.810554
vn 0.33406 0.725865 -0.601269
vn 0.438597 0.791171 -0.42624
vn 0.33406 0.725865 -0.601269
vn 0.214213 0.627294 -0.748743
vt 0 0
vt 1 0
vt 1 1
vt 0 1
usemtl nature_blossoms_prunusserrulata_01_m_0006.jpg
f 3579/3579/3579 3578/3578/3578 3576/3576/3576
f 3578/3578/3578 3577/3577/3577 3576/3576/3576

v -2.238354 4.405493 -0.690739
v -1.79827 4.033498 0.763419
v -4.269929 4.829183 1.714987
v -4.581731 5.409892 0.275397
vn 0.40877 0.893083 0.187908
vn 0.34932 0.927715 0.131605
vn 0.40877 0.893083 0.187908
vn 0.464989 0.851392 0.242726
vt 0 0
vt 1 0
vt 1 1
vt 0 1
usemtl nature_blossoms_prunusserrulata_01_m_0001.jpg
f 3583/3583/3583 3582/3582/3582 3580/3580/3580
f 3582/3582/3582 3581/3581/3581 3580/3580/3580

v -2.448995 3.630101 -0.150843
v -1.63187 4.778964 0.196919
v -3.038678 5.216395 2.057355
v -3.94096 4.155591 1.61877
vn -0.526642 0.61751 -0.584234
vn -0.576117 0.583134 -0.572751
vn -0.526642 0.61751 -0.584234
vn -0.475186 0.649564 -0.593519
vt 0 0
vt 1 0
vt 1 1
vt 0 1
usemtl nature_blossoms_prunusserrulata_01_m_0004.jpg
f 3587/3587/3587 3586/3586/3586 3584/3584/3584
f 3586/3586/3586 3585/3585/3585 3584/3584/3584

v -1.880681 3.757662 -0.39932
v -2.614426 4.569064 0.55248
v -4.723311 4.246559 -0.798331
v -4.017108 3.370775 -1.716478
vn 0.216102 0.801914 -0.556986
vn 0.215508 0.818887 -0.53196
vn 0.216102 0.801914 -0.556986
vn 0.216498 0.784208 -0.581504
vt 0 0
vt 1 0
vt 1 1
vt 0 1
usemtl nature_blossoms_prunusserrulata_01_m_0003.jpg
f 3591/3591/3591 3590/3590/3590 3588/3588/3588
f 3590/3590/3590 3589/3589/3589 3588/3588/3588

v -2.015024 3.660106 -0.412123
v -2.523573 4.625949 0.60264
v -4.927662 3.631778 0.344073
v -4.476126 3.323628 -1.325248
vn -0.134641 0.863382 -0.486254
vn -0.194825 0.659863 -0.725688
vn -0.134641 0.863382 -0.486254
vn -0.060674 0.978516 -0.197042
vt 0 0
vt 1 0
vt 1 1
vt 0 1
usemtl nature_blossoms_prunusserrulata_01_m_0001.jpg
f 3595/3595/3595 3594/3594/3594 3592/3592/3592
f 3594/3594/3594 3593/3593/3593 3592/3592/3592

v -2.105645 3.748924 -0.437521
v -2.381871 4.602353 0.601142
v -4.620058 3.460545 0.944089
v -4.067534 2.306931 0.225556
vn -0.46563 0.471321 -0.74903
vn -0.424863 0.640754 -0.639473
vn -0.46563 0.471321 -0.74903
vn -0.486667 0.281916 -0.826849
vt 0 0
vt 1 0
vt 1 1
vt 0 1
usemtl nature_blossoms_prunusserrulata_01_m_0002.jpg
f 3599/3599/3599 3598/3598/3598 3596/3596/3596
f 3598/3598/3598 3597/3597/3597 3596/3596/3596

v -2.378466 3.85538 -0.570005
v -2.143768 4.491995 0.707079
v -3.27702 2.718007 1.799661
v -3.028368 1.801652 0.573197
vn -0.925707 0.323711 -0.195647
vn -0.863336 0.496727 -0.088953
vn -0.925707 0.323711 -0.195647
vn -0.946228 0.136061 -0.293495
vt 0 0
vt 1 0
vt 1 1
vt 0 1
usemtl nature_blossoms_prunusserrulata_01_m_0001.jpg
f 3603/3603/3603 3602/3602/3602 3600/3600/3600
f 3602/3602/3602 3601/3601/3601 3600/3600/3600

v -2.530111 3.759292 -0.33412
v -1.816488 4.558432 0.741658
v -3.969628 5.283372 1.631435
v -4.704216 4.606548 0.478702
vn 0.065988 0.811367 -0.580801
vn 0.018577 0.79667 -0.604128
vn 0.065988 0.811367 -0.580801
vn 0.113202 0.823622 -0.555726
vt 0 0
vt 1 0
vt 1 1
vt 0 1
usemtl nature_blossoms_prunusserrulata_01_m_0001.jpg
f 3607/3607/3607 3606/3606/3606 3604/3604/3604
f 3606/3606/3606 3605/3605/3605 3604/3604/3604

v -2.18576 4.397244 -0.49476
v -2.056971 3.953035 0.881436
v -4.500956 3.507274 0.96627
v -4.722274 4.649022 -0.176116
vn -0.00152 0.855098 0.518465
vn -0.159542 0.935002 0.31673
vn -0.00152 0.855098 0.518465
vn 0.156612 0.713582 0.682843
vt 0 0
vt 1 0
vt 1 1
vt 0 1
usemtl nature_blossoms_prunusserrulata_01_m_0004.jpg
f 3611/3611/3611 3610/3610/3610 3608/3608/3608
f 3610/3610/3610 3609/3609/3609 3608/3608/3608

v -1.719703 3.748505 -0.213315
v -2.554877 4.580708 0.665432
v -4.667052 3.929612 -0.725401
v -3.820004 2.949366 -1.452661
vn 0.159863 0.733413 -0.660719
vn 0.152422 0.78584 -0.599352
vn 0.159863 0.733413 -0.660719
vn 0.166253 0.676168 -0.717744
vt 0 0
vt 1 0
vt 1 1
vt 0 1
usemtl nature_blossoms_prunusserrulata_01_m_0006.jpg
f 3615/3615/3615 3614/3614/3614 3612/3612/3612
f 3614/3614/3614 3613/3613/3613 3612/3612/3612

v -1.751693 3.694153 -0.094982
v -2.566239 4.671968 0.435374
v -4.322932 4.071277 -1.155147
v -3.138688 3.627169 -2.101696
vn 0.304203 0.846657 -0.436615
vn 0.366898 0.660786 -0.654789
vn 0.304203 0.846657 -0.436615
vn 0.215323 0.959649 -0.180859
vt 0 0
vt 1 0
vt 1 1
vt 0 1
usemtl nature_blossoms_prunusserrulata_01_m_0001.jpg
f 3619/3619/3619 3618/3618/3618 3616/3616/3616
f 3618/3618/3618 3617/3617/3617 3616/3616/3616

v -0.1801 5.321925 1.71066
v -1.425318 6.164924 1.745058
v -0.866013 7.082907 -0.505113
v 0.435481 6.321686 -0.506463
vn 0.480729 0.752875 0.449532
vn 0.514133 0.741876 0.43045
vn 0.480729 0.752875 0.449532
vn 0.446557 0.762668 0.467894
vt 0 0
vt 1 0
vt 1 1
vt 0 1
usemtl nature_blossoms_prunusserrulata_01_m_0002.jpg
f 3623/3623/3623 3622/3622/3622 3620/3620/3620
f 3622/3622/3622 3621/3621/3621 3620/3620/3620

v -0.366119 5.365082 1.322079
v -1.254445 6.16089 2.096969
v -2.005019 7.320597 0.045506
v -0.673542 6.908407 -0.615336
vn 0.612346 0.722596 0.32076
vn 0.719584 0.683413 0.123062
vn 0.612346 0.722596 0.32076
vn 0.473192 0.724118 0.50174
vt 0 0
vt 1 0
vt 1 1
vt 0 1
usemtl nature_blossoms_prunusserrulata_01_m_0006.jpg
f 3627/3627/3627 3626/3626/3626 3624/3624/3624
f 3626/3626/3626 3625/3625/3625 3624/3624/3624

v -0.640783 5.374547 2.481606
v -1.110588 6.149199 1.325634
v 1.192843 6.652285 0.726616
v 1.642536 5.94991 1.939198
vn -0.061019 0.836186 0.545041
vn -0.032894 0.824037 0.565581
vn -0.061019 0.836186 0.545041
vn -0.089061 0.847198 0.52376
vt 0 0
vt 1 0
vt 1 1
vt 0 1
usemtl nature_blossoms_prunusserrulata_01_m_0003.jpg
f 3631/3631/3631 3630/3630/3630 3628/3628/3628
f 3630/3630/3630 3629/3629/3629 3628/3628/3628

v -0.501257 5.461884 2.392159
v -1.260624 6.072395 1.391615
v 0.82626 6.507288 0.073127
v 1.584325 5.891329 1.071335
vn 0.107817 0.88176 0.459211
vn 0.105647 0.882496 0.4583
vn 0.107817 0.88176 0.459211
vn 0.109987 0.881019 0.460119
vt 0 0
vt 1 0
vt 1 1
vt 0 1
usemtl nature_blossoms_prunusserrulata_01_m_0003.jpg
f 3635/3635/3635 3634/3634/3634 3632/3632/3632
f 3634/3634/3634 3633/3633/3633 3632/3632/3632

v -0.315399 5.914969 2.237528
v -1.452025 5.610075 1.514615
v -0.241407 6.045808 -0.572595
v 0.906638 6.320663 0.145032
vn -0.268104 0.96265 0.037762
vn -0.280941 0.959002 0.037254
vn -0.268104 0.96265 0.037762
vn -0.255219 0.966126 0.038263
vt 0 0
vt 1 0
vt 1 1
vt 0 1
usemtl nature_blossoms_prunusserrulata_01_m_0001.jpg
f 3639/3639/3639 3638/3638/3638 3636/3636/3636
f 3638/3638/3638 3637/3637/3637 3636/3636/3636

v 0.237747 5.640694 0.241594
v -0.893352 4.782353 0.032567
v -0.945465 5.475981 -2.533721
v 0.314728 6.18182 -2.397031
vn -0.557243 0.808415 0.189593
vn -0.615226 0.757807 0.217317
vn -0.557243 0.808415 0.189593
vn -0.495532 0.853613 0.160601
vt 0 0
vt 1 0
vt 1 1
vt 0 1
usemtl nature_blossoms_prunusserrulata_01_m_0004.jpg
f 3643/3643/3643 3642/3642/3642 3640/3640/3640
f 3642/3642/3642 3641/3641/3641 3640/3640/3640

v 0.106723 4.929851 -0.39933
v -0.758017 5.488506 0.675161
v -1.620528 7.017748 -0.81407
v -1.158897 6.053446 -2.002073
vn 0.767353 0.640568 0.029005
vn 0.722467 0.64641 0.24535
vn 0.767353 0.640568 0.029005
vn 0.774752 0.603433 -0.188756
vt 0 0
vt 1 0
vt 1 1
vt 0 1
usemtl nature_blossoms_prunusserrulata_01_m_0005.jpg
f 3647/3647/3647 3646/3646/3646 3644/3644/3644
f 3646/3646/3646 3645/3645/3645 3644/3644/3644

v 0.312992 5.013026 -0.038076
v -0.963296 5.393672 0.278857
v -1.321717 6.129728 -2.048535
v 0.244529 6.503039 -2.103333
vn 0.085061 0.898783 0.430062
vn 0.331352 0.913065 0.237735
vn 0.085061 0.898783 0.430062
vn -0.169553 0.796553 0.580306
vt 0 0
vt 1 0
vt 1 1
vt 0 1
usemtl nature_blossoms_prunusserrulata_01_m_0005.jpg
f 3651/3651/3651 3650/3650/3650 3648/3648/3648
f 3650/3650/3650 3649/3649/3649 3648/3648/3648

v 0.087122 5.681478 -0.126662
v -0.779094 4.74041 0.397306
v -2.380497 5.195983 -1.431879
v -1.662891 6.343245 -1.831195
vn -0.45684 0.627861 0.630149
vn -0.433684 0.708888 0.556233
vn -0.45684 0.627861 0.630149
vn -0.474255 0.538944 0.696148
vt 0 0
vt 1 0
vt 1 1
vt 0 1
usemtl nature_blossoms_prunusserrulata_01_m_0005.jpg
f 3655/3655/3655 3654/3654/3654 3652/3652/3652
f 3654/3654/3654 3653/3653/3653 3652/3652/3652

v 0.074449 4.831381 0.256937
v -0.984305 5.547675 -0.169591
v 0.264358 6.221622 -2.137301
v 1.202569 5.208407 -1.910187
vn 0.482713 0.74019 0.468088
vn 0.343208 0.800179 0.491856
vn 0.482713 0.74019 0.468088
vn 0.610814 0.662715 0.433262
vt 0 0
vt 1 0
vt 1 1
vt 0 1
usemtl nature_blossoms_prunusserrulata_01_m_0002.jpg
f 3659/3659/3659 3658/3658/3658 3656/3656/3656
f 3658/3658/3658 3657/3657/3657 3656/3656/3656

v 0.082508 5.567255 0.370623
v -0.975325 4.803029 -0.301687
v -0.183937 5.895334 -2.788522
v 0.902299 6.632457 -2.130094
vn -0.622456 0.77134 0.132602
vn -0.634429 0.761524 0.132593
vn -0.622456 0.77134 0.132602
vn -0.610334 0.780971 0.13258
vt 0 0
vt 1 0
vt 1 1
vt 0 1
usemtl nature_blossoms_prunusserrulata_01_m_0004.jpg
f 3663/3663/3663 3662/3662/3662 3660/3660/3660
f 3662/3662/3662 3661/3661/3661 3660/3660/3660

v 0.00156 4.801199 -0.244967
v -0.910856 5.612298 0.302153
v -1.548195 6.344514 -1.846219
v -0.296959 5.905377 -2.379728
vn 0.572764 0.792501 0.209484
vn 0.679527 0.732084 0.047922
vn 0.572764 0.792501 0.209484
vn 0.44243 0.820307 0.362425
vt 0 0
vt 1 0
vt 1 1
vt 0 1
usemtl nature_blossoms_prunusserrulata_01_m_0002.jpg
f 3667/3667/3667 3666/3666/3666 3664/3664/3664
f 3666/3666/3666 3665/3665/3665 3664/3664/3664

v 0.174546 5.638108 0.137336
v -1.094318 4.7305 -0.036377
v -0.868768 4.868498 -2.404879
v 0.369379 5.820176 -2.237045
vn -0.59579 0.803139 0.001373
vn -0.581045 0.813833 -0.007915
vn -0.59579 0.803139 0.001373
vn -0.610285 0.79211 0.010661
vt 0 0
vt 1 0
vt 1 1
vt 0 1
usemtl nature_blossoms_prunusserrulata_01_m_0002.jpg
f 3671/3671/3671 3670/3670/3670 3668/3668/3668
f 3670/3670/3670 3669/3669/3669 3668/3668/3668

v -0.585795 5.863652 0.01646
v -1.304315 5.359805 1.216612
v -3.454542 6.552764 0.430117
v -2.477426 7.420279 -0.462541
vn 0.263595 0.697092 0.666768
vn 0.269762 0.819535 0.50556
vn 0.263595 0.697092 0.666768
vn 0.246616 0.546057 0.800626
vt 0 0
vt 1 0
vt 1 1
vt 0 1
usemtl nature_blossoms_prunusserrulata_01_m_0002.jpg
f 3675/3675/3675 3674/3674/3674 3672/3672/3672
f 3674/3674/3674 3673/3673/3673 3672/3672/3672

v -0.96591 5.991699 0.031688
v -0.975388 5.248782 1.222708
v -2.93416 6.546915 2.016851
v -2.81609 7.461735 0.933923
vn 0.645572 0.600219 0.472201
vn 0.613474 0.667847 0.421462
vn 0.645572 0.600219 0.472201
vn 0.67239 0.527683 0.519078
vt 0 0
vt 1 0
vt 1 1
vt 0 1
usemtl nature_blossoms_prunusserrulata_01_m_0004.jpg
f 3679/3679/3679 3678/3678/3678 3676/3676/3676
f 3678/3678/3678 3677/3677/3677 3676/3676/3676

v -0.88332 5.303237 -0.023351
v -1.046472 5.895791 1.221125
v -3.180007 6.378096 0.711768
v -3.070869 5.532497 -0.419302
vn 0.240208 0.842742 -0.481753
vn 0.289372 0.878419 -0.38032
vn 0.240208 0.842742 -0.481753
vn 0.187687 0.795284 -0.576452
vt 0 0
vt 1 0
vt 1 1
vt 0 1
usemtl nature_blossoms_prunusserrulata_01_m_0006.jpg
f 3683/3683/3683 3682/3682/3682 3680/3680/3680
f 3682/3682/3682 3681/3681/3681 3680/3680/3680

v -1.054113 5.264818 -0.013962
v -0.883808 5.979475 1.232355
v -3.482706 5.478009 1.875032
v -3.69159 4.879458 0.56741
vn -0.245369 0.876408 -0.414371
vn -0.27516 0.849758 -0.449664
vn -0.245369 0.876408 -0.414371
vn -0.21488 0.900566 -0.377899
vt 0 0
vt 1 0
vt 1 1
vt 0 1
usemtl nature_blossoms_prunusserrulata_01_m_0006.jpg
f 3687/3687/3687 3686/3686/3686 3684/3684/3684
f 3686/3686/3686 3685/3685/3685 3684/3684/3684

v -1.05541 4.702105 0.274422
v -1.345247 5.561431 1.422396
v -3.630232 6.101709 0.441059
v -3.097257 5.536932 -0.866015
vn 0.431867 0.835072 -0.340802
vn 0.393101 0.780966 -0.48535
vn 0.431867 0.835072 -0.340802
vn 0.459696 0.868031 -0.187623
vt 0 0
vt 1 0
vt 1 1
vt 0 1
usemtl nature_blossoms_prunusserrulata_01_m_0006.jpg
f 3691/3691/3691 3690/3690/3690 3688/3688/3688
f 3690/3690/3690 3689/3689/3689 3688/3688/3688

v -0.73029 4.708216 0.514282
v -1.652025 5.561661 1.199096
v -3.312737 5.327929 -0.744873
v -2.24264 4.687296 -1.495214
vn 0.379882 0.85225 -0.359666
vn 0.40809 0.79742 -0.444504
vn 0.379882 0.85225 -0.359666
vn 0.347495 0.897706 -0.270871
vt 0 0
vt 1 0
vt 1 1
vt 0 1
usemtl nature_blossoms_prunusserrulata_01_m_0002.jpg
f 3695/3695/3695 3694/3694/3694 3692/3692/3692
f 3694/3694/3694 3693/3693/3693 3692/3692/3692

v -1.092035 4.679352 0.319342
v -1.277843 5.694075 1.369393
v -3.117389 6.718971 0.053468
v -2.851923 5.786678 -1.062144
vn 0.672753 0.614293 -0.412368
vn 0.659744 0.595351 -0.458579
vn 0.672753 0.614293 -0.412368
vn 0.68397 0.631599 -0.365059
vt 0 0
vt 1 0
vt 1 1
vt 0 1
usemtl nature_blossoms_prunusserrulata_01_m_0002.jpg
f 3699/3699/3699 3698/3698/3698 3696/3696/3696
f 3698/3698/3698 3697/3697/3697 3696/3696/3696

v -0.526424 5.357685 0.626109
v -1.830825 4.920956 1.009692
v -2.857711 6.253686 -0.964923
v -1.549099 6.597737 -1.439708
vn -0.06373 0.826738 0.558965
vn -0.094789 0.80159 0.590313
vn -0.06373 0.826738 0.558965
vn -0.032506 0.849754 0.526176
vt 0 0
vt 1 0
vt 1 1
vt 0 1
usemtl nature_blossoms_prunusserrulata_01_m_0004.jpg
f 3703/3703/3703 3702/3702/3702 3700/3700/3700
f 3702/3702/3702 3701/3701/3701 3700/3700/3700

v -0.862518 5.557527 0.275121
v -1.467355 4.748685 1.136369
v -3.498309 4.626839 -0.404361
v -3.00489 5.604331 -1.185467
vn -0.400576 0.742095 0.537433
vn -0.398858 0.791443 0.463175
vn -0.400576 0.742095 0.537433
vn -0.399109 0.686845 0.607417
vt 0 0
vt 1 0
vt 1 1
vt 0 1
usemtl nature_blossoms_prunusserrulata_01_m_0002.jpg
f 3707/3707/3707 3706/3706/3706 3704/3704/3704
f 3706/3706/3706 3705/3705/3705 3704/3704/3704

v -0.780517 5.556188 0.332109
v -1.600651 4.782705 1.085747
v -2.386797 3.660962 -0.921043
v -1.07549 3.980029 -1.606553
vn -0.608679 0.726601 -0.318687
vn -0.72769 0.679342 -0.094666
vn -0.608679 0.726601 -0.318687
vn -0.449141 0.725481 -0.521488
vt 0 0
vt 1 0
vt 1 1
vt 0 1
usemtl nature_blossoms_prunusserrulata_01_m_0005.jpg
f 3711/3711/3711 3710/3710/3710 3708/3708/3708
f 3710/3710/3710 3709/3709/3709 3708/3708/3708

v -0.782869 5.340824 1.558099
v 0.311876 5.95333 1.010796
v 0.011225 7.849837 2.531865
v -1.172022 7.291946 2.963263
vn -0.537132 0.4475 -0.715006
vn -0.587478 0.447593 -0.674189
vn -0.537132 0.4475 -0.715006
vn -0.484531 0.445527 -0.752819
vt 0 0
vt 1 0
vt 1 1
vt 0 1
usemtl nature_blossoms_prunusserrulata_01_m_0006.jpg
f 3715/3715/3715 3714/3714/3714 3712/3712/3712
f 3714/3714/3714 3713/3713/3713 3712/3712/3712

v -0.906313 5.563353 0.997518
v 0.402841 5.720064 1.579768
v -0.294294 8.224398 2.473203
v -1.60927 8.063376 1.905202
vn 0.326977 0.399688 -0.85635
vn 0.332699 0.39767 -0.855085
vn 0.326977 0.399688 -0.85635
vn 0.321243 0.40169 -0.857583
vt 0 0
vt 1 0
vt 1 1
vt 0 1
usemtl nature_blossoms_prunusserrulata_01_m_0001.jpg
f 3719/3719/3719 3718/3718/3718 3716/3716/3716
f 3718/3718/3718 3717/3717/3717 3716/3716/3716

v 0.361628 5.392543 1.609434
v -0.77636 5.963688 0.7824
v 0.308315 8.14818 0.7985
v 1.662013 7.406753 1.211124
vn -0.319773 0.26179 0.91061
vn -0.490354 0.237297 0.838596
vn -0.319773 0.26179 0.91061
vn -0.138038 0.27715 0.950859
vt 0 0
vt 1 0
vt 1 1
vt 0 1
usemtl nature_blossoms_prunusserrulata_01_m_0006.jpg
f 3723/3723/3723 3722/3722/3722 3720/3720/3720
f 3722/3722/3722 3721/3721/3721 3720/3720/3720

v 0.457869 5.631128 1.426303
v -0.903415 5.819244 0.91293
v -0.304861 8.450151 0.289823
v 1.188006 8.192164 0.428679
vn -0.164983 0.330059 0.929431
vn -0.303627 0.284447 0.909341
vn -0.164983 0.330059 0.929431
vn -0.022759 0.368506 0.929347
vt 0 0
vt 1 0
vt 1 1
vt 0 1
usemtl nature_blossoms_prunusserrulata_01_m_0005.jpg
f 3727/3727/3727 3726/3726/3726 3724/3724/3724
f 3726/3726/3726 3725/3725/3725 3724/3724/3724

v 0.212995 5.469584 1.807799
v -0.615663 5.901464 0.542503
v 0.781965 7.95708 0.328817
v 1.720406 7.455701 1.498493
vn -0.593582 0.507249 0.624787
vn -0.639256 0.495745 0.587868
vn -0.593582 0.507249 0.624787
vn -0.545782 0.516936 0.659469
vt 0 0
vt 1 0
vt 1 1
vt 0 1
usemtl nature_blossoms_prunusserrulata_01_m_0003.jpg
f 3731/3731/3731 3730/3730/3730 3728/3728/3728
f 3730/3730/3730 3729/3729/3729 3728/3728/3728

v 0.812018 5.027965 1.380982
v -0.152288 5.817465 0.779776
v 1.668382 6.659792 -1.034356
v 2.679465 6.270556 0.017445
vn 0.026492 0.823941 0.566056
vn 0.247386 0.759909 0.601114
vn 0.026492 0.823941 0.566056
vn -0.195836 0.843378 0.500361
vt 0 0
vt 1 0
vt 1 1
vt 0 1
usemtl nature_blossoms_prunusserrulata_01_m_0002.jpg
f 3735/3735/3735 3734/3734/3734 3732/3732/3732
f 3734/3734/3734 3733/3733/3733 3732/3732/3732

v 0.505825 4.974475 1.648701
v 0.155993 5.830992 0.537155
v 2.542861 5.911917 -0.151695
v 2.892651 5.055665 0.960069
vn 0.139018 0.805164 0.576528
vn 0.13911 0.805098 0.576598
vn 0.139018 0.805164 0.576528
vn 0.138925 0.80523 0.576458
vt 0 0
vt 1 0
vt 1 1
vt 0 1
usemtl nature_blossoms_prunusserrulata_01_m_0006.jpg
f 3739/3739/3739 3738/3738/3738 3736/3736/3736
f 3738/3738/3738 3737/3737/3737 3736/3736/3736

v 0.443534 4.902725 1.568849
v 0.196446 5.912833 0.663336
v 2.541076 6.872582 1.094163
v 2.112159 6.403178 2.787299
vn -0.570457 0.707825 0.416608
vn -0.368068 0.56911 0.735282
vn -0.570457 0.707825 0.416608
vn -0.680571 0.732045 0.030545
vt 0 0
vt 1 0
vt 1 1
vt 0 1
usemtl nature_blossoms_prunusserrulata_01_m_0006.jpg
f 3743/3743/3743 3742/3742/3742 3740/3740/3740
f 3742/3742/3742 3741/3741/3741 3740/3740/3740

v 0.404786 5.081041 1.756828
v 0.198645 5.755819 0.47547
v 2.558931 6.284032 0.373919
v 2.781796 5.533879 1.612893
vn -0.149759 0.849573 0.505764
vn -0.171785 0.859994 0.48052
vn -0.149759 0.849573 0.505764
vn -0.127549 0.838106 0.530385
vt 0 0
vt 1 0
vt 1 1
vt 0 1
usemtl nature_blossoms_prunusserrulata_01_m_0003.jpg
f 3747/3747/3747 3746/3746/3746 3744/3744/3744
f 3746/3746/3746 3745/3745/3745 3744/3744/3744

v 0.438473 6.045443 1.567807
v 0.073009 4.932964 0.814102
v 2.139158 5.086793 -0.414809
v 2.586862 6.067911 0.492909
vn -0.381319 0.660715 -0.646569
vn -0.442107 0.598106 -0.668439
vn -0.381319 0.660715 -0.646569
vn -0.317444 0.717978 -0.619465
vt 0 0
vt 1 0
vt 1 1
vt 0 1
usemtl nature_blossoms_prunusserrulata_01_m_0002.jpg
f 3751/3751/3751 3750/3750/3750 3748/3748/3748
f 3750/3750/3750 3749/3749/3749 3748/3748/3748

v 0.173307 5.178479 1.832391
v 0.335855 5.794417 0.536423
v 2.826875 5.127272 0.531788
v 2.791384 4.937434 2.046205
vn 0.159614 0.944087 0.288484
vn 0.232937 0.866687 0.441129
vn 0.159614 0.944087 0.288484
vn 0.080758 0.988758 0.125837
vt 0 0
vt 1 0
vt 1 1
vt 0 1
usemtl nature_blossoms_prunusserrulata_01_m_0004.jpg
f 3755/3755/3755 3754/3754/3754 3752/3752/3752
f 3754/3754/3754 3753/3753/3753 3752/3752/3752

v 0.126393 5.725206 1.830722
v 0.431435 5.25232 0.573328
v 2.371931 3.870309 1.563841
v 2.420258 4.766281 2.747845
vn 0.572876 0.743241 -0.345551
vn 0.620712 0.771515 -0.139571
vn 0.572876 0.743241 -0.345551
vn 0.498965 0.681138 -0.535804
vt 0 0
vt 1 0
vt 1 1
vt 0 1
usemtl nature_blossoms_prunusserrulata_01_m_0002.jpg
f 3759/3759/3759 3758/3758/3758 3756/3756/3756
f 3758/3758/3758 3757/3757/3757 3756/3756/3756

v 0.642516 5.789525 1.682065
v -0.090712 5.166782 0.676389
v 1.78274 3.697357 0.220383
v 2.235442 4.087944 1.574345
vn 0.51487 0.661531 -0.545239
vn 0.35384 0.657547 -0.665153
vn 0.51487 0.661531 -0.545239
vn 0.655138 0.638838 -0.403338
vt 0 0
vt 1 0
vt 1 1
vt 0 1
usemtl nature_blossoms_prunusserrulata_01_m_0001.jpg
f 3763/3763/3763 3762/3762/3762 3760/3760/3760
f 3762/3762/3762 3761/3761/3761 3760/3760/3760

v -0.751935 5.445411 2.91125
v -1.214619 4.653526 4.035174
v -3.02983 6.403048 4.520573
v -2.976719 6.667186 2.856205
vn 0.579648 0.711615 0.397005
vn 0.631174 0.487487 0.603304
vn 0.579648 0.711615 0.397005
vn 0.472796 0.86782 0.152812
vt 0 0
vt 1 0
vt 1 1
vt 0 1
usemtl nature_blossoms_prunusserrulata_01_m_0006.jpg
f 3767/3767/3767 3766/3766/3766 3764/3764/3764
f 3766/3766/3766 3765/3765/3765 3764/3764/3764

v -1.545216 4.80867 3.174168
v -0.451588 5.277475 3.81939
v -1.835922 7.211837 4.76032
v -2.890902 6.820826 3.993068
vn 0.292911 0.551126 -0.781322
vn 0.233068 0.555169 -0.798415
vn 0.292911 0.551126 -0.781322
vn 0.351615 0.544939 -0.761189
vt 0 0
vt 1 0
vt 1 1
vt 0 1
usemtl nature_blossoms_prunusserrulata_01_m_0005.jpg
f 3771/3771/3771 3770/3770/3770 3768/3768/3768
f 3770/3770/3770 3769/3769/3769 3768/3768/3768

v -1.571572 4.701927 3.345116
v -0.408433 5.390615 3.596289
v -1.601603 6.795106 5.270696
v -2.84063 6.315893 4.796593
vn -0.10796 0.672232 -0.732426
vn -0.233797 0.656446 -0.717229
vn -0.10796 0.672232 -0.732426
vn 0.019639 0.677051 -0.735674
vt 0 0
vt 1 0
vt 1 1
vt 0 1
usemtl nature_blossoms_prunusserrulata_01_m_0004.jpg
f 3775/3775/3775 3774/3774/3774 3772/3772/3772
f 3774/3774/3774 3773/3773/3773 3772/3772/3772

v -1.155355 5.442351 2.902415
v -0.793087 4.655164 4.062861
v -2.877027 5.637453 5.379759
v -3.611205 5.795208 3.908442
vn 0.375318 0.907344 0.189376
vn 0.566326 0.753362 0.334247
vn 0.375318 0.907344 0.189376
vn 0.153842 0.987666 0.029132
vt 0 0
vt 1 0
vt 1 1
vt 0 1
usemtl nature_blossoms_prunusserrulata_01_m_0003.jpg
f 3779/3779/3779 3778/3778/3778 3776/3776/3776
f 3778/3778/3778 3777/3777/3777 3776/3776/3776

v -0.975556 4.725699 3.462352
v -0.056161 5.704174 3.509658
v -0.351156 5.87146 5.78274
v -1.663394 5.27232 5.524218
vn -0.541006 0.802752 -0.250802
vn -0.717778 0.681367 -0.143296
vn -0.541006 0.802752 -0.250802
vn -0.333105 0.877947 -0.343876
vt 0 0
vt 1 0
vt 1 1
vt 0 1
usemtl nature_blossoms_prunusserrulata_01_m_0005.jpg
f 3783/3783/3783 3782/3782/3782 3780/3780/3780
f 3782/3782/3782 3781/3781/3781 3780/3780/3780

v -1.122593 5.58098 3.598063
v 0.108381 4.885071 3.340863
v 0.42675 4.535992 5.809102
v -0.903211 5.052387 6.078258
vn 0.444245 0.889252 0.108985
vn 0.500413 0.863867 0.057629
vn 0.444245 0.889252 0.108985
vn 0.385218 0.908913 0.159639
vt 0 0
vt 1 0
vt 1 1
vt 0 1
usemtl nature_blossoms_prunusserrulata_01_m_0002.jpg
f 3787/3787/3787 3786/3786/3786 3784/3784/3784
f 3786/3786/3786 3785/3785/3785 3784/3784/3784

v -0.951711 5.028184 3.91358
v -0.006245 5.41864 3.036324
v 1.614945 5.752436 4.932138
v 0.482541 5.842774 5.821916
vn -0.23326 0.96726 -0.099986
vn -0.304608 0.947868 0.093592
vn -0.23326 0.96726 -0.099986
vn -0.151896 0.945119 -0.289272
vt 0 0
vt 1 0
vt 1 1
vt 0 1
usemtl nature_blossoms_prunusserrulata_01_m_0003.jpg
f 3791/3791/3791 3790/3790/3790 3788/3788/3788
f 3790/3790/3790 3789/3789/3789 3788/3788/3788

v -0.772284 5.008692 4.050394
v -0.19646 5.420456 2.939635
v 1.926626 5.39155 4.029539
v 1.34165 5.100648 5.180357
vn -0.134925 0.963689 0.230433
vn -0.132546 0.949803 0.283384
vn -0.134925 0.963689 0.230433
vn -0.136899 0.974681 0.176791
vt 0 0
vt 1 0
vt 1 1
vt 0 1
usemtl nature_blossoms_prunusserrulata_01_m_0005.jpg
f 3795/3795/3795 3794/3794/3794 3792/3792/3792
f 3794/3794/3794 3793/3793/3793 3792/3792/3792

v -0.659803 5.680351 3.955769
v 0.020275 4.656556 2.973333
v 2.281709 5.610273 3.544913
v 1.359738 5.592863 5.444939
vn -0.034138 0.915624 -0.400584
vn -0.088719 0.658342 -0.747472
vn -0.034138 0.915624 -0.400584
vn 0.026912 0.999391 0.022216
vt 0 0
vt 1 0
vt 1 1
vt 0 1
usemtl nature_blossoms_prunusserrulata_01_m_0003.jpg
f 3799/3799/3799 3798/3798/3798 3796/3796/3796
f 3798/3798/3798 3797/3797/3797 3796/3796/3796

v -0.668316 4.759208 4.007227
v -0.017171 5.601405 2.979298
v 1.258434 6.82827 4.792521
v 1.241537 5.369755 5.717259
vn -0.746737 0.557986 0.361989
vn -0.743602 0.664575 0.073459
vn -0.746737 0.557986 0.361989
vn -0.679215 0.398599 0.616268
vt 0 0
vt 1 0
vt 1 1
vt 0 1
usemtl nature_blossoms_prunusserrulata_01_m_0005.jpg
f 3803/3803/3803 3802/3802/3802 3800/3800/3800
f 3802/3802/3802 3801/3801/3801 3800/3800/3800

v -0.993811 5.458963 3.303771
v 0.340922 4.844583 3.659148
v 0.803041 6.73237 5.187143
v -0.69328 7.131296 5.066183
vn 0.337525 0.59841 -0.726624
vn 0.430693 0.501758 -0.750162
vn 0.337525 0.59841 -0.726624
vn 0.238088 0.683946 -0.689588
vt 0 0
vt 1 0
vt 1 1
vt 0 1
usemtl nature_blossoms_prunusserrulata_01_m_0003.jpg
f 3807/3807/3807 3806/3806/3806 3804/3804/3804
f 3806/3806/3806 3805/3805/3805 3804/3804/3804

v -1.125953 4.546996 3.756574
v -0.023807 5.453769 3.797923
v -0.72741 6.21384 5.88411
v -2.226502 5.816629 5.248666
vn -0.265485 0.782449 -0.563286
vn -0.559377 0.700135 -0.443743
vn -0.265485 0.782449 -0.563286
vn 0.05693 0.780697 -0.622311
vt 0 0
vt 1 0
vt 1 1
vt 0 1
usemtl nature_blossoms_prunusserrulata_01_m_0002.jpg
f 3811/3811/3811 3810/3810/3810 3808/3808/3808
f 3810/3810/3810 3809/3809/3809 3808/3808/3808

v -0.497345 5.376399 3.12912
v -0.650069 4.647979 4.447212
v -2.406657 6.317734 5.166439
v -1.943932 7.210342 3.975001
vn 0.743009 0.464786 0.481572
vn 0.712049 0.576347 0.401011
vn 0.743009 0.464786 0.481572
vn 0.759187 0.343978 0.552552
vt 0 0
vt 1 0
vt 1 1
vt 0 1
usemtl nature_blossoms_prunusserrulata_01_m_0003.jpg
f 3815/3815/3815 3814/3814/3814 3812/3812/3812
f 3814/3814/3814 3813/3813/3813 3812/3812/3812

v -1.197629 4.715057 4.042866
v -0.121859 5.29057 3.376574
v 0.18015 6.990265 5.332307
v -0.251874 5.631763 6.361657
vn -0.809021 0.570375 -0.141976
vn -0.622677 0.635666 -0.456291
vn -0.809021 0.570375 -0.141976
vn -0.883897 0.426497 0.191901
vt 0 0
vt 1 0
vt 1 1
vt 0 1
usemtl nature_blossoms_prunusserrulata_01_m_0003.jpg
f 3819/3819/3819 3818/3818/3818 3816/3816/3816
f 3818/3818/3818 3817/3817/3817 3816/3816/3816

v -0.914944 4.751695 4.316711
v -0.416635 5.19763 3.161659
v 0.67458 7.234288 4.418728
v -0.318397 7.093654 5.478241
vn -0.774521 0.511209 -0.372535
vn -0.82976 0.537452 -0.150476
vn -0.774521 0.511209 -0.372535
vn -0.678193 0.457846 -0.574831
vt 0 0
vt 1 0
vt 1 1
vt 0 1
usemtl nature_blossoms_prunusserrulata_01_m_0001.jpg
f 3823/3823/3823 3822/3822/3822 3820/3820/3820
f 3822/3822/3822 3821/3821/3821 3820/3820/3820

v -1.132671 5.337244 4.145256
v -0.263738 4.665352 3.312153
v 1.728169 6.210993 4.14318
v 0.911841 6.69602 5.181855
vn -0.222233 0.726092 -0.650694
vn -0.199281 0.650748 -0.732676
vn -0.222233 0.726092 -0.650694
vn -0.242313 0.792051 -0.560303
vt 0 0
vt 1 0
vt 1 1
vt 0 1
usemtl nature_blossoms_prunusserrulata_01_m_0002.jpg
f 3827/3827/3827 3826/3826/3826 3824/3824/3824
f 3826/3826/3826 3825/3825/3825 3824/3824/3824

v -0.968834 5.271727 4.297612
v -0.387541 4.76194 3.182447
v 1.37561 6.693898 3.218336
v 0.919167 7.105554 4.443438
vn -0.60544 0.611165 -0.509823
vn -0.601805 0.559803 -0.569606
vn -0.60544 0.611165 -0.509823
vn -0.605306 0.658723 -0.446865
vt 0 0
vt 1 0
vt 1 1
vt 0 1
usemtl nature_blossoms_prunusserrulata_01_m_0003.jpg
f 3831/3831/3831 3830/3830/3830 3828/3828/3828
f 3830/3830/3830 3829/3829/3829 3828/3828/3828

v -0.527232 5.259303 3.407164
v 0.522631 4.377701 4.209712
v -1.090136 4.144629 6.063441
v -1.768989 5.584405 5.388709
vn 0.57806 0.701477 0.416865
vn 0.369111 0.826493 0.425048
vn 0.57806 0.701477 0.416865
vn 0.752697 0.534824 0.38394
vt 0 0
vt 1 0
vt 1 1
vt 0 1
usemtl nature_blossoms_prunusserrulata_01_m_0005.jpg
f 3835/3835/3835 3834/3834/3834 3832/3832/3832
f 3834/3834/3834 3833/3833/3833 3832/3832/3832

v -0.325054 5.386159 3.485876
v 0.287906 4.239283 4.142113
v -1.829145 4.018556 5.733794
v -2.580469 4.938044 4.809401
vn 0.32096 0.69843 0.639672
vn 0.434109 0.610869 0.662109
vn 0.32096 0.69843 0.639672
vn 0.20108 0.771343 0.603818
vt 0 0
vt 1 0
vt 1 1
vt 0 1
usemtl nature_blossoms_prunusserrulata_01_m_0004.jpg
f 3839/3839/3839 3838/3838/3838 3836/3836/3836
f 3838/3838/3838 3837/3837/3837 3836/3836/3836

v -0.487877 4.357562 3.587187
v 0.433273 5.342708 3.989386
v -1.054675 5.880619 6.079651
v -2.064566 5.010326 5.599371
vn -0.442989 0.71666 -0.538664
vn -0.499477 0.684059 -0.531588
vn -0.442989 0.71666 -0.538664
vn -0.384594 0.746177 -0.543421
vt 0 0
vt 1 0
vt 1 1
vt 0 1
usemtl nature_blossoms_prunusserrulata_01_m_0006.jpg
f 3843/3843/3843 3842/3842/3842 3840/3840/3840
f 3842/3842/3842 3841/3841/3841 3840/3840/3840

v -0.128546 4.326379 4.41915
v 0.367908 5.0806 3.288988
v 1.481965 6.715481 4.869415
v 1.259058 5.755618 5.982504
vn -0.833062 0.535232 0.139766
vn -0.829848 0.557935 0.007808
vn -0.833062 0.535232 0.139766
vn -0.821332 0.502928 0.269216
vt 0 0
vt 1 0
vt 1 1
vt 0 1
usemtl nature_blossoms_prunusserrulata_01_m_0001.jpg
f 3847/3847/3847 3846/3846/3846 3844/3844/3844
f 3846/3846/3846 3845/3845/3845 3844/3844/3844

v -0.633201 4.854639 3.797557
v 0.861611 4.545355 3.904243
v 1.192656 6.569624 5.134233
v -0.410621 6.523512 5.516992
vn -0.009383 0.620911 -0.783825
vn 0.162957 0.492736 -0.854784
vn -0.009383 0.620911 -0.783825
vn -0.181242 0.717317 -0.672761
vt 0 0
vt 1 0
vt 1 1
vt 0 1
usemtl nature_blossoms_prunusserrulata_01_m_0003.jpg
f 3851/3851/3851 3850/3850/3850 3848/3848/3848
f 3850/3850/3850 3849/3849/3849 3848/3848/3848

v -0.15921 4.598314 4.51514
v 0.415703 4.845892 3.158596
v 1.171959 7.086449 3.888018
v 0.021755 7.035412 5.036619
vn -0.806403 0.303508 -0.50754
vn -0.870935 0.390906 -0.297766
vn -0.806403 0.303508 -0.50754
vn -0.696867 0.199172 -0.688989
vt 0 0
vt 1 0
vt 1 1
vt 0 1
usemtl nature_blossoms_prunusserrulata_01_m_0002.jpg
f 3855/3855/3855 3854/3854/3854 3852/3852/3852
f 3854/3854/3854 3853/3853/3853 3852/3852/3852

v -0.545148 4.936652 3.746597
v 0.746879 4.52892 3.947061
v 1.175936 6.615688 5.426076
v -0.269279 6.736735 5.62984
vn 0.128313 0.632518 -0.763843
vn 0.287546 0.513771 -0.808305
vn 0.128313 0.632518 -0.763843
vn -0.036237 0.725059 -0.687733
vt 0 0
vt 1 0
vt 1 1
vt 0 1
usemtl nature_blossoms_prunusserrulata_01_m_0002.jpg
f 3859/3859/3859 3858/3858/3858 3856/3856/3856
f 3858/3858/3858 3857/3857/3857 3856/3856/3856

v -0.687523 4.730124 4.063799
v 0.595979 5.099004 3.309412
v 1.358078 6.669498 5.373975
v -0.599708 7.122493 5.383027
vn -0.19767 0.68332 -0.702852
vn -0.469353 0.777648 -0.418296
vn -0.19767 0.68332 -0.702852
vn 0.106369 0.477144 -0.872364
vt 0 0
vt 1 0
vt 1 1
vt 0 1
usemtl nature_blossoms_prunusserrulata_01_m_0005.jpg
f 3863/3863/3863 3862/3862/3862 3860/3860/3860
f 3862/3862/3862 3861/3861/3861 3860/3860/3860

v -0.55727 5.36052 3.795025
v 0.523836 4.453446 3.495433
v 1.937427 5.60829 5.099987
v 0.803375 6.406853 5.537064
vn 0.290284 0.670945 -0.682326
vn 0.316431 0.615538 -0.721792
vn 0.290284 0.670945 -0.682326
vn 0.262595 0.722787 -0.639236
vt 0 0
vt 1 0
vt 1 1
vt 0 1
usemtl nature_blossoms_prunusserrulata_01_m_0003.jpg
f 3867/3867/3867 3866/3866/3866 3864/3864/3864
f 3866/3866/3866 3865/3865/3865 3864/3864/3864

v -0.336753 5.174348 2.972399
v 0.335537 4.630187 4.13475
v -0.728865 6.4431 5.599112
v -0.951963 7.226058 4.288748
vn 0.888855 0.450272 -0.084803
vn 0.782359 0.598519 -0.172307
vn 0.888855 0.450272 -0.084803
vn 0.95893 0.283575 0.006175
vt 0 0
vt 1 0
vt 1 1
vt 0 1
usemtl nature_blossoms_prunusserrulata_01_m_0004.jpg
f 3871/3871/3871 3870/3870/3870 3868/3868/3868
f 3870/3870/3870 3869/3869/3869 3868/3868/3868

v -0.661749 4.685495 3.683647
v 0.689031 5.114872 3.384218
v 0.556546 6.823075 5.236101
v -0.964319 6.740654 5.265773
vn -0.206072 0.6492 -0.73217
vn -0.357512 0.67358 -0.646897
vn -0.206072 0.6492 -0.73217
vn -0.048286 0.604825 -0.794893
vt 0 0
vt 1 0
vt 1 1
vt 0 1
usemtl nature_blossoms_prunusserrulata_01_m_0006.jpg
f 3875/3875/3875 3874/3874/3874 3872/3872/3872
f 3874/3874/3874 3873/3873/3873 3872/3872/3872

v -0.090651 5.741681 4.133437
v 0.545078 4.881359 3.105301
v 2.410581 4.339113 4.71254
v 1.533551 4.797712 5.927624
vn 0.510816 0.844485 -0.160976
vn 0.518648 0.785828 -0.336867
vn 0.510816 0.844485 -0.160976
vn 0.485392 0.874057 0.02046
vt 0 0
vt 1 0
vt 1 1
vt 0 1
usemtl nature_blossoms_prunusserrulata_01_m_0002.jpg
f 3879/3879/3879 3878/3878/3878 3876/3876/3876
f 3878/3878/3878 3877/3877/3877 3876/3876/3876

v 0.10676 4.883666 4.225914
v 0.28702 5.674824 2.998659
v 2.780028 5.634259 3.338683
v 2.632679 4.712443 4.486543
vn -0.035477 0.813125 0.581007
vn -0.059215 0.842953 0.534718
vn -0.035477 0.813125 0.581007
vn -0.011611 0.780373 0.625206
vt 0 0
vt 1 0
vt 1 1
vt 0 1
usemtl nature_blossoms_prunusserrulata_01_m_0001.jpg
f 3883/3883/3883 3882/3882/3882 3880/3880/3880
f 3882/3882/3882 3881/3881/3881 3880/3880/3880

v -0.216364 4.810572 3.969196
v 0.587115 5.768266 3.223198
v 2.543264 5.10503 4.478628
v 1.680963 4.286361 5.339747
vn -0.196325 0.752654 0.628465
vn -0.201077 0.701377 0.683841
vn -0.196325 0.752654 0.628465
vn -0.190452 0.799627 0.569495
vt 0 0
vt 1 0
vt 1 1
vt 0 1
usemtl nature_blossoms_prunusserrulata_01_m_0006.jpg
f 3887/3887/3887 3886/3886/3886 3884/3884/3884
f 3886/3886/3886 3885/3885/3885 3884/3884/3884

v -0.591093 5.192774 2.39329
v 0.331523 6.10764 3.128966
v -1.665229 7.070442 4.435794
v -2.305623 5.329515 4.373448
vn -0.450966 0.526223 -0.720915
vn -0.126818 0.696121 -0.706635
vn -0.450966 0.526223 -0.720915
vn -0.714621 0.285737 -0.638491
vt 0 0
vt 1 0
vt 1 1
vt 0 1
usemtl nature_blossoms_prunusserrulata_01_m_0004.jpg
f 3891/3891/3891 3890/3890/3890 3888/3888/3888
f 3890/3890/3890 3889/3889/3889 3888/3888/3888

v -0.636563 6.018785 2.559412
v 0.392748 5.278167 2.968437
v -0.631138 5.189039 5.383659
v -1.854282 5.617494 4.897185
vn 0.3641 0.893782 0.261888
vn 0.501045 0.830588 0.243059
vn 0.3641 0.893782 0.261888
vn 0.218745 0.936327 0.274667
vt 0 0
vt 1 0
vt 1 1
vt 0 1
usemtl nature_blossoms_prunusserrulata_01_m_0006.jpg
f 3895/3895/3895 3894/3894/3894 3892/3892/3892
f 3894/3894/3894 3893/3893/3893 3892/3892/3892

v -0.730872 5.198328 2.951123
v 0.46136 6.102918 2.560591
v 1.103454 6.297269 4.97098
v -0.809817 6.258094 5.164854
vn -0.347591 0.919314 -0.184506
vn -0.583057 0.807407 0.090216
vn -0.347591 0.919314 -0.184506
vn -0.062267 0.899355 -0.432763
vt 0 0
vt 1 0
vt 1 1
vt 0 1
usemtl nature_blossoms_prunusserrulata_01_m_0004.jpg
f 3899/3899/3899 3898/3898/3898 3896/3896/3896
f 3898/3898/3898 3897/3897/3897 3896/3896/3896

v -0.673079 6.060539 2.821849
v 0.397049 5.140235 3.273918
v 0.021886 5.907756 5.724482
v -1.859486 5.832141 5.16532
vn 0.337015 0.940983 -0.03116
vn 0.676565 0.725906 -0.123778
vn 0.337015 0.940983 -0.03116
vn -0.059871 0.995971 0.066759
vt 0 0
vt 1 0
vt 1 1
vt 0 1
usemtl nature_blossoms_prunusserrulata_01_m_0001.jpg
f 3903/3903/3903 3902/3902/3902 3900/3900/3900
f 3902/3902/3902 3901/3901/3901 3900/3900/3900

v -0.61579 5.988008 2.697563
v 0.364424 5.187345 3.388317
v -1.003038 5.216059 5.362096
v -2.15688 5.591162 4.424456
vn 0.275055 0.912034 0.304203
vn 0.462143 0.831571 0.308082
vn 0.275055 0.912034 0.304203
vn 0.076556 0.954655 0.287702
vt 0 0
vt 1 0
vt 1 1
vt 0 1
usemtl nature_blossoms_prunusserrulata_01_m_0001.jpg
f 3907/3907/3907 3906/3906/3906 3904/3904/3904
f 3906/3906/3906 3905/3905/3905 3904/3904/3904

v -0.38393 5.005208 2.678736
v 0.11799 6.119374 3.441652
v -2.385052 6.668224 4.286852
v -2.682878 5.072861 4.092405
vn -0.334968 0.414945 -0.845942
vn -0.134536 0.600394 -0.788307
vn -0.334968 0.414945 -0.845942
vn -0.50931 0.197179 -0.83769
vt 0 0
vt 1 0
vt 1 1
vt 0 1
usemtl nature_blossoms_prunusserrulata_01_m_0002.jpg
f 3911/3911/3911 3910/3910/3910 3908/3908/3908
f 3910/3910/3910 3909/3909/3909 3908/3908/3908

v -0.501706 5.025265 2.65799
v 0.24357 6.157439 3.467685
v -0.949637 5.522884 5.453242
v -2.246953 4.976518 4.33255
vn -0.498313 0.836281 -0.22873
vn -0.728279 0.644984 -0.231527
vn -0.498313 0.836281 -0.22873
vn -0.223756 0.952742 -0.205466
vt 0 0
vt 1 0
vt 1 1
vt 0 1
usemtl nature_blossoms_prunusserrulata_01_m_0006.jpg
f 3915/3915/3915 3914/3914/3914 3912/3912/3912
f 3914/3914/3914 3913/3913/3913 3912/3912/3912

v -0.542726 5.961313 2.445027
v 0.388565 5.397153 3.423653
v 0.041755 7.330573 4.86827
v -1.64779 7.30131 4.269124
vn 0.494445 0.700257 -0.514941
vn 0.75836 0.471964 -0.449599
vn 0.494445 0.700257 -0.514941
vn 0.16821 0.840291 -0.51538
vt 0 0
vt 1 0
vt 1 1
vt 0 1
usemtl nature_blossoms_prunusserrulata_01_m_0004.jpg
f 3919/3919/3919 3918/3918/3918 3916/3916/3916
f 3918/3918/3918 3917/3917/3917 3916/3916/3916

v -0.732716 5.55451 2.556383
v 0.490522 5.72016 3.322467
v -0.697548 7.698098 4.791818
v -1.348253 8.161681 2.975491
vn 0.68692 0.519112 -0.50859
vn 0.320041 0.681296 -0.658338
vn 0.68692 0.519112 -0.50859
vn 0.927867 0.26176 -0.265602
vt 0 0
vt 1 0
vt 1 1
vt 0 1
usemtl nature_blossoms_prunusserrulata_01_m_0003.jpg
f 3923/3923/3923 3922/3922/3922 3920/3920/3920
f 3922/3922/3922 3921/3921/3921 3920/3920/3920

v -0.663219 5.554899 3.323142
v 0.471806 5.802361 2.581533
v 0.509188 7.936501 3.350872
v -0.783941 7.733006 3.865175
vn -0.481454 0.246801 -0.841006
vn -0.567017 0.288114 -0.771675
vn -0.481454 0.246801 -0.841006
vn -0.389231 0.202073 -0.898702
vt 0 0
vt 1 0
vt 1 1
vt 0 1
usemtl nature_blossoms_prunusserrulata_01_m_0006.jpg
f 3927/3927/3927 3926/3926/3926 3924/3924/3924
f 3926/3926/3926 3925/3925/3925 3924/3924/3924

v 1.112603 4.392113 3.549884
v 0.877488 5.598762 2.614715
v 3.144805 5.795521 2.298556
v 3.356856 4.895635 3.635341
vn -0.073828 0.721122 0.688863
vn 0.055646 0.618381 0.783906
vn -0.073828 0.721122 0.688863
vn -0.200619 0.797649 0.568778
vt 0 0
vt 1 0
vt 1 1
vt 0 1
usemtl nature_blossoms_prunusserrulata_01_m_0006.jpg
f 3931/3931/3931 3930/3930/3930 3928/3928/3928
f 3930/3930/3930 3929/3929/3929 3928/3928/3928

v 0.627789 5.319155 3.609106
v 1.423396 4.641789 2.548228
v 3.611862 5.400895 3.704786
v 2.762119 6.363941 4.542658
vn 0.000182 0.757512 -0.652822
vn -0.005682 0.840895 -0.541169
vn 0.000182 0.757512 -0.652822
vn 0.006042 0.659392 -0.751775
vt 0 0
vt 1 0
vt 1 1
vt 0 1
usemtl nature_blossoms_prunusserrulata_01_m_0004.jpg
f 3935/3935/3935 3934/3934/3934 3932/3932/3932
f 3934/3934/3934 3933/3933/3933 3932/3932/3932

v 0.500775 4.345551 3.159092
v 1.56169 5.361879 2.956153
v 3.175845 3.984721 4.497683
v 2.186947 2.864534 4.556983
vn -0.353353 0.440997 0.825023
vn -0.330928 0.504664 0.797371
vn -0.353353 0.440997 0.825023
vn -0.373898 0.374982 0.848286
vt 0 0
vt 1 0
vt 1 1
vt 0 1
usemtl nature_blossoms_prunusserrulata_01_m_0002.jpg
f 3939/3939/3939 3938/3938/3938 3936/3936/3936
f 3938/3938/3938 3937/3937/3937 3936/3936/3936

v 0.385101 5.068906 3.42475
v 1.614619 4.634413 2.651335
v 1.843145 2.530611 4.19651
v 0.514245 2.855576 4.873466
vn 0.534049 0.511454 0.673206
vn 0.578572 0.522712 0.62612
vn 0.534049 0.511454 0.673206
vn 0.487216 0.497983 0.71738
vt 0 0
vt 1 0
vt 1 1
vt 0 1
usemtl nature_blossoms_prunusserrulata_01_m_0003.jpg
f 3943/3943/3943 3942/3942/3942 3940/3940/3940
f 3942/3942/3942 3941/3941/3941 3940/3940/3940

v 0.574637 5.362527 3.240526
v 1.511535 4.313526 2.822776
v 1.320066 3.208654 5.167783
v -0.287776 3.814389 5.193863
vn 0.545537 0.655771 0.521876
vn 0.766039 0.55511 0.324093
vn 0.545537 0.655771 0.521876
vn 0.271641 0.69225 0.668582
vt 0 0
vt 1 0
vt 1 1
vt 0 1
usemtl nature_blossoms_prunusserrulata_01_m_0004.jpg
f 3947/3947/3947 3946/3946/3946 3944/3944/3944
f 3946/3946/3946 3945/3945/3945 3944/3944/3944

v 0.441078 5.17819 3.278633
v 1.608218 4.457944 2.805466
v 2.370518 4.132346 5.181422
v 0.969221 4.492131 5.625689
vn 0.413013 0.907218 0.079843
vn 0.510935 0.858372 -0.046298
vn 0.413013 0.907218 0.079843
vn 0.303575 0.930766 0.203757
vt 0 0
vt 1 0
vt 1 1
vt 0 1
usemtl nature_blossoms_prunusserrulata_01_m_0006.jpg
f 3951/3951/3951 3950/3950/3950 3948/3948/3948
f 3950/3950/3950 3949/3949/3949 3948/3948/3948

v 2.880361 3.948074 1.179838
v 2.381193 4.967822 0.30163
v 4.611002 4.872889 -1.076014
v 5.156814 3.92324 -0.142921
vn 0.36679 0.727616 0.579689
vn 0.395312 0.702826 0.591408
vn 0.36679 0.727616 0.579689
vn 0.337694 0.751267 0.567063
vt 0 0
vt 1 0
vt 1 1
vt 0 1
usemtl nature_blossoms_prunusserrulata_01_m_0005.jpg
f 3955/3955/3955 3954/3954/3954 3952/3952/3952
f 3954/3954/3954 3953/3953/3953 3952/3952/3952

v 3.294582 4.664252 0.986405
v 1.964891 4.247519 0.474918
v 3.080194 2.761289 -1.213582
v 4.313315 4.024078 -1.140371
vn -0.316745 0.73243 -0.602677
vn 0.015169 0.755498 -0.654975
vn -0.316745 0.73243 -0.602677
vn -0.612729 0.626279 -0.482014
vt 0 0
vt 1 0
vt 1 1
vt 0 1
usemtl nature_blossoms_prunusserrulata_01_m_0005.jpg
f 3959/3959/3959 3958/3958/3958 3956/3956/3956
f 3958/3958/3958 3957/3957/3957 3956/3956/3956

v 2.943571 3.94923 1.210915
v 2.345774 5.015119 0.243455
v 4.063077 4.270075 -1.638516
v 4.832645 3.479322 -0.474067
vn 0.562513 0.767508 0.307426
vn 0.659055 0.673481 0.334768
vn 0.562513 0.767508 0.307426
vn 0.455335 0.847022 0.27427
vt 0 0
vt 1 0
vt 1 1
vt 0 1
usemtl nature_blossoms_prunusserrulata_01_m_0005.jpg
f 3963/3963/3963 3962/3962/3962 3960/3960/3960
f 3962/3962/3962 3961/3961/3961 3960/3960/3960

v 3.250764 4.856457 0.88695
v 1.997402 4.095149 0.584568
v 2.780199 3.732797 -1.747801
v 4.250082 4.000099 -1.099132
vn -0.226983 0.909804 -0.347471
vn -0.447455 0.848673 -0.282024
vn -0.226983 0.909804 -0.347471
vn 0.006342 0.919413 -0.393241
vt 0 0
vt 1 0
vt 1 1
vt 0 1
usemtl nature_blossoms_prunusserrulata_01_m_0001.jpg
f 3967/3967/3967 3966/3966/3966 3964/3964/3964
f 3966/3966/3966 3965/3965/3965 3964/3964/3964

v 2.903156 4.901553 1.435417
v 2.279789 4.230019 0.288592
v 4.564475 3.767149 -0.682231
v 5.076874 4.842924 0.288204
vn -0.174805 0.804268 -0.567975
vn -0.032673 0.870124 -0.491749
vn -0.174805 0.804268 -0.567975
vn -0.311632 0.714004 -0.626964
vt 0 0
vt 1 0
vt 1 1
vt 0 1
usemtl nature_blossoms_prunusserrulata_01_m_0004.jpg
f 3971/3971/3971 3970/3970/3970 3968/3968/3968
f 3970/3970/3970 3969/3969/3969 3968/3968/3968

v 2.53456 4.142324 1.455997
v 2.632568 4.985638 0.24808
v 5.055357 3.906233 -0.308931
v 4.928876 2.970425 0.832101
vn 0.458979 0.68673 0.563684
vn 0.443231 0.717724 0.537046
vn 0.458979 0.68673 0.563684
vn 0.473847 0.654419 0.589241
vt 0 0
vt 1 0
vt 1 1
vt 0 1
usemtl nature_blossoms_prunusserrulata_01_m_0001.jpg
f 3975/3975/3975 3974/3974/3974 3972/3972/3972
f 3974/3974/3974 3973/3973/3973 3972/3972/3972

v 3.043937 5.009202 1.143376
v 2.151702 4.179809 0.598605
v 4.1953 2.646288 -0.413707
v 5.098362 3.3941 0.237535
vn 0.049979 0.566419 -0.8226
vn -0.001141 0.549853 -0.835261
vn 0.049979 0.566419 -0.8226
vn 0.100947 0.581259 -0.807433
vt 0 0
vt 1 0
vt 1 1
vt 0 1
usemtl nature_blossoms_prunusserrulata_01_m_0003.jpg
f 3979/3979/3979 3978/3978/3978 3976/3976/3976
f 3978/3978/3978 3977/3977/3977 3976/3976/3976

v 2.985515 4.299747 1.444241
v 2.215139 4.847831 0.262342
v 2.856778 2.841982 -1.086063
v 3.417687 2.127553 0.155229
vn 0.87468 0.399405 -0.274608
vn 0.821637 0.474826 -0.315361
vn 0.87468 0.399405 -0.274608
vn 0.918834 0.319925 -0.231065
vt 0 0
vt 1 0
vt 1 1
vt 0 1
usemtl nature_blossoms_prunusserrulata_01_m_0006.jpg
f 3983/3983/3983 3982/3982/3982 3980/3980/3980
f 3982/3982/3982 3981/3981/3981 3980/3980/3980

v 2.006403 5.104379 1.725584
v 2.831092 4.421459 0.673736
v 4.31035 6.523022 0.469075
v 3.50273 7.195386 1.54116
vn -0.609375 0.367279 -0.702686
vn -0.607367 0.358476 -0.708943
vn -0.609375 0.367279 -0.702686
vn -0.61131 0.376037 -0.696345
vt 0 0
vt 1 0
vt 1 1
vt 0 1
usemtl nature_blossoms_prunusserrulata_01_m_0003.jpg
f 3987/3987/3987 3986/3986/3986 3984/3984/3984
f 3986/3986/3986 3985/3985/3985 3984/3984/3984

v 1.960966 5.0566 1.700787
v 2.826856 4.42202 0.673368
v 4.6699 6.442814 0.97852
v 4.19765 6.174961 2.895075
vn -0.499694 0.776662 -0.383539
vn -0.460357 0.527666 -0.713891
vn -0.499694 0.776662 -0.383539
vn -0.452744 0.891545 0.013041
vt 0 0
vt 1 0
vt 1 1
vt 0 1
usemtl nature_blossoms_prunusserrulata_01_m_0004.jpg
f 3991/3991/3991 3990/3990/3990 3988/3988/3988
f 3990/3990/3990 3989/3989/3989 3988/3988/3988

v 2.002102 4.474597 1.707139
v 2.815364 5.04961 0.672243
v 4.73838 5.355212 2.353222
v 3.342861 5.770453 3.480767
vn -0.271361 0.951159 -0.147174
vn -0.347207 0.908635 0.23201
vn -0.271361 0.951159 -0.147174
vn -0.154446 0.849733 -0.504084
vt 0 0
vt 1 0
vt 1 1
vt 0 1
usemtl nature_blossoms_prunusserrulata_01_m_0003.jpg
f 3995/3995/3995 3994/3994/3994 3992/3992/3992
f 3994/3994/3994 3993/3993/3993 3992/3992/3992

v 2.241135 4.189256 1.686403
v 2.588487 5.309472 0.745467
v 4.763984 5.520231 1.799479
v 4.688333 3.763135 2.082487
vn -0.268362 0.435686 0.859162
vn -0.377959 0.661376 0.647865
vn -0.268362 0.435686 0.859162
vn -0.129891 0.163118 0.978019
vt 0 0
vt 1 0
vt 1 1
vt 0 1
usemtl nature_blossoms_prunusserrulata_01_m_0004.jpg
f 3999/3999/3999 3998/3998/3998 3996/3996/3996
f 3998/3998/3998 3997/3997/3997 3996/3996/3996

v 3.043461 4.572981 1.225025
v 1.622069 4.973304 1.204701
v 2.128423 6.688417 -0.425241
v 3.611767 6.534353 0.11296
vn -0.034353 0.605441 0.795148
vn 0.172845 0.65122 0.738944
vn -0.034353 0.605441 0.795148
vn -0.239896 0.530489 0.813038
vt 0 0
vt 1 0
vt 1 1
vt 0 1
usemtl nature_blossoms_prunusserrulata_01_m_0002.jpg
f 4003/4003/4003 4002/4002/4002 4000/4000/4000
f 4002/4002/4002 4001/4001/4001 4000/4000/4000

v 2.88365 4.443817 1.506896
v 1.767026 5.108282 0.944515
v 3.179431 7.091815 0.483734
v 4.395045 5.717693 0.011092
vn 0.188487 0.335571 0.922965
vn -0.230657 0.373013 0.898698
vn 0.188487 0.335571 0.922965
vn 0.574141 0.238508 0.783247
vt 0 0
vt 1 0
vt 1 1
vt 0 1
usemtl nature_blossoms_prunusserrulata_01_m_0004.jpg
f 4007/4007/4007 4006/4006/4006 4004/4004/4004
f 4006/4006/4006 4005/4005/4005 4004/4004/4004

v 2.965209 4.466541 1.34162
v 1.690066 5.096269 1.078357
v 2.612813 6.163115 -0.839167
v 4.067955 6.068528 -0.167682
vn 0.016349 0.790454 0.612303
vn 0.26915 0.78075 0.563903
vn 0.016349 0.790454 0.612303
vn -0.237537 0.747715 0.620079
vt 0 0
vt 1 0
vt 1 1
vt 0 1
usemtl nature_blossoms_prunusserrulata_01_m_0004.jpg
f 4011/4011/4011 4010/4010/4010 4008/4008/4008
f 4010/4010/4010 4009/4009/4009 4008/4008/4008

v 2.773932 4.495428 1.741605
v 1.893536 5.047657 0.692116
v 3.982042 5.961408 -0.579087
v 4.859663 5.363342 0.448612
vn -0.048762 0.855704 0.515163
vn -0.066659 0.858866 0.507844
vn -0.048762 0.855704 0.515163
vn -0.030846 0.852213 0.522284
vt 0 0
vt 1 0
vt 1 1
vt 0 1
usemtl nature_blossoms_prunusserrulata_01_m_0004.jpg
f 4015/4015/4015 4014/4014/4014 4012/4012/4012
f 4014/4014/4014 4013/4013/4013 4012/4012/4012

v 0.75862 4.806292 2.302409
v 1.554425 5.79285 3.012407
v -0.497721 6.531882 4.285662
v -1.331171 5.616374 3.519134
vn -0.166172 0.689381 -0.705082
vn -0.19934 0.673239 -0.712049
vn -0.166172 0.689381 -0.705082
vn -0.132771 0.704551 -0.697123
vt 0 0
vt 1 0
vt 1 1
vt 0 1
usemtl nature_blossoms_prunusserrulata_01_m_0002.jpg
f 4019/4019/4019 4018/4018/4018 4016/4016/4016
f 4018/4018/4018 4017/4017/4017 4016/4016/4016

v 1.099862 4.811864 2.175882
v 1.151172 5.748269 3.140426
v -1.015049 4.958536 4.022354
v -1.129921 4.173527 2.914212
vn -0.434833 0.709608 -0.554416
vn -0.47804 0.642777 -0.598595
vn -0.434833 0.709608 -0.554416
vn -0.388024 0.77056 -0.505643
vt 0 0
vt 1 0
vt 1 1
vt 0 1
usemtl nature_blossoms_prunusserrulata_01_m_0006.jpg
f 4023/4023/4023 4022/4022/4022 4020/4020/4020
f 4022/4022/4022 4021/4021/4021 4020/4020/4020

v 1.443993 4.896809 2.161233
v 0.839507 5.721181 3.182817
v -1.312831 4.197411 3.138862
v -0.718589 3.401895 2.08793
vn -0.398409 0.596567 -0.696691
vn -0.398881 0.583821 -0.707141
vn -0.398409 0.596567 -0.696691
vn -0.397829 0.60915 -0.686053
vt 0 0
vt 1 0
vt 1 1
vt 0 1
usemtl nature_blossoms_prunusserrulata_01_m_0006.jpg
f 4027/4027/4027 4026/4026/4026 4024/4024/4024
f 4026/4026/4026 4025/4025/4025 4024/4024/4024

v 1.508119 5.614509 2.082988
v 0.772634 5.005241 3.230998
v -1.168964 4.168743 1.54315
v -0.332593 4.536777 0.331746
vn -0.481541 0.875333 0.043714
vn -0.49226 0.85903 0.14053
vn -0.481541 0.875333 0.043714
vn -0.466126 0.883098 -0.053528
vt 0 0
vt 1 0
vt 1 1
vt 0 1
usemtl nature_blossoms_prunusserrulata_01_m_0002.jpg
f 4031/4031/4031 4030/4030/4030 4028/4028/4028
f 4030/4030/4030 4029/4029/4029 4028/4028/4028

v 0.61691 5.016616 2.332452
v 1.836603 5.533037 3.101861
v 0.525919 5.327677 5.317436
v -0.688331 4.790231 4.553511
vn -0.337087 0.935288 -0.10774
vn -0.329192 0.93809 -0.107792
vn -0.337087 0.935288 -0.10774
vn -0.344958 0.932421 -0.107682
vt 0 0
vt 1 0
vt 1 1
vt 0 1
usemtl nature_blossoms_prunusserrulata_01_m_0005.jpg
f 4035/4035/4035 4034/4034/4034 4032/4032/4032
f 4034/4034/4034 4033/4033/4033 4032/4032/4032

v 0.738474 4.788437 2.556236
v 1.767139 5.774186 2.873217
v 1.376697 5.391986 5.328847
v 0.633896 4.115499 4.988321
vn -0.791545 0.609093 0.049615
vn -0.692246 0.721658 0.002254
vn -0.791545 0.609093 0.049615
vn -0.871234 0.481438 0.095747
vt 0 0
vt 1 0
vt 1 1
vt 0 1
usemtl nature_blossoms_prunusserrulata_01_m_0003.jpg
f 4039/4039/4039 4038/4038/4038 4036/4036/4036
f 4038/4038/4038 4037/4037/4037 4036/4036/4036

v 0.631503 5.735003 2.601126
v 1.860307 4.843505 2.785213
v 0.719532 3.662485 4.680577
v -0.525131 4.526165 4.467631
vn 0.36864 0.66616 0.648333
vn 0.383921 0.662083 0.643623
vn 0.36864 0.66616 0.648333
vn 0.353258 0.670055 0.652866
vt 0 0
vt 1 0
vt 1 1
vt 0 1
usemtl nature_blossoms_prunusserrulata_01_m_0001.jpg
f 4043/4043/4043 4042/4042/4042 4040/4040/4040
f 4042/4042/4042 4041/4041/4041 4040/4040/4040

v 0.894052 5.453888 2.143076
v 1.592922 5.091963 3.26677
v -0.335576 4.619174 4.313902
v -1.015604 4.666288 3.077093
vn -0.171733 0.948183 0.267315
vn -0.04945 0.941299 0.333933
vn -0.171733 0.948183 0.267315
vn -0.290677 0.936636 0.195501
vt 0 0
vt 1 0
vt 1 1
vt 0 1
usemtl nature_blossoms_prunusserrulata_01_m_0006.jpg
f 4047/4047/4047 4046/4046/4046 4044/4044/4044
f 4046/4046/4046 4045/4045/4045 4044/4044/4044

v 0.980361 4.852365 2.983999
v 1.771606 5.888829 2.237985
v 2.685711 6.826677 4.510497
v 2.006164 5.668834 5.206345
vn -0.791973 0.601034 0.107411
vn -0.775327 0.629405 0.05212
vn -0.791973 0.601034 0.107411
vn -0.805341 0.570174 0.162257
vt 0 0
vt 1 0
vt 1 1
vt 0 1
usemtl nature_blossoms_prunusserrulata_01_m_0003.jpg
f 4051/4051/4051 4050/4050/4050 4048/4048/4048
f 4050/4050/4050 4049/4049/4049 4048/4048/4048

v 0.841628 4.991486 2.871906
v 1.891668 5.71237 2.381854
v 2.195819 6.891372 4.767918
v 1.506668 5.753868 5.418387
vn -0.752019 0.649295 -0.113506
vn -0.62856 0.726123 -0.278669
vn -0.752019 0.649295 -0.113506
vn -0.839062 0.541025 0.057154
vt 0 0
vt 1 0
vt 1 1
vt 0 1
usemtl nature_blossoms_prunusserrulata_01_m_0002.jpg
f 4055/4055/4055 4054/4054/4054 4052/4052/4052
f 4054/4054/4054 4053/4053/4053 4052/4052/4052

v 0.960111 5.817829 2.547717
v 2.05919 4.842669 2.614561
v 2.376111 5.366168 5.040741
v 1.485249 6.572677 4.925353
vn 0.71712 0.632496 -0.292724
vn 0.652368 0.718796 -0.240311
vn 0.71712 0.632496 -0.292724
vn 0.771555 0.537095 -0.340926
vt 0 0
vt 1 0
vt 1 1
vt 0 1
usemtl nature_blossoms_prunusserrulata_01_m_0002.jpg
f 4059/4059/4059 4058/4058/4058 4056/4056/4056
f 4058/4058/4058 4057/4057/4057 4056/4056/4056

v 0.880768 5.102443 2.939673
v 2.162159 5.569095 2.234558
v 3.583212 4.779948 4.294743
v 2.133317 5.178438 5.266198
vn 0.042431 0.987707 0.150445
vn -0.100515 0.903977 0.415598
vn 0.042431 0.987707 0.150445
vn 0.181229 0.974889 -0.129414
vt 0 0
vt 1 0
vt 1 1
vt 0 1
usemtl nature_blossoms_prunusserrulata_01_m_0001.jpg
f 4063/4063/4063 4062/4062/4062 4060/4060/4060
f 4062/4062/4062 4061/4061/4061 4060/4060/4060

v 1.264558 5.628414 3.197094
v 1.697821 5.016815 1.995543
v 3.771385 4.327966 3.093872
v 2.755601 4.098762 4.513349
vn 0.461591 0.883215 0.082859
vn 0.432957 0.856821 -0.28001
vn 0.461591 0.883215 0.082859
vn 0.428745 0.791973 0.434692
vt 0 0
vt 1 0
vt 1 1
vt 0 1
usemtl nature_blossoms_prunusserrulata_01_m_0002.jpg
f 4067/4067/4067 4066/4066/4066 4064/4064/4064
f 4066/4066/4066 4065/4065/4065 4064/4064/4064

v 1.54871 5.921674 3.078373
v 1.490937 4.738578 2.082213
v 3.855034 3.987457 2.837181
v 3.96216 5.380685 3.580914
vn 0.345129 0.509791 -0.788035
vn 0.409026 0.575973 -0.70778
vn 0.345129 0.509791 -0.788035
vn 0.276089 0.436012 -0.856544
vt 0 0
vt 1 0
vt 1 1
vt 0 1
usemtl nature_blossoms_prunusserrulata_01_m_0006.jpg
f 4071/4071/4071 4070/4070/4070 4068/4068/4068
f 4070/4070/4070 4069/4069/4069 4068/4068/4068

v 0.628199 4.835661 3.132124
v 1.248058 5.500818 1.945364
v 2.279526 7.110932 3.386551
v 1.794361 6.329306 4.578385
vn -0.808252 0.588573 -0.017586
vn -0.801577 0.591507 -0.087145
vn -0.808252 0.588573 -0.017586
vn -0.810974 0.582761 0.052058
vt 0 0
vt 1 0
vt 1 1
vt 0 1
usemtl nature_blossoms_prunusserrulata_01_m_0006.jpg
f 4075/4075/4075 4074/4074/4074 4072/4072/4072
f 4074/4074/4074 4073/4073/4073 4072/4072/4072

v 0.49838 5.316975 3.064147
v 1.430068 5.038011 2.039251
v 2.758085 7.133158 2.676221
v 1.981917 7.268416 3.881607
vn -0.576977 0.599365 -0.554851
vn -0.544318 0.540151 -0.641837
vn -0.576977 0.599365 -0.554851
vn -0.602632 0.651303 -0.461128
vt 0 0
vt 1 0
vt 1 1
vt 0 1
usemtl nature_blossoms_prunusserrulata_01_m_0005.jpg
f 4079/4079/4079 4078/4078/4078 4076/4076/4076
f 4078/4078/4078 4077/4077/4077 4076/4076/4076

v 0.331723 5.581598 2.761772
v 1.393931 4.847995 2.217468
v 2.751488 5.419408 4.096597
v 1.541463 5.805589 4.820685
vn 0.253429 0.901883 -0.349831
vn 0.319141 0.817635 -0.47919
vn 0.253429 0.901883 -0.349831
vn 0.180583 0.960743 -0.210624
vt 0 0
vt 1 0
vt 1 1
vt 0 1
usemtl nature_blossoms_prunusserrulata_01_m_0001.jpg
f 4083/4083/4083 4082/4082/4082 4080/4080/4080
f 4082/4082/4082 4081/4081/4081 4080/4080/4080

v 0.200855 4.871614 2.521214
v 1.517667 5.569239 2.450398
v 1.959129 4.991021 4.963153
v 0.583376 4.406691 5.054092
vn -0.404236 0.880388 0.248013
vn -0.438679 0.855849 0.274013
vn -0.404236 0.880388 0.248013
vn -0.368797 0.902757 0.221402
vt 0 0
vt 1 0
vt 1 1
vt 0 1
usemtl nature_blossoms_prunusserrulata_01_m_0003.jpg
f 4087/4087/4087 4086/4086/4086 4084/4084/4084
f 4086/4086/4086 4085/4085/4085 4084/4084/4084

v 0.421537 4.74544 2.548856
v 1.300988 5.734367 2.455394
v 2.210942 5.144942 4.781055
v 1.411768 4.076049 4.783783
vn -0.683873 0.578415 0.444695
vn -0.659414 0.625788 0.416609
vn -0.683873 0.578415 0.444695
vn -0.705849 0.528941 0.471166
vt 0 0
vt 1 0
vt 1 1
vt 0 1
usemtl nature_blossoms_prunusserrulata_01_m_0005.jpg
f 4091/4091/4091 4090/4090/4090 4088/4088/4088
f 4090/4090/4090 4089/4089/4089 4088/4088/4088

v 0.576801 5.556705 3.070387
v 1.184479 4.894259 1.861248
v 3.217016 4.069554 3.33457
v 2.786722 5.269552 4.338351
vn 0.476892 0.772 -0.420227
vn 0.495623 0.842187 -0.21232
vn 0.476892 0.772 -0.420227
vn 0.435031 0.664369 -0.607752
vt 0 0
vt 1 0
vt 1 1
vt 0 1
usemtl nature_blossoms_prunusserrulata_01_m_0001.jpg
f 4095/4095/4095 4094/4094/4094 4092/4092/4092
f 4094/4094/4094 4093/4093/4093 4092/4092/4092

v -0.008962 5.156549 0.777126
v -0.657803 5.906397 -0.136682
v 1.627152 7.421956 -0.515464
v 2.073429 6.955371 0.774611
vn -0.448893 0.664857 0.597043
vn -0.294958 0.625275 0.722517
vn -0.448893 0.664857 0.597043
vn -0.584421 0.677175 0.447086
vt 0 0
vt 1 0
vt 1 1
vt 0 1
usemtl nature_blossoms_prunusserrulata_01_m_0003.jpg
f 4099/4099/4099 4098/4098/4098 4096/4096/4096
f 4098/4098/4098 4097/4097/4097 4096/4096/4096

v -0.102406 5.787631 0.938431
v -0.518708 5.247702 -0.246779
v 1.58779 6.195301 -1.418366
v 2.334764 6.13026 -0.073706
vn -0.307216 0.949991 -0.055997
vn -0.495773 0.842736 -0.209774
vn -0.307216 0.949991 -0.055997
vn -0.096938 0.990077 0.10174
vt 0 0
vt 1 0
vt 1 1
vt 0 1
usemtl nature_blossoms_prunusserrulata_01_m_0001.jpg
f 4103/4103/4103 4102/4102/4102 4100/4100/4100
f 4102/4102/4102 4101/4101/4101 4100/4100/4100

v -0.524695 5.838709 1.148146
v -0.180326 5.275315 -0.240936
v 2.379887 5.562229 0.2774
v 1.991282 6.839529 1.365964
vn -0.104108 0.793725 -0.599301
vn -0.026355 0.924066 -0.381323
vn -0.104108 0.793725 -0.599301
vn -0.174516 0.607389 -0.774999
vt 0 0
vt 1 0
vt 1 1
vt 0 1
usemtl nature_blossoms_prunusserrulata_01_m_0003.jpg
f 4107/4107/4107 4106/4106/4106 4104/4104/4104
f 4106/4106/4106 4105/4105/4105 4104/4104/4104

v -0.173996 6.045155 0.886595
v -0.55632 5.068917 -0.017231
v 1.705664 4.435745 -0.290165
v 2.059267 5.71226 0.301475
vn -0.035098 0.562831 -0.825826
vn 0.09343 0.656448 -0.748563
vn -0.035098 0.562831 -0.825826
vn -0.162529 0.451624 -0.87728
vt 0 0
vt 1 0
vt 1 1
vt 0 1
usemtl nature_blossoms_prunusserrulata_01_m_0003.jpg
f 4111/4111/4111 4110/4110/4110 4108/4108/4108
f 4110/4110/4110 4109/4109/4109 4108/4108/4108

v 0.079746 6.021134 0.606551
v -0.840121 5.027382 0.291069
v 0.882096 3.818662 -0.923083
v 1.907121 4.627137 -0.330602
vn -0.113654 0.538471 -0.834944
vn -0.244324 0.491525 -0.835888
vn -0.113654 0.538471 -0.834944
vn 0.019208 0.575037 -0.817902
vt 0 0
vt 1 0
vt 1 1
vt 0 1
usemtl nature_blossoms_prunusserrulata_01_m_0004.jpg
f 4115/4115/4115 4114/4114/4114 4112/4112/4112
f 4114/4114/4114 4113/4113/4113 4112/4112/4112

v -0.003356 5.252324 0.914544
v -0.753625 5.817962 -0.061518
v -0.292617 3.799389 -1.585664
v 1.07936 3.710125 -0.811426
vn 0.602224 0.658005 -0.452058
vn 0.81313 0.457468 -0.359921
vn 0.602224 0.658005 -0.452058
vn 0.335198 0.797226 -0.502069
vt 0 0
vt 1 0
vt 1 1
vt 0 1
usemtl nature_blossoms_prunusserrulata_01_m_0005.jpg
f 4119/4119/4119 4118/4118/4118 4116/4116/4116
f 4118/4118/4118 4117/4117/4117 4116/4116/4116

v -0.168073 5.496598 1.038359
v -1.054 5.764039 0.079645
v -0.04437 7.744386 -0.300899
v 0.960963 7.36206 0.515425
vn -0.519746 0.458211 0.721046
vn -0.597935 0.434299 0.67369
vn -0.519746 0.458211 0.721046
vn -0.436916 0.478032 0.761964
vt 0 0
vt 1 0
vt 1 1
vt 0 1
usemtl nature_blossoms_prunusserrulata_01_m_0004.jpg
f 4123/4123/4123 4122/4122/4122 4120/4120/4120
f 4122/4122/4122 4121/4121/4121 4120/4120/4120

v -0.949621 5.760223 1.192109
v -0.276332 5.548331 0.009907
v 0.934319 7.982986 0.263024
v -0.367249 8.393485 1.05181
vn -0.653387 0.256006 -0.712423
vn -0.751227 0.425971 -0.504189
vn -0.653387 0.256006 -0.712423
vn -0.502086 0.065095 -0.862364
vt 0 0
vt 1 0
vt 1 1
vt 0 1
usemtl nature_blossoms_prunusserrulata_01_m_0004.jpg
f 4127/4127/4127 4126/4126/4126 4124/4124/4124
f 4126/4126/4126 4125/4125/4125 4124/4124/4124

v -0.004615 5.653114 1.031983
v -1.171937 5.679328 0.068968
v -1.000429 8.108661 -0.072797
v 0.162969 8.082696 0.894981
vn -0.634278 0.088329 0.768043
vn -0.632619 0.089553 0.769268
vn -0.634278 0.088329 0.768043
vn -0.635933 0.087105 0.766813
vt 0 0
vt 1 0
vt 1 1
vt 0 1
usemtl nature_blossoms_prunusserrulata_01_m_0005.jpg
f 4131/4131/4131 4130/4130/4130 4128/4128/4128
f 4130/4130/4130 4129/4129/4129 4128/4128/4128

v 0.082697 5.742709 0.609855
v -1.254154 5.54547 0.49968
v -1.659477 7.751411 1.468691
v -0.316242 7.975744 1.452889
vn 0.02625 -0.373662 0.927193
vn -0.015672 -0.404544 0.914384
vn 0.02625 -0.373662 0.927193
vn 0.068095 -0.341706 0.937337
vt 0 0
vt 1 0
vt 1 1
vt 0 1
usemtl nature_blossoms_prunusserrulata_01_m_0002.jpg
f 4135/4135/4135 4134/4134/4134 4132/4132/4132
f 4134/4134/4134 4133/4133/4133 4132/4132/4132

v -0.444103 5.934206 1.236203
v -0.62938 5.357582 -0.148119
v 0.877488 7.331671 -1.172083
v 1.323339 7.755054 0.241194
vn -0.770861 0.634645 -0.054756
vn -0.818721 0.560652 -0.123956
vn -0.770861 0.634645 -0.054756
vn -0.713324 0.700671 0.015131
vt 0 0
vt 1 0
vt 1 1
vt 0 1
usemtl nature_blossoms_prunusserrulata_01_m_0002.jpg
f 4139/4139/4139 4138/4138/4138 4136/4136/4136
f 4138/4138/4138 4137/4137/4137 4136/4136/4136

v -0.135401 5.810463 1.19609
v -0.895397 5.455569 -0.121608
v -0.562492 7.853068 -0.959329
v 0.324198 8.161507 0.297809
vn -0.8359 0.306034 0.455648
vn -0.863931 0.268774 0.425892
vn -0.8359 0.306034 0.455648
vn -0.805312 0.342357 0.484009
vt 0 0
vt 1 0
vt 1 1
vt 0 1
usemtl nature_blossoms_prunusserrulata_01_m_0005.jpg
f 4143/4143/4143 4142/4142/4142 4140/4140/4140
f 4142/4142/4142 4141/4141/4141 4140/4140/4140

v -0.964803 5.99257 0.313293
v -0.773799 5.111324 1.512505
v -2.871082 6.14227 2.604143
v -2.83457 7.371839 1.62466
vn 0.647762 0.573458 0.501547
vn 0.568033 0.703759 0.426687
vn 0.647762 0.573458 0.501547
vn 0.708746 0.426562 0.561893
vt 0 0
vt 1 0
vt 1 1
vt 0 1
usemtl nature_blossoms_prunusserrulata_01_m_0003.jpg
f 4147/4147/4147 4146/4146/4146 4144/4144/4144
f 4146/4146/4146 4145/4145/4145 4144/4144/4144

v -1.17985 5.897557 0.347888
v -0.566394 5.26 1.465984
v -2.415687 6.464381 3.167378
v -2.734736 7.366568 2.038648
vn 0.708761 0.683861 0.173182
vn 0.611941 0.783105 0.110792
vn 0.708761 0.683861 0.173182
vn 0.789198 0.568808 0.231569
vt 0 0
vt 1 0
vt 1 1
vt 0 1
usemtl nature_blossoms_prunusserrulata_01_m_0003.jpg
f 4151/4151/4151 4150/4150/4150 4148/4148/4148
f 4150/4150/4150 4149/4149/4149 4148/4148/4148

v -1.343913 5.411744 0.318778
v -0.397392 5.72744 1.419747
v -1.533215 8.296512 1.659568
v -2.834854 7.607576 0.970924
vn 0.46122 0.398685 -0.792671
vn 0.657168 0.352725 -0.66612
vn 0.46122 0.398685 -0.792671
vn 0.239202 0.42211 -0.874417
vt 0 0
vt 1 0
vt 1 1
vt 0 1
usemtl nature_blossoms_prunusserrulata_01_m_0002.jpg
f 4155/4155/4155 4154/4154/4154 4152/4152/4152
f 4154/4154/4154 4153/4153/4153 4152/4152/4152

v -0.625744 5.8741 0.30628
v -1.146542 5.243473 1.495711
v -2.854381 7.162285 1.765266
v -2.545018 7.491108 0.323243
vn 0.646694 0.627186 0.434079
vn 0.65774 0.507188 0.556901
vn 0.646694 0.627186 0.434079
vn 0.616502 0.728614 0.298406
vt 0 0
vt 1 0
vt 1 1
vt 0 1
usemtl nature_blossoms_prunusserrulata_01_m_0003.jpg
f 4159/4159/4159 4158/4158/4158 4156/4156/4156
f 4158/4158/4158 4157/4157/4157 4156/4156/4156

v -1.208378 5.973761 0.495219
v -0.530046 5.11899 1.516907
v -2.52155 5.468928 3.1319
v -2.976719 6.628679 2.217201
vn 0.559711 0.716715 0.415984
vn 0.449273 0.809168 0.378683
vn 0.559711 0.716715 0.415984
vn 0.65776 0.608397 0.444077
vt 0 0
vt 1 0
vt 1 1
vt 0 1
usemtl nature_blossoms_prunusserrulata_01_m_0003.jpg
f 4163/4163/4163 4162/4162/4162 4160/4160/4160
f 4162/4162/4162 4161/4161/4161 4160/4160/4160

v -0.980633 4.955767 0.479745
v -0.730842 6.100542 1.518433
v -2.933537 6.06475 2.087599
v -3.244584 5.106803 0.857732
vn -0.12144 0.742016 -0.659291
vn -0.193319 0.682084 -0.705258
vn -0.12144 0.742016 -0.659291
vn -0.048241 0.793881 -0.606156
vt 0 0
vt 1 0
vt 1 1
vt 0 1
usemtl nature_blossoms_prunusserrulata_01_m_0003.jpg
f 4167/4167/4167 4166/4166/4166 4164/4164/4164
f 4166/4166/4166 4165/4165/4165 4164/4164/4164

v -2.008633 2.950483 -0.839957
v -2.785059 3.822118 -1.679963
v -2.425526 2.230078 -3.664269
v -1.759373 1.298702 -2.784326
vn 0.857094 0.454539 -0.242455
vn 0.830023 0.498698 -0.249723
vn 0.857094 0.454539 -0.242455
vn 0.88182 0.409136 -0.234524
vt 0 0
vt 1 0
vt 1 1
vt 0 1
usemtl nature_blossoms_prunusserrulata_01_m_0002.jpg
f 4171/4171/4171 4170/4170/4170 4168/4168/4168
f 4170/4170/4170 4169/4169/4169 4168/4168/4168

v -2.270917 3.086153 -0.602081
v -2.53953 3.680583 -1.904211
v -1.443778 1.509602 -3.121316
v -2.174806 0.555199 -1.777303
vn 0.963216 0.157988 0.217382
vn 0.89645 0.442809 0.017219
vn 0.963216 0.157988 0.217382
vn 0.908957 -0.146683 0.390233
vt 0 0
vt 1 0
vt 1 1
vt 0 1
usemtl nature_blossoms_prunusserrulata_01_m_0003.jpg
f 4175/4175/4175 4174/4174/4174 4172/4172/4172
f 4174/4174/4174 4173/4173/4173 4172/4172/4172

v -1.890614 3.279061 -0.765374
v -2.881115 3.511829 -1.749781
v -2.814115 1.123885 -2.381836
v -1.399404 1.02281 -1.793125
vn 0.55633 0.33272 -0.761442
vn 0.713988 0.197805 -0.671636
vn 0.55633 0.33272 -0.761442
vn 0.37023 0.450626 -0.812321
vt 0 0
vt 1 0
vt 1 1
vt 0 1
usemtl nature_blossoms_prunusserrulata_01_m_0004.jpg
f 4179/4179/4179 4178/4178/4178 4176/4176/4176
f 4178/4178/4178 4177/4177/4177 4176/4176/4176

v -2.182692 3.133643 -0.636486
v -2.577895 3.677541 -1.861792
v -2.339323 1.217863 -3.030562
v -1.222758 0.992498 -1.896526
vn 0.830007 0.407735 -0.380579
vn 0.955211 0.197406 -0.220462
vn 0.830007 0.407735 -0.380579
vn 0.633796 0.583181 -0.508137
vt 0 0
vt 1 0
vt 1 1
vt 0 1
usemtl nature_blossoms_prunusserrulata_01_m_0005.jpg
f 4183/4183/4183 4182/4182/4182 4180/4180/4180
f 4182/4182/4182 4181/4181/4181 4180/4180/4180

v -1.932499 2.730629 -1.016397
v -3.047639 3.757829 -1.171931
v -3.196616 3.209965 -3.722084
v -2.144868 2.116714 -3.548269
vn 0.700194 0.683578 -0.206034
vn 0.679267 0.708368 -0.191865
vn 0.700194 0.683578 -0.206034
vn 0.720243 0.657931 -0.219945
vt 0 0
vt 1 0
vt 1 1
vt 0 1
usemtl nature_blossoms_prunusserrulata_01_m_0004.jpg
f 4187/4187/4187 4186/4186/4186 4184/4184/4184
f 4186/4186/4186 4185/4185/4185 4184/4184/4184

v -1.879703 3.600174 -0.847494
v -3.111065 2.920211 -1.378279
v -2.537476 3.753265 -3.776125
v -0.915702 3.659167 -3.159439
vn -0.256123 0.960621 0.107741
vn -0.529729 0.832456 0.162493
vn -0.256123 0.960621 0.107741
vn 0.041632 0.998215 0.04283
vt 0 0
vt 1 0
vt 1 1
vt 0 1
usemtl nature_blossoms_prunusserrulata_01_m_0002.jpg
f 4191/4191/4191 4190/4190/4190 4188/4188/4188
f 4190/4190/4190 4189/4189/4189 4188/4188/4188

v -1.835617 2.862438 -1.29066
v -3.08455 3.677114 -0.897509
v -3.081532 4.750285 -3.111717
v -2.050821 3.650384 -3.607063
vn 0.676956 0.691076 0.253269
vn 0.586585 0.728484 0.353877
vn 0.676956 0.691076 0.253269
vn 0.753998 0.640062 0.147673
vt 0 0
vt 1 0
vt 1 1
vt 0 1
usemtl nature_blossoms_prunusserrulata_01_m_0005.jpg
f 4195/4195/4195 4194/4194/4194 4192/4192/4192
f 4194/4194/4194 4193/4193/4193 4192/4192/4192

v -2.451778 3.158106 -1.570604
v -2.851765 3.909333 -0.579532
v -5.094758 3.575503 -1.231742
v -4.543925 3.580937 -2.735478
vn 0.11458 0.95306 -0.280264
vn 0.051617 0.805788 -0.589951
vn 0.11458 0.95306 -0.280264
vn 0.163616 0.984479 0.063492
vt 0 0
vt 1 0
vt 1 1
vt 0 1
usemtl nature_blossoms_prunusserrulata_01_m_0003.jpg
f 4199/4199/4199 4198/4198/4198 4196/4196/4196
f 4198/4198/4198 4197/4197/4197 4196/4196/4196

v -2.131056 3.910003 -1.504925
v -3.186225 3.141585 -0.763207
v -4.987169 3.943446 -2.494506
v -3.94528 4.758192 -3.20712
vn -0.19249 0.78989 0.582256
vn -0.186748 0.802889 0.566123
vn -0.19249 0.78989 0.582256
vn -0.198143 0.776526 0.598119
vt 0 0
vt 1 0
vt 1 1
vt 0 1
usemtl nature_blossoms_prunusserrulata_01_m_0005.jpg
f 4203/4203/4203 4202/4202/4202 4200/4200/4200
f 4202/4202/4202 4201/4201/4201 4200/4200/4200

v -2.486751 3.391768 -1.820028
v -2.883492 3.672733 -0.430714
v -5.02934 4.470508 -1.204832
v -4.587911 4.262834 -2.596206
vn 0.380345 0.923619 -0.047599
vn 0.37273 0.92444 -0.080513
vn 0.380345 0.923619 -0.047599
vn 0.387526 0.921743 -0.014631
vt 0 0
vt 1 0
vt 1 1
vt 0 1
usemtl nature_blossoms_prunusserrulata_01_m_0003.jpg
f 4207/4207/4207 4206/4206/4206 4204/4204/4204
f 4206/4206/4206 4205/4205/4205 4204/4204/4204

v -2.22304 3.257178 -1.267117
v -3.232146 4.114611 -0.811846
v -4.492878 3.819467 -3.050395
v -3.075972 3.495618 -3.606704
vn 0.373329 0.908285 -0.188796
vn 0.492944 0.782318 -0.380768
vn 0.373329 0.908285 -0.188796
vn 0.228689 0.973371 0.01583
vt 0 0
vt 1 0
vt 1 1
vt 0 1
usemtl nature_blossoms_prunusserrulata_01_m_0004.jpg
f 4211/4211/4211 4210/4210/4210 4208/4208/4208
f 4210/4210/4210 4209/4209/4209 4208/4208/4208

v -2.057507 3.447374 -1.031085
v -3.431457 3.888666 -1.006242
v -3.118191 4.984354 -3.143938
v -1.949212 3.920331 -3.443033
vn 0.499653 0.800339 0.331368
vn 0.277594 0.837818 0.470108
vn 0.499653 0.800339 0.331368
vn 0.686753 0.706865 0.169443
vt 0 0
vt 1 0
vt 1 1
vt 0 1
usemtl nature_blossoms_prunusserrulata_01_m_0004.jpg
f 4215/4215/4215 4214/4214/4214 4212/4212/4212
f 4214/4214/4214 4213/4213/4213 4212/4212/4212

v -2.104813 3.833576 -1.253425
v -3.317566 3.484884 -0.859108
v -4.258095 4.150602 -3.163089
v -3.019066 4.380998 -3.5812
vn -0.124797 0.946425 0.297835
vn -0.158814 0.929329 0.333354
vn -0.124797 0.946425 0.297835
vn -0.090442 0.960954 0.261509
vt 0 0
vt 1 0
vt 1 1
vt 0 1
usemtl nature_blossoms_prunusserrulata_01_m_0004.jpg
f 4219/4219/4219 4218/4218/4218 4216/4216/4216
f 4218/4218/4218 4217/4217/4217 4216/4216/4216

v -2.196863 4.154063 -1.315347
v -3.242039 3.210987 -0.808154
v -4.862752 4.380348 -1.973653
v -3.620372 4.784177 -3.077146
vn -0.078634 0.800826 0.593713
vn -0.146183 0.589328 0.794559
vn -0.078634 0.800826 0.593713
vn -0.004037 0.940543 0.339651
vt 0 0
vt 1 0
vt 1 1
vt 0 1
usemtl nature_blossoms_prunusserrulata_01_m_0005.jpg
f 4223/4223/4223 4222/4222/4222 4220/4220/4220
f 4222/4222/4222 4221/4221/4221 4220/4220/4220

v -1.53989 5.742869 2.99557
v -0.6774 6.748669 2.902309
v -0.814714 7.106144 5.487714
v -2.171402 6.51061 5.435194
vn -0.579798 0.773941 -0.254656
vn -0.758674 0.638652 -0.128598
vn -0.579798 0.773941 -0.254656
vn -0.362545 0.858003 -0.363858
vt 0 0
vt 1 0
vt 1 1
vt 0 1
usemtl nature_blossoms_prunusserrulata_01_m_0006.jpg
f 4227/4227/4227 4226/4226/4226 4224/4224/4224
f 4226/4226/4226 4225/4225/4225 4224/4224/4224

v -1.661669 6.616861 2.947126
v -0.509904 5.809694 2.979741
v 0.434027 7.227737 4.740041
v -0.95315 7.71083 5.000421
vn 0.316419 0.721636 -0.615727
vn 0.425725 0.579392 -0.695028
vn 0.316419 0.721636 -0.615727
vn 0.19494 0.83612 -0.51274
vt 0 0
vt 1 0
vt 1 1
vt 0 1
usemtl nature_blossoms_prunusserrulata_01_m_0003.jpg
f 4231/4231/4231 4230/4230/4230 4228/4228/4228
f 4230/4230/4230 4229/4229/4229 4228/4228/4228

v -1.941781 5.194791 1.325952
v -2.072526 4.8009 2.749683
v -3.650865 2.8366 2.061294
v -3.490745 3.202446 0.632502
vn -0.795312 0.601031 0.078998
vn -0.791924 0.603312 0.094189
vn -0.795312 0.601031 0.078998
vn -0.798503 0.598601 0.063788
vt 0 0
vt 1 0
vt 1 1
vt 0 1
usemtl nature_blossoms_prunusserrulata_01_m_0001.jpg
f 4235/4235/4235 4234/4234/4234 4232/4232/4232
f 4234/4234/4234 4233/4233/4233 4232/4232/4232

v -1.723514 5.427254 1.490512
v -2.296755 4.634514 2.604366
v -3.294737 3.154592 1.037484
v -3.306906 4.540791 0.044721
vn -0.814148 0.50614 0.28458
vn -0.820931 0.570796 -0.016248
vn -0.814148 0.50614 0.28458
vn -0.730245 0.39354 0.558452
vt 0 0
vt 1 0
vt 1 1
vt 0 1
usemtl nature_blossoms_prunusserrulata_01_m_0002.jpg
f 4239/4239/4239 4238/4238/4238 4236/4236/4236
f 4238/4238/4238 4237/4237/4237 4236/4236/4236

v -1.916947 4.773524 1.546431
v -2.137668 5.373192 2.813431
v -4.733899 5.638949 2.235365
v -4.507158 4.704918 1.127667
vn 0.132404 0.844315 -0.519232
vn 0.180159 0.900849 -0.394985
vn 0.132404 0.844315 -0.519232
vn 0.081879 0.770122 -0.63262
vt 0 0
vt 1 0
vt 1 1
vt 0 1
usemtl nature_blossoms_prunusserrulata_01_m_0004.jpg
f 4243/4243/4243 4242/4242/4242 4240/4240/4240
f 4242/4242/4242 4241/4241/4241 4240/4240/4240

v -1.587356 4.579234 1.83948
v -2.504383 5.514253 2.563725
v -4.41217 4.931312 0.90071
v -3.603291 3.342725 0.883304
vn 0.32927 0.490526 -0.806824
vn 0.291438 0.747849 -0.596478
vn 0.32927 0.490526 -0.806824
vn 0.33026 0.178318 -0.926893
vt 0 0
vt 1 0
vt 1 1
vt 0 1
usemtl nature_blossoms_prunusserrulata_01_m_0003.jpg
f 4247/4247/4247 4246/4246/4246 4244/4244/4244
f 4246/4246/4246 4245/4245/4245 4244/4244/4244

v -2.609671 5.70858 1.46939
v -1.695076 4.960968 2.436589
v -3.598865 3.603306 3.187407
v -4.551286 4.758005 2.570642
vn -0.013264 0.635928 0.771635
vn -0.200511 0.67424 0.710771
vn -0.013264 0.635928 0.771635
vn 0.174517 0.572029 0.801453
vt 0 0
vt 1 0
vt 1 1
vt 0 1
usemtl nature_blossoms_prunusserrulata_01_m_0004.jpg
f 4251/4251/4251 4250/4250/4250 4248/4248/4248
f 4250/4250/4250 4249/4249/4249 4248/4248/4248

v -2.779862 5.724494 1.9445
v -1.49382 4.928611 2.017014
v -2.555827 3.391658 3.98286
v -3.953768 3.975801 3.570931
vn 0.206878 0.654936 0.726815
vn 0.353884 0.634443 0.687203
vn 0.206878 0.654936 0.726815
vn 0.054989 0.659973 0.749274
vt 0 0
vt 1 0
vt 1 1
vt 0 1
usemtl nature_blossoms_prunusserrulata_01_m_0001.jpg
f 4255/4255/4255 4254/4254/4254 4252/4252/4252
f 4254/4254/4254 4253/4253/4253 4252/4252/4252

v -2.299247 4.676975 1.439773
v -1.892198 5.701213 2.3165
v -4.257287 5.596367 3.537057
v -4.810601 4.963744 2.270734
vn -0.20385 0.812326 -0.546417
vn -0.357775 0.685222 -0.634404
vn -0.20385 0.812326 -0.546417
vn -0.040224 0.900771 -0.432427
vt 0 0
vt 1 0
vt 1 1
vt 0 1
usemtl nature_blossoms_prunusserrulata_01_m_0005.jpg
f 4259/4259/4259 4258/4258/4258 4256/4256/4256
f 4258/4258/4258 4257/4257/4257 4256/4256/4256

v -2.580933 4.909077 1.601557
v -1.631646 5.555627 2.21456
v -3.24041 6.087229 4.145172
v -4.223636 5.57315 3.445006
vn -0.210365 0.865149 -0.455261
vn -0.275816 0.842933 -0.461941
vn -0.210365 0.865149 -0.455261
vn -0.143901 0.883194 -0.446387
vt 0 0
vt 1 0
vt 1 1
vt 0 1
usemtl nature_blossoms_prunusserrulata_01_m_0004.jpg
f 4263/4263/4263 4262/4262/4262 4260/4260/4260
f 4262/4262/4262 4261/4261/4261 4260/4260/4260

v -2.813768 4.947714 1.852479
v -1.415575 5.494078 1.893436
v -2.14766 7.249045 3.474251
v -3.30304 6.04189 3.959009
vn -0.49599 0.59153 -0.635678
vn -0.213231 0.603284 -0.768493
vn -0.49599 0.59153 -0.635678
vn -0.730275 0.521966 -0.440737
vt 0 0
vt 1 0
vt 1 1
vt 0 1
usemtl nature_blossoms_prunusserrulata_01_m_0001.jpg
f 4267/4267/4267 4266/4266/4266 4264/4264/4264
f 4266/4266/4266 4265/4265/4265 4264/4264/4264

v -2.65016 4.832348 2.064376
v -1.580202 5.605949 1.67965
v -1.18328 6.258742 4.096147
v -2.19499 5.409784 4.491341
vn -0.632024 0.770328 -0.084502
vn -0.608411 0.785637 -0.112298
vn -0.632024 0.770328 -0.084502
vn -0.654648 0.753814 -0.056574
vt 0 0
vt 1 0
vt 1 1
vt 0 1
usemtl nature_blossoms_prunusserrulata_01_m_0002.jpg
f 4271/4271/4271 4270/4270/4270 4268/4268/4268
f 4270/4270/4270 4269/4269/4269 4268/4268/4268

v -1.811745 6.187262 1.448605
v -1.319625 5.692329 2.67574
v -2.679377 7.323265 3.878841
v -2.698475 8.184063 2.60957
vn 0.866587 0.492723 0.079064
vn 0.753704 0.656136 -0.037624
vn 0.866587 0.492723 0.079064
vn 0.933487 0.303165 0.191556
vt 0 0
vt 1 0
vt 1 1
vt 0 1
usemtl nature_blossoms_prunusserrulata_01_m_0006.jpg
f 4275/4275/4275 4274/4274/4274 4272/4272/4272
f 4274/4274/4274 4273/4273/4273 4272/4272/4272

v -2.10432 5.726998 1.674008
v -1.000573 6.14483 2.4415
v -1.836979 8.701191 2.252641
v -3.493523 7.866272 2.507205
vn 0.157232 0.174959 -0.97194
vn 0.537661 0.114198 -0.835392
vn 0.157232 0.174959 -0.97194
vn -0.249465 0.206491 -0.946112
vt 0 0
vt 1 0
vt 1 1
vt 0 1
usemtl nature_blossoms_prunusserrulata_01_m_0004.jpg
f 4279/4279/4279 4278/4278/4278 4276/4276/4276
f 4278/4278/4278 4277/4277/4277 4276/4276/4276

v -1.337597 5.566388 1.337994
v -1.830584 6.275715 2.58407
v -3.991551 6.623196 1.53132
v -3.391399 6.170721 0.181429
vn 0.340505 0.903022 -0.261929
vn 0.320363 0.872162 -0.369731
vn 0.340505 0.903022 -0.261929
vn 0.356227 0.922162 -0.150727
vt 0 0
vt 1 0
vt 1 1
vt 0 1
usemtl nature_blossoms_prunusserrulata_01_m_0005.jpg
f 4283/4283/4283 4282/4282/4282 4280/4280/4280
f 4282/4282/4282 4281/4281/4281 4280/4280/4280

v -1.329103 6.472973 1.698207
v -1.851801 5.320603 2.291311
v -3.779989 5.224 0.404322
v -2.887679 6.073219 -0.452054
vn -0.577724 0.701659 0.417024
vn -0.591573 0.564573 0.575586
vn -0.577724 0.701659 0.417024
vn -0.538382 0.807785 0.240061
vt 0 0
vt 1 0
vt 1 1
vt 0 1
usemtl nature_blossoms_prunusserrulata_01_m_0005.jpg
f 4287/4287/4287 4286/4286/4286 4284/4284/4284
f 4286/4286/4286 4285/4285/4285 4284/4284/4284

v -1.453583 6.283453 1.4014
v -1.693131 5.513301 2.582387
v -3.778207 4.674021 1.612139
v -3.715584 5.691642 0.556646
vn -0.455658 0.725649 0.515567
vn -0.496532 0.769717 0.401237
vn -0.455658 0.725649 0.515567
vn -0.407181 0.669474 0.621295
vt 0 0
vt 1 0
vt 1 1
vt 0 1
usemtl nature_blossoms_prunusserrulata_01_m_0005.jpg
f 4291/4291/4291 4290/4290/4290 4288/4288/4288
f 4290/4290/4290 4289/4289/4289 4288/4288/4288

v -1.237369 5.457386 1.53199
v -1.910675 6.349342 2.473837
v -4.121381 5.163615 2.016368
v -2.983267 3.715155 1.933827
vn -0.188058 0.309057 -0.932265
vn -0.19017 0.64134 -0.743316
vn -0.188058 0.309057 -0.932265
vn -0.158467 -0.068384 -0.984993
vt 0 0
vt 1 0
vt 1 1
vt 0 1
usemtl nature_blossoms_prunusserrulata_01_m_0004.jpg
f 4295/4295/4295 4294/4294/4294 4292/4292/4292
f 4294/4294/4294 4293/4293/4293 4292/4292/4292

v -1.850727 6.340837 1.333219
v -1.691431 5.460737 2.311798
v -4.213998 5.58553 2.834663
v -4.41916 6.223349 1.645651
vn 0.094431 0.821725 0.562006
vn 0.170294 0.746291 0.643467
vn 0.094431 0.821725 0.562006
vn 0.01686 0.882302 0.470382
vt 0 0
vt 1 0
vt 1 1
vt 0 1
usemtl nature_blossoms_prunusserrulata_01_m_0002.jpg
f 4299/4299/4299 4298/4298/4298 4296/4296/4296
f 4298/4298/4298 4297/4297/4297 4296/4296/4296

v -2.248769 5.627841 1.363029
v -1.312206 6.180665 2.344126
v -3.227904 7.311867 3.535461
v -4.164182 6.556386 2.668284
vn 0.036763 0.797767 -0.601844
vn 0.122072 0.810323 -0.573127
vn 0.036763 0.797767 -0.601844
vn -0.048851 0.778622 -0.625589
vt 0 0
vt 1 0
vt 1 1
vt 0 1
usemtl nature_blossoms_prunusserrulata_01_m_0005.jpg
f 4303/4303/4303 4302/4302/4302 4300/4300/4300
f 4302/4302/4302 4301/4301/4301 4300/4300/4300

v -1.507314 5.361193 1.204194
v -2.051308 6.239495 2.300322
v -2.710107 7.972144 0.585036
v -2.400909 6.908688 -0.479259
vn 0.909493 0.415454 -0.014859
vn 0.895278 0.435116 0.095666
vn 0.909493 0.415454 -0.014859
vn 0.912062 0.390473 -0.125194
vt 0 0
vt 1 0
vt 1 1
vt 0 1
usemtl nature_blossoms_prunusserrulata_01_m_0002.jpg
f 4307/4307/4307 4306/4306/4306 4304/4304/4304
f 4306/4306/4306 4305/4305/4305 4304/4304/4304

v -1.602583 5.419444 1.141549
v -1.956698 6.189446 2.314745
v -4.042682 7.043429 1.124623
v -3.710376 6.231857 -0.027872
vn 0.516004 0.771435 -0.372329
vn 0.519992 0.777624 -0.353424
vn 0.516004 0.771435 -0.372329
vn 0.511803 0.764927 -0.391081
vt 0 0
vt 1 0
vt 1 1
vt 0 1
usemtl nature_blossoms_prunusserrulata_01_m_0002.jpg
f 4311/4311/4311 4310/4310/4310 4308/4308/4308
f 4310/4310/4310 4309/4309/4309 4308/4308/4308

v -1.540757 6.18813 1.13063
v -2.071006 5.389487 2.358697
v -4.110011 6.681989 2.318852
v -3.402735 7.770195 1.355531
vn 0.435484 0.548873 0.713507
vn 0.413511 0.671304 0.61511
vn 0.435484 0.548873 0.713507
vn 0.446503 0.412637 0.793956
vt 0 0
vt 1 0
vt 1 1
vt 0 1
usemtl nature_blossoms_prunusserrulata_01_m_0004.jpg
f 4315/4315/4315 4314/4314/4314 4312/4312/4312
f 4314/4314/4314 4313/4313/4313 4312/4312/4312

v -1.641607 5.444604 1.236458
v -1.957558 6.249342 2.24517
v -4.028844 7.141625 0.884546
v -4.059362 5.814572 0.184008
vn 0.511496 0.589981 -0.624736
vn 0.570128 0.719938 -0.395781
vn 0.511496 0.589981 -0.624736
vn 0.415654 0.417104 -0.808243
vt 0 0
vt 1 0
vt 1 1
vt 0 1
usemtl nature_blossoms_prunusserrulata_01_m_0005.jpg
f 4319/4319/4319 4318/4318/4318 4316/4316/4316
f 4318/4318/4318 4317/4317/4317 4316/4316/4316

v -1.657557 5.841426 2.315955
v -0.297265 6.374141 1.954292
v -0.386846 7.86109 3.807573
v -2.278169 7.981716 3.134263
vn -0.05411 0.615023 -0.786651
vn -0.426172 0.695437 -0.578572
vn -0.05411 0.615023 -0.786651
vn 0.328135 0.418866 -0.846687
vt 0 0
vt 1 0
vt 1 1
vt 0 1
usemtl nature_blossoms_prunusserrulata_01_m_0003.jpg
f 4323/4323/4323 4322/4322/4322 4320/4320/4320
f 4322/4322/4322 4321/4321/4321 4320/4320/4320

v -1.597104 5.721576 2.006463
v -0.369817 6.518784 2.2355
v -1.533773 7.751144 4.18305
v -2.832251 7.133783 3.7095
vn -0.217512 0.717014 -0.662254
vn -0.332149 0.694654 -0.638069
vn -0.217512 0.717014 -0.662254
vn -0.099779 0.729172 -0.677017
vt 0 0
vt 1 0
vt 1 1
vt 0 1
usemtl nature_blossoms_prunusserrulata_01_m_0001.jpg
f 4327/4327/4327 4326/4326/4326 4324/4324/4324
f 4326/4326/4326 4325/4325/4325 4324/4324/4324

v -1.5646 5.818423 2.355489
v -0.355527 6.419697 1.85004
v -0.746546 8.535233 3.431298
v -2.239509 8.174651 3.54398
vn -0.352435 0.434362 -0.828927
vn -0.524741 0.445292 -0.725508
vn -0.352435 0.434362 -0.828927
vn -0.165853 0.405837 -0.898771
vt 0 0
vt 1 0
vt 1 1
vt 0 1
usemtl nature_blossoms_prunusserrulata_01_m_0004.jpg
f 4331/4331/4331 4330/4330/4330 4328/4328/4328
f 4330/4330/4330 4329/4329/4329 4328/4328/4328

v -1.779757 5.794162 2.144963
v -0.389715 6.410692 2.011623
v -0.528979 7.259951 4.486598
v -1.997873 6.807146 4.554936
vn -0.349583 0.866714 -0.355807
vn -0.409799 0.855469 -0.316604
vn -0.349583 0.866714 -0.355807
vn -0.287519 0.873375 -0.393128
vt 0 0
vt 1 0
vt 1 1
vt 0 1
usemtl nature_blossoms_prunusserrulata_01_m_0002.jpg
f 4335/4335/4335 4334/4334/4334 4332/4332/4332
f 4334/4334/4334 4333/4333/4333 4332/4332/4332

v -1.630611 5.715385 1.746296
v -0.509087 6.530387 2.393226
v -1.617777 6.305237 4.598903
v -2.918614 5.831809 3.832515
vn -0.376227 0.907668 -0.185992
vn -0.512412 0.841404 -0.171677
vn -0.376227 0.907668 -0.185992
vn -0.231334 0.952926 -0.196002
vt 0 0
vt 1 0
vt 1 1
vt 0 1
usemtl nature_blossoms_prunusserrulata_01_m_0001.jpg
f 4339/4339/4339 4338/4338/4338 4336/4336/4336
f 4338/4338/4338 4337/4337/4337 4336/4336/4336

v -1.892279 5.772129 2.145682
v -0.539345 6.341536 2.13808
v -1.415685 8.438077 3.210753
v -2.638731 7.565312 3.612339
vn -0.356019 0.400881 -0.844124
vn -0.169914 0.391648 -0.90429
vn -0.356019 0.400881 -0.844124
vn -0.528475 0.394744 -0.751593
vt 0 0
vt 1 0
vt 1 1
vt 0 1
usemtl nature_blossoms_prunusserrulata_01_m_0002.jpg
f 4343/4343/4343 4342/4342/4342 4340/4340/4340
f 4342/4342/4342 4341/4341/4341 4340/4340/4340

v -1.863544 6.201453 1.854471
v -0.593055 5.87163 2.45321
v -0.220251 8.157232 2.921196
v -1.666192 8.340999 2.614299
vn 0.344421 0.20972 -0.915091
vn 0.446765 0.108949 -0.887993
vn 0.344421 0.20972 -0.915091
vn 0.234719 0.306011 -0.92264
vt 0 0
vt 1 0
vt 1 1
vt 0 1
usemtl nature_blossoms_prunusserrulata_01_m_0006.jpg
f 4347/4347/4347 4346/4346/4346 4344/4344/4344
f 4346/4346/4346 4345/4345/4345 4344/4344/4344

v -1.919481 5.985265 2.157187
v -0.590167 6.102071 2.094516
v -0.773242 8.462792 2.611218
v -2.084503 8.29593 2.963513
vn -0.174914 0.255193 -0.950937
vn -0.064339 0.208606 -0.975881
vn -0.174914 0.255193 -0.950937
vn -0.282863 0.297947 -0.911711
vt 0 0
vt 1 0
vt 1 1
vt 0 1
usemtl nature_blossoms_prunusserrulata_01_m_0002.jpg
f 4351/4351/4351 4350/4350/4350 4348/4348/4348
f 4350/4350/4350 4349/4349/4349 4348/4348/4348

v -1.192611 6.424154 1.435864
v -1.081852 5.84356 2.683061
v -3.879875 6.18018 3.088245
v -3.778107 7.239278 2.044927
vn 0.270243 0.786311 0.555594
vn 0.166704 0.899477 0.403919
vn 0.270243 0.786311 0.555594
vn 0.361206 0.636555 0.681416
vt 0 0
vt 1 0
vt 1 1
vt 0 1
usemtl nature_blossoms_prunusserrulata_01_m_0005.jpg
f 4355/4355/4355 4354/4354/4354 4352/4352/4352
f 4354/4354/4354 4353/4353/4353 4352/4352/4352

v -1.437731 6.412096 1.409734
v -0.86127 5.822544 2.763879
v -2.35135 7.014539 3.917165
v -3.102705 7.420414 2.557505
vn 0.580391 0.814184 0.015855
vn 0.648969 0.758887 0.054128
vn 0.580391 0.814184 0.015855
vn 0.506459 0.861969 -0.022564
vt 0 0
vt 1 0
vt 1 1
vt 0 1
usemtl nature_blossoms_prunusserrulata_01_m_0003.jpg
f 4359/4359/4359 4358/4358/4358 4356/4356/4356
f 4358/4358/4358 4357/4357/4357 4356/4356/4356

v -1.338023 5.887352 1.41195
v -0.940146 6.33645 2.678251
v -3.106872 7.332688 3.005727
v -3.421562 7.191564 1.604064
vn 0.42258 0.853471 -0.304982
vn 0.330404 0.852055 -0.405999
vn 0.42258 0.853471 -0.304982
vn 0.506852 0.838924 -0.19826
vt 0 0
vt 1 0
vt 1 1
vt 0 1
usemtl nature_blossoms_prunusserrulata_01_m_0006.jpg
f 4363/4363/4363 4362/4362/4362 4360/4360/4360
f 4362/4362/4362 4361/4361/4361 4360/4360/4360

v -0.34899 5.352748 -0.25732
v -1.635458 5.651635 0.049951
v -1.919652 6.832745 -2.288784
v -0.697773 6.357427 -2.694855
vn 0.36459 0.863899 0.347493
vn 0.297158 0.86635 0.401416
vn 0.36459 0.863899 0.347493
vn 0.429303 0.855003 0.290979
vt 0 0
vt 1 0
vt 1 1
vt 0 1
usemtl nature_blossoms_prunusserrulata_01_m_0006.jpg
f 4367/4367/4367 4366/4366/4366 4364/4364/4364
f 4366/4366/4366 4365/4365/4365 4364/4364/4364

v -0.503219 5.114794 -0.505079
v -1.443372 5.911914 0.305352
v -2.241024 7.110018 -1.798402
v -1.730083 5.748107 -2.551232
vn 0.78262 0.613578 -0.105012
vn 0.704199 0.697913 0.130466
vn 0.78262 0.613578 -0.105012
vn 0.807266 0.487083 -0.333274
vt 0 0
vt 1 0
vt 1 1
vt 0 1
usemtl nature_blossoms_prunusserrulata_01_m_0003.jpg
f 4371/4371/4371 4370/4370/4370 4368/4368/4368
f 4370/4370/4370 4369/4369/4369 4368/4368/4368

v -0.355185 5.069541 -0.117203
v -1.578256 5.958408 -0.06145
v -1.933371 5.63769 -2.738503
v -0.15354 5.517715 -2.838862
vn 0.342264 0.939601 -0.002412
vn 0.573984 0.800587 -0.172052
vn 0.342264 0.939601 -0.002412
vn 0.075703 0.982966 0.167473
vt 0 0
vt 1 0
vt 1 1
vt 0 1
usemtl nature_blossoms_prunusserrulata_01_m_0006.jpg
f 4375/4375/4375 4374/4374/4374 4372/4372/4372
f 4374/4374/4374 4373/4373/4373 4372/4372/4372

v -0.625284 5.22703 -0.429133
v -1.691125 4.540932 0.233919
v -1.821366 2.908394 -1.664721
v -1.060344 3.944543 -2.455545
vn -0.769283 0.560378 -0.306889
vn -0.664958 0.588259 -0.460198
vn -0.769283 0.560378 -0.306889
vn -0.846556 0.512791 -0.142787
vt 0 0
vt 1 0
vt 1 1
vt 0 1
usemtl nature_blossoms_prunusserrulata_01_m_0006.jpg
f 4379/4379/4379 4378/4378/4378 4376/4376/4376
f 4378/4378/4378 4377/4377/4377 4376/4376/4376

v -0.520393 4.573699 -0.228445
v -1.775354 5.245906 -0.019897
v -3.031251 3.114905 -0.708594
v -1.702052 2.728481 -1.391566
vn -0.105783 0.470426 -0.876076
vn 0.005016 0.304837 -0.952391
vn -0.105783 0.470426 -0.876076
vn -0.211768 0.614601 -0.759882
vt 0 0
vt 1 0
vt 1 1
vt 0 1
usemtl nature_blossoms_prunusserrulata_01_m_0001.jpg
f 4383/4383/4383 4382/4382/4382 4380/4380/4380
f 4382/4382/4382 4381/4381/4381 4380/4380/4380

v -0.555773 4.659145 0.226002
v -1.730843 5.168939 -0.458505
v -2.289361 2.8541 -1.223719
v -0.690774 2.572296 -1.09645
vn 0.364671 0.344531 -0.865051
vn 0.543595 0.142289 -0.827199
vn 0.364671 0.344531 -0.865051
vn 0.158634 0.521157 -0.838588
vt 0 0
vt 1 0
vt 1 1
vt 0 1
usemtl nature_blossoms_prunusserrulata_01_m_0005.jpg
f 4387/4387/4387 4386/4386/4386 4384/4384/4384
f 4386/4386/4386 4385/4385/4385 4384/4384/4384

v -1.061515 4.497132 -0.526772
v -1.257385 5.445708 0.437918
v -3.657425 5.979661 -0.574418
v -3.616969 4.611469 -1.158057
vn 0.33032 0.553828 -0.764306
vn 0.405891 0.691512 -0.597548
vn 0.33032 0.553828 -0.764306
vn 0.237415 0.387081 -0.890956
vt 0 0
vt 1 0
vt 1 1
vt 0 1
usemtl nature_blossoms_prunusserrulata_01_m_0002.jpg
f 4391/4391/4391 4390/4390/4390 4388/4388/4388
f 4390/4390/4390 4389/4389/4389 4388/4388/4388

v -0.67184 5.442836 -0.374988
v -1.735778 4.550317 0.308023
v -3.332383 5.174026 -1.36401
v -2.307793 6.21515 -1.914126
vn -0.303603 0.723396 0.6201
vn -0.287744 0.774311 0.5636
vn -0.303603 0.723396 0.6201
vn -0.317629 0.668113 0.672857
vt 0 0
vt 1 0
vt 1 1
vt 0 1
usemtl nature_blossoms_prunusserrulata_01_m_0005.jpg
f 4395/4395/4395 4394/4394/4394 4392/4392/4392
f 4394/4394/4394 4393/4393/4393 4392/4392/4392

v -0.807077 5.31187 -0.519926
v -1.589222 4.603506 0.393427
v -3.550111 6.239956 -0.016596
v -2.894753 6.65947 -1.262544
vn 0.352063 0.709442 0.610528
vn 0.333569 0.58494 0.739308
vn 0.352063 0.709442 0.610528
vn 0.35914 0.810938 0.46195
vt 0 0
vt 1 0
vt 1 1
vt 0 1
usemtl nature_blossoms_prunusserrulata_01_m_0001.jpg
f 4399/4399/4399 4398/4398/4398 4396/4396/4396
f 4398/4398/4398 4397/4397/4397 4396/4396/4396

v -1.152707 5.11251 -0.705797
v -1.277155 4.852469 0.640304
v -2.476732 7.018439 0.947826
v -2.346783 7.282383 -0.397012
vn 0.872589 0.457339 0.171547
vn 0.872161 0.458991 0.1693
vn 0.872589 0.457339 0.171547
vn 0.873011 0.455685 0.173791
vt 0 0
vt 1 0
vt 1 1
vt 0 1
usemtl nature_blossoms_prunusserrulata_01_m_0004.jpg
f 4403/4403/4403 4402/4402/4402 4400/4400/4400
f 4402/4402/4402 4401/4401/4401 4400/4400/4400

v -0.243764 6.223423 0.071411
v -1.337363 5.467089 0.681949
v -2.682467 5.766398 -1.356624
v -1.598261 6.546179 -1.954939
vn -0.381523 0.841652 0.38218
vn -0.377505 0.847343 0.373497
vn -0.381523 0.841652 0.38218
vn -0.385494 0.835858 0.390815
vt 0 0
vt 1 0
vt 1 1
vt 0 1
usemtl nature_blossoms_prunusserrulata_01_m_0003.jpg
f 4407/4407/4407 4406/4406/4406 4404/4404/4404
f 4406/4406/4406 4405/4405/4405 4404/4404/4404

v -0.198405 6.176512 0.508947
v -1.437712 5.511612 0.277276
v -1.651802 6.64237 -1.822758
v -0.452835 7.368924 -1.552238
vn -0.509366 0.725707 0.462489
vn -0.485827 0.747952 0.452261
vn -0.509366 0.725707 0.462489
vn -0.532317 0.702625 0.472183
vt 0 0
vt 1 0
vt 1 1
vt 0 1
usemtl nature_blossoms_prunusserrulata_01_m_0002.jpg
f 4411/4411/4411 4410/4410/4410 4408/4408/4408
f 4410/4410/4410 4409/4409/4409 4408/4408/4408

v -0.173167 6.088351 0.234048
v -1.439014 5.571922 0.511518
v -2.358441 6.97171 -1.077712
v -1.105846 7.594231 -1.21818
vn -0.17511 0.65644 0.733773
vn -0.134231 0.703821 0.69758
vn -0.17511 0.65644 0.733773
vn -0.215073 0.605628 0.766132
vt 0 0
vt 1 0
vt 1 1
vt 0 1
usemtl nature_blossoms_prunusserrulata_01_m_0002.jpg
f 4415/4415/4415 4414/4414/4414 4412/4412/4412
f 4414/4414/4414 4413/4413/4413 4412/4412/4412

v -0.368682 6.120397 0.997427
v -1.113756 5.564613 -0.018235
v -0.103361 7.012138 -1.551549
v -0.173942 8.084891 -0.220426
vn -0.921922 0.385419 0.038874
vn -0.721399 0.673645 0.16058
vn -0.921922 0.385419 0.038874
vn -0.995132 0.043969 -0.0882
vt 0 0
vt 1 0
vt 1 1
vt 0 1
usemtl nature_blossoms_prunusserrulata_01_m_0005.jpg
f 4419/4419/4419 4418/4418/4418 4416/4416/4416
f 4418/4418/4418 4417/4417/4417 4416/4416/4416

v -0.144241 6.020851 0.829119
v -1.32091 5.718726 0.224547
v -1.690612 8.193023 -0.292395
v -0.300909 8.351044 -0.030435
vn -0.34892 0.221727 0.910545
vn -0.476581 0.110993 0.872096
vn -0.34892 0.221727 0.910545
vn -0.210777 0.325801 0.921643
vt 0 0
vt 1 0
vt 1 1
vt 0 1
usemtl nature_blossoms_prunusserrulata_01_m_0006.jpg
f 4423/4423/4423 4422/4422/4422 4420/4420/4420
f 4422/4422/4422 4421/4421/4421 4420/4420/4420

v -1.45614 5.205546 3.235321
v -1.489987 4.544119 4.47689
v -3.889936 5.482786 4.911523
v -4.036629 5.375699 3.255618
vn 0.242704 0.950253 0.19523
vn 0.395081 0.806259 0.440293
vn 0.242704 0.950253 0.19523
vn 0.065084 0.995412 -0.070139
vt 0 0
vt 1 0
vt 1 1
vt 0 1
usemtl nature_blossoms_prunusserrulata_01_m_0004.jpg
f 4427/4427/4427 4426/4426/4426 4424/4424/4424
f 4426/4426/4426 4425/4425/4425 4424/4424/4424

v -1.936166 4.526022 3.370279
v -0.996586 5.135512 4.347555
v -2.806712 6.685502 5.121189
v -3.749595 6.056539 4.159234
vn 0.271357 0.669802 -0.691181
vn 0.280129 0.670188 -0.687296
vn 0.271357 0.669802 -0.691181
vn 0.262559 0.669354 -0.695002
vt 0 0
vt 1 0
vt 1 1
vt 0 1
usemtl nature_blossoms_prunusserrulata_01_m_0001.jpg
f 4431/4431/4431 4430/4430/4430 4428/4428/4428
f 4430/4430/4430 4429/4429/4429 4428/4428/4428

v -1.816797 4.556009 3.342272
v -1.117077 5.204996 4.446968
v -2.761162 7.046195 4.406671
v -3.553633 6.296533 3.419869
vn 0.516411 0.494636 -0.699038
vn 0.571625 0.496124 -0.653533
vn 0.516411 0.494636 -0.699038
vn 0.458552 0.490615 -0.740964
vt 0 0
vt 1 0
vt 1 1
vt 0 1
usemtl nature_blossoms_prunusserrulata_01_m_0002.jpg
f 4435/4435/4435 4434/4434/4434 4432/4432/4432
f 4434/4434/4434 4433/4433/4433 4432/4432/4432

v -1.369841 5.477351 3.437646
v -1.352192 4.499965 4.511932
v -3.500262 5.21374 5.196614
v -3.774131 5.671245 3.653548
vn 0.269854 0.849104 0.454094
vn 0.418064 0.675345 0.607562
vn 0.269854 0.849104 0.454094
vn 0.101213 0.958577 0.266246
vt 0 0
vt 1 0
vt 1 1
vt 0 1
usemtl nature_blossoms_prunusserrulata_01_m_0005.jpg
f 4439/4439/4439 4438/4438/4438 4436/4436/4436
f 4438/4438/4438 4437/4437/4437 4436/4436/4436

v -1.778533 4.653844 3.543475
v -0.938912 5.311401 4.483052
v -2.463404 4.60598 6.339046
v -3.69729 4.948894 5.051616
vn -0.176967 0.98386 -0.026509
vn -0.529298 0.840568 -0.115278
vn -0.176967 0.98386 -0.026509
vn 0.202359 0.977064 0.066303
vt 0 0
vt 1 0
vt 1 1
vt 0 1
usemtl nature_blossoms_prunusserrulata_01_m_0004.jpg
f 4443/4443/4443 4442/4442/4442 4440/4440/4440
f 4442/4442/4442 4441/4441/4441 4440/4440/4440

v -1.663627 4.452908 3.584331
v -1.088717 5.487435 4.44683
v -3.26483 5.683863 5.661741
v -3.939645 5.350033 4.025381
vn -0.000043 0.860296 -0.509795
vn -0.297018 0.703421 -0.645739
vn -0.000043 0.860296 -0.509795
vn 0.296938 0.904227 -0.306923
vt 0 0
vt 1 0
vt 1 1
vt 0 1
usemtl nature_blossoms_prunusserrulata_01_m_0004.jpg
f 4447/4447/4447 4446/4446/4446 4444/4444/4444
f 4446/4446/4446 4445/4445/4445 4444/4444/4444

v -1.540596 5.671846 4.251181
v -0.543924 4.483009 3.953741
v -0.647716 3.794391 6.358281
v -1.277822 5.276679 6.711132
vn 0.858456 0.505514 0.086651
vn 0.774705 0.598249 0.204768
vn 0.858456 0.505514 0.086651
vn 0.916826 0.397834 -0.034028
vt 0 0
vt 1 0
vt 1 1
vt 0 1
usemtl nature_blossoms_prunusserrulata_01_m_0006.jpg
f 4451/4451/4451 4450/4450/4450 4448/4448/4448
f 4450/4450/4450 4449/4449/4449 4448/4448/4448

v -1.589765 4.741383 4.178255
v -0.479877 5.516453 4.041834
v 0.414043 4.634438 6.303426
v -0.532625 3.580867 6.185466
vn -0.550376 0.627694 0.550533
vn -0.463844 0.74782 0.474988
vn -0.550376 0.627694 0.550533
vn -0.621704 0.490227 0.61087
vt 0 0
vt 1 0
vt 1 1
vt 0 1
usemtl nature_blossoms_prunusserrulata_01_m_0002.jpg
f 4455/4455/4455 4454/4454/4454 4452/4452/4452
f 4454/4454/4454 4453/4453/4453 4452/4452/4452

v -1.503635 5.527184 3.664513
v -0.84618 4.641926 4.517046
v -2.785921 4.341633 5.701111
v -3.41166 5.43587 5.041121
vn 0.342351 0.70217 0.624302
vn 0.24794 0.761216 0.59923
vn 0.342351 0.70217 0.624302
vn 0.432303 0.633976 0.64124
vt 0 0
vt 1 0
vt 1 1
vt 0 1
usemtl nature_blossoms_prunusserrulata_01_m_0006.jpg
f 4459/4459/4459 4458/4458/4458 4456/4456/4456
f 4458/4458/4458 4457/4457/4457 4456/4456/4456

v -1.765892 4.817364 3.644288
v -0.583542 5.311298 4.475332
v -2.202768 5.928237 6.41237
v -3.421128 5.584876 5.543065
vn -0.054145 0.923711 -0.379245
vn -0.111874 0.916001 -0.385262
vn -0.054145 0.923711 -0.379245
vn 0.003769 0.928254 -0.371928
vt 0 0
vt 1 0
vt 1 1
vt 0 1
usemtl nature_blossoms_prunusserrulata_01_m_0003.jpg
f 4463/4463/4463 4462/4462/4462 4460/4460/4460
f 4462/4462/4462 4461/4461/4461 4460/4460/4460

v -1.358329 4.609747 3.513
v -1.006164 5.487247 4.627652
v -3.028739 4.443152 6.088623
v -3.501895 3.778962 4.844271
vn -0.555152 0.771771 -0.310122
vn -0.618663 0.700408 -0.355928
vn -0.555152 0.771771 -0.310122
vn -0.48541 0.834471 -0.260836
vt 0 0
vt 1 0
vt 1 1
vt 0 1
usemtl nature_blossoms_prunusserrulata_01_m_0005.jpg
f 4467/4467/4467 4466/4466/4466 4464/4464/4464
f 4466/4466/4466 4465/4465/4465 4464/4464/4464

v -1.790704 5.422743 3.951523
v -0.616086 4.687558 4.231223
v -1.619369 3.776155 6.048977
v -2.684226 4.782486 6.021027
vn 0.475598 0.710373 0.518822
vn 0.337383 0.753646 0.564084
vn 0.475598 0.710373 0.518822
vn 0.602863 0.650744 0.461615
vt 0 0
vt 1 0
vt 1 1
vt 0 1
usemtl nature_blossoms_prunusserrulata_01_m_0003.jpg
f 4471/4471/4471 4470/4470/4470 4468/4468/4468
f 4470/4470/4470 4469/4469/4469 4468/4468/4468

v -0.834198 5.692742 2.834388
v -1.680148 4.724551 3.644013
v -2.994822 4.241329 1.692494
v -2.265241 5.38983 0.976903
vn -0.638359 0.702167 0.315371
vn -0.624881 0.743959 0.236748
vn -0.638359 0.702167 0.315371
vn -0.646661 0.65468 0.391437
vt 0 0
vt 1 0
vt 1 1
vt 0 1
usemtl nature_blossoms_prunusserrulata_01_m_0006.jpg
f 4475/4475/4475 4474/4474/4474 4472/4472/4472
f 4474/4474/4474 4473/4473/4473 4472/4472/4472

v -0.73831 4.737026 3.257107
v -1.774694 5.696061 3.21686
v -2.284383 5.047267 0.88171
v -1.732106 3.577844 1.226123
vn 0.771493 0.457231 -0.442424
vn 0.647594 0.685896 -0.331917
vn 0.771493 0.457231 -0.442424
vn 0.833787 0.192057 -0.517603
vt 0 0
vt 1 0
vt 1 1
vt 0 1
usemtl nature_blossoms_prunusserrulata_01_m_0003.jpg
f 4479/4479/4479 4478/4478/4478 4476/4476/4476
f 4478/4478/4478 4477/4477/4477 4476/4476/4476

v -1.444809 4.809668 2.617994
v -1.097227 5.350646 3.871533
v -3.567482 6.626196 4.006009
v -3.975848 5.896659 2.850698
vn 0.333618 0.786718 -0.519398
vn 0.389203 0.801586 -0.453851
vn 0.333618 0.786718 -0.519398
vn 0.275495 0.765864 -0.580994
vt 0 0
vt 1 0
vt 1 1
vt 0 1
usemtl nature_blossoms_prunusserrulata_01_m_0004.jpg
f 4483/4483/4483 4482/4482/4482 4480/4480/4480
f 4482/4482/4482 4481/4481/4481 4480/4480/4480

v -1.646039 5.356351 2.710609
v -0.939013 4.801102 3.846123
v -2.969381 4.617382 5.020493
v -3.442565 6.008409 4.14806
vn 0.403311 0.778912 0.480245
vn 0.130142 0.920284 0.368972
vn 0.403311 0.778912 0.480245
vn 0.633331 0.554206 0.540137
vt 0 0
vt 1 0
vt 1 1
vt 0 1
usemtl nature_blossoms_prunusserrulata_01_m_0006.jpg
f 4487/4487/4487 4486/4486/4486 4484/4484/4484
f 4486/4486/4486 4485/4485/4485 4484/4484/4484

v -1.891496 4.894774 2.862345
v -0.754693 5.243254 3.679161
v -1.762701 4.042987 5.594128
v -2.999564 3.974129 4.797273
vn -0.355244 0.887509 0.293479
vn -0.461576 0.840471 0.283826
vn -0.355244 0.887509 0.293479
vn -0.244076 0.922466 0.299138
vt 0 0
vt 1 0
vt 1 1
vt 0 1
usemtl nature_blossoms_prunusserrulata_01_m_0003.jpg
f 4491/4491/4491 4490/4490/4490 4488/4488/4488
f 4490/4490/4490 4489/4489/4489 4488/4488/4488

v -0.328169 4.996547 4.414372
v 0.601462 4.293128 3.46864
v 2.541424 4.326243 5.350945
v 1.392203 4.617155 6.387641
vn 0.279739 0.94257 -0.182504
vn 0.318566 0.883331 -0.343864
vn 0.279739 0.94257 -0.182504
vn 0.232225 0.972539 -0.015477
vt 0 0
vt 1 0
vt 1 1
vt 0 1
usemtl nature_blossoms_prunusserrulata_01_m_0004.jpg
f 4495/4495/4495 4494/4494/4494 4492/4492/4492
f 4494/4494/4494 4493/4493/4493 4492/4492/4492

v -0.331373 5.231297 3.949802
v 0.590631 4.066441 3.912362
v 1.234487 4.497049 6.370725
v 0.667069 5.946252 6.293506
vn 0.803273 0.458135 -0.380611
vn 0.743413 0.598049 -0.299458
vn 0.803273 0.458135 -0.380611
vn 0.839241 0.304593 -0.450442
vt 0 0
vt 1 0
vt 1 1
vt 0 1
usemtl nature_blossoms_prunusserrulata_01_m_0004.jpg
f 4499/4499/4499 4498/4498/4498 4496/4496/4496
f 4498/4498/4498 4497/4497/4497 4496/4496/4496

v -0.291331 5.111808 4.379564
v 0.509489 4.186509 3.516832
v 2.428505 4.03587 5.459697
v 1.756068 5.134919 6.255248
vn 0.480128 0.738554 -0.473302
vn 0.470747 0.784251 -0.404162
vn 0.480128 0.738554 -0.473302
vn 0.486168 0.68772 -0.539149
vt 0 0
vt 1 0
vt 1 1
vt 0 1
usemtl nature_blossoms_prunusserrulata_01_m_0005.jpg
f 4503/4503/4503 4502/4502/4502 4500/4500/4500
f 4502/4502/4502 4501/4501/4501 4500/4500/4500

v -0.123557 4.638432 4.406376
v 0.175397 4.140531 3.097724
v 0.617967 1.92963 4.040004
v 0.540329 2.518837 5.364476
vn 0.96511 0.260024 0.030841
vn 0.961042 0.246049 0.125931
vn 0.96511 0.260024 0.030841
vn 0.960246 0.271592 -0.064533
vt 0 0
vt 1 0
vt 1 1
vt 0 1
usemtl nature_blossoms_prunusserrulata_01_m_0003.jpg
f 4507/4507/4507 4506/4506/4506 4504/4504/4504
f 4506/4506/4506 4505/4505/4505 4504/4504/4504

v -0.457041 4.088546 4.062238
v 0.517204 4.715059 3.346435
v 2.18167 3.033596 4.140142
v 1.277642 2.606113 5.125717
vn 0.248792 0.673684 0.695883
vn 0.207865 0.578189 0.78898
vn 0.248792 0.673684 0.695883
vn 0.284877 0.756067 0.589243
vt 0 0
vt 1 0
vt 1 1
vt 0 1
usemtl nature_blossoms_prunusserrulata_01_m_0006.jpg
f 4511/4511/4511 4510/4510/4510 4508/4508/4508
f 4510/4510/4510 4509/4509/4509 4508/4508/4508

v -0.508858 3.96356 3.921324
v 0.605896 4.771974 3.540182
v 1.875955 3.937014 5.483848
v 0.674996 3.34305 6.067714
vn -0.303507 0.824697 0.477241
vn -0.355432 0.751905 0.555255
vn -0.303507 0.824697 0.477241
vn -0.247308 0.885877 0.392507
vt 0 0
vt 1 0
vt 1 1
vt 0 1
usemtl nature_blossoms_prunusserrulata_01_m_0004.jpg
f 4515/4515/4515 4514/4514/4514 4512/4512/4512
f 4514/4514/4514 4513/4513/4513 4512/4512/4512

v -0.382792 4.906974 3.90585
v 0.444373 3.825834 3.552076
v 0.607403 3.156064 5.98009
v -0.34797 4.136857 6.34076
vn 0.773423 0.615752 0.150554
vn 0.806201 0.581994 0.106411
vn 0.773423 0.615752 0.150554
vn 0.737426 0.646947 0.194071
vt 0 0
vt 1 0
vt 1 1
vt 0 1
usemtl nature_blossoms_prunusserrulata_01_m_0002.jpg
f 4519/4519/4519 4518/4518/4518 4516/4516/4516
f 4518/4518/4518 4517/4517/4517 4516/4516/4516

v -0.370361 4.621052 4.451528
v 0.398822 4.186121 3.215724
v 1.350417 2.385033 4.441888
v 0.793595 2.943354 5.766443
vn 0.780861 0.600182 0.173317
vn 0.763852 0.58668 0.268956
vn 0.780861 0.600182 0.173317
vn 0.790359 0.607911 0.076011
vt 0 0
vt 1 0
vt 1 1
vt 0 1
usemtl nature_blossoms_prunusserrulata_01_m_0006.jpg
f 4523/4523/4523 4522/4522/4522 4520/4520/4520
f 4522/4522/4522 4521/4521/4521 4520/4520/4520

v -0.063041 4.744158 4.439102
v 0.069097 4.058305 3.242769
v 1.18905 2.065307 4.509048
v 1.302949 2.947356 5.620079
vn 0.875826 0.402403 -0.266459
vn 0.898472 0.416304 -0.139426
vn 0.875826 0.402403 -0.266459
vn 0.838429 0.381724 -0.389003
vt 0 0
vt 1 0
vt 1 1
vt 0 1
usemtl nature_blossoms_prunusserrulata_01_m_0001.jpg
f 4527/4527/4527 4526/4526/4526 4524/4524/4524
f 4526/4526/4526 4525/4525/4525 4524/4524/4524

v 0.588838 4.81238 4.328548
v 0.630242 5.624835 3.189311
v 2.704385 6.814237 4.112921
v 2.743064 5.831609 5.133709
vn -0.552489 0.641226 0.532528
vn -0.586771 0.669204 0.455923
vn -0.552489 0.641226 0.532528
vn -0.513882 0.608229 0.604965
vt 0 0
vt 1 0
vt 1 1
vt 0 1
usemtl nature_blossoms_prunusserrulata_01_m_0004.jpg
f 4531/4531/4531 4530/4530/4530 4528/4528/4528
f 4530/4530/4530 4529/4529/4529 4528/4528/4528

v 0.704428 4.74507 4.277487
v 0.467521 5.749694 3.207895
v 2.854832 5.595858 2.53463
v 3.12253 4.763678 3.759372
vn 0.169395 0.787031 0.593201
vn 0.227643 0.734415 0.639385
vn 0.169395 0.787031 0.593201
vn 0.109741 0.83312 0.542096
vt 0 0
vt 1 0
vt 1 1
vt 0 1
usemtl nature_blossoms_prunusserrulata_01_m_0003.jpg
f 4535/4535/4535 4534/4534/4534 4532/4532/4532
f 4534/4534/4534 4533/4533/4533 4532/4532/4532

v 1.102452 4.84568 4.16185
v 0.164371 5.654135 3.379124
v 2.325344 6.85364 2.028176
v 3.231194 5.88156 2.680526
vn 0.111378 0.691053 0.714172
vn 0.03715 0.717018 0.696064
vn 0.111378 0.691053 0.714172
vn 0.184881 0.660587 0.727629
vt 0 0
vt 1 0
vt 1 1
vt 0 1
usemtl nature_blossoms_prunusserrulata_01_m_0001.jpg
f 4539/4539/4539 4538/4538/4538 4536/4536/4536
f 4538/4538/4538 4537/4537/4537 4536/4536/4536

v -0.112204 5.917307 3.963416
v 1.023903 4.987485 3.449866
v 1.927658 4.732157 5.9115
v 0.472655 5.239826 6.483912
vn 0.494079 0.869341 0.011522
vn 0.590561 0.795743 -0.13428
vn 0.494079 0.869341 0.011522
vn 0.379818 0.911656 0.15691
vt 0 0
vt 1 0
vt 1 1
vt 0 1
usemtl nature_blossoms_prunusserrulata_01_m_0006.jpg
f 4543/4543/4543 4542/4542/4542 4540/4540/4540
f 4542/4542/4542 4541/4541/4541 4540/4540/4540

v 0.06629 5.070701 4.213893
v 0.863092 5.889021 3.267453
v 2.190561 6.789562 5.163676
v 2.010288 4.90831 5.710125
vn -0.671599 0.565451 0.478769
vn -0.652527 0.751127 0.100088
vn -0.671599 0.565451 0.478769
vn -0.570966 0.27899 0.772115
vt 0 0
vt 1 0
vt 1 1
vt 0 1
usemtl nature_blossoms_prunusserrulata_01_m_0005.jpg
f 4547/4547/4547 4546/4546/4546 4544/4544/4544
f 4546/4546/4546 4545/4545/4545 4544/4544/4544

v 0.100197 5.824729 4.248168
v 0.787734 5.089479 3.211466
v 2.954105 6.389854 3.725944
v 2.395433 6.51329 5.282019
vn -0.250414 0.867588 -0.429633
vn -0.260287 0.697692 -0.66744
vn -0.250414 0.867588 -0.429633
vn -0.219127 0.963292 -0.155086
vt 0 0
vt 1 0
vt 1 1
vt 0 1
usemtl nature_blossoms_prunusserrulata_01_m_0003.jpg
f 4551/4551/4551 4550/4550/4550 4548/4548/4548
f 4550/4550/4550 4549/4549/4549 4548/4548/4548

v 0.317663 5.156377 4.321832
v 0.636461 5.803809 3.110302
v 1.604184 7.71556 4.38657
v 1.657211 6.797922 5.551545
vn -0.879654 0.437489 0.186581
vn -0.893496 0.449044 0.004854
vn -0.879654 0.437489 0.186581
vn -0.836475 0.411343 0.362085
vt 0 0
vt 1 0
vt 1 1
vt 0 1
usemtl nature_blossoms_prunusserrulata_01_m_0003.jpg
f 4555/4555/4555 4554/4554/4554 4552/4552/4552
f 4554/4554/4554 4553/4553/4553 4552/4552/4552

v 0.649889 6.375479 2.999823
v -0.594357 5.856226 2.478188
v -1.025149 8.081443 1.290693
v 0.380947 8.463952 1.562391
vn -0.39128 0.430625 0.813303
vn -0.48049 0.338685 0.808963
vn -0.39128 0.430625 0.813303
vn -0.295642 0.51549 0.80428
vt 0 0
vt 1 0
vt 1 1
vt 0 1
usemtl nature_blossoms_prunusserrulata_01_m_0001.jpg
f 4559/4559/4559 4558/4558/4558 4556/4556/4556
f 4558/4558/4558 4557/4557/4557 4556/4556/4556

v 0.263035 6.018912 2.111214
v -0.204802 6.205343 3.35158
v -0.838693 8.677506 2.740917
v -0.688275 8.404163 1.393892
vn 0.924537 0.344572 0.162792
vn 0.905274 0.305137 0.295585
vn 0.924537 0.344572 0.162792
vn 0.925716 0.377268 0.026815
vt 0 0
vt 1 0
vt 1 1
vt 0 1
usemtl nature_blossoms_prunusserrulata_01_m_0004.jpg
f 4563/4563/4563 4562/4562/4562 4560/4560/4560
f 4562/4562/4562 4561/4561/4561 4560/4560/4560

v 0.655171 6.107338 3.089481
v -0.538913 6.087436 2.444971
v -0.526684 8.527794 2.346959
v 0.900441 8.540293 2.559944
vn -0.316456 0.133585 0.939154
vn -0.47513 0.037688 0.879108
vn -0.316456 0.133585 0.939154
vn -0.145763 0.224409 0.963532
vt 0 0
vt 1 0
vt 1 1
vt 0 1
usemtl nature_blossoms_prunusserrulata_01_m_0006.jpg
f 4567/4567/4567 4566/4566/4566 4564/4564/4564
f 4566/4566/4566 4565/4565/4565 4564/4564/4564

v 0.282018 6.225388 2.061571
v -0.166109 6.022582 3.418405
v 0.238666 8.465187 3.917187
v 1.358959 8.504571 2.757926
vn 0.814843 -0.360388 0.454039
vn 0.936966 -0.211989 0.277769
vn 0.814843 -0.360388 0.454039
vn 0.637306 -0.484277 0.59943
vt 0 0
vt 1 0
vt 1 1
vt 0 1
usemtl nature_blossoms_prunusserrulata_01_m_0006.jpg
f 4571/4571/4571 4570/4570/4570 4568/4568/4568
f 4570/4570/4570 4569/4569/4569 4568/4568/4568

v -0.393656 6.285466 3.205267
v 0.723574 5.827625 2.354433
v 1.900435 7.98425 2.739272
v 0.97308 8.211102 3.963726
vn -0.518317 0.512066 -0.684935
vn -0.451582 0.389655 -0.802648
vn -0.518317 0.512066 -0.684935
vn -0.567795 0.617429 -0.544417
vt 0 0
vt 1 0
vt 1 1
vt 0 1
usemtl nature_blossoms_prunusserrulata_01_m_0006.jpg
f 4575/4575/4575 4574/4574/4574 4572/4572/4572
f 4574/4574/4574 4573/4573/4573 4572/4572/4572

v -0.184955 5.797106 3.36352
v 0.577894 6.28515 2.236213
v 2.144124 7.466411 3.807485
v 0.924614 7.463906 4.835973
vn -0.522191 0.80413 -0.284063
vn -0.577389 0.815602 -0.037621
vn -0.522191 0.80413 -0.284063
vn -0.433618 0.741264 -0.51235
vt 0 0
vt 1 0
vt 1 1
vt 0 1
usemtl nature_blossoms_prunusserrulata_01_m_0006.jpg
f 4579/4579/4579 4578/4578/4578 4576/4576/4576
f 4578/4578/4578 4577/4577/4577 4576/4576/4576

v -1.861632 4.945133 3.34137
v -1.179547 5.768952 4.22976
v -1.594345 4.171582 6.029499
v -2.014564 3.195737 5.081032
vn -0.911433 0.362358 0.1949
vn -0.854682 0.470109 0.220264
vn -0.911433 0.362358 0.1949
vn -0.954081 0.248999 0.16652
vt 0 0
vt 1 0
vt 1 1
vt 0 1
usemtl nature_blossoms_prunusserrulata_01_m_0002.jpg
f 4583/4583/4583 4582/4582/4582 4580/4580/4580
f 4582/4582/4582 4581/4581/4581 4580/4580/4580

v -2.004569 5.820712 3.580909
v -1.041352 4.871206 3.899403
v -2.661793 3.793845 5.588215
v -3.809238 4.446929 4.943177
vn 0.179522 0.662238 0.72747
vn 0.352049 0.598514 0.719613
vn 0.179522 0.662238 0.72747
vn 0.000911 0.70352 0.710675
vt 0 0
vt 1 0
vt 1 1
vt 0 1
usemtl nature_blossoms_prunusserrulata_01_m_0001.jpg
f 4587/4587/4587 4586/4586/4586 4584/4584/4584
f 4586/4586/4586 4585/4585/4585 4584/4584/4584

v -1.966717 4.9803 3.321049
v -1.122359 5.766615 4.151216
v -1.926043 4.476414 6.19069
v -2.103195 3.218383 5.12871
vn -0.91017 0.405603 0.084122
vn -0.739796 0.660828 0.126522
vn -0.91017 0.405603 0.084122
vn -0.9932 0.111455 0.033648
vt 0 0
vt 1 0
vt 1 1
vt 0 1
usemtl nature_blossoms_prunusserrulata_01_m_0001.jpg
f 4591/4591/4591 4590/4590/4590 4588/4588/4588
f 4590/4590/4590 4589/4589/4589 4588/4588/4588

v -2.224721 5.485437 3.796687
v -0.837325 5.019161 3.621031
v -1.16947 3.342233 5.449006
v -2.733879 3.431516 5.227266
vn 0.117458 0.641971 0.757679
vn 0.310857 0.671579 0.672569
vn 0.117458 0.641971 0.757679
vn -0.081287 0.583138 0.808296
vt 0 0
vt 1 0
vt 1 1
vt 0 1
usemtl nature_blossoms_prunusserrulata_01_m_0006.jpg
f 4595/4595/4595 4594/4594/4594 4592/4592/4592
f 4594/4594/4594 4593/4593/4593 4592/4592/4592

v -2.083781 5.620593 3.47246
v -0.91292 4.957968 3.966286
v -2.292572 3.482559 5.257712
v -3.27181 5.053314 5.528091
vn 0.430702 0.553291 0.712998
vn 0.037002 0.638367 0.768842
vn 0.430702 0.553291 0.712998
vn 0.753182 0.376724 0.539255
vt 0 0
vt 1 0
vt 1 1
vt 0 1
usemtl nature_blossoms_prunusserrulata_01_m_0003.jpg
f 4599/4599/4599 4598/4598/4598 4596/4596/4596
f 4598/4598/4598 4597/4597/4597 4596/4596/4596

v -1.991378 4.942071 3.284333
v -1.072451 5.603481 4.116608
v -1.536212 3.941732 5.949248
v -2.500688 3.312749 5.141496
vn -0.717189 0.603229 0.348932
vn -0.733757 0.585284 0.345026
vn -0.717189 0.603229 0.348932
vn -0.700183 0.620806 0.352625
vt 0 0
vt 1 0
vt 1 1
vt 0 1
usemtl nature_blossoms_prunusserrulata_01_m_0002.jpg
f 4603/4603/4603 4602/4602/4602 4600/4600/4600
f 4602/4602/4602 4601/4601/4601 4600/4600/4600

v -1.217931 6.716952 3.043458
v -0.997647 5.735891 4.182812
v -2.233022 7.353142 5.814224
v -3.258589 7.807543 4.377076
vn 0.69918 0.708819 0.093399
vn 0.868709 0.445793 0.2159
vn 0.69918 0.708819 0.093399
vn 0.450693 0.891798 -0.039649
vt 0 0
vt 1 0
vt 1 1
vt 0 1
usemtl nature_blossoms_prunusserrulata_01_m_0002.jpg
f 4607/4607/4607 4606/4606/4606 4604/4604/4604
f 4606/4606/4606 4605/4605/4605 4604/4604/4604

v -1.139549 6.402013 2.842818
v -1.094581 6.03984 4.337608
v -3.251279 7.770041 4.821698
v -2.84312 8.472412 3.395704
vn 0.706113 0.634099 0.315156
vn 0.63939 0.751442 0.162832
vn 0.706113 0.634099 0.315156
vn 0.743586 0.490488 0.454424
vt 0 0
vt 1 0
vt 1 1
vt 0 1
usemtl nature_blossoms_prunusserrulata_01_m_0002.jpg
f 4611/4611/4611 4610/4610/4610 4608/4608/4608
f 4610/4610/4610 4609/4609/4609 4608/4608/4608

v -0.864319 6.515872 2.964041
v -1.362796 5.964646 4.204847
v -3.811202 6.95178 3.659767
v -2.916436 8.177331 2.877734
vn 0.264697 0.644351 0.717459
vn 0.237095 0.848909 0.472376
vn 0.264697 0.644351 0.717459
vn 0.265123 0.373636 0.888879
vt 0 0
vt 1 0
vt 1 1
vt 0 1
usemtl nature_blossoms_prunusserrulata_01_m_0002.jpg
f 4615/4615/4615 4614/4614/4614 4612/4612/4612
f 4614/4614/4614 4613/4613/4613 4612/4612/4612

v -1.469706 5.726608 3.331086
v -0.484353 6.861549 3.788861
v -1.566102 6.844016 6.160778
v -2.481629 5.627315 5.755406
vn -0.691175 0.663825 -0.285681
vn -0.659175 0.69149 -0.295516
vn -0.691175 0.663825 -0.285681
vn -0.72187 0.634908 -0.275308
vt 0 0
vt 1 0
vt 1 1
vt 0 1
usemtl nature_blossoms_prunusserrulata_01_m_0004.jpg
f 4619/4619/4619 4618/4618/4618 4616/4616/4616
f 4618/4618/4618 4617/4617/4617 4616/4616/4616

v -1.448923 6.087872 3.042769
v -0.572914 6.491339 4.042933
v -2.403165 7.3729 5.290365
v -3.252769 7.130774 4.201988
vn 0.185484 0.884929 -0.427195
vn 0.114244 0.882569 -0.456092
vn 0.185484 0.884929 -0.427195
vn 0.255626 0.882054 -0.395772
vt 0 0
vt 1 0
vt 1 1
vt 0 1
usemtl nature_blossoms_prunusserrulata_01_m_0005.jpg
f 4623/4623/4623 4622/4622/4622 4620/4620/4620
f 4622/4622/4622 4621/4621/4621 4620/4620/4620

v -1.462763 6.748108 3.198512
v -0.541188 5.839007 3.8586
v -1.641409 6.390219 6.153814
v -2.557703 7.306325 5.496
vn 0.65021 0.748557 0.129955
vn 0.647529 0.750858 0.130072
vn 0.65021 0.748557 0.129955
vn 0.652883 0.746248 0.129837
vt 0 0
vt 1 0
vt 1 1
vt 0 1
usemtl nature_blossoms_prunusserrulata_01_m_0006.jpg
f 4627/4627/4627 4626/4626/4626 4624/4624/4624
f 4626/4626/4626 4625/4625/4625 4624/4624/4624

v -1.575856 5.911644 3.634889
v -0.385154 6.674624 3.411061
v -0.198296 7.170297 6.094736
v -2.143839 7.438793 5.819093
vn -0.199885 0.913134 -0.355293
vn -0.551127 0.826557 -0.114291
vn -0.199885 0.913134 -0.355293
vn 0.189126 0.827175 -0.529163
vt 0 0
vt 1 0
vt 1 1
vt 0 1
usemtl nature_blossoms_prunusserrulata_01_m_0005.jpg
f 4631/4631/4631 4630/4630/4630 4628/4628/4628
f 4630/4630/4630 4629/4629/4629 4628/4628/4628

v -1.373878 6.476585 3.405547
v -0.497891 5.520573 4.228498
v -1.274791 6.544904 6.245417
v -2.327823 7.333789 5.416773
vn 0.689868 0.722747 -0.041457
vn 0.754418 0.655044 -0.042081
vn 0.689868 0.722747 -0.041457
vn 0.61928 0.784126 -0.040471
vt 0 0
vt 1 0
vt 1 1
vt 0 1
usemtl nature_blossoms_prunusserrulata_01_m_0004.jpg
f 4635/4635/4635 4634/4634/4634 4632/4632/4632
f 4634/4634/4634 4633/4633/4633 4632/4632/4632

v -1.267047 6.433644 3.398905
v -0.648714 5.543018 4.258126
v -2.530741 5.615381 5.687522
v -3.252194 6.340095 4.730536
vn 0.336157 0.812581 0.476141
vn 0.408211 0.764588 0.498768
vn 0.336157 0.812581 0.476141
vn 0.261412 0.854068 0.449702
vt 0 0
vt 1 0
vt 1 1
vt 0 1
usemtl nature_blossoms_prunusserrulata_01_m_0006.jpg
f 4639/4639/4639 4638/4638/4638 4636/4636/4636
f 4638/4638/4638 4637/4637/4637 4636/4636/4636

v -1.392714 6.391724 3.330709
v -0.732959 5.648951 4.2432
v -2.474595 6.320978 6.049482
v -2.349472 7.850996 5.210324
vn 0.800715 0.498889 0.33161
vn 0.557897 0.793643 0.242656
vn 0.800715 0.498889 0.33161
vn 0.92042 0.127429 0.369579
vt 0 0
vt 1 0
vt 1 1
vt 0 1
usemtl nature_blossoms_prunusserrulata_01_m_0003.jpg
f 4643/4643/4643 4642/4642/4642 4640/4640/4640
f 4642/4642/4642 4641/4641/4641 4640/4640/4640

v -1.001196 6.472517 3.142284
v -1.139987 5.669108 4.350228
v -2.654057 7.43892 5.353374
v -2.938689 7.950855 3.902919
vn 0.732645 0.622272 0.275699
vn 0.796533 0.457199 0.395605
vn 0.732645 0.622272 0.275699
vn 0.635268 0.758901 0.14319
vt 0 0
vt 1 0
vt 1 1
vt 0 1
usemtl nature_blossoms_prunusserrulata_01_m_0005.jpg
f 4647/4647/4647 4646/4646/4646 4644/4644/4644
f 4646/4646/4646 4645/4645/4645 4644/4644/4644

v -1.108114 6.160627 1.80414
v -1.208137 6.801171 3.073877
v -3.330197 7.684514 2.461091
v -3.395299 6.369169 1.518764
vn 0.312829 0.722136 -0.616974
vn 0.446454 0.812556 -0.374741
vn 0.312829 0.722136 -0.616974
vn 0.152705 0.570545 -0.806944
vt 0 0
vt 1 0
vt 1 1
vt 0 1
usemtl nature_blossoms_prunusserrulata_01_m_0003.jpg
f 4651/4651/4651 4650/4650/4650 4648/4648/4648
f 4650/4650/4650 4649/4649/4649 4648/4648/4648

v -0.775585 6.302449 1.943649
v -1.563247 6.648095 2.980962
v -3.67088 6.274166 1.505174
v -2.86831 6.257861 0.36944
vn 0.014151 0.987475 -0.157138
vn 0.034884 0.955785 -0.291992
vn 0.014151 0.987475 -0.157138
vn -0.006859 0.999792 -0.0192
vt 0 0
vt 1 0
vt 1 1
vt 0 1
usemtl nature_blossoms_prunusserrulata_01_m_0001.jpg
f 4655/4655/4655 4654/4654/4654 4652/4652/4652
f 4654/4654/4654 4653/4653/4653 4652/4652/4652

v -1.158892 6.053306 1.861141
v -1.202076 6.914126 3.040383
v -3.412596 7.355049 2.637569
v -3.36839 6.497983 1.455623
vn 0.260089 0.785354 -0.561759
vn 0.25914 0.7846 -0.56325
vn 0.260089 0.785354 -0.561759
vn 0.261037 0.786105 -0.560266
vt 0 0
vt 1 0
vt 1 1
vt 0 1
usemtl nature_blossoms_prunusserrulata_01_m_0005.jpg
f 4659/4659/4659 4658/4658/4658 4656/4656/4656
f 4658/4658/4658 4657/4657/4657 4656/4656/4656

v -0.850968 6.150882 1.839643
v -1.307839 6.926597 2.912505
v -3.199389 7.768254 1.498454
v -2.957607 6.556007 0.649625
vn 0.539538 0.678137 -0.499028
vn 0.569544 0.761927 -0.308362
vn 0.539538 0.678137 -0.499028
vn 0.485644 0.564322 -0.6676
vt 0 0
vt 1 0
vt 1 1
vt 0 1
usemtl nature_blossoms_prunusserrulata_01_m_0004.jpg
f 4663/4663/4663 4662/4662/4662 4660/4660/4660
f 4662/4662/4662 4661/4661/4661 4660/4660/4660

v -0.867138 6.964596 1.875774
v -1.333134 6.110522 2.87025
v -3.518864 7.242793 2.818466
v -3.207109 7.704593 1.414825
vn 0.274785 0.797087 0.537722
vn 0.315809 0.641605 0.699005
vn 0.274785 0.797087 0.537722
vn 0.219508 0.911225 0.348548
vt 0 0
vt 1 0
vt 1 1
vt 0 1
usemtl nature_blossoms_prunusserrulata_01_m_0001.jpg
f 4667/4667/4667 4666/4666/4666 4664/4664/4664
f 4666/4666/4666 4665/4665/4665 4664/4664/4664

v -1.068053 6.185454 1.763533
v -1.106574 6.795336 2.939185
v -2.211289 8.570966 1.981861
v -2.96143 7.341151 1.101965
vn 0.729708 0.400431 -0.554239
vn 0.87661 0.438288 -0.198644
vn 0.729708 0.400431 -0.554239
vn 0.473743 0.302726 -0.826997
vt 0 0
vt 1 0
vt 1 1
vt 0 1
usemtl nature_blossoms_prunusserrulata_01_m_0003.jpg
f 4671/4671/4671 4670/4670/4670 4668/4668/4668
f 4670/4670/4670 4669/4669/4669 4668/4668/4668

v -0.422134 6.945104 2.776362
v -1.467754 6.158114 2.281583
v -0.602994 6.492937 -0.078485
v 0.317278 7.426869 0.447469
vn -0.632264 0.770405 -0.081966
vn -0.57023 0.816187 -0.093147
vn -0.632264 0.770405 -0.081966
vn -0.690461 0.719946 -0.070287
vt 0 0
vt 1 0
vt 1 1
vt 0 1
usemtl nature_blossoms_prunusserrulata_01_m_0002.jpg
f 4675/4675/4675 4674/4674/4674 4672/4672/4672
f 4674/4674/4674 4673/4673/4673 4672/4672/4672

v -0.452754 6.03689 2.372517
v -1.460887 7.049414 2.728333
v -1.777837 7.582829 0.312414
v -1.446397 5.837295 0.125204
vn 0.855233 0.483113 -0.187559
vn 0.717702 0.693843 0.059038
vn 0.855233 0.483113 -0.187559
vn 0.886602 0.212414 -0.410874
vt 0 0
vt 1 0
vt 1 1
vt 0 1
usemtl nature_blossoms_prunusserrulata_01_m_0006.jpg
f 4679/4679/4679 4678/4678/4678 4676/4676/4676
f 4678/4678/4678 4677/4677/4677 4676/4676/4676

v -0.680958 7.090424 2.087441
v -1.222279 5.99734 3.020487
v -3.512107 5.767897 1.42321
v -2.461794 6.342882 0.1785
vn -0.461291 0.829955 0.313664
vn -0.45561 0.697618 0.552945
vn -0.461291 0.829955 0.313664
vn -0.432466 0.900211 0.050922
vt 0 0
vt 1 0
vt 1 1
vt 0 1
usemtl nature_blossoms_prunusserrulata_01_m_0004.jpg
f 4683/4683/4683 4682/4682/4682 4680/4680/4680
f 4682/4682/4682 4681/4681/4681 4680/4680/4680

v -0.433426 6.254787 2.051142
v -1.436114 6.831187 2.804194
v -2.442222 7.84217 0.690737
v -1.870851 6.540516 -0.081491
vn 0.673769 0.723387 -0.150817
vn 0.562541 0.817528 0.123272
vn 0.673769 0.723387 -0.150817
vn 0.720074 0.559542 -0.410373
vt 0 0
vt 1 0
vt 1 1
vt 0 1
usemtl nature_blossoms_prunusserrulata_01_m_0003.jpg
f 4687/4687/4687 4686/4686/4686 4684/4684/4684
f 4686/4686/4686 4685/4685/4685 4684/4684/4684

v -0.583424 6.712168 1.903683
v -1.281787 6.320936 2.987648
v -3.609988 6.51144 1.556423
v -2.794886 6.121447 0.265704
vn -0.064823 0.997827 -0.011807
vn -0.095743 0.954394 0.282783
vn -0.064823 0.997827 -0.011807
vn -0.028094 0.951829 -0.305338
vt 0 0
vt 1 0
vt 1 1
vt 0 1
usemtl nature_blossoms_prunusserrulata_01_m_0006.jpg
f 4691/4691/4691 4690/4690/4690 4688/4688/4688
f 4690/4690/4690 4689/4689/4689 4688/4688/4688

v -0.339821 6.175963 2.203237
v -1.54514 6.917745 2.675546
v -2.573651 6.742826 0.325532
v -1.698817 5.17049 0.314254
vn 0.576562 0.655233 -0.488104
vn 0.432866 0.864984 -0.253832
vn 0.576562 0.655233 -0.488104
vn 0.651344 0.367165 -0.664034
vt 0 0
vt 1 0
vt 1 1
vt 0 1
usemtl nature_blossoms_prunusserrulata_01_m_0005.jpg
f 4695/4695/4695 4694/4694/4694 4692/4692/4692
f 4694/4694/4694 4693/4693/4693 4692/4692/4692

v -0.716224 7.10977 2.082747
v -1.167585 5.936161 2.815971
v -3.498027 6.220064 1.83581
v -2.860356 7.118426 0.776711
vn -0.283468 0.706249 0.648736
vn -0.254426 0.580906 0.773185
vn -0.283468 0.706249 0.648736
vn -0.303426 0.808963 0.503499
vt 0 0
vt 1 0
vt 1 1
vt 0 1
usemtl nature_blossoms_prunusserrulata_01_m_0005.jpg
f 4699/4699/4699 4698/4698/4698 4696/4696/4696
f 4698/4698/4698 4697/4697/4697 4696/4696/4696

v -1.673854 6.293941 2.705665
v -0.189294 6.770008 3.035177
v -1.100412 8.786118 4.227254
v -2.581177 7.937836 4.418407
vn -0.195727 0.543434 -0.816315
vn 0.024178 0.516888 -0.855712
vn -0.195727 0.543434 -0.816315
vn -0.405725 0.542474 -0.735601
vt 0 0
vt 1 0
vt 1 1
vt 0 1
usemtl nature_blossoms_prunusserrulata_01_m_0004.jpg
f 4703/4703/4703 4702/4702/4702 4700/4700/4700
f 4702/4702/4702 4701/4701/4701 4700/4700/4700

v -1.661463 6.395 3.148614
v -0.274699 6.693047 2.588621
v -0.695578 9.234361 2.898935
v -1.692864 8.637174 4.264214
vn -0.640956 0.151876 -0.752402
vn -0.383056 0.049194 -0.922414
vn -0.640956 0.151876 -0.752402
vn -0.830941 0.238465 -0.502665
vt 0 0
vt 1 0
vt 1 1
vt 0 1
usemtl nature_blossoms_prunusserrulata_01_m_0001.jpg
f 4707/4707/4707 4706/4706/4706 4704/4704/4704
f 4706/4706/4706 4705/4705/4705 4704/4704/4704

v -1.153957 6.831999 2.286401
v -0.76089 6.267908 3.474202
v -2.108779 8.026968 4.755632
v -2.26526 8.717461 3.549568
vn 0.850511 0.520275 0.077099
vn 0.800458 0.599068 0.019612
vn 0.850511 0.520275 0.077099
vn 0.890343 0.435229 0.133659
vt 0 0
vt 1 0
vt 1 1
vt 0 1
usemtl nature_blossoms_prunusserrulata_01_m_0003.jpg
f 4711/4711/4711 4710/4710/4710 4708/4708/4708
f 4710/4710/4710 4709/4709/4709 4708/4708/4708

v -1.630442 6.680074 2.641259
v -0.263506 6.390019 3.134082
v -0.6776 7.883018 5.161362
v -2.039691 8.184308 4.661714
vn 0.354948 0.784412 -0.508635
vn 0.350149 0.786954 -0.508034
vn 0.354948 0.784412 -0.508635
vn 0.359736 0.781847 -0.509221
vt 0 0
vt 1 0
vt 1 1
vt 0 1
usemtl nature_blossoms_prunusserrulata_01_m_0005.jpg
f 4715/4715/4715 4714/4714/4714 4712/4712/4712
f 4714/4714/4714 4713/4713/4713 4712/4712/4712

v -1.35124 6.895407 3.212848
v -0.374662 6.176824 2.473789
v 1.545111 6.936631 4.271784
v 0.608398 7.836034 4.88771
vn 0.212289 0.763155 -0.61035
vn 0.187898 0.816629 -0.54572
vn 0.212289 0.763155 -0.61035
vn 0.235059 0.703857 -0.670322
vt 0 0
vt 1 0
vt 1 1
vt 0 1
usemtl nature_blossoms_prunusserrulata_01_m_0003.jpg
f 4719/4719/4719 4718/4718/4718 4716/4716/4716
f 4718/4718/4718 4717/4717/4717 4716/4716/4716

v -1.215452 6.137263 3.221755
v -0.453906 6.890529 2.389211
v -0.157347 8.76912 4.360185
v -0.424983 7.633068 5.298183
vn -0.906537 0.409237 -0.103513
vn -0.820469 0.470396 -0.324897
vn -0.906537 0.409237 -0.103513
vn -0.938069 0.323459 0.124099
vt 0 0
vt 1 0
vt 1 1
vt 0 1
usemtl nature_blossoms_prunusserrulata_01_m_0005.jpg
f 4723/4723/4723 4722/4722/4722 4720/4720/4720
f 4722/4722/4722 4721/4721/4721 4720/4720/4720

v -1.509366 6.706354 2.498518
v -0.224298 6.321995 3.139794
v -0.598055 8.13022 4.972562
v -1.960458 8.428434 4.434628
vn 0.432989 0.703059 -0.564117
vn 0.481919 0.670883 -0.563622
vn 0.432989 0.703059 -0.564117
vn 0.382575 0.732824 -0.562677
vt 0 0
vt 1 0
vt 1 1
vt 0 1
usemtl nature_blossoms_prunusserrulata_01_m_0003.jpg
f 4727/4727/4727 4726/4726/4726 4724/4724/4724
f 4726/4726/4726 4725/4725/4725 4724/4724/4724

v -1.053643 6.308317 3.515473
v -0.57455 6.714121 2.186781
v -0.118311 8.955998 3.035996
v -1.247032 8.711094 4.17959
vn -0.850594 0.213461 -0.480545
vn -0.926696 0.282481 -0.247869
vn -0.850594 0.213461 -0.480545
vn -0.719465 0.130632 -0.682133
vt 0 0
vt 1 0
vt 1 1
vt 0 1
usemtl nature_blossoms_prunusserrulata_01_m_0006.jpg
f 4731/4731/4731 4730/4730/4730 4728/4728/4728
f 4730/4730/4730 4729/4729/4729 4728/4728/4728

v -0.391859 5.926171 -0.032195
v -1.400014 5.321912 -0.813669
v -0.572749 6.659159 -2.914897
v 0.012849 7.724243 -1.944618
vn -0.795144 0.573931 0.195829
vn -0.624871 0.746389 0.228996
vn -0.795144 0.573931 0.195829
vn -0.91784 0.367132 0.150945
vt 0 0
vt 1 0
vt 1 1
vt 0 1
usemtl nature_blossoms_prunusserrulata_01_m_0002.jpg
f 4735/4735/4735 4734/4734/4734 4732/4732/4732
f 4734/4734/4734 4733/4733/4733 4732/4732/4732

v -0.213646 5.422514 -0.730371
v -1.52643 5.796179 -0.113813
v -1.859786 7.551125 -1.887188
v -0.736909 6.948512 -2.769342
vn 0.557662 0.685582 0.467964
vn 0.462787 0.672054 0.578076
vn 0.557662 0.685582 0.467964
vn 0.640653 0.684502 0.347881
vt 0 0
vt 1 0
vt 1 1
vt 0 1
usemtl nature_blossoms_prunusserrulata_01_m_0001.jpg
f 4739/4739/4739 4738/4738/4738 4736/4736/4736
f 4738/4738/4738 4737/4737/4737 4736/4736/4736

v -0.183207 5.448791 -0.60368
v -1.602091 5.786715 -0.195698
v -1.249816 8.075241 -0.866098
v 0.300453 7.851171 -0.911449
vn 0.183985 0.17142 0.967866
vn 0.317786 0.221175 0.922005
vn 0.183985 0.17142 0.967866
vn 0.046047 0.117811 0.991968
vt 0 0
vt 1 0
vt 1 1
vt 0 1
usemtl nature_blossoms_prunusserrulata_01_m_0005.jpg
f 4743/4743/4743 4742/4742/4742 4740/4740/4740
f 4742/4742/4742 4741/4741/4741 4740/4740/4740

v -0.857259 5.374296 -0.807229
v -1.055074 6.084917 0.321318
v -2.297574 7.650713 -0.882417
v -1.536938 7.264583 -2.116636
vn 0.841504 0.534928 0.075645
vn 0.833618 0.521422 -0.182208
vn 0.841504 0.534928 0.075645
vn 0.793235 0.512737 0.32845
vt 0 0
vt 1 0
vt 1 1
vt 0 1
usemtl nature_blossoms_prunusserrulata_01_m_0006.jpg
f 4747/4747/4747 4746/4746/4746 4744/4744/4744
f 4746/4746/4746 4745/4745/4745 4744/4744/4744

v -0.899737 5.401225 -0.930951
v -0.995124 6.059967 0.381376
v -3.229751 6.755738 -0.130302
v -2.579217 6.872137 -1.791372
vn 0.483844 0.872507 -0.068017
vn 0.354626 0.84572 -0.398746
vn 0.483844 0.872507 -0.068017
vn 0.551713 0.788663 0.271336
vt 0 0
vt 1 0
vt 1 1
vt 0 1
usemtl nature_blossoms_prunusserrulata_01_m_0002.jpg
f 4751/4751/4751 4750/4750/4750 4748/4748/4748
f 4750/4750/4750 4749/4749/4749 4748/4748/4748

v -0.468509 6.119628 -0.644519
v -1.445805 5.365682 0.124738
v -3.222058 6.035851 -1.475058
v -1.985177 6.006474 -2.682259
vn -0.110382 0.956665 0.269459
vn -0.191268 0.811423 0.552277
vn -0.110382 0.956665 0.269459
vn -0.017617 0.998947 -0.042359
vt 0 0
vt 1 0
vt 1 1
vt 0 1
usemtl nature_blossoms_prunusserrulata_01_m_0006.jpg
f 4755/4755/4755 4754/4754/4754 4752/4752/4752
f 4754/4754/4754 4753/4753/4753 4752/4752/4752

v -0.70246 5.247548 -0.768718
v -1.155498 6.249215 0.241107
v -3.479071 5.680909 -0.237602
v -2.982814 4.967449 -1.513915
vn 0.010513 0.800984 -0.598594
vn -0.025918 0.703893 -0.709833
vn 0.010513 0.800984 -0.598594
vn 0.046702 0.879549 -0.47351
vt 0 0
vt 1 0
vt 1 1
vt 0 1
usemtl nature_blossoms_prunusserrulata_01_m_0003.jpg
f 4759/4759/4759 4758/4758/4758 4756/4756/4756
f 4758/4758/4758 4757/4757/4757 4756/4756/4756

v -0.639253 4.349429 3.619332
v 0.233703 4.685906 4.838992
v -0.662399 2.731274 6.019606
v -1.626051 2.485145 4.839935
vn -0.702096 0.59356 0.39338
vn -0.73759 0.563174 0.372553
vn -0.702096 0.59356 0.39338
vn -0.664765 0.622392 0.413178
vt 0 0
vt 1 0
vt 1 1
vt 0 1
usemtl nature_blossoms_prunusserrulata_01_m_0001.jpg
f 4763/4763/4763 4762/4762/4762 4760/4760/4760
f 4762/4762/4762 4761/4761/4761 4760/4760/4760

v -0.706295 4.958148 4.297652
v 0.305026 4.130019 4.080929
v -0.033495 3.132395 6.313307
v -1.621452 3.386718 6.031793
vn 0.33639 0.751102 0.568056
vn 0.631345 0.667845 0.39419
vn 0.33639 0.751102 0.568056
vn -0.000332 0.741103 0.671392
vt 0 0
vt 1 0
vt 1 1
vt 0 1
usemtl nature_blossoms_prunusserrulata_01_m_0001.jpg
f 4767/4767/4767 4766/4766/4766 4764/4764/4764
f 4766/4766/4766 4765/4765/4765 4764/4764/4764

v -0.821768 4.689399 3.894201
v 0.444778 4.422825 4.558417
v -0.807682 2.583973 6.208648
v -1.836924 2.206967 4.83364
vn -0.505688 0.636634 0.582217
vn -0.193924 0.72509 0.660786
vn -0.505688 0.636634 0.582217
vn -0.761222 0.477389 0.438908
vt 0 0
vt 1 0
vt 1 1
vt 0 1
usemtl nature_blossoms_prunusserrulata_01_m_0005.jpg
f 4771/4771/4771 4770/4770/4770 4768/4768/4768
f 4770/4770/4770 4769/4769/4769 4768/4768/4768

v -0.771143 4.166313 3.831385
v 0.405091 4.872523 4.550931
v 0.049505 3.360167 6.616529
v -1.473432 3.071167 6.054256
vn -0.476172 0.79723 0.371059
vn -0.636085 0.670683 0.38155
vn -0.476172 0.79723 0.371059
vn -0.296403 0.890536 0.345097
vt 0 0
vt 1 0
vt 1 1
vt 0 1
usemtl nature_blossoms_prunusserrulata_01_m_0004.jpg
f 4775/4775/4775 4774/4774/4774 4772/4772/4772
f 4774/4774/4774 4773/4773/4773 4772/4772/4772

v -0.569823 4.981708 4.11792
v 0.502396 4.027853 4.480993
v -0.955413 3.138101 6.448626
v -1.73898 4.526933 6.375873
vn 0.592365 0.581319 0.557828
vn 0.402861 0.684236 0.607885
vn 0.592365 0.581319 0.557828
vn 0.752838 0.449912 0.480432
vt 0 0
vt 1 0
vt 1 1
vt 0 1
usemtl nature_blossoms_prunusserrulata_01_m_0005.jpg
f 4779/4779/4779 4778/4778/4778 4776/4776/4776
f 4778/4778/4778 4777/4777/4777 4776/4776/4776

v -0.395893 4.886163 3.797155
v 0.297749 4.116449 4.838473
v -1.513536 4.748677 6.51233
v -2.560993 4.593472 5.023022
vn 0.205651 0.969444 0.133741
vn 0.520505 0.814733 0.25551
vn 0.205651 0.969444 0.133741
vn -0.137561 0.990472 -0.00647
vt 0 0
vt 1 0
vt 1 1
vt 0 1
usemtl nature_blossoms_prunusserrulata_01_m_0006.jpg
f 4783/4783/4783 4782/4782/4782 4780/4780/4780
f 4782/4782/4782 4781/4781/4781 4780/4780/4780

v -0.550858 4.000711 4.208967
v 0.461068 4.995476 4.410245
v -0.49495 5.501472 6.715873
v -1.917917 5.016734 6.060429
vn -0.34306 0.809286 -0.476829
vn -0.600469 0.691931 -0.400834
vn -0.34306 0.809286 -0.476829
vn -0.056213 0.857199 -0.511909
vt 0 0
vt 1 0
vt 1 1
vt 0 1
usemtl nature_blossoms_prunusserrulata_01_m_0004.jpg
f 4787/4787/4787 4786/4786/4786 4784/4784/4784
f 4786/4786/4786 4785/4785/4785 4784/4784/4784

v -0.708514 4.180902 4.448755
v 0.591112 4.812701 4.091097
v 0.456082 6.230352 6.104703
v -1.157904 6.042078 6.103552
vn -0.288196 0.695547 -0.658147
vn -0.484609 0.699621 -0.525056
vn -0.288196 0.695547 -0.658147
vn -0.075555 0.652308 -0.754179
vt 0 0
vt 1 0
vt 1 1
vt 0 1
usemtl nature_blossoms_prunusserrulata_01_m_0006.jpg
f 4791/4791/4791 4790/4790/4790 4788/4788/4788
f 4790/4790/4790 4789/4789/4789 4788/4788/4788

v -1.955431 4.910575 4.27342
v -0.931461 5.989928 4.182176
v -1.204504 6.46289 6.712795
v -2.418062 5.562168 6.789499
vn -0.652742 0.713948 -0.253389
vn -0.719002 0.665044 -0.201871
vn -0.652742 0.713948 -0.253389
vn -0.580322 0.756116 -0.302516
vt 0 0
vt 1 0
vt 1 1
vt 0 1
usemtl nature_blossoms_prunusserrulata_01_m_0002.jpg
f 4795/4795/4795 4794/4794/4794 4792/4792/4792
f 4794/4794/4794 4793/4793/4793 4792/4792/4792

v -1.969843 5.937746 4.045176
v -0.92132 4.968844 4.39917
v -2.361176 4.075941 6.220067
v -3.486858 4.936869 5.799086
vn 0.344306 0.681718 0.645533
vn 0.395857 0.661213 0.637255
vn 0.344306 0.681718 0.645533
vn 0.291672 0.700079 0.65178
vt 0 0
vt 1 0
vt 1 1
vt 0 1
usemtl nature_blossoms_prunusserrulata_01_m_0002.jpg
f 4799/4799/4799 4798/4798/4798 4796/4796/4796
f 4798/4798/4798 4797/4797/4797 4796/4796/4796

v -1.650877 4.912493 4.272095
v -0.391292 5.688403 4.319395
v 0.266924 4.477799 6.650104
v -0.573933 3.068949 5.834936
vn -0.659774 0.436288 0.611842
vn -0.465534 0.724768 0.507926
vn -0.659774 0.436288 0.611842
vn -0.767089 0.090328 0.635149
vt 0 0
vt 1 0
vt 1 1
vt 0 1
usemtl nature_blossoms_prunusserrulata_01_m_0002.jpg
f 4803/4803/4803 4802/4802/4802 4800/4800/4800
f 4802/4802/4802 4801/4801/4801 4800/4800/4800

v -1.051302 5.580588 4.937883
v -1.037356 5.026159 3.592376
v 0.039705 3.092398 4.400363
v 0.639817 3.929218 5.635872
vn 0.803621 0.439142 -0.401681
vn 0.889368 0.425884 -0.166272
vn 0.803621 0.439142 -0.401681
vn 0.667289 0.424757 -0.611807
vt 0 0
vt 1 0
vt 1 1
vt 0 1
usemtl nature_blossoms_prunusserrulata_01_m_0004.jpg
f 4807/4807/4807 4806/4806/4806 4804/4804/4804
f 4806/4806/4806 4805/4805/4805 4804/4804/4804

v -1.718817 5.372757 3.950707
v -0.602832 4.906583 4.547826
v -2.032492 3.830891 6.379988
v -2.938922 5.25245 6.137096
vn 0.422542 0.739549 0.523952
vn 0.061316 0.839107 0.540499
vn 0.422542 0.739549 0.523952
vn 0.724329 0.535958 0.4337
vt 0 0
vt 1 0
vt 1 1
vt 0 1
usemtl nature_blossoms_prunusserrulata_01_m_0005.jpg
f 4811/4811/4811 4810/4810/4810 4808/4808/4808
f 4810/4810/4810 4809/4809/4809 4808/4808/4808

v -1.313654 4.754436 3.643951
v -1.026665 5.50298 4.911265
v -3.069067 4.386729 6.033094
v -2.856004 3.046123 5.002244
vn -0.715407 0.540803 -0.442408
vn -0.581834 0.751126 -0.311896
vn -0.715407 0.540803 -0.442408
vn -0.792383 0.287697 -0.537922
vt 0 0
vt 1 0
vt 1 1
vt 0 1
usemtl nature_blossoms_prunusserrulata_01_m_0001.jpg
f 4815/4815/4815 4814/4814/4814 4812/4812/4812
f 4814/4814/4814 4813/4813/4813 4812/4812/4812

v -2.241424 5.230748 4.184917
v -1.249105 6.234951 4.374061
v -2.240873 6.752514 6.829384
v -3.920519 6.577331 5.844782
vn -0.23014 0.843492 -0.485342
vn -0.61608 0.68277 -0.392773
vn -0.23014 0.843492 -0.485342
vn 0.197997 0.84956 -0.488923
vt 0 0
vt 1 0
vt 1 1
vt 0 1
usemtl nature_blossoms_prunusserrulata_01_m_0006.jpg
f 4819/4819/4819 4818/4818/4818 4816/4816/4816
f 4818/4818/4818 4817/4817/4817 4816/4816/4816

v -2.143027 6.118776 3.885832
v -1.302527 5.314156 4.593507
v -1.493759 6.762239 6.46709
v -2.096313 7.73121 5.663674
vn 0.84875 0.42198 -0.31868
vn 0.7827 0.528563 -0.328636
vn 0.84875 0.42198 -0.31868
vn 0.901371 0.308721 -0.303682
vt 0 0
vt 1 0
vt 1 1
vt 0 1
usemtl nature_blossoms_prunusserrulata_01_m_0005.jpg
f 4823/4823/4823 4822/4822/4822 4820/4820/4820
f 4822/4822/4822 4821/4821/4821 4820/4820/4820

v -2.229042 5.843317 3.791061
v -1.23704 5.605826 4.77014
v -1.975086 7.611653 6.004473
v -2.980448 7.837094 5.036008
vn 0.640303 0.562615 -0.522949
vn 0.646773 0.557957 -0.51997
vn 0.640303 0.562615 -0.522949
vn 0.633786 0.567233 -0.525891
vt 0 0
vt 1 0
vt 1 1
vt 0 1
usemtl nature_blossoms_prunusserrulata_01_m_0002.jpg
f 4827/4827/4827 4826/4826/4826 4824/4824/4824
f 4826/4826/4826 4825/4825/4825 4824/4824/4824

v -2.364945 6.039802 3.98755
v -1.06841 5.440327 4.538609
v -1.612194 6.450473 6.916922
v -2.404322 7.712476 5.899831
vn 0.733504 0.621308 -0.275588
vn 0.490358 0.836864 -0.243326
vn 0.733504 0.621308 -0.275588
vn 0.89844 0.339504 -0.278464
vt 0 0
vt 1 0
vt 1 1
vt 0 1
usemtl nature_blossoms_prunusserrulata_01_m_0003.jpg
f 4831/4831/4831 4830/4830/4830 4828/4828/4828
f 4830/4830/4830 4829/4829/4829 4828/4828/4828

v -2.151859 5.423397 4.134449
v -1.050701 6.261512 4.274307
v -2.249927 7.55044 5.992251
v -3.399336 6.787285 5.783075
vn -0.325172 0.613532 -0.719613
vn -0.36815 0.601942 -0.708612
vn -0.325172 0.613532 -0.719613
vn -0.28151 0.623831 -0.7291
vt 0 0
vt 1 0
vt 1 1
vt 0 1
usemtl nature_blossoms_prunusserrulata_01_m_0004.jpg
f 4835/4835/4835 4834/4834/4834 4832/4832/4832
f 4834/4834/4834 4833/4833/4833 4832/4832/4832

v -2.201724 6.144581 3.877848
v -0.979522 5.511654 4.537497
v -0.713534 7.484316 5.937426
v -1.842971 8.207317 5.192324
vn 0.623532 0.367869 -0.689841
vn 0.588908 0.413424 -0.694455
vn 0.623532 0.367869 -0.689841
vn 0.656102 0.321101 -0.682953
vt 0 0
vt 1 0
vt 1 1
vt 0 1
usemtl nature_blossoms_prunusserrulata_01_m_0001.jpg
f 4839/4839/4839 4838/4838/4838 4836/4836/4836
f 4838/4838/4838 4837/4837/4837 4836/4836/4836

