# Blender 5.1.2
# www.blender.org
mtllib trem.mtl
o train_008_TT_checker_2048x2048_UV_GRID_001_0
v 1.077710 -1.341166 -2.405183
v -1.077710 -1.341167 2.405183
v -1.077710 -1.341166 -2.405183
v 0.748035 1.341166 2.405183
v 0.930899 1.077710 -2.405183
v 0.748035 1.341167 -2.405183
v 0.878015 1.055512 -2.461285
v 1.280501 -1.059034 -2.461285
v 1.054472 -1.285064 -2.461285
v -0.878015 1.055511 2.461285
v -1.280501 -1.059034 2.461285
v -1.054472 -1.285064 2.461285
v 1.077710 -1.341166 -2.405183
v 1.341166 -1.077710 2.405183
v 1.077710 -1.341167 2.405183
v -0.930899 1.077710 2.405183
v -1.341166 -1.077710 -2.405183
v -1.341166 -1.077710 2.405183
v -0.748035 1.341167 -2.405183
v 0.748035 1.341166 2.405183
v 0.748035 1.341167 -2.405183
v 0.930899 1.077710 -2.405183
v 1.341166 -1.077710 2.405183
v 1.341166 -1.077710 -2.405183
v -1.056264 -1.393008 -2.405183
v -0.957741 -1.631170 2.405182
v -1.056264 -1.393008 2.405183
v -0.748035 1.341167 -2.405183
v -0.930899 1.077710 2.405183
v -0.748035 1.341166 2.405183
v -0.993788 -1.397269 2.461285
v 0.898790 -1.626910 2.461285
v 0.993788 -1.397269 2.461285
v 0.993788 -1.397269 -2.461285
v -0.898790 -1.626909 -2.461285
v -0.993788 -1.397269 -2.461285
v 0.880193 -1.683012 -2.405183
v -0.880193 -1.683012 2.405182
v -0.880193 -1.683012 -2.405183
v 1.056264 -1.393008 2.405183
v 0.957741 -1.631170 -2.405183
v 1.056264 -1.393008 -2.405183
v -1.021607 -1.341167 2.405183
v 1.021607 -1.341166 -2.405183
v -1.021607 -1.341166 -2.405183
v 0.654003 -1.489408 1.967992
v 0.654003 -2.083322 1.777844
v 0.654003 -1.893173 1.183930
v 0.576425 -1.893173 1.183930
v 0.576425 -2.083322 1.777844
v 0.576425 -1.489408 1.967992
v 0.654003 -1.893173 1.967992
v 0.576425 -2.083322 1.777844
v 0.654003 -2.083322 1.777844
v 0.654003 -1.299259 1.777844
v 0.576425 -1.489408 1.967992
v 0.654003 -1.489408 1.967992
v 0.576425 -1.893173 1.183930
v 0.654003 -1.489408 1.183930
v 0.654003 -1.893173 1.183930
v 0.576425 -2.083322 1.777844
v 0.654003 -2.083322 1.374078
v 0.654003 -2.083322 1.777844
v 0.654003 -1.489408 1.967992
v 0.576425 -1.893173 1.967992
v 0.654003 -1.893173 1.967992
v 0.654003 -1.299259 1.374078
v 0.576425 -1.299259 1.777844
v 0.654003 -1.299259 1.777844
v 0.576425 -1.489408 1.183930
v 0.654003 -1.299259 1.374078
v 0.654003 -1.489408 1.183930
v 0.576425 -2.083322 1.374078
v 0.654003 -1.893173 1.183930
v 0.654003 -2.083322 1.374078
v 0.654003 -2.083322 0.187316
v 0.654003 -1.893173 -0.406597
v 0.654003 -1.299259 -0.216449
v 0.576425 -1.893173 0.377465
v 0.576425 -1.489408 0.377465
v 0.576425 -1.893173 -0.406597
v 0.654003 -1.893173 0.377465
v 0.576425 -2.083322 0.187316
v 0.654003 -2.083322 0.187316
v 0.654003 -1.299259 0.187316
v 0.576425 -1.489408 0.377465
v 0.654003 -1.489408 0.377465
v 0.576425 -1.893173 -0.406597
v 0.654003 -1.489408 -0.406597
v 0.654003 -1.893173 -0.406597
v 0.576425 -2.083322 0.187316
v 0.654003 -2.083322 -0.216449
v 0.654003 -2.083322 0.187316
v 0.654003 -1.489408 0.377465
v 0.576425 -1.893173 0.377465
v 0.654003 -1.893173 0.377465
v 0.654003 -1.299259 -0.216449
v 0.576425 -1.299259 0.187316
v 0.654003 -1.299259 0.187316
v 0.576425 -1.489408 -0.406597
v 0.654003 -1.299259 -0.216449
v 0.654003 -1.489408 -0.406597
v 0.576425 -2.083322 -0.216449
v 0.654003 -1.893173 -0.406597
v 0.654003 -2.083322 -0.216449
v 0.654003 -1.299259 -1.780160
v 0.654003 -1.489407 -1.186246
v 0.654003 -2.083322 -1.376395
v 0.576425 -1.893173 -1.970309
v 0.576425 -2.083322 -1.376395
v 0.576425 -1.489407 -1.186246
v 0.654003 -1.893173 -1.186246
v 0.576425 -2.083322 -1.376395
v 0.654003 -2.083322 -1.376395
v 0.654003 -1.299259 -1.376395
v 0.576425 -1.489407 -1.186246
v 0.654003 -1.489407 -1.186246
v 0.576425 -1.893173 -1.970309
v 0.654003 -1.489407 -1.970309
v 0.654003 -1.893173 -1.970309
v 0.576425 -2.083322 -1.376395
v 0.654003 -2.083321 -1.780160
v 0.654003 -2.083322 -1.376395
v 0.654003 -1.489407 -1.186246
v 0.576425 -1.893173 -1.186246
v 0.654003 -1.893173 -1.186246
v 0.654003 -1.299259 -1.780160
v 0.576425 -1.299259 -1.376395
v 0.654003 -1.299259 -1.376395
v 0.576424 -1.489407 -1.970309
v 0.654003 -1.299259 -1.780160
v 0.654003 -1.489407 -1.970309
v 0.576425 -2.083321 -1.780160
v 0.654003 -1.893173 -1.970309
v 0.654003 -2.083321 -1.780160
v 0.732935 -1.748745 -2.179078
v 0.732935 -1.591881 -2.179078
v 0.732935 -1.518008 -2.065363
v 0.655357 -1.822618 2.036236
v 0.655357 -1.748746 2.149951
v 0.655357 -1.591881 2.149951
v 0.655357 -1.748746 2.149951
v 0.732935 -1.822618 2.036236
v 0.732935 -1.748746 2.149951
v 0.732935 -1.518008 2.036236
v 0.655357 -1.591881 2.149951
v 0.732935 -1.591881 2.149951
v 0.655357 -1.748745 -2.179078
v 0.732935 -1.591881 -2.179078
v 0.732935 -1.748745 -2.179078
v 0.655357 -1.822618 2.036236
v 0.732935 -1.822618 -2.065364
v 0.732935 -1.822618 2.036236
v 0.732935 -1.591881 2.149951
v 0.655357 -1.748746 2.149951
v 0.732935 -1.748746 2.149951
v 0.655357 -1.518008 -2.065363
v 0.732935 -1.518008 2.036236
v 0.732935 -1.518008 -2.065363
v 0.655357 -1.591881 -2.179078
v 0.732935 -1.518008 -2.065363
v 0.732935 -1.591881 -2.179078
v 0.655357 -1.822618 -2.065364
v 0.732935 -1.748745 -2.179078
v 0.732935 -1.822618 -2.065364
v -0.654003 -1.893173 1.183930
v -0.654003 -2.083322 1.777844
v -0.654003 -1.489407 1.967992
v -0.576425 -1.893173 1.183930
v -0.576425 -1.489407 1.183930
v -0.576425 -1.299259 1.374078
v -0.654003 -2.083322 1.777844
v -0.576425 -1.893173 1.967992
v -0.654003 -1.893173 1.967992
v -0.654003 -1.299259 1.777844
v -0.576425 -1.489407 1.967992
v -0.576425 -1.299259 1.777844
v -0.654003 -1.489407 1.183930
v -0.576425 -1.893173 1.183930
v -0.654003 -1.893173 1.183930
v -0.654003 -2.083321 1.374078
v -0.576425 -2.083322 1.777844
v -0.654003 -2.083322 1.777844
v -0.654003 -1.489407 1.967992
v -0.576425 -1.893173 1.967992
v -0.576425 -1.489407 1.967992
v -0.654003 -1.299259 1.374078
v -0.576425 -1.299259 1.777844
v -0.576425 -1.299259 1.374078
v -0.654003 -1.299259 1.374078
v -0.576425 -1.489407 1.183930
v -0.654003 -1.489407 1.183930
v -0.654003 -2.083321 1.374078
v -0.576425 -1.893173 1.183930
v -0.576425 -2.083322 1.374078
v -0.654003 -1.489407 0.377465
v -0.654003 -1.299259 -0.216449
v -0.654003 -1.893173 -0.406597
v -0.576425 -2.083322 0.187316
v -0.576425 -1.893173 -0.406597
v -0.576425 -1.299259 -0.216449
v -0.654003 -2.083321 0.187316
v -0.576425 -1.893173 0.377465
v -0.654003 -1.893173 0.377465
v -0.654003 -1.299259 0.187316
v -0.576425 -1.489407 0.377465
v -0.576425 -1.299259 0.187316
v -0.654003 -1.489407 -0.406597
v -0.576425 -1.893173 -0.406597
v -0.654003 -1.893173 -0.406597
v -0.654003 -2.083321 -0.216449
v -0.576425 -2.083322 0.187316
v -0.654003 -2.083321 0.187316
v -0.654003 -1.489407 0.377465
v -0.576425 -1.893173 0.377465
v -0.576425 -1.489407 0.377465
v -0.654003 -1.299259 -0.216449
v -0.576425 -1.299259 0.187316
v -0.576425 -1.299259 -0.216449
v -0.654003 -1.299259 -0.216449
v -0.576425 -1.489407 -0.406597
v -0.654003 -1.489407 -0.406597
v -0.654003 -2.083321 -0.216449
v -0.576425 -1.893173 -0.406597
v -0.576425 -2.083322 -0.216449
v -0.654003 -2.083321 -1.376395
v -0.654003 -1.893173 -1.186246
v -0.654003 -1.489407 -1.186246
v -0.576425 -2.083322 -1.376395
v -0.576425 -1.893173 -1.970309
v -0.576425 -1.299259 -1.780160
v -0.654003 -2.083321 -1.376395
v -0.576425 -1.893173 -1.186246
v -0.654003 -1.893173 -1.186246
v -0.654003 -1.299259 -1.376395
v -0.576425 -1.489407 -1.186246
v -0.576425 -1.299259 -1.376395
v -0.654003 -1.489407 -1.970309
v -0.576425 -1.893173 -1.970309
v -0.654003 -1.893173 -1.970309
v -0.654003 -2.083321 -1.780160
v -0.576425 -2.083322 -1.376395
v -0.654003 -2.083321 -1.376395
v -0.654003 -1.489407 -1.186246
v -0.576425 -1.893173 -1.186246
v -0.576425 -1.489407 -1.186246
v -0.654003 -1.299259 -1.780160
v -0.576425 -1.299259 -1.376395
v -0.576425 -1.299259 -1.780160
v -0.654003 -1.489407 -1.970309
v -0.576425 -1.299259 -1.780160
v -0.576425 -1.489407 -1.970309
v -0.654003 -2.083321 -1.780160
v -0.576425 -1.893173 -1.970309
v -0.576425 -2.083321 -1.780160
v -0.732935 -1.822618 2.036236
v -0.732935 -1.748745 2.149951
v -0.732935 -1.591881 2.149951
v -0.655357 -1.748745 -2.179078
v -0.655357 -1.591881 -2.179078
v -0.655357 -1.518007 -2.065363
v -0.732935 -1.822618 2.036236
v -0.655357 -1.748745 2.149951
v -0.732935 -1.748745 2.149951
v -0.732935 -1.518008 2.036236
v -0.655357 -1.591881 2.149951
v -0.655357 -1.518008 2.036236
v -0.732935 -1.591881 -2.179078
v -0.655357 -1.748745 -2.179078
v -0.732935 -1.748745 -2.179078
v -0.732935 -1.822618 -2.065364
v -0.655357 -1.822618 2.036236
v -0.732935 -1.822618 2.036236
v -0.732935 -1.591881 2.149951
v -0.655357 -1.748745 2.149951
v -0.655357 -1.591881 2.149951
v -0.732935 -1.518008 2.036236
v -0.655357 -1.518007 -2.065363
v -0.732935 -1.518007 -2.065363
v -0.732935 -1.518007 -2.065363
v -0.655357 -1.591881 -2.179078
v -0.732935 -1.591881 -2.179078
v -0.732935 -1.748745 -2.179078
v -0.655357 -1.822618 -2.065364
v -0.732935 -1.822618 -2.065364
v -1.056264 -1.393008 2.405183
v -0.993788 -1.397269 2.461285
v -1.021607 -1.341167 2.405183
v -1.056264 -1.393008 -2.405183
v -1.021607 -1.341166 -2.405183
v -0.993788 -1.397269 -2.461285
v 1.056264 -1.393008 2.405183
v 1.021607 -1.341167 2.405183
v 0.993788 -1.397269 2.461285
v 1.056264 -1.393008 -2.405183
v 0.993788 -1.397269 -2.461285
v 1.021607 -1.341166 -2.405183
v -0.957741 -1.631170 -2.405183
v -0.898790 -1.626909 -2.461285
v -0.880193 -1.683012 -2.405183
v -0.957741 -1.631170 2.405182
v -0.880193 -1.683012 2.405182
v -0.898790 -1.626910 2.461285
v 0.957741 -1.631170 2.405182
v 0.898790 -1.626910 2.461285
v 0.880193 -1.683012 2.405182
v 0.957741 -1.631170 -2.405183
v 0.880193 -1.683012 -2.405183
v 0.898790 -1.626909 -2.461285
v -1.280501 -1.059034 -2.461285
v -1.077710 -1.341166 -2.405183
v -1.341166 -1.077710 -2.405183
v -1.280501 -1.059034 2.461285
v -1.077710 -1.341167 2.405183
v -1.054472 -1.285064 2.461285
v -0.718683 1.285063 2.461285
v -0.930899 1.077710 2.405183
v -0.878015 1.055511 2.461285
v -0.718683 1.285064 -2.461285
v -0.930899 1.077710 -2.405183
v -0.748035 1.341167 -2.405183
v 1.280501 -1.059034 2.461285
v 1.077710 -1.341167 2.405183
v 1.341166 -1.077710 2.405183
v 1.280501 -1.059034 -2.461285
v 1.077710 -1.341166 -2.405183
v 1.054472 -1.285064 -2.461285
v 0.718683 1.285064 -2.461285
v 0.930899 1.077710 -2.405183
v 0.878015 1.055512 -2.461285
v 0.718683 1.285063 2.461285
v 0.930899 1.077710 2.405183
v 0.748035 1.341166 2.405183
v 1.054472 -1.285064 -2.461285
v -1.077710 -1.341166 -2.405183
v -1.054472 -1.285064 -2.461285
v -1.054472 -1.285064 2.461285
v 1.077710 -1.341167 2.405183
v 1.054472 -1.285064 2.461285
v -1.280501 -1.059034 2.461285
v -1.341166 -1.077710 2.405183
v -1.280501 -1.059034 -2.461285
v -0.878015 1.055512 -2.461285
v 1.280501 -1.059034 2.461285
v 1.341166 -1.077710 2.405183
v -0.748035 1.341166 2.405183
v 0.718683 1.285063 2.461285
v 0.748035 1.341166 2.405183
v -0.718683 1.285064 -2.461285
v 0.748035 1.341167 -2.405183
v 0.718683 1.285064 -2.461285
v 1.280501 -1.059034 -2.461285
v -1.056264 -1.393008 2.405183
v -1.021607 -1.341166 -2.405183
v -1.056264 -1.393008 -2.405183
v 1.056264 -1.393008 -2.405183
v 1.021607 -1.341167 2.405183
v 1.056264 -1.393008 2.405183
v 1.021607 -1.341166 -2.405183
v -0.993788 -1.397269 -2.461285
v -1.021607 -1.341166 -2.405183
v -1.021607 -1.341167 2.405183
v 0.993788 -1.397269 2.461285
v 1.021607 -1.341167 2.405183
v -0.880193 -1.683012 2.405182
v -0.957741 -1.631170 -2.405183
v -0.880193 -1.683012 -2.405183
v 0.880193 -1.683012 -2.405183
v 0.957741 -1.631170 2.405182
v 0.880193 -1.683012 2.405182
v -0.957741 -1.631170 2.405182
v -0.993788 -1.397269 2.461285
v -1.056264 -1.393008 2.405183
v 0.957741 -1.631170 2.405182
v 0.993788 -1.397269 2.461285
v 0.898790 -1.626910 2.461285
v 0.993788 -1.397269 -2.461285
v 0.957741 -1.631170 -2.405183
v 0.898790 -1.626909 -2.461285
v -0.957741 -1.631170 -2.405183
v -0.993788 -1.397269 -2.461285
v -0.898790 -1.626909 -2.461285
v -1.077710 -1.341167 2.405183
v -1.341166 -1.077710 -2.405183
v -1.077710 -1.341166 -2.405183
v 1.077710 -1.341167 2.405183
v 0.930899 1.077710 2.405183
v -1.054472 -1.285064 -2.461285
v -0.878015 1.055512 -2.461285
v -1.280501 -1.059034 -2.461285
v -0.718683 1.285064 -2.461285
v 0.718683 1.285064 -2.461285
v 1.054472 -1.285064 2.461285
v 0.878015 1.055511 2.461285
v 1.280501 -1.059034 2.461285
v 0.718683 1.285063 2.461285
v -0.718683 1.285063 2.461285
v 1.341166 -1.077710 -2.405183
v -0.930899 1.077710 -2.405183
v -0.748035 1.341166 2.405183
v 0.930899 1.077710 2.405183
v -0.957741 -1.631170 -2.405183
v -0.930899 1.077710 -2.405183
v -0.898790 -1.626910 2.461285
v 0.898790 -1.626909 -2.461285
v 0.880193 -1.683012 2.405182
v 0.957741 -1.631170 2.405182
v 1.021607 -1.341167 2.405183
v 0.654003 -1.299259 1.374078
v 0.654003 -1.299259 1.777844
v 0.654003 -1.893173 1.967992
v 0.654003 -2.083322 1.374078
v 0.654003 -1.489408 1.183930
v 0.576425 -1.299259 1.777844
v 0.576425 -1.299259 1.374078
v 0.576425 -1.489408 1.183930
v 0.576425 -2.083322 1.374078
v 0.576425 -1.893173 1.967992
v 0.576425 -1.893173 1.967992
v 0.576425 -1.299259 1.777844
v 0.576425 -1.489408 1.183930
v 0.576425 -2.083322 1.374078
v 0.576425 -1.489408 1.967992
v 0.576425 -1.299259 1.374078
v 0.576425 -1.299259 1.374078
v 0.576425 -1.893173 1.183930
v 0.654003 -1.299259 0.187316
v 0.654003 -1.489408 0.377465
v 0.654003 -1.893173 0.377465
v 0.654003 -2.083322 -0.216449
v 0.654003 -1.489408 -0.406597
v 0.576425 -1.299259 0.187316
v 0.576425 -1.299259 -0.216449
v 0.576425 -1.489408 -0.406597
v 0.576425 -2.083322 -0.216449
v 0.576425 -2.083322 0.187316
v 0.576425 -1.893173 0.377465
v 0.576425 -1.299259 0.187316
v 0.576425 -1.489408 -0.406597
v 0.576425 -2.083322 -0.216449
v 0.576425 -1.489408 0.377465
v 0.576425 -1.299259 -0.216449
v 0.576425 -1.299259 -0.216449
v 0.576425 -1.893173 -0.406597
v 0.654003 -1.299259 -1.376395
v 0.654003 -1.893173 -1.186246
v 0.654003 -2.083321 -1.780160
v 0.654003 -1.893173 -1.970309
v 0.654003 -1.489407 -1.970309
v 0.576425 -1.299259 -1.376395
v 0.576424 -1.299259 -1.780160
v 0.576424 -1.489407 -1.970309
v 0.576425 -2.083321 -1.780160
v 0.576425 -1.893173 -1.186246
v 0.576425 -1.893173 -1.186246
v 0.576425 -1.299259 -1.376395
v 0.576424 -1.489407 -1.970309
v 0.576425 -2.083321 -1.780160
v 0.576425 -1.489407 -1.186246
v 0.576424 -1.299259 -1.780160
v 0.576424 -1.299259 -1.780160
v 0.576425 -1.893173 -1.970309
v 0.732935 -1.518008 2.036236
v 0.732935 -1.822618 2.036236
v 0.732935 -1.591881 2.149951
v 0.732935 -1.748746 2.149951
v 0.732935 -1.822618 -2.065364
v 0.655357 -1.518008 2.036236
v 0.655357 -1.518008 -2.065363
v 0.655357 -1.591881 -2.179078
v 0.655357 -1.748745 -2.179078
v 0.655357 -1.822618 -2.065364
v 0.655357 -1.822618 2.036236
v 0.655357 -1.518008 2.036236
v 0.655357 -1.591881 -2.179078
v 0.655357 -1.822618 -2.065364
v 0.655357 -1.591881 2.149951
v 0.655357 -1.518008 2.036236
v 0.655357 -1.518008 -2.065363
v 0.655357 -1.748745 -2.179078
v -0.654003 -1.299259 1.777844
v -0.654003 -1.299259 1.374078
v -0.654003 -1.489407 1.183930
v -0.654003 -2.083321 1.374078
v -0.654003 -1.893173 1.967992
v -0.576425 -1.299259 1.777844
v -0.576425 -1.489407 1.967992
v -0.576425 -1.893173 1.967992
v -0.576425 -2.083322 1.777844
v -0.576425 -2.083322 1.374078
v -0.576425 -2.083322 1.777844
v -0.654003 -1.489407 1.967992
v -0.576425 -1.489407 1.183930
v -0.576425 -2.083322 1.374078
v -0.654003 -1.893173 1.967992
v -0.654003 -1.299259 1.777844
v -0.576425 -1.299259 1.374078
v -0.654003 -1.893173 1.183930
v -0.654003 -1.299259 0.187316
v -0.654003 -1.489407 -0.406597
v -0.654003 -2.083321 -0.216449
v -0.654003 -2.083321 0.187316
v -0.654003 -1.893173 0.377465
v -0.576425 -1.299259 0.187316
v -0.576425 -1.489407 0.377465
v -0.576425 -1.893173 0.377465
v -0.576425 -2.083322 -0.216449
v -0.576425 -1.489407 -0.406597
v -0.576425 -2.083322 0.187316
v -0.654003 -1.489407 0.377465
v -0.576425 -1.489407 -0.406597
v -0.576425 -2.083322 -0.216449
v -0.654003 -1.893173 0.377465
v -0.654003 -1.299259 0.187316
v -0.576425 -1.299259 -0.216449
v -0.654003 -1.893173 -0.406597
v -0.654003 -1.299259 -1.376395
v -0.654003 -1.299259 -1.780160
v -0.654003 -1.489407 -1.970309
v -0.654003 -1.893173 -1.970309
v -0.654003 -2.083321 -1.780160
v -0.576425 -1.299259 -1.376395
v -0.576425 -1.489407 -1.186246
v -0.576425 -1.893173 -1.186246
v -0.576425 -2.083321 -1.780160
v -0.576425 -1.489407 -1.970309
v -0.576425 -2.083322 -1.376395
v -0.654003 -1.489407 -1.186246
v -0.576425 -1.489407 -1.970309
v -0.576425 -2.083321 -1.780160
v -0.654003 -1.893173 -1.186246
v -0.654003 -1.299259 -1.376395
v -0.654003 -1.299259 -1.780160
v -0.654003 -1.893173 -1.970309
v -0.732935 -1.518008 2.036236
v -0.732935 -1.518007 -2.065363
v -0.732935 -1.591881 -2.179078
v -0.732935 -1.748745 -2.179078
v -0.732935 -1.822618 -2.065364
v -0.655357 -1.518008 2.036236
v -0.655357 -1.822618 2.036236
v -0.655357 -1.591881 2.149951
v -0.655357 -1.748745 2.149951
v -0.655357 -1.822618 -2.065364
v -0.655357 -1.822618 2.036236
v -0.732935 -1.591881 2.149951
v -0.655357 -1.591881 -2.179078
v -0.655357 -1.822618 -2.065364
v -0.732935 -1.748745 2.149951
v -0.655357 -1.518008 2.036236
v -0.655357 -1.518007 -2.065363
v -0.655357 -1.748745 -2.179078
v -1.054472 -1.285064 -2.461285
v -1.341166 -1.077710 2.405183
v -0.748035 1.341166 2.405183
v 1.054472 -1.285064 2.461285
v 1.341166 -1.077710 -2.405183
v 0.748035 1.341167 -2.405183
v 0.878015 1.055511 2.461285
v 1.077710 -1.341166 -2.405183
v -1.077710 -1.341167 2.405183
v -1.341166 -1.077710 -2.405183
v -0.718683 1.285063 2.461285
v -0.748035 1.341167 -2.405183
v 1.341166 -1.077710 -2.405183
v -1.021607 -1.341167 2.405183
v 1.021607 -1.341166 -2.405183
v 0.993788 -1.397269 -2.461285
v -0.993788 -1.397269 2.461285
v -0.957741 -1.631170 2.405182
v 0.957741 -1.631170 -2.405183
v -0.898790 -1.626910 2.461285
v 1.056264 -1.393008 2.405183
v 1.056264 -1.393008 -2.405183
v -1.056264 -1.393008 -2.405183
v -1.341166 -1.077710 2.405183
v 1.077710 -1.341166 -7.327752
v -1.077710 -1.341166 -2.517387
v -1.077710 -1.341166 -7.327752
v 0.748035 1.341167 -2.517387
v 0.930899 1.077711 -7.327752
v 0.748035 1.341167 -7.327752
v 0.878015 1.055512 -7.383854
v 1.280501 -1.059033 -7.383854
v 1.054472 -1.285063 -7.383854
v -0.878015 1.055512 -2.461285
v -1.280501 -1.059034 -2.461285
v -1.054472 -1.285064 -2.461285
v 1.077710 -1.341166 -7.327752
v 1.341166 -1.077710 -2.517387
v 1.077710 -1.341166 -2.517387
v -0.930899 1.077710 -2.517387
v -1.341166 -1.077710 -7.327752
v -1.341166 -1.077710 -2.517387
v -0.748035 1.341167 -7.327752
v 0.748035 1.341167 -2.517387
v 0.748035 1.341167 -7.327752
v 0.930899 1.077711 -7.327752
v 1.341166 -1.077710 -2.517387
v 1.341166 -1.077710 -7.327752
v -1.056264 -1.393008 -7.327752
v -0.957741 -1.631170 -2.517387
v -1.056264 -1.393008 -2.517387
v -0.748035 1.341167 -7.327752
v -0.930899 1.077710 -2.517387
v -0.748035 1.341167 -2.517387
v -0.993788 -1.397269 -2.461285
v 0.898790 -1.626909 -2.461285
v 0.993788 -1.397269 -2.461285
v 0.993788 -1.397268 -7.383854
v -0.898790 -1.626909 -7.383854
v -0.993788 -1.397268 -7.383854
v 0.880193 -1.683011 -7.327752
v -0.880193 -1.683012 -2.517387
v -0.880193 -1.683011 -7.327752
v 1.056264 -1.393008 -2.517387
v 0.957741 -1.631170 -7.327752
v 1.056264 -1.393008 -7.327752
v -1.021607 -1.341166 -2.517387
v 1.021607 -1.341166 -7.327752
v -1.021607 -1.341166 -7.327752
v 0.654003 -1.489407 -2.954577
v 0.654003 -2.083321 -3.144726
v 0.654003 -1.893173 -3.738640
v 0.576425 -1.893173 -3.738640
v 0.576425 -2.083321 -3.144726
v 0.576425 -1.489407 -2.954577
v 0.654003 -1.893173 -2.954578
v 0.576425 -2.083321 -3.144726
v 0.654003 -2.083321 -3.144726
v 0.654003 -1.299259 -3.144726
v 0.576425 -1.489407 -2.954577
v 0.654003 -1.489407 -2.954577
v 0.576425 -1.893173 -3.738640
v 0.654003 -1.489407 -3.738639
v 0.654003 -1.893173 -3.738640
v 0.576425 -2.083321 -3.144726
v 0.654003 -2.083321 -3.548491
v 0.654003 -2.083321 -3.144726
v 0.654003 -1.489407 -2.954577
v 0.576425 -1.893173 -2.954578
v 0.654003 -1.893173 -2.954578
v 0.654003 -1.299259 -3.548491
v 0.576425 -1.299259 -3.144726
v 0.654003 -1.299259 -3.144726
v 0.576425 -1.489407 -3.738639
v 0.654003 -1.299259 -3.548491
v 0.654003 -1.489407 -3.738639
v 0.576425 -2.083321 -3.548491
v 0.654003 -1.893173 -3.738640
v 0.654003 -2.083321 -3.548491
v 0.654003 -2.083321 -4.735253
v 0.654003 -1.893173 -5.329167
v 0.654003 -1.299259 -5.139019
v 0.576425 -1.893173 -4.545105
v 0.576425 -1.489407 -4.545105
v 0.576425 -1.893173 -5.329167
v 0.654003 -1.893173 -4.545105
v 0.576425 -2.083321 -4.735253
v 0.654003 -2.083321 -4.735253
v 0.654003 -1.299259 -4.735253
v 0.576425 -1.489407 -4.545105
v 0.654003 -1.489407 -4.545105
v 0.576425 -1.893173 -5.329167
v 0.654003 -1.489407 -5.329167
v 0.654003 -1.893173 -5.329167
v 0.576425 -2.083321 -4.735253
v 0.654003 -2.083321 -5.139019
v 0.654003 -2.083321 -4.735253
v 0.654003 -1.489407 -4.545105
v 0.576425 -1.893173 -4.545105
v 0.654003 -1.893173 -4.545105
v 0.654003 -1.299259 -5.139019
v 0.576425 -1.299259 -4.735253
v 0.654003 -1.299259 -4.735253
v 0.576425 -1.489407 -5.329167
v 0.654003 -1.299259 -5.139019
v 0.654003 -1.489407 -5.329167
v 0.576425 -2.083321 -5.139019
v 0.654003 -1.893173 -5.329167
v 0.654003 -2.083321 -5.139019
v 0.654003 -1.299259 -6.702730
v 0.654003 -1.489407 -6.108816
v 0.654003 -2.083321 -6.298965
v 0.576425 -1.893173 -6.892878
v 0.576425 -2.083321 -6.298965
v 0.576425 -1.489407 -6.108816
v 0.654003 -1.893173 -6.108816
v 0.576425 -2.083321 -6.298965
v 0.654003 -2.083321 -6.298965
v 0.654003 -1.299259 -6.298965
v 0.576425 -1.489407 -6.108816
v 0.654003 -1.489407 -6.108816
v 0.576425 -1.893173 -6.892878
v 0.654003 -1.489407 -6.892878
v 0.654003 -1.893173 -6.892878
v 0.576425 -2.083321 -6.298965
v 0.654003 -2.083321 -6.702730
v 0.654003 -2.083321 -6.298965
v 0.654003 -1.489407 -6.108816
v 0.576425 -1.893173 -6.108816
v 0.654003 -1.893173 -6.108816
v 0.654003 -1.299259 -6.702730
v 0.576425 -1.299259 -6.298965
v 0.654003 -1.299259 -6.298965
v 0.576424 -1.489407 -6.892878
v 0.654003 -1.299259 -6.702730
v 0.654003 -1.489407 -6.892878
v 0.576425 -2.083321 -6.702730
v 0.654003 -1.893173 -6.892878
v 0.654003 -2.083321 -6.702730
v 0.732935 -1.748745 -7.101647
v 0.732935 -1.591880 -7.101647
v 0.732935 -1.518007 -6.987933
v 0.655357 -1.822618 -2.886334
v 0.655357 -1.748745 -2.772619
v 0.655357 -1.591880 -2.772619
v 0.655357 -1.748745 -2.772619
v 0.732935 -1.822618 -2.886334
v 0.732935 -1.748745 -2.772618
v 0.732935 -1.518007 -2.886333
v 0.655357 -1.591880 -2.772619
v 0.732935 -1.591880 -2.772618
v 0.655357 -1.748745 -7.101647
v 0.732935 -1.591880 -7.101647
v 0.732935 -1.748745 -7.101647
v 0.655357 -1.822618 -2.886334
v 0.732935 -1.822618 -6.987933
v 0.732935 -1.822618 -2.886334
v 0.732935 -1.591880 -2.772618
v 0.655357 -1.748745 -2.772619
v 0.732935 -1.748745 -2.772618
v 0.655357 -1.518007 -6.987933
v 0.732935 -1.518007 -2.886333
v 0.732935 -1.518007 -6.987933
v 0.655357 -1.591880 -7.101647
v 0.732935 -1.518007 -6.987933
v 0.732935 -1.591880 -7.101647
v 0.655357 -1.822618 -6.987933
v 0.732935 -1.748745 -7.101647
v 0.732935 -1.822618 -6.987933
v -0.654003 -1.893173 -3.738640
v -0.654003 -2.083321 -3.144726
v -0.654003 -1.489407 -2.954577
v -0.576425 -1.893173 -3.738640
v -0.576425 -1.489407 -3.738639
v -0.576425 -1.299259 -3.548491
v -0.654003 -2.083321 -3.144726
v -0.576425 -1.893173 -2.954578
v -0.654003 -1.893173 -2.954578
v -0.654003 -1.299259 -3.144726
v -0.576425 -1.489407 -2.954577
v -0.576425 -1.299259 -3.144726
v -0.654003 -1.489407 -3.738639
v -0.576425 -1.893173 -3.738640
v -0.654003 -1.893173 -3.738640
v -0.654003 -2.083321 -3.548491
v -0.576425 -2.083321 -3.144726
v -0.654003 -2.083321 -3.144726
v -0.654003 -1.489407 -2.954577
v -0.576425 -1.893173 -2.954578
v -0.576425 -1.489407 -2.954577
v -0.654003 -1.299259 -3.548491
v -0.576425 -1.299259 -3.144726
v -0.576425 -1.299259 -3.548491
v -0.654003 -1.299259 -3.548491
v -0.576425 -1.489407 -3.738639
v -0.654003 -1.489407 -3.738639
v -0.654003 -2.083321 -3.548491
v -0.576425 -1.893173 -3.738640
v -0.576425 -2.083321 -3.548491
v -0.654003 -1.489407 -4.545105
v -0.654003 -1.299259 -5.139019
v -0.654003 -1.893173 -5.329167
v -0.576425 -2.083321 -4.735253
v -0.576425 -1.893173 -5.329167
v -0.576425 -1.299259 -5.139019
v -0.654003 -2.083321 -4.735253
v -0.576425 -1.893173 -4.545105
v -0.654003 -1.893173 -4.545105
v -0.654003 -1.299259 -4.735253
v -0.576425 -1.489407 -4.545105
v -0.576425 -1.299259 -4.735253
v -0.654003 -1.489407 -5.329167
v -0.576425 -1.893173 -5.329167
v -0.654003 -1.893173 -5.329167
v -0.654003 -2.083321 -5.139019
v -0.576425 -2.083321 -4.735253
v -0.654003 -2.083321 -4.735253
v -0.654003 -1.489407 -4.545105
v -0.576425 -1.893173 -4.545105
v -0.576425 -1.489407 -4.545105
v -0.654003 -1.299259 -5.139019
v -0.576425 -1.299259 -4.735253
v -0.576425 -1.299259 -5.139019
v -0.654003 -1.299259 -5.139019
v -0.576425 -1.489407 -5.329167
v -0.654003 -1.489407 -5.329167
v -0.654003 -2.083321 -5.139019
v -0.576425 -1.893173 -5.329167
v -0.576425 -2.083321 -5.139019
v -0.654003 -2.083321 -6.298964
v -0.654003 -1.893173 -6.108816
v -0.654003 -1.489407 -6.108816
v -0.576425 -2.083321 -6.298964
v -0.576425 -1.893173 -6.892878
v -0.576425 -1.299259 -6.702729
v -0.654003 -2.083321 -6.298964
v -0.576425 -1.893173 -6.108816
v -0.654003 -1.893173 -6.108816
v -0.654003 -1.299259 -6.298964
v -0.576425 -1.489407 -6.108816
v -0.576425 -1.299259 -6.298964
v -0.654003 -1.489407 -6.892878
v -0.576425 -1.893173 -6.892878
v -0.654003 -1.893173 -6.892878
v -0.654003 -2.083321 -6.702729
v -0.576425 -2.083321 -6.298964
v -0.654003 -2.083321 -6.298964
v -0.654003 -1.489407 -6.108816
v -0.576425 -1.893173 -6.108816
v -0.576425 -1.489407 -6.108816
v -0.654003 -1.299259 -6.702729
v -0.576425 -1.299259 -6.298964
v -0.576425 -1.299259 -6.702729
v -0.654003 -1.489407 -6.892878
v -0.576425 -1.299259 -6.702729
v -0.576425 -1.489407 -6.892878
v -0.654003 -2.083321 -6.702729
v -0.576425 -1.893173 -6.892878
v -0.576425 -2.083321 -6.702729
v -0.732935 -1.822618 -2.886334
v -0.732935 -1.748745 -2.772618
v -0.732935 -1.591880 -2.772618
v -0.655357 -1.748744 -7.101646
v -0.655357 -1.591880 -7.101646
v -0.655357 -1.518007 -6.987933
v -0.732935 -1.822618 -2.886334
v -0.655357 -1.748745 -2.772619
v -0.732935 -1.748745 -2.772618
v -0.732935 -1.518007 -2.886333
v -0.655357 -1.591880 -2.772619
v -0.655357 -1.518007 -2.886333
v -0.732935 -1.591880 -7.101646
v -0.655357 -1.748744 -7.101646
v -0.732935 -1.748744 -7.101646
v -0.732935 -1.822618 -6.987933
v -0.655357 -1.822618 -2.886334
v -0.732935 -1.822618 -2.886334
v -0.732935 -1.591880 -2.772618
v -0.655357 -1.748745 -2.772619
v -0.655357 -1.591880 -2.772619
v -0.732935 -1.518007 -2.886333
v -0.655357 -1.518007 -6.987933
v -0.732935 -1.518007 -6.987933
v -0.732935 -1.518007 -6.987933
v -0.655357 -1.591880 -7.101646
v -0.732935 -1.591880 -7.101646
v -0.732935 -1.748744 -7.101646
v -0.655357 -1.822618 -6.987933
v -0.732935 -1.822618 -6.987933
v -1.056264 -1.393008 -2.517387
v -0.993788 -1.397269 -2.461285
v -1.021607 -1.341166 -2.517387
v -1.056264 -1.393008 -7.327752
v -1.021607 -1.341166 -7.327752
v -0.993788 -1.397268 -7.383854
v 1.056264 -1.393008 -2.517387
v 1.021607 -1.341166 -2.517387
v 0.993788 -1.397269 -2.461285
v 1.056264 -1.393008 -7.327752
v 0.993788 -1.397268 -7.383854
v 1.021607 -1.341166 -7.327752
v -0.957741 -1.631170 -7.327752
v -0.898790 -1.626909 -7.383854
v -0.880193 -1.683011 -7.327752
v -0.957741 -1.631170 -2.517387
v -0.880193 -1.683012 -2.517387
v -0.898790 -1.626909 -2.461285
v 0.957741 -1.631170 -2.517387
v 0.898790 -1.626909 -2.461285
v 0.880193 -1.683012 -2.517387
v 0.957741 -1.631170 -7.327752
v 0.880193 -1.683011 -7.327752
v 0.898790 -1.626909 -7.383854
v -1.280501 -1.059033 -7.383854
v -1.077710 -1.341166 -7.327752
v -1.341166 -1.077710 -7.327752
v -1.280501 -1.059034 -2.461285
v -1.077710 -1.341166 -2.517387
v -1.054472 -1.285064 -2.461285
v -0.718683 1.285064 -2.461285
v -0.930899 1.077710 -2.517387
v -0.878015 1.055512 -2.461285
v -0.718683 1.285064 -7.383854
v -0.930899 1.077711 -7.327752
v -0.748035 1.341167 -7.327752
v 1.280501 -1.059034 -2.461285
v 1.077710 -1.341166 -2.517387
v 1.341166 -1.077710 -2.517387
v 1.280501 -1.059033 -7.383854
v 1.077710 -1.341166 -7.327752
v 1.054472 -1.285063 -7.383854
v 0.718683 1.285064 -7.383854
v 0.930899 1.077711 -7.327752
v 0.878015 1.055512 -7.383854
v 0.718683 1.285064 -2.461285
v 0.930899 1.077710 -2.517387
v 0.748035 1.341167 -2.517387
v 1.054472 -1.285063 -7.383854
v -1.077710 -1.341166 -7.327752
v -1.054472 -1.285063 -7.383854
v -1.054472 -1.285064 -2.461285
v 1.077710 -1.341166 -2.517387
v 1.054472 -1.285064 -2.461285
v -1.280501 -1.059034 -2.461285
v -1.341166 -1.077710 -2.517387
v -1.280501 -1.059033 -7.383854
v -0.878015 1.055512 -7.383854
v 1.280501 -1.059034 -2.461285
v 1.341166 -1.077710 -2.517387
v -0.748035 1.341167 -2.517387
v 0.718683 1.285064 -2.461285
v 0.748035 1.341167 -2.517387
v -0.718683 1.285064 -7.383854
v 0.748035 1.341167 -7.327752
v 0.718683 1.285064 -7.383854
v 1.280501 -1.059033 -7.383854
v -1.056264 -1.393008 -2.517387
v -1.021607 -1.341166 -7.327752
v -1.056264 -1.393008 -7.327752
v 1.056264 -1.393008 -7.327752
v 1.021607 -1.341166 -2.517387
v 1.056264 -1.393008 -2.517387
v 1.021607 -1.341166 -7.327752
v -0.993788 -1.397268 -7.383854
v -1.021607 -1.341166 -7.327752
v -1.021607 -1.341166 -2.517387
v 0.993788 -1.397269 -2.461285
v 1.021607 -1.341166 -2.517387
v -0.880193 -1.683012 -2.517387
v -0.957741 -1.631170 -7.327752
v -0.880193 -1.683011 -7.327752
v 0.880193 -1.683011 -7.327752
v 0.957741 -1.631170 -2.517387
v 0.880193 -1.683012 -2.517387
v -0.957741 -1.631170 -2.517387
v -0.993788 -1.397269 -2.461285
v -1.056264 -1.393008 -2.517387
v 0.957741 -1.631170 -2.517387
v 0.993788 -1.397269 -2.461285
v 0.898790 -1.626909 -2.461285
v 0.993788 -1.397268 -7.383854
v 0.957741 -1.631170 -7.327752
v 0.898790 -1.626909 -7.383854
v -0.957741 -1.631170 -7.327752
v -0.993788 -1.397268 -7.383854
v -0.898790 -1.626909 -7.383854
v -1.077710 -1.341166 -2.517387
v -1.341166 -1.077710 -7.327752
v -1.077710 -1.341166 -7.327752
v 1.077710 -1.341166 -2.517387
v 0.930899 1.077710 -2.517387
v -1.054472 -1.285063 -7.383854
v -0.878015 1.055512 -7.383854
v -1.280501 -1.059033 -7.383854
v -0.718683 1.285064 -7.383854
v 0.718683 1.285064 -7.383854
v 1.054472 -1.285064 -2.461285
v 0.878015 1.055512 -2.461285
v 1.280501 -1.059034 -2.461285
v 0.718683 1.285064 -2.461285
v -0.718683 1.285064 -2.461285
v 1.341166 -1.077710 -7.327752
v -0.930899 1.077711 -7.327752
v -0.748035 1.341167 -2.517387
v 0.930899 1.077710 -2.517387
v -0.957741 -1.631170 -7.327752
v -0.930899 1.077711 -7.327752
v -0.898790 -1.626909 -2.461285
v 0.898790 -1.626909 -7.383854
v 0.880193 -1.683012 -2.517387
v 0.957741 -1.631170 -2.517387
v 1.021607 -1.341166 -2.517387
v 0.654003 -1.299259 -3.548491
v 0.654003 -1.299259 -3.144726
v 0.654003 -1.893173 -2.954578
v 0.654003 -2.083321 -3.548491
v 0.654003 -1.489407 -3.738639
v 0.576425 -1.299259 -3.144726
v 0.576425 -1.299259 -3.548491
v 0.576425 -1.489407 -3.738639
v 0.576425 -2.083321 -3.548491
v 0.576425 -1.893173 -2.954578
v 0.576425 -1.893173 -2.954578
v 0.576425 -1.299259 -3.144726
v 0.576425 -1.489407 -3.738639
v 0.576425 -2.083321 -3.548491
v 0.576425 -1.489407 -2.954577
v 0.576425 -1.299259 -3.548491
v 0.576425 -1.299259 -3.548491
v 0.576425 -1.893173 -3.738640
v 0.654003 -1.299259 -4.735253
v 0.654003 -1.489407 -4.545105
v 0.654003 -1.893173 -4.545105
v 0.654003 -2.083321 -5.139019
v 0.654003 -1.489407 -5.329167
v 0.576425 -1.299259 -4.735253
v 0.576425 -1.299259 -5.139019
v 0.576425 -1.489407 -5.329167
v 0.576425 -2.083321 -5.139019
v 0.576425 -2.083321 -4.735253
v 0.576425 -1.893173 -4.545105
v 0.576425 -1.299259 -4.735253
v 0.576425 -1.489407 -5.329167
v 0.576425 -2.083321 -5.139019
v 0.576425 -1.489407 -4.545105
v 0.576425 -1.299259 -5.139019
v 0.576425 -1.299259 -5.139019
v 0.576425 -1.893173 -5.329167
v 0.654003 -1.299259 -6.298965
v 0.654003 -1.893173 -6.108816
v 0.654003 -2.083321 -6.702730
v 0.654003 -1.893173 -6.892878
v 0.654003 -1.489407 -6.892878
v 0.576425 -1.299259 -6.298965
v 0.576424 -1.299259 -6.702730
v 0.576424 -1.489407 -6.892878
v 0.576425 -2.083321 -6.702730
v 0.576425 -1.893173 -6.108816
v 0.576425 -1.893173 -6.108816
v 0.576425 -1.299259 -6.298965
v 0.576424 -1.489407 -6.892878
v 0.576425 -2.083321 -6.702730
v 0.576425 -1.489407 -6.108816
v 0.576424 -1.299259 -6.702730
v 0.576424 -1.299259 -6.702730
v 0.576425 -1.893173 -6.892878
v 0.732935 -1.518007 -2.886333
v 0.732935 -1.822618 -2.886334
v 0.732935 -1.591880 -2.772618
v 0.732935 -1.748745 -2.772618
v 0.732935 -1.822618 -6.987933
v 0.655357 -1.518007 -2.886333
v 0.655357 -1.518007 -6.987933
v 0.655357 -1.591880 -7.101647
v 0.655357 -1.748745 -7.101647
v 0.655357 -1.822618 -6.987933
v 0.655357 -1.822618 -2.886334
v 0.655357 -1.518007 -2.886333
v 0.655357 -1.591880 -7.101647
v 0.655357 -1.822618 -6.987933
v 0.655357 -1.591880 -2.772619
v 0.655357 -1.518007 -2.886333
v 0.655357 -1.518007 -6.987933
v 0.655357 -1.748745 -7.101647
v -0.654003 -1.299259 -3.144726
v -0.654003 -1.299259 -3.548491
v -0.654003 -1.489407 -3.738639
v -0.654003 -2.083321 -3.548491
v -0.654003 -1.893173 -2.954578
v -0.576425 -1.299259 -3.144726
v -0.576425 -1.489407 -2.954577
v -0.576425 -1.893173 -2.954578
v -0.576425 -2.083321 -3.144726
v -0.576425 -2.083321 -3.548491
v -0.576425 -2.083321 -3.144726
v -0.654003 -1.489407 -2.954577
v -0.576425 -1.489407 -3.738639
v -0.576425 -2.083321 -3.548491
v -0.654003 -1.893173 -2.954578
v -0.654003 -1.299259 -3.144726
v -0.576425 -1.299259 -3.548491
v -0.654003 -1.893173 -3.738640
v -0.654003 -1.299259 -4.735253
v -0.654003 -1.489407 -5.329167
v -0.654003 -2.083321 -5.139019
v -0.654003 -2.083321 -4.735253
v -0.654003 -1.893173 -4.545105
v -0.576425 -1.299259 -4.735253
v -0.576425 -1.489407 -4.545105
v -0.576425 -1.893173 -4.545105
v -0.576425 -2.083321 -5.139019
v -0.576425 -1.489407 -5.329167
v -0.576425 -2.083321 -4.735253
v -0.654003 -1.489407 -4.545105
v -0.576425 -1.489407 -5.329167
v -0.576425 -2.083321 -5.139019
v -0.654003 -1.893173 -4.545105
v -0.654003 -1.299259 -4.735253
v -0.576425 -1.299259 -5.139019
v -0.654003 -1.893173 -5.329167
v -0.654003 -1.299259 -6.298964
v -0.654003 -1.299259 -6.702729
v -0.654003 -1.489407 -6.892878
v -0.654003 -1.893173 -6.892878
v -0.654003 -2.083321 -6.702729
v -0.576425 -1.299259 -6.298964
v -0.576425 -1.489407 -6.108816
v -0.576425 -1.893173 -6.108816
v -0.576425 -2.083321 -6.702729
v -0.576425 -1.489407 -6.892878
v -0.576425 -2.083321 -6.298964
v -0.654003 -1.489407 -6.108816
v -0.576425 -1.489407 -6.892878
v -0.576425 -2.083321 -6.702729
v -0.654003 -1.893173 -6.108816
v -0.654003 -1.299259 -6.298964
v -0.654003 -1.299259 -6.702729
v -0.654003 -1.893173 -6.892878
v -0.732935 -1.518007 -2.886333
v -0.732935 -1.518007 -6.987933
v -0.732935 -1.591880 -7.101646
v -0.732935 -1.748744 -7.101646
v -0.732935 -1.822618 -6.987933
v -0.655357 -1.518007 -2.886333
v -0.655357 -1.822618 -2.886334
v -0.655357 -1.591880 -2.772619
v -0.655357 -1.748745 -2.772619
v -0.655357 -1.822618 -6.987933
v -0.655357 -1.822618 -2.886334
v -0.732935 -1.591880 -2.772618
v -0.655357 -1.591880 -7.101646
v -0.655357 -1.822618 -6.987933
v -0.732935 -1.748745 -2.772618
v -0.655357 -1.518007 -2.886333
v -0.655357 -1.518007 -6.987933
v -0.655357 -1.748744 -7.101646
v -1.054472 -1.285063 -7.383854
v -1.341166 -1.077710 -2.517387
v -0.748035 1.341167 -2.517387
v 1.054472 -1.285064 -2.461285
v 1.341166 -1.077710 -7.327752
v 0.748035 1.341167 -7.327752
v 0.878015 1.055512 -2.461285
v 1.077710 -1.341166 -7.327752
v -1.077710 -1.341166 -2.517387
v -1.341166 -1.077710 -7.327752
v -0.718683 1.285064 -2.461285
v -0.748035 1.341167 -7.327752
v 1.341166 -1.077710 -7.327752
v -1.021607 -1.341166 -2.517387
v 1.021607 -1.341166 -7.327752
v 0.993788 -1.397268 -7.383854
v -0.993788 -1.397269 -2.461285
v -0.957741 -1.631170 -2.517387
v 0.957741 -1.631170 -7.327752
v -0.898790 -1.626909 -2.461285
v 1.056264 -1.393008 -2.517387
v 1.056264 -1.393008 -7.327752
v -1.056264 -1.393008 -7.327752
v -1.341166 -1.077710 -2.517387
v 1.077710 -1.341165 -12.250322
v -1.077710 -1.341166 -7.439957
v -1.077710 -1.341165 -12.250322
v 0.748035 1.341167 -7.439957
v 0.930899 1.077711 -12.250322
v 0.748035 1.341167 -12.250322
v 0.878015 1.055512 -12.306424
v 1.280501 -1.059033 -12.306424
v 1.054472 -1.285063 -12.306424
v -0.878015 1.055512 -7.383854
v -1.280501 -1.059033 -7.383854
v -1.054472 -1.285063 -7.383854
v 1.077710 -1.341165 -12.250322
v 1.341166 -1.077710 -7.439957
v 1.077710 -1.341166 -7.439957
v -0.930899 1.077711 -7.439957
v -1.341166 -1.077709 -12.250322
v -1.341166 -1.077710 -7.439957
v -0.748035 1.341167 -12.250322
v 0.748035 1.341167 -7.439957
v 0.748035 1.341167 -12.250322
v 0.930899 1.077711 -12.250322
v 1.341166 -1.077710 -7.439957
v 1.341166 -1.077709 -12.250322
v -1.056264 -1.393007 -12.250322
v -0.957741 -1.631170 -7.439957
v -1.056264 -1.393008 -7.439957
v -0.748035 1.341167 -12.250322
v -0.930899 1.077711 -7.439957
v -0.748035 1.341167 -7.439957
v -0.993788 -1.397268 -7.383854
v 0.898790 -1.626909 -7.383854
v 0.993788 -1.397268 -7.383854
v 0.993788 -1.397268 -12.306424
v -0.898790 -1.626908 -12.306424
v -0.993788 -1.397268 -12.306424
v 0.880193 -1.683011 -12.250322
v -0.880193 -1.683011 -7.439957
v -0.880193 -1.683011 -12.250322
v 1.056264 -1.393008 -7.439957
v 0.957741 -1.631169 -12.250322
v 1.056264 -1.393007 -12.250322
v -1.021607 -1.341166 -7.439957
v 1.021607 -1.341165 -12.250322
v -1.021607 -1.341165 -12.250322
v 0.654003 -1.489407 -7.877147
v 0.654003 -2.083321 -8.067296
v 0.654003 -1.893172 -8.661209
v 0.576425 -1.893172 -8.661209
v 0.576425 -2.083321 -8.067296
v 0.576425 -1.489407 -7.877147
v 0.654003 -1.893172 -7.877147
v 0.576425 -2.083321 -8.067296
v 0.654003 -2.083321 -8.067296
v 0.654003 -1.299258 -8.067296
v 0.576425 -1.489407 -7.877147
v 0.654003 -1.489407 -7.877147
v 0.576425 -1.893172 -8.661209
v 0.654003 -1.489407 -8.661209
v 0.654003 -1.893172 -8.661209
v 0.576425 -2.083321 -8.067296
v 0.654003 -2.083321 -8.471062
v 0.654003 -2.083321 -8.067296
v 0.654003 -1.489407 -7.877147
v 0.576425 -1.893172 -7.877147
v 0.654003 -1.893172 -7.877147
v 0.654003 -1.299258 -8.471062
v 0.576425 -1.299258 -8.067296
v 0.654003 -1.299258 -8.067296
v 0.576425 -1.489407 -8.661209
v 0.654003 -1.299258 -8.471062
v 0.654003 -1.489407 -8.661209
v 0.576425 -2.083321 -8.471062
v 0.654003 -1.893172 -8.661209
v 0.654003 -2.083321 -8.471062
v 0.654003 -2.083321 -9.657824
v 0.654003 -1.893172 -10.251737
v 0.654003 -1.299258 -10.061588
v 0.576425 -1.893172 -9.467673
v 0.576425 -1.489407 -9.467673
v 0.576425 -1.893172 -10.251737
v 0.654003 -1.893172 -9.467673
v 0.576425 -2.083321 -9.657824
v 0.654003 -2.083321 -9.657824
v 0.654003 -1.299258 -9.657824
v 0.576425 -1.489407 -9.467673
v 0.654003 -1.489407 -9.467673
v 0.576425 -1.893172 -10.251737
v 0.654003 -1.489407 -10.251737
v 0.654003 -1.893172 -10.251737
v 0.576425 -2.083321 -9.657824
v 0.654003 -2.083321 -10.061588
v 0.654003 -2.083321 -9.657824
v 0.654003 -1.489407 -9.467673
v 0.576425 -1.893172 -9.467673
v 0.654003 -1.893172 -9.467673
v 0.654003 -1.299258 -10.061588
v 0.576425 -1.299258 -9.657824
v 0.654003 -1.299258 -9.657824
v 0.576425 -1.489407 -10.251737
v 0.654003 -1.299258 -10.061588
v 0.654003 -1.489407 -10.251737
v 0.576425 -2.083321 -10.061588
v 0.654003 -1.893172 -10.251737
v 0.654003 -2.083321 -10.061588
v 0.654003 -1.299258 -11.625299
v 0.654003 -1.489407 -11.031385
v 0.654003 -2.083321 -11.221535
v 0.576425 -1.893172 -11.815448
v 0.576425 -2.083321 -11.221535
v 0.576425 -1.489407 -11.031385
v 0.654003 -1.893172 -11.031385
v 0.576425 -2.083321 -11.221535
v 0.654003 -2.083321 -11.221535
v 0.654003 -1.299258 -11.221535
v 0.576425 -1.489407 -11.031385
v 0.654003 -1.489407 -11.031385
v 0.576425 -1.893172 -11.815448
v 0.654003 -1.489407 -11.815448
v 0.654003 -1.893172 -11.815448
v 0.576425 -2.083321 -11.221535
v 0.654003 -2.083321 -11.625299
v 0.654003 -2.083321 -11.221535
v 0.654003 -1.489407 -11.031385
v 0.576425 -1.893172 -11.031385
v 0.654003 -1.893172 -11.031385
v 0.654003 -1.299258 -11.625299
v 0.576425 -1.299258 -11.221535
v 0.654003 -1.299258 -11.221535
v 0.576424 -1.489407 -11.815448
v 0.654003 -1.299258 -11.625299
v 0.654003 -1.489407 -11.815448
v 0.576425 -2.083321 -11.625299
v 0.654003 -1.893172 -11.815448
v 0.654003 -2.083321 -11.625299
v 0.732935 -1.748744 -12.024217
v 0.732935 -1.591880 -12.024217
v 0.732935 -1.518007 -11.910503
v 0.655357 -1.822618 -7.808903
v 0.655357 -1.748745 -7.695188
v 0.655357 -1.591880 -7.695188
v 0.655357 -1.748745 -7.695188
v 0.732935 -1.822618 -7.808903
v 0.732935 -1.748745 -7.695188
v 0.732935 -1.518007 -7.808903
v 0.655357 -1.591880 -7.695188
v 0.732935 -1.591880 -7.695188
v 0.655357 -1.748744 -12.024217
v 0.732935 -1.591880 -12.024217
v 0.732935 -1.748744 -12.024217
v 0.655357 -1.822618 -7.808903
v 0.732935 -1.822617 -11.910503
v 0.732935 -1.822618 -7.808903
v 0.732935 -1.591880 -7.695188
v 0.655357 -1.748745 -7.695188
v 0.732935 -1.748745 -7.695188
v 0.655357 -1.518007 -11.910503
v 0.732935 -1.518007 -7.808903
v 0.732935 -1.518007 -11.910503
v 0.655357 -1.591880 -12.024217
v 0.732935 -1.518007 -11.910503
v 0.732935 -1.591880 -12.024217
v 0.655357 -1.822617 -11.910503
v 0.732935 -1.748744 -12.024217
v 0.732935 -1.822617 -11.910503
v -0.654003 -1.893172 -8.661210
v -0.654003 -2.083321 -8.067296
v -0.654003 -1.489407 -7.877147
v -0.576425 -1.893172 -8.661210
v -0.576425 -1.489407 -8.661210
v -0.576425 -1.299258 -8.471062
v -0.654003 -2.083321 -8.067296
v -0.576425 -1.893172 -7.877147
v -0.654003 -1.893172 -7.877147
v -0.654003 -1.299258 -8.067296
v -0.576425 -1.489407 -7.877147
v -0.576425 -1.299258 -8.067296
v -0.654003 -1.489407 -8.661210
v -0.576425 -1.893172 -8.661210
v -0.654003 -1.893172 -8.661210
v -0.654003 -2.083321 -8.471062
v -0.576425 -2.083321 -8.067296
v -0.654003 -2.083321 -8.067296
v -0.654003 -1.489407 -7.877147
v -0.576425 -1.893172 -7.877147
v -0.576425 -1.489407 -7.877147
v -0.654003 -1.299258 -8.471062
v -0.576425 -1.299258 -8.067296
v -0.576425 -1.299258 -8.471062
v -0.654003 -1.299258 -8.471062
v -0.576425 -1.489407 -8.661210
v -0.654003 -1.489407 -8.661210
v -0.654003 -2.083321 -8.471062
v -0.576425 -1.893172 -8.661210
v -0.576425 -2.083321 -8.471062
v -0.654003 -1.489407 -9.467673
v -0.654003 -1.299258 -10.061588
v -0.654003 -1.893172 -10.251737
v -0.576425 -2.083321 -9.657824
v -0.576425 -1.893172 -10.251737
v -0.576425 -1.299258 -10.061588
v -0.654003 -2.083321 -9.657824
v -0.576425 -1.893172 -9.467673
v -0.654003 -1.893172 -9.467673
v -0.654003 -1.299258 -9.657824
v -0.576425 -1.489407 -9.467673
v -0.576425 -1.299258 -9.657824
v -0.654003 -1.489407 -10.251737
v -0.576425 -1.893172 -10.251737
v -0.654003 -1.893172 -10.251737
v -0.654003 -2.083321 -10.061588
v -0.576425 -2.083321 -9.657824
v -0.654003 -2.083321 -9.657824
v -0.654003 -1.489407 -9.467673
v -0.576425 -1.893172 -9.467673
v -0.576425 -1.489407 -9.467673
v -0.654003 -1.299258 -10.061588
v -0.576425 -1.299258 -9.657824
v -0.576425 -1.299258 -10.061588
v -0.654003 -1.299258 -10.061588
v -0.576425 -1.489407 -10.251737
v -0.654003 -1.489407 -10.251737
v -0.654003 -2.083321 -10.061588
v -0.576425 -1.893172 -10.251737
v -0.576425 -2.083321 -10.061588
v -0.654003 -2.083320 -11.221533
v -0.654003 -1.893172 -11.031385
v -0.654003 -1.489406 -11.031385
v -0.576425 -2.083321 -11.221533
v -0.576425 -1.893172 -11.815448
v -0.576425 -1.299258 -11.625299
v -0.654003 -2.083320 -11.221533
v -0.576425 -1.893172 -11.031385
v -0.654003 -1.893172 -11.031385
v -0.654003 -1.299258 -11.221533
v -0.576425 -1.489406 -11.031385
v -0.576425 -1.299258 -11.221533
v -0.654003 -1.489406 -11.815448
v -0.576425 -1.893172 -11.815448
v -0.654003 -1.893172 -11.815448
v -0.654003 -2.083320 -11.625299
v -0.576425 -2.083321 -11.221533
v -0.654003 -2.083320 -11.221533
v -0.654003 -1.489406 -11.031385
v -0.576425 -1.893172 -11.031385
v -0.576425 -1.489406 -11.031385
v -0.654003 -1.299258 -11.625299
v -0.576425 -1.299258 -11.221533
v -0.576425 -1.299258 -11.625299
v -0.654003 -1.489406 -11.815448
v -0.576425 -1.299258 -11.625299
v -0.576425 -1.489406 -11.815448
v -0.654003 -2.083320 -11.625299
v -0.576425 -1.893172 -11.815448
v -0.576425 -2.083321 -11.625299
v -0.732935 -1.822618 -7.808903
v -0.732935 -1.748744 -7.695188
v -0.732935 -1.591880 -7.695188
v -0.655357 -1.748744 -12.024217
v -0.655357 -1.591880 -12.024217
v -0.655357 -1.518006 -11.910503
v -0.732935 -1.822618 -7.808903
v -0.655357 -1.748744 -7.695188
v -0.732935 -1.748744 -7.695188
v -0.732935 -1.518007 -7.808903
v -0.655357 -1.591880 -7.695188
v -0.655357 -1.518007 -7.808903
v -0.732935 -1.591880 -12.024217
v -0.655357 -1.748744 -12.024217
v -0.732935 -1.748744 -12.024217
v -0.732935 -1.822617 -11.910503
v -0.655357 -1.822618 -7.808903
v -0.732935 -1.822618 -7.808903
v -0.732935 -1.591880 -7.695188
v -0.655357 -1.748744 -7.695188
v -0.655357 -1.591880 -7.695188
v -0.732935 -1.518007 -7.808903
v -0.655357 -1.518006 -11.910503
v -0.732935 -1.518006 -11.910503
v -0.732935 -1.518006 -11.910503
v -0.655357 -1.591880 -12.024217
v -0.732935 -1.591880 -12.024217
v -0.732935 -1.748744 -12.024217
v -0.655357 -1.822617 -11.910503
v -0.732935 -1.822617 -11.910503
v -1.056264 -1.393008 -7.439957
v -0.993788 -1.397268 -7.383854
v -1.021607 -1.341166 -7.439957
v -1.056264 -1.393007 -12.250322
v -1.021607 -1.341165 -12.250322
v -0.993788 -1.397268 -12.306424
v 1.056264 -1.393008 -7.439957
v 1.021607 -1.341166 -7.439957
v 0.993788 -1.397268 -7.383854
v 1.056264 -1.393007 -12.250322
v 0.993788 -1.397268 -12.306424
v 1.021607 -1.341165 -12.250322
v -0.957741 -1.631169 -12.250322
v -0.898790 -1.626908 -12.306424
v -0.880193 -1.683011 -12.250322
v -0.957741 -1.631170 -7.439957
v -0.880193 -1.683011 -7.439957
v -0.898790 -1.626909 -7.383854
v 0.957741 -1.631170 -7.439957
v 0.898790 -1.626909 -7.383854
v 0.880193 -1.683011 -7.439957
v 0.957741 -1.631169 -12.250322
v 0.880193 -1.683011 -12.250322
v 0.898790 -1.626908 -12.306424
v -1.280501 -1.059033 -12.306424
v -1.077710 -1.341165 -12.250322
v -1.341166 -1.077709 -12.250322
v -1.280501 -1.059033 -7.383854
v -1.077710 -1.341166 -7.439957
v -1.054472 -1.285063 -7.383854
v -0.718683 1.285064 -7.383854
v -0.930899 1.077711 -7.439957
v -0.878015 1.055512 -7.383854
v -0.718683 1.285065 -12.306424
v -0.930899 1.077711 -12.250322
v -0.748035 1.341167 -12.250322
v 1.280501 -1.059033 -7.383854
v 1.077710 -1.341166 -7.439957
v 1.341166 -1.077710 -7.439957
v 1.280501 -1.059033 -12.306424
v 1.077710 -1.341165 -12.250322
v 1.054472 -1.285063 -12.306424
v 0.718683 1.285065 -12.306424
v 0.930899 1.077711 -12.250322
v 0.878015 1.055512 -12.306424
v 0.718683 1.285064 -7.383854
v 0.930899 1.077711 -7.439957
v 0.748035 1.341167 -7.439957
v 1.054472 -1.285063 -12.306424
v -1.077710 -1.341165 -12.250322
v -1.054472 -1.285063 -12.306424
v -1.054472 -1.285063 -7.383854
v 1.077710 -1.341166 -7.439957
v 1.054472 -1.285063 -7.383854
v -1.280501 -1.059033 -7.383854
v -1.341166 -1.077710 -7.439957
v -1.280501 -1.059033 -12.306424
v -0.878015 1.055512 -12.306424
v 1.280501 -1.059033 -7.383854
v 1.341166 -1.077710 -7.439957
v -0.748035 1.341167 -7.439957
v 0.718683 1.285064 -7.383854
v 0.748035 1.341167 -7.439957
v -0.718683 1.285065 -12.306424
v 0.748035 1.341167 -12.250322
v 0.718683 1.285065 -12.306424
v 1.280501 -1.059033 -12.306424
v -1.056264 -1.393008 -7.439957
v -1.021607 -1.341165 -12.250322
v -1.056264 -1.393007 -12.250322
v 1.056264 -1.393007 -12.250322
v 1.021607 -1.341166 -7.439957
v 1.056264 -1.393008 -7.439957
v 1.021607 -1.341165 -12.250322
v -0.993788 -1.397268 -12.306424
v -1.021607 -1.341165 -12.250322
v -1.021607 -1.341166 -7.439957
v 0.993788 -1.397268 -7.383854
v 1.021607 -1.341166 -7.439957
v -0.880193 -1.683011 -7.439957
v -0.957741 -1.631169 -12.250322
v -0.880193 -1.683011 -12.250322
v 0.880193 -1.683011 -12.250322
v 0.957741 -1.631170 -7.439957
v 0.880193 -1.683011 -7.439957
v -0.957741 -1.631170 -7.439957
v -0.993788 -1.397268 -7.383854
v -1.056264 -1.393008 -7.439957
v 0.957741 -1.631170 -7.439957
v 0.993788 -1.397268 -7.383854
v 0.898790 -1.626909 -7.383854
v 0.993788 -1.397268 -12.306424
v 0.957741 -1.631169 -12.250322
v 0.898790 -1.626908 -12.306424
v -0.957741 -1.631169 -12.250322
v -0.993788 -1.397268 -12.306424
v -0.898790 -1.626908 -12.306424
v -1.077710 -1.341166 -7.439957
v -1.341166 -1.077709 -12.250322
v -1.077710 -1.341165 -12.250322
v 1.077710 -1.341166 -7.439957
v 0.930899 1.077711 -7.439957
v -1.054472 -1.285063 -12.306424
v -0.878015 1.055512 -12.306424
v -1.280501 -1.059033 -12.306424
v -0.718683 1.285065 -12.306424
v 0.718683 1.285065 -12.306424
v 1.054472 -1.285063 -7.383854
v 0.878015 1.055512 -7.383854
v 1.280501 -1.059033 -7.383854
v 0.718683 1.285064 -7.383854
v -0.718683 1.285064 -7.383854
v 1.341166 -1.077709 -12.250322
v -0.930899 1.077711 -12.250322
v -0.748035 1.341167 -7.439957
v 0.930899 1.077711 -7.439957
v -0.957741 -1.631169 -12.250322
v -0.930899 1.077711 -12.250322
v -0.898790 -1.626909 -7.383854
v 0.898790 -1.626908 -12.306424
v 0.880193 -1.683011 -7.439957
v 0.957741 -1.631170 -7.439957
v 1.021607 -1.341166 -7.439957
v 0.654003 -1.299258 -8.471062
v 0.654003 -1.299258 -8.067296
v 0.654003 -1.893172 -7.877147
v 0.654003 -2.083321 -8.471062
v 0.654003 -1.489407 -8.661209
v 0.576425 -1.299258 -8.067296
v 0.576425 -1.299258 -8.471062
v 0.576425 -1.489407 -8.661209
v 0.576425 -2.083321 -8.471062
v 0.576425 -1.893172 -7.877147
v 0.576425 -1.893172 -7.877147
v 0.576425 -1.299258 -8.067296
v 0.576425 -1.489407 -8.661209
v 0.576425 -2.083321 -8.471062
v 0.576425 -1.489407 -7.877147
v 0.576425 -1.299258 -8.471062
v 0.576425 -1.299258 -8.471062
v 0.576425 -1.893172 -8.661209
v 0.654003 -1.299258 -9.657824
v 0.654003 -1.489407 -9.467673
v 0.654003 -1.893172 -9.467673
v 0.654003 -2.083321 -10.061588
v 0.654003 -1.489407 -10.251737
v 0.576425 -1.299258 -9.657824
v 0.576425 -1.299258 -10.061588
v 0.576425 -1.489407 -10.251737
v 0.576425 -2.083321 -10.061588
v 0.576425 -2.083321 -9.657824
v 0.576425 -1.893172 -9.467673
v 0.576425 -1.299258 -9.657824
v 0.576425 -1.489407 -10.251737
v 0.576425 -2.083321 -10.061588
v 0.576425 -1.489407 -9.467673
v 0.576425 -1.299258 -10.061588
v 0.576425 -1.299258 -10.061588
v 0.576425 -1.893172 -10.251737
v 0.654003 -1.299258 -11.221535
v 0.654003 -1.893172 -11.031385
v 0.654003 -2.083321 -11.625299
v 0.654003 -1.893172 -11.815448
v 0.654003 -1.489407 -11.815448
v 0.576425 -1.299258 -11.221535
v 0.576424 -1.299258 -11.625299
v 0.576424 -1.489407 -11.815448
v 0.576425 -2.083321 -11.625299
v 0.576425 -1.893172 -11.031385
v 0.576425 -1.893172 -11.031385
v 0.576425 -1.299258 -11.221535
v 0.576424 -1.489407 -11.815448
v 0.576425 -2.083321 -11.625299
v 0.576425 -1.489407 -11.031385
v 0.576424 -1.299258 -11.625299
v 0.576424 -1.299258 -11.625299
v 0.576425 -1.893172 -11.815448
v 0.732935 -1.518007 -7.808903
v 0.732935 -1.822618 -7.808903
v 0.732935 -1.591880 -7.695188
v 0.732935 -1.748745 -7.695188
v 0.732935 -1.822617 -11.910503
v 0.655357 -1.518007 -7.808903
v 0.655357 -1.518007 -11.910503
v 0.655357 -1.591880 -12.024217
v 0.655357 -1.748744 -12.024217
v 0.655357 -1.822617 -11.910503
v 0.655357 -1.822618 -7.808903
v 0.655357 -1.518007 -7.808903
v 0.655357 -1.591880 -12.024217
v 0.655357 -1.822617 -11.910503
v 0.655357 -1.591880 -7.695188
v 0.655357 -1.518007 -7.808903
v 0.655357 -1.518007 -11.910503
v 0.655357 -1.748744 -12.024217
v -0.654003 -1.299258 -8.067296
v -0.654003 -1.299258 -8.471062
v -0.654003 -1.489407 -8.661210
v -0.654003 -2.083321 -8.471062
v -0.654003 -1.893172 -7.877147
v -0.576425 -1.299258 -8.067296
v -0.576425 -1.489407 -7.877147
v -0.576425 -1.893172 -7.877147
v -0.576425 -2.083321 -8.067296
v -0.576425 -2.083321 -8.471062
v -0.576425 -2.083321 -8.067296
v -0.654003 -1.489407 -7.877147
v -0.576425 -1.489407 -8.661210
v -0.576425 -2.083321 -8.471062
v -0.654003 -1.893172 -7.877147
v -0.654003 -1.299258 -8.067296
v -0.576425 -1.299258 -8.471062
v -0.654003 -1.893172 -8.661210
v -0.654003 -1.299258 -9.657824
v -0.654003 -1.489407 -10.251737
v -0.654003 -2.083321 -10.061588
v -0.654003 -2.083321 -9.657824
v -0.654003 -1.893172 -9.467673
v -0.576425 -1.299258 -9.657824
v -0.576425 -1.489407 -9.467673
v -0.576425 -1.893172 -9.467673
v -0.576425 -2.083321 -10.061588
v -0.576425 -1.489407 -10.251737
v -0.576425 -2.083321 -9.657824
v -0.654003 -1.489407 -9.467673
v -0.576425 -1.489407 -10.251737
v -0.576425 -2.083321 -10.061588
v -0.654003 -1.893172 -9.467673
v -0.654003 -1.299258 -9.657824
v -0.576425 -1.299258 -10.061588
v -0.654003 -1.893172 -10.251737
v -0.654003 -1.299258 -11.221533
v -0.654003 -1.299258 -11.625299
v -0.654003 -1.489406 -11.815448
v -0.654003 -1.893172 -11.815448
v -0.654003 -2.083320 -11.625299
v -0.576425 -1.299258 -11.221533
v -0.576425 -1.489406 -11.031385
v -0.576425 -1.893172 -11.031385
v -0.576425 -2.083321 -11.625299
v -0.576425 -1.489406 -11.815448
v -0.576425 -2.083321 -11.221533
v -0.654003 -1.489406 -11.031385
v -0.576425 -1.489406 -11.815448
v -0.576425 -2.083321 -11.625299
v -0.654003 -1.893172 -11.031385
v -0.654003 -1.299258 -11.221533
v -0.654003 -1.299258 -11.625299
v -0.654003 -1.893172 -11.815448
v -0.732935 -1.518007 -7.808903
v -0.732935 -1.518006 -11.910503
v -0.732935 -1.591880 -12.024217
v -0.732935 -1.748744 -12.024217
v -0.732935 -1.822617 -11.910503
v -0.655357 -1.518007 -7.808903
v -0.655357 -1.822618 -7.808903
v -0.655357 -1.591880 -7.695188
v -0.655357 -1.748744 -7.695188
v -0.655357 -1.822617 -11.910503
v -0.655357 -1.822618 -7.808903
v -0.732935 -1.591880 -7.695188
v -0.655357 -1.591880 -12.024217
v -0.655357 -1.822617 -11.910503
v -0.732935 -1.748744 -7.695188
v -0.655357 -1.518007 -7.808903
v -0.655357 -1.518006 -11.910503
v -0.655357 -1.748744 -12.024217
v -1.054472 -1.285063 -12.306424
v -1.341166 -1.077710 -7.439957
v -0.748035 1.341167 -7.439957
v 1.054472 -1.285063 -7.383854
v 1.341166 -1.077709 -12.250322
v 0.748035 1.341167 -12.250322
v 0.878015 1.055512 -7.383854
v 1.077710 -1.341165 -12.250322
v -1.077710 -1.341166 -7.439957
v -1.341166 -1.077709 -12.250322
v -0.718683 1.285064 -7.383854
v -0.748035 1.341167 -12.250322
v 1.341166 -1.077709 -12.250322
v -1.021607 -1.341166 -7.439957
v 1.021607 -1.341165 -12.250322
v 0.993788 -1.397268 -12.306424
v -0.993788 -1.397268 -7.383854
v -0.957741 -1.631170 -7.439957
v 0.957741 -1.631169 -12.250322
v -0.898790 -1.626909 -7.383854
v 1.056264 -1.393008 -7.439957
v 1.056264 -1.393007 -12.250322
v -1.056264 -1.393007 -12.250322
v -1.341166 -1.077710 -7.439957
v 1.077710 -1.341165 -17.172892
v -1.077710 -1.341165 -12.362526
v -1.077710 -1.341165 -17.172892
v 0.748035 1.341167 -12.362526
v 0.930899 1.077711 -17.172892
v 0.748035 1.341168 -17.172892
v 0.878015 1.055513 -17.228992
v 1.280501 -1.059033 -17.228992
v 1.054472 -1.285063 -17.228992
v -0.878015 1.055512 -12.306424
v -1.280501 -1.059033 -12.306424
v -1.054472 -1.285063 -12.306424
v 1.077710 -1.341165 -17.172892
v 1.341166 -1.077709 -12.362526
v 1.077710 -1.341165 -12.362526
v -0.930899 1.077711 -12.362526
v -1.341166 -1.077709 -17.172892
v -1.341166 -1.077709 -12.362526
v -0.748035 1.341168 -17.172892
v 0.748035 1.341167 -12.362526
v 0.748035 1.341168 -17.172892
v 0.930899 1.077711 -17.172892
v 1.341166 -1.077709 -12.362526
v 1.341166 -1.077709 -17.172892
v -1.056264 -1.393007 -17.172892
v -0.957741 -1.631169 -12.362526
v -1.056264 -1.393007 -12.362526
v -0.748035 1.341168 -17.172892
v -0.930899 1.077711 -12.362526
v -0.748035 1.341167 -12.362526
v -0.993788 -1.397268 -12.306424
v 0.898790 -1.626908 -12.306424
v 0.993788 -1.397268 -12.306424
v 0.993788 -1.397268 -17.228992
v -0.898790 -1.626908 -17.228992
v -0.993788 -1.397268 -17.228992
v 0.880193 -1.683010 -17.172892
v -0.880193 -1.683011 -12.362526
v -0.880193 -1.683010 -17.172892
v 1.056264 -1.393007 -12.362526
v 0.957741 -1.631169 -17.172892
v 1.056264 -1.393007 -17.172892
v -1.021607 -1.341165 -12.362526
v 1.021607 -1.341165 -17.172892
v -1.021607 -1.341165 -17.172892
v 0.654003 -1.489407 -12.799717
v 0.654003 -2.083321 -12.989864
v 0.654003 -1.893172 -13.583780
v 0.576425 -1.893172 -13.583780
v 0.576425 -2.083321 -12.989864
v 0.576425 -1.489407 -12.799717
v 0.654003 -1.893172 -12.799717
v 0.576425 -2.083321 -12.989864
v 0.654003 -2.083321 -12.989864
v 0.654003 -1.299258 -12.989864
v 0.576425 -1.489407 -12.799717
v 0.654003 -1.489407 -12.799717
v 0.576425 -1.893172 -13.583780
v 0.654003 -1.489406 -13.583780
v 0.654003 -1.893172 -13.583780
v 0.576425 -2.083321 -12.989864
v 0.654003 -2.083321 -13.393630
v 0.654003 -2.083321 -12.989864
v 0.654003 -1.489407 -12.799717
v 0.576425 -1.893172 -12.799717
v 0.654003 -1.893172 -12.799717
v 0.654003 -1.299258 -13.393630
v 0.576425 -1.299258 -12.989864
v 0.654003 -1.299258 -12.989864
v 0.576425 -1.489406 -13.583780
v 0.654003 -1.299258 -13.393630
v 0.654003 -1.489406 -13.583780
v 0.576425 -2.083321 -13.393630
v 0.654003 -1.893172 -13.583780
v 0.654003 -2.083321 -13.393630
v 0.654003 -2.083320 -14.580391
v 0.654003 -1.893172 -15.174304
v 0.654003 -1.299258 -14.984157
v 0.576425 -1.893172 -14.390243
v 0.576425 -1.489406 -14.390243
v 0.576425 -1.893172 -15.174304
v 0.654003 -1.893172 -14.390243
v 0.576425 -2.083320 -14.580391
v 0.654003 -2.083320 -14.580391
v 0.654003 -1.299258 -14.580391
v 0.576425 -1.489406 -14.390243
v 0.654003 -1.489406 -14.390243
v 0.576425 -1.893172 -15.174304
v 0.654003 -1.489406 -15.174304
v 0.654003 -1.893172 -15.174304
v 0.576425 -2.083320 -14.580391
v 0.654003 -2.083320 -14.984157
v 0.654003 -2.083320 -14.580391
v 0.654003 -1.489406 -14.390243
v 0.576425 -1.893172 -14.390243
v 0.654003 -1.893172 -14.390243
v 0.654003 -1.299258 -14.984157
v 0.576425 -1.299258 -14.580391
v 0.654003 -1.299258 -14.580391
v 0.576425 -1.489406 -15.174304
v 0.654003 -1.299258 -14.984157
v 0.654003 -1.489406 -15.174304
v 0.576425 -2.083320 -14.984157
v 0.654003 -1.893172 -15.174304
v 0.654003 -2.083320 -14.984157
v 0.654003 -1.299258 -16.547869
v 0.654003 -1.489406 -15.953955
v 0.654003 -2.083320 -16.144104
v 0.576425 -1.893172 -16.738018
v 0.576425 -2.083320 -16.144104
v 0.576425 -1.489406 -15.953955
v 0.654003 -1.893172 -15.953955
v 0.576425 -2.083320 -16.144104
v 0.654003 -2.083320 -16.144104
v 0.654003 -1.299258 -16.144104
v 0.576425 -1.489406 -15.953955
v 0.654003 -1.489406 -15.953955
v 0.576425 -1.893172 -16.738018
v 0.654003 -1.489406 -16.738018
v 0.654003 -1.893172 -16.738018
v 0.576425 -2.083320 -16.144104
v 0.654003 -2.083320 -16.547869
v 0.654003 -2.083320 -16.144104
v 0.654003 -1.489406 -15.953955
v 0.576425 -1.893172 -15.953955
v 0.654003 -1.893172 -15.953955
v 0.654003 -1.299258 -16.547869
v 0.576425 -1.299258 -16.144104
v 0.654003 -1.299258 -16.144104
v 0.576424 -1.489406 -16.738018
v 0.654003 -1.299258 -16.547869
v 0.654003 -1.489406 -16.738018
v 0.576425 -2.083320 -16.547869
v 0.654003 -1.893172 -16.738018
v 0.654003 -2.083320 -16.547869
v 0.732935 -1.748744 -16.946787
v 0.732935 -1.591879 -16.946787
v 0.732935 -1.518006 -16.833073
v 0.655357 -1.822617 -12.731472
v 0.655357 -1.748744 -12.617758
v 0.655357 -1.591880 -12.617758
v 0.655357 -1.748744 -12.617758
v 0.732935 -1.822617 -12.731472
v 0.732935 -1.748744 -12.617757
v 0.732935 -1.518007 -12.731472
v 0.655357 -1.591880 -12.617758
v 0.732935 -1.591880 -12.617757
v 0.655357 -1.748744 -16.946787
v 0.732935 -1.591879 -16.946787
v 0.732935 -1.748744 -16.946787
v 0.655357 -1.822617 -12.731472
v 0.732935 -1.822617 -16.833073
v 0.732935 -1.822617 -12.731472
v 0.732935 -1.591880 -12.617757
v 0.655357 -1.748744 -12.617758
v 0.732935 -1.748744 -12.617757
v 0.655357 -1.518006 -16.833073
v 0.732935 -1.518007 -12.731472
v 0.732935 -1.518006 -16.833073
v 0.655357 -1.591879 -16.946787
v 0.732935 -1.518006 -16.833073
v 0.732935 -1.591879 -16.946787
v 0.655357 -1.822617 -16.833073
v 0.732935 -1.748744 -16.946787
v 0.732935 -1.822617 -16.833073
v -0.654003 -1.893172 -13.583780
v -0.654003 -2.083320 -12.989864
v -0.654003 -1.489406 -12.799717
v -0.576425 -1.893172 -13.583780
v -0.576425 -1.489406 -13.583780
v -0.576425 -1.299258 -13.393630
v -0.654003 -2.083320 -12.989864
v -0.576425 -1.893172 -12.799717
v -0.654003 -1.893172 -12.799717
v -0.654003 -1.299258 -12.989864
v -0.576425 -1.489406 -12.799717
v -0.576425 -1.299258 -12.989864
v -0.654003 -1.489406 -13.583780
v -0.576425 -1.893172 -13.583780
v -0.654003 -1.893172 -13.583780
v -0.654003 -2.083320 -13.393630
v -0.576425 -2.083321 -12.989864
v -0.654003 -2.083320 -12.989864
v -0.654003 -1.489406 -12.799717
v -0.576425 -1.893172 -12.799717
v -0.576425 -1.489406 -12.799717
v -0.654003 -1.299258 -13.393630
v -0.576425 -1.299258 -12.989864
v -0.576425 -1.299258 -13.393630
v -0.654003 -1.299258 -13.393630
v -0.576425 -1.489406 -13.583780
v -0.654003 -1.489406 -13.583780
v -0.654003 -2.083320 -13.393630
v -0.576425 -1.893172 -13.583780
v -0.576425 -2.083321 -13.393630
v -0.654003 -1.489406 -14.390243
v -0.654003 -1.299258 -14.984159
v -0.654003 -1.893172 -15.174304
v -0.576425 -2.083320 -14.580391
v -0.576425 -1.893172 -15.174304
v -0.576425 -1.299258 -14.984159
v -0.654003 -2.083320 -14.580391
v -0.576425 -1.893172 -14.390243
v -0.654003 -1.893172 -14.390243
v -0.654003 -1.299258 -14.580391
v -0.576425 -1.489406 -14.390243
v -0.576425 -1.299258 -14.580391
v -0.654003 -1.489406 -15.174304
v -0.576425 -1.893172 -15.174304
v -0.654003 -1.893172 -15.174304
v -0.654003 -2.083320 -14.984159
v -0.576425 -2.083320 -14.580391
v -0.654003 -2.083320 -14.580391
v -0.654003 -1.489406 -14.390243
v -0.576425 -1.893172 -14.390243
v -0.576425 -1.489406 -14.390243
v -0.654003 -1.299258 -14.984159
v -0.576425 -1.299258 -14.580391
v -0.576425 -1.299258 -14.984159
v -0.654003 -1.299258 -14.984159
v -0.576425 -1.489406 -15.174304
v -0.654003 -1.489406 -15.174304
v -0.654003 -2.083320 -14.984159
v -0.576425 -1.893172 -15.174304
v -0.576425 -2.083320 -14.984159
v -0.654003 -2.083320 -16.144104
v -0.654003 -1.893172 -15.953955
v -0.654003 -1.489406 -15.953955
v -0.576425 -2.083320 -16.144104
v -0.576425 -1.893172 -16.738018
v -0.576425 -1.299258 -16.547867
v -0.654003 -2.083320 -16.144104
v -0.576425 -1.893172 -15.953955
v -0.654003 -1.893172 -15.953955
v -0.654003 -1.299258 -16.144104
v -0.576425 -1.489406 -15.953955
v -0.576425 -1.299258 -16.144104
v -0.654003 -1.489406 -16.738018
v -0.576425 -1.893172 -16.738018
v -0.654003 -1.893172 -16.738018
v -0.654003 -2.083320 -16.547867
v -0.576425 -2.083320 -16.144104
v -0.654003 -2.083320 -16.144104
v -0.654003 -1.489406 -15.953955
v -0.576425 -1.893172 -15.953955
v -0.576425 -1.489406 -15.953955
v -0.654003 -1.299258 -16.547867
v -0.576425 -1.299258 -16.144104
v -0.576425 -1.299258 -16.547867
v -0.654003 -1.489406 -16.738018
v -0.576425 -1.299258 -16.547867
v -0.576425 -1.489406 -16.738018
v -0.654003 -2.083320 -16.547867
v -0.576425 -1.893172 -16.738018
v -0.576425 -2.083320 -16.547867
v -0.732935 -1.822617 -12.731472
v -0.732935 -1.748744 -12.617757
v -0.732935 -1.591880 -12.617757
v -0.655357 -1.748744 -16.946787
v -0.655357 -1.591879 -16.946787
v -0.655357 -1.518006 -16.833073
v -0.732935 -1.822617 -12.731472
v -0.655357 -1.748744 -12.617758
v -0.732935 -1.748744 -12.617757
v -0.732935 -1.518006 -12.731472
v -0.655357 -1.591880 -12.617758
v -0.655357 -1.518006 -12.731472
v -0.732935 -1.591879 -16.946787
v -0.655357 -1.748744 -16.946787
v -0.732935 -1.748744 -16.946787
v -0.732935 -1.822617 -16.833073
v -0.655357 -1.822617 -12.731472
v -0.732935 -1.822617 -12.731472
v -0.732935 -1.591880 -12.617757
v -0.655357 -1.748744 -12.617758
v -0.655357 -1.591880 -12.617758
v -0.732935 -1.518006 -12.731472
v -0.655357 -1.518006 -16.833073
v -0.732935 -1.518006 -16.833073
v -0.732935 -1.518006 -16.833073
v -0.655357 -1.591879 -16.946787
v -0.732935 -1.591879 -16.946787
v -0.732935 -1.748744 -16.946787
v -0.655357 -1.822617 -16.833073
v -0.732935 -1.822617 -16.833073
v -1.056264 -1.393007 -12.362526
v -0.993788 -1.397268 -12.306424
v -1.021607 -1.341165 -12.362526
v -1.056264 -1.393007 -17.172892
v -1.021607 -1.341165 -17.172892
v -0.993788 -1.397268 -17.228992
v 1.056264 -1.393007 -12.362526
v 1.021607 -1.341165 -12.362526
v 0.993788 -1.397268 -12.306424
v 1.056264 -1.393007 -17.172892
v 0.993788 -1.397268 -17.228992
v 1.021607 -1.341165 -17.172892
v -0.957741 -1.631169 -17.172892
v -0.898790 -1.626908 -17.228992
v -0.880193 -1.683010 -17.172892
v -0.957741 -1.631169 -12.362526
v -0.880193 -1.683011 -12.362526
v -0.898790 -1.626908 -12.306424
v 0.957741 -1.631169 -12.362526
v 0.898790 -1.626908 -12.306424
v 0.880193 -1.683011 -12.362526
v 0.957741 -1.631169 -17.172892
v 0.880193 -1.683010 -17.172892
v 0.898790 -1.626908 -17.228992
v -1.280501 -1.059033 -17.228992
v -1.077710 -1.341165 -17.172892
v -1.341166 -1.077709 -17.172892
v -1.280501 -1.059033 -12.306424
v -1.077710 -1.341165 -12.362526
v -1.054472 -1.285063 -12.306424
v -0.718683 1.285065 -12.306424
v -0.930899 1.077711 -12.362526
v -0.878015 1.055512 -12.306424
v -0.718683 1.285065 -17.228992
v -0.930899 1.077711 -17.172892
v -0.748035 1.341168 -17.172892
v 1.280501 -1.059033 -12.306424
v 1.077710 -1.341165 -12.362526
v 1.341166 -1.077709 -12.362526
v 1.280501 -1.059033 -17.228992
v 1.077710 -1.341165 -17.172892
v 1.054472 -1.285063 -17.228992
v 0.718683 1.285065 -17.228992
v 0.930899 1.077711 -17.172892
v 0.878015 1.055513 -17.228992
v 0.718683 1.285065 -12.306424
v 0.930899 1.077711 -12.362526
v 0.748035 1.341167 -12.362526
v 1.054472 -1.285063 -17.228992
v -1.077710 -1.341165 -17.172892
v -1.054472 -1.285063 -17.228992
v -1.054472 -1.285063 -12.306424
v 1.077710 -1.341165 -12.362526
v 1.054472 -1.285063 -12.306424
v -1.280501 -1.059033 -12.306424
v -1.341166 -1.077709 -12.362526
v -1.280501 -1.059033 -17.228992
v -0.878015 1.055513 -17.228992
v 1.280501 -1.059033 -12.306424
v 1.341166 -1.077709 -12.362526
v -0.748035 1.341167 -12.362526
v 0.718683 1.285065 -12.306424
v 0.748035 1.341167 -12.362526
v -0.718683 1.285065 -17.228992
v 0.748035 1.341168 -17.172892
v 0.718683 1.285065 -17.228992
v 1.280501 -1.059033 -17.228992
v -1.056264 -1.393007 -12.362526
v -1.021607 -1.341165 -17.172892
v -1.056264 -1.393007 -17.172892
v 1.056264 -1.393007 -17.172892
v 1.021607 -1.341165 -12.362526
v 1.056264 -1.393007 -12.362526
v 1.021607 -1.341165 -17.172892
v -0.993788 -1.397268 -17.228992
v -1.021607 -1.341165 -17.172892
v -1.021607 -1.341165 -12.362526
v 0.993788 -1.397268 -12.306424
v 1.021607 -1.341165 -12.362526
v -0.880193 -1.683011 -12.362526
v -0.957741 -1.631169 -17.172892
v -0.880193 -1.683010 -17.172892
v 0.880193 -1.683010 -17.172892
v 0.957741 -1.631169 -12.362526
v 0.880193 -1.683011 -12.362526
v -0.957741 -1.631169 -12.362526
v -0.993788 -1.397268 -12.306424
v -1.056264 -1.393007 -12.362526
v 0.957741 -1.631169 -12.362526
v 0.993788 -1.397268 -12.306424
v 0.898790 -1.626908 -12.306424
v 0.993788 -1.397268 -17.228992
v 0.957741 -1.631169 -17.172892
v 0.898790 -1.626908 -17.228992
v -0.957741 -1.631169 -17.172892
v -0.993788 -1.397268 -17.228992
v -0.898790 -1.626908 -17.228992
v -1.077710 -1.341165 -12.362526
v -1.341166 -1.077709 -17.172892
v -1.077710 -1.341165 -17.172892
v 1.077710 -1.341165 -12.362526
v 0.930899 1.077711 -12.362526
v -1.054472 -1.285063 -17.228992
v -0.878015 1.055513 -17.228992
v -1.280501 -1.059033 -17.228992
v -0.718683 1.285065 -17.228992
v 0.718683 1.285065 -17.228992
v 1.054472 -1.285063 -12.306424
v 0.878015 1.055512 -12.306424
v 1.280501 -1.059033 -12.306424
v 0.718683 1.285065 -12.306424
v -0.718683 1.285065 -12.306424
v 1.341166 -1.077709 -17.172892
v -0.930899 1.077711 -17.172892
v -0.748035 1.341167 -12.362526
v 0.930899 1.077711 -12.362526
v -0.957741 -1.631169 -17.172892
v -0.930899 1.077711 -17.172892
v -0.898790 -1.626908 -12.306424
v 0.898790 -1.626908 -17.228992
v 0.880193 -1.683011 -12.362526
v 0.957741 -1.631169 -12.362526
v 1.021607 -1.341165 -12.362526
v 0.654003 -1.299258 -13.393630
v 0.654003 -1.299258 -12.989864
v 0.654003 -1.893172 -12.799717
v 0.654003 -2.083321 -13.393630
v 0.654003 -1.489406 -13.583780
v 0.576425 -1.299258 -12.989864
v 0.576425 -1.299258 -13.393630
v 0.576425 -1.489406 -13.583780
v 0.576425 -2.083321 -13.393630
v 0.576425 -1.893172 -12.799717
v 0.576425 -1.893172 -12.799717
v 0.576425 -1.299258 -12.989864
v 0.576425 -1.489406 -13.583780
v 0.576425 -2.083321 -13.393630
v 0.576425 -1.489407 -12.799717
v 0.576425 -1.299258 -13.393630
v 0.576425 -1.299258 -13.393630
v 0.576425 -1.893172 -13.583780
v 0.654003 -1.299258 -14.580391
v 0.654003 -1.489406 -14.390243
v 0.654003 -1.893172 -14.390243
v 0.654003 -2.083320 -14.984157
v 0.654003 -1.489406 -15.174304
v 0.576425 -1.299258 -14.580391
v 0.576425 -1.299258 -14.984157
v 0.576425 -1.489406 -15.174304
v 0.576425 -2.083320 -14.984157
v 0.576425 -2.083320 -14.580391
v 0.576425 -1.893172 -14.390243
v 0.576425 -1.299258 -14.580391
v 0.576425 -1.489406 -15.174304
v 0.576425 -2.083320 -14.984157
v 0.576425 -1.489406 -14.390243
v 0.576425 -1.299258 -14.984157
v 0.576425 -1.299258 -14.984157
v 0.576425 -1.893172 -15.174304
v 0.654003 -1.299258 -16.144104
v 0.654003 -1.893172 -15.953955
v 0.654003 -2.083320 -16.547869
v 0.654003 -1.893172 -16.738018
v 0.654003 -1.489406 -16.738018
v 0.576425 -1.299258 -16.144104
v 0.576424 -1.299258 -16.547869
v 0.576424 -1.489406 -16.738018
v 0.576425 -2.083320 -16.547869
v 0.576425 -1.893172 -15.953955
v 0.576425 -1.893172 -15.953955
v 0.576425 -1.299258 -16.144104
v 0.576424 -1.489406 -16.738018
v 0.576425 -2.083320 -16.547869
v 0.576425 -1.489406 -15.953955
v 0.576424 -1.299258 -16.547869
v 0.576424 -1.299258 -16.547869
v 0.576425 -1.893172 -16.738018
v 0.732935 -1.518007 -12.731472
v 0.732935 -1.822617 -12.731472
v 0.732935 -1.591880 -12.617757
v 0.732935 -1.748744 -12.617757
v 0.732935 -1.822617 -16.833073
v 0.655357 -1.518007 -12.731472
v 0.655357 -1.518006 -16.833073
v 0.655357 -1.591879 -16.946787
v 0.655357 -1.748744 -16.946787
v 0.655357 -1.822617 -16.833073
v 0.655357 -1.822617 -12.731472
v 0.655357 -1.518007 -12.731472
v 0.655357 -1.591879 -16.946787
v 0.655357 -1.822617 -16.833073
v 0.655357 -1.591880 -12.617758
v 0.655357 -1.518007 -12.731472
v 0.655357 -1.518006 -16.833073
v 0.655357 -1.748744 -16.946787
v -0.654003 -1.299258 -12.989864
v -0.654003 -1.299258 -13.393630
v -0.654003 -1.489406 -13.583780
v -0.654003 -2.083320 -13.393630
v -0.654003 -1.893172 -12.799717
v -0.576425 -1.299258 -12.989864
v -0.576425 -1.489406 -12.799717
v -0.576425 -1.893172 -12.799717
v -0.576425 -2.083321 -12.989864
v -0.576425 -2.083321 -13.393630
v -0.576425 -2.083321 -12.989864
v -0.654003 -1.489406 -12.799717
v -0.576425 -1.489406 -13.583780
v -0.576425 -2.083321 -13.393630
v -0.654003 -1.893172 -12.799717
v -0.654003 -1.299258 -12.989864
v -0.576425 -1.299258 -13.393630
v -0.654003 -1.893172 -13.583780
v -0.654003 -1.299258 -14.580391
v -0.654003 -1.489406 -15.174304
v -0.654003 -2.083320 -14.984159
v -0.654003 -2.083320 -14.580391
v -0.654003 -1.893172 -14.390243
v -0.576425 -1.299258 -14.580391
v -0.576425 -1.489406 -14.390243
v -0.576425 -1.893172 -14.390243
v -0.576425 -2.083320 -14.984159
v -0.576425 -1.489406 -15.174304
v -0.576425 -2.083320 -14.580391
v -0.654003 -1.489406 -14.390243
v -0.576425 -1.489406 -15.174304
v -0.576425 -2.083320 -14.984159
v -0.654003 -1.893172 -14.390243
v -0.654003 -1.299258 -14.580391
v -0.576425 -1.299258 -14.984159
v -0.654003 -1.893172 -15.174304
v -0.654003 -1.299258 -16.144104
v -0.654003 -1.299258 -16.547867
v -0.654003 -1.489406 -16.738018
v -0.654003 -1.893172 -16.738018
v -0.654003 -2.083320 -16.547867
v -0.576425 -1.299258 -16.144104
v -0.576425 -1.489406 -15.953955
v -0.576425 -1.893172 -15.953955
v -0.576425 -2.083320 -16.547867
v -0.576425 -1.489406 -16.738018
v -0.576425 -2.083320 -16.144104
v -0.654003 -1.489406 -15.953955
v -0.576425 -1.489406 -16.738018
v -0.576425 -2.083320 -16.547867
v -0.654003 -1.893172 -15.953955
v -0.654003 -1.299258 -16.144104
v -0.654003 -1.299258 -16.547867
v -0.654003 -1.893172 -16.738018
v -0.732935 -1.518006 -12.731472
v -0.732935 -1.518006 -16.833073
v -0.732935 -1.591879 -16.946787
v -0.732935 -1.748744 -16.946787
v -0.732935 -1.822617 -16.833073
v -0.655357 -1.518006 -12.731472
v -0.655357 -1.822617 -12.731472
v -0.655357 -1.591880 -12.617758
v -0.655357 -1.748744 -12.617758
v -0.655357 -1.822617 -16.833073
v -0.655357 -1.822617 -12.731472
v -0.732935 -1.591880 -12.617757
v -0.655357 -1.591879 -16.946787
v -0.655357 -1.822617 -16.833073
v -0.732935 -1.748744 -12.617757
v -0.655357 -1.518006 -12.731472
v -0.655357 -1.518006 -16.833073
v -0.655357 -1.748744 -16.946787
v -1.054472 -1.285063 -17.228992
v -1.341166 -1.077709 -12.362526
v -0.748035 1.341167 -12.362526
v 1.054472 -1.285063 -12.306424
v 1.341166 -1.077709 -17.172892
v 0.748035 1.341168 -17.172892
v 0.878015 1.055512 -12.306424
v 1.077710 -1.341165 -17.172892
v -1.077710 -1.341165 -12.362526
v -1.341166 -1.077709 -17.172892
v -0.718683 1.285065 -12.306424
v -0.748035 1.341168 -17.172892
v 1.341166 -1.077709 -17.172892
v -1.021607 -1.341165 -12.362526
v 1.021607 -1.341165 -17.172892
v 0.993788 -1.397268 -17.228992
v -0.993788 -1.397268 -12.306424
v -0.957741 -1.631169 -12.362526
v 0.957741 -1.631169 -17.172892
v -0.898790 -1.626908 -12.306424
v 1.056264 -1.393007 -12.362526
v 1.056264 -1.393007 -17.172892
v -1.056264 -1.393007 -17.172892
v -1.341166 -1.077709 -12.362526
vn -0.0000 -1.0000 -0.0000
vn 0.8215 0.5702 -0.0000
vn 0.9220 0.3871 -0.0000
vn -0.0000 -0.0000 -1.0000
vn -0.0000 -0.0000 1.0000
vn 0.7071 -0.7071 -0.0000
vn -0.9221 0.3870 -0.0000
vn -0.9824 0.1870 -0.0000
vn -0.0000 1.0000 -0.0000
vn 0.9221 0.3870 -0.0000
vn 0.9824 0.1870 -0.0000
vn -0.9241 -0.3823 -0.0000
vn -0.8215 0.5702 -0.0000
vn -0.9220 0.3871 -0.0000
vn 0.9241 -0.3823 -0.0000
vn 1.0000 -0.0000 -0.0000
vn -1.0000 -0.0000 -0.0000
vn -0.0000 -0.7071 0.7071
vn -0.0000 0.7071 0.7071
vn -0.0000 0.7071 -0.7071
vn -0.0000 -0.7071 -0.7071
vn -0.0000 -0.8386 0.5448
vn -0.0000 0.8386 0.5448
vn -0.0000 0.8386 -0.5448
vn -0.0000 -0.8386 -0.5448
vn -0.5973 0.3993 0.6955
vn -0.5973 0.3993 -0.6955
vn 0.5973 0.3993 0.6955
vn 0.5973 0.3993 -0.6955
vn -0.6054 -0.4313 -0.6689
vn -0.3961 -0.5926 -0.7014
vn -0.1671 -0.7243 -0.6689
vn -0.6054 -0.4313 0.6689
vn -0.1671 -0.7243 0.6689
vn -0.3961 -0.5926 0.7014
vn 0.6054 -0.4313 0.6689
vn 0.3961 -0.5926 0.7014
vn 0.1671 -0.7243 0.6689
vn 0.6054 -0.4313 -0.6689
vn 0.1671 -0.7243 -0.6689
vn 0.3961 -0.5926 -0.7014
vn -0.5000 -0.5000 -0.7071
vn -0.5000 -0.5000 0.7071
vn -0.5809 0.4032 0.7071
vn -0.6448 0.2706 0.7149
vn -0.5809 0.4032 -0.7071
vn -0.6448 0.2706 -0.7149
vn 0.5000 -0.5000 0.7071
vn 0.5000 -0.5000 -0.7071
vn 0.5809 0.4032 -0.7071
vn 0.6448 0.2706 -0.7149
vn 0.5809 0.4032 0.7071
vn 0.6448 0.2706 0.7149
vn -0.6946 0.1322 0.7071
vn -0.6946 0.1322 -0.7071
vn 0.6946 0.1322 0.7071
vn 0.6946 0.1322 -0.7071
vn -0.8313 0.5558 -0.0000
vn 0.8313 0.5558 -0.0000
vn -0.5558 -0.8313 -0.0000
vn 0.5558 -0.8313 -0.0000
vn -0.6054 -0.4312 0.6689
vn -0.6534 -0.2703 0.7071
vn 0.6054 -0.4312 0.6689
vn 0.6534 -0.2703 0.7071
vn 0.3961 -0.5925 0.7014
vn 0.6534 -0.2703 -0.7071
vn 0.6054 -0.4312 -0.6689
vn 0.3962 -0.5925 -0.7014
vn -0.6054 -0.4312 -0.6689
vn -0.6534 -0.2703 -0.7071
vn -0.3961 -0.5925 -0.7014
vn -0.7071 -0.7071 -0.0000
vn -0.3962 -0.5925 0.7014
vn -0.6447 0.2706 -0.7149
vn 0.6447 0.2706 -0.7149
vn -0.9221 0.3870 0.0001
vt 0.802934 0.070868
vt 0.415266 0.244573
vt 0.802934 0.244574
vt 0.900579 0.064554
vt 0.951266 0.449761
vt 0.976609 0.444692
vt 0.504281 0.689858
vt 0.382723 0.813615
vt 0.387767 0.838877
vt 0.365037 0.004724
vt 0.191574 0.006279
vt 0.177276 0.027708
vt 0.259428 0.426319
vt 0.572604 0.656771
vt 0.588480 0.631284
vt 0.003031 0.359494
vt 0.413268 0.244351
vt 0.030207 0.184771
vt 0.896056 0.855288
vt 0.775487 0.467621
vt 0.775488 0.855288
vt 0.798294 0.306152
vt 0.388056 0.421295
vt 0.771118 0.480875
vt 0.538189 0.516864
vt 0.748861 0.842954
vt 0.765680 0.830764
vt 0.923918 0.456829
vt 0.873238 0.071620
vt 0.847894 0.076689
vt 0.769171 0.839402
vt 0.786668 0.992044
vt 0.806449 0.995183
vt 0.394631 0.426940
vt 0.514851 0.522611
vt 0.531068 0.510858
vt 0.004257 0.721621
vt 0.378696 0.895426
vt 0.104574 0.621304
vt 0.003293 0.361843
vt 0.382765 0.443801
vt 0.386058 0.423293
vt 0.363084 0.814595
vt 0.205396 0.424039
vt 0.088962 0.540473
vt 0.057693 0.461224
vt 0.107757 0.465625
vt 0.103356 0.515689
vt 0.685032 0.521407
vt 0.634968 0.525808
vt 0.630567 0.475744
vt 0.077211 0.893729
vt 0.096778 0.904949
vt 0.092287 0.909298
vt 0.039501 0.854783
vt 0.059067 0.866003
vt 0.054576 0.870352
vt 0.134488 0.943895
vt 0.152632 0.971621
vt 0.129997 0.948244
vt 0.114922 0.932675
vt 0.081703 0.889380
vt 0.016866 0.831406
vt 0.043992 0.850434
vt 0.157124 0.967272
vt 0.167707 0.987190
vt 0.119413 0.928326
vt 0.612597 0.819202
vt 0.640437 0.777361
vt 0.682278 0.805201
vt 0.000000 0.973015
vt 0.006147 0.941062
vt 0.062050 0.984951
vt 0.070720 0.900077
vt 0.090287 0.911297
vt 0.085796 0.915646
vt 0.033009 0.861132
vt 0.052576 0.872352
vt 0.048084 0.876701
vt 0.127998 0.950243
vt 0.146142 0.977968
vt 0.123507 0.954592
vt 0.108431 0.939023
vt 0.075211 0.895728
vt 0.010373 0.837755
vt 0.037500 0.856783
vt 0.150634 0.973619
vt 0.161218 0.993537
vt 0.112923 0.934674
vt 0.339716 0.944796
vt 0.388988 0.934896
vt 0.398888 0.984168
vt 0.574252 1.000000
vt 0.535305 0.968236
vt 0.567069 0.929290
vt 0.128713 0.903739
vt 0.109146 0.892519
vt 0.113638 0.888170
vt 0.166424 0.942684
vt 0.146857 0.931464
vt 0.151349 0.927115
vt 0.071435 0.853574
vt 0.053291 0.825849
vt 0.075927 0.849225
vt 0.091002 0.864794
vt 0.124222 0.908088
vt 0.189060 0.966060
vt 0.161933 0.947033
vt 0.048799 0.830198
vt 0.038215 0.810280
vt 0.086511 0.869143
vt 0.901809 0.465962
vt 0.914131 0.463137
vt 0.921982 0.470739
vt 0.570924 0.475329
vt 0.571100 0.464402
vt 0.581811 0.457687
vt 0.265844 0.749594
vt 0.262539 0.737447
vt 0.270265 0.745174
vt 0.286927 0.761841
vt 0.274780 0.758534
vt 0.279202 0.754113
vt 0.016666 0.500356
vt 0.012149 0.486994
vt 0.021088 0.495935
vt 0.258118 0.741866
vt 0.028815 0.503664
vt 0.516181 1.000000
vt 0.520602 0.995580
vt 0.007727 0.491414
vt 0.004422 0.479265
vt 0.024393 0.508085
vt 0.057234 0.603789
vt 0.061635 0.653853
vt 0.011571 0.658254
vt 0.667209 0.548704
vt 0.694746 0.531369
vt 0.715879 0.536173
vt 0.081798 0.919631
vt 0.061947 0.908923
vt 0.066323 0.904459
vt 0.027613 0.866507
vt 0.038711 0.886143
vt 0.023236 0.870971
vt 0.143745 0.980363
vt 0.116132 0.962048
vt 0.120509 0.957583
vt 0.105034 0.942412
vt 0.077422 0.924095
vt 0.043088 0.881679
vt 0.004377 0.843726
vt 0.000000 0.848191
vt 0.159220 0.995535
vt 0.139368 0.984828
vt 0.100657 0.946876
vt 0.676651 0.910033
vt 0.641576 0.874040
vt 0.677570 0.838966
vt 0.676654 0.953964
vt 0.648814 0.995805
vt 0.606973 0.967965
vt 0.100774 0.900965
vt 0.120626 0.911673
vt 0.116249 0.916137
vt 0.154958 0.954091
vt 0.143861 0.934454
vt 0.159335 0.949626
vt 0.038830 0.840231
vt 0.066442 0.858548
vt 0.062065 0.863012
vt 0.077539 0.878184
vt 0.105151 0.896501
vt 0.139484 0.938918
vt 0.178193 0.976871
vt 0.182570 0.972407
vt 0.023355 0.825059
vt 0.043207 0.835767
vt 0.081916 0.873720
vt 0.586737 0.870080
vt 0.606148 0.860444
vt 0.636988 0.870821
vt 0.021211 0.394743
vt 0.066772 0.415954
vt 0.045562 0.461516
vt 0.121790 0.879973
vt 0.101971 0.869205
vt 0.106362 0.864754
vt 0.067769 0.826683
vt 0.078806 0.846353
vt 0.063378 0.831134
vt 0.183547 0.940895
vt 0.155991 0.922495
vt 0.160382 0.918044
vt 0.144954 0.902825
vt 0.117399 0.884424
vt 0.083197 0.841902
vt 0.044604 0.803831
vt 0.040213 0.808282
vt 0.194584 0.960566
vt 0.179156 0.945346
vt 0.140564 0.907275
vt 0.728861 0.732420
vt 0.728685 0.743346
vt 0.717975 0.750062
vt 0.324242 0.527185
vt 0.330958 0.516474
vt 0.341884 0.516298
vt 0.269028 0.730956
vt 0.256879 0.727652
vt 0.261300 0.723230
vt 0.244633 0.706567
vt 0.247940 0.718715
vt 0.240212 0.710989
vt 0.519437 0.981294
vt 0.506080 0.976779
vt 0.510499 0.972358
vt 0.502773 0.964635
vt 0.264607 0.735378
vt 0.252361 0.714293
vt 0.006420 0.477267
vt 0.010841 0.472845
vt 0.527163 0.989018
vt 0.515018 0.985714
vt 0.498354 0.969055
vt 0.361109 0.816570
vt 0.367866 0.816207
vt 0.086987 0.542448
vt 0.087350 0.535691
vt 0.481493 0.696186
vt 0.479518 0.698161
vt 0.481130 0.702943
vt 0.207371 0.422064
vt 0.200614 0.422427
vt 0.107771 0.618107
vt 0.102437 0.617047
vt 0.381893 0.892229
vt 0.382953 0.897563
vt 0.275182 0.998940
vt 0.280516 1.000000
vt 0.278379 0.995743
vt 0.001060 0.724818
vt 0.000000 0.719484
vt 0.554412 0.928159
vt 0.528198 0.938003
vt 0.557644 0.932124
vt 0.172476 0.026757
vt 0.385693 0.013694
vt 0.365957 0.000194
vt 0.621590 0.745883
vt 0.626543 0.769276
vt 0.626067 0.743435
vt 0.231981 0.208676
vt 0.206484 0.197100
vt 0.231462 0.213765
vt 0.383700 0.841599
vt 0.525230 0.681595
vt 0.501729 0.686004
vt 0.408371 0.127290
vt 0.395333 0.147333
vt 0.413268 0.128724
vt 0.529150 0.933202
vt 0.210551 0.194378
vt 0.189140 0.001779
vt 0.622005 0.768399
vt 0.389663 0.010489
vt 0.525771 0.676521
vt 0.359887 0.817792
vt 0.085765 0.543670
vt 0.208593 0.420842
vt 0.482715 0.694964
vt 0.787440 0.996745
vt 0.391456 0.446714
vt 0.521371 0.529053
vt 0.892673 0.465623
vt 0.834179 0.081219
vt 0.804932 0.088015
vt 0.415266 0.070868
vt 0.875236 0.069622
vt 0.392744 0.143504
vt 0.243553 0.451805
vt 0.386093 0.419074
vt 0.896056 0.467621
vt 0.415232 0.246571
vt 0.949262 0.451760
vt 0.752954 0.851155
vt 0.000000 0.382352
vt 0.053292 0.511288
vt 0.046122 0.479548
vt 0.089433 0.454054
vt 0.114927 0.497365
vt 0.071616 0.522859
vt 0.648891 0.464173
vt 0.680631 0.471343
vt 0.692202 0.489667
vt 0.666708 0.532978
vt 0.623397 0.507484
vt 0.021357 0.827057
vt 0.172199 0.982842
vt 0.673372 0.836498
vt 0.654438 0.847042
vt 0.623142 0.838136
vt 0.621504 0.787906
vt 0.671734 0.786268
vt 0.024090 0.928908
vt 0.056043 0.935055
vt 0.068197 0.952998
vt 0.044107 0.997105
vt 0.012154 0.990959
vt 0.014865 0.833406
vt 0.165709 0.989188
vt 0.368145 0.928964
vt 0.404821 0.963324
vt 0.370460 1.000000
vt 0.349616 0.994068
vt 0.333784 0.965640
vt 0.588271 0.933778
vt 0.606015 0.961054
vt 0.601527 0.982255
vt 0.553050 0.995511
vt 0.539794 0.947034
vt 0.184569 0.970409
vt 0.033724 0.814629
vt 0.995847 0.792930
vt 0.971919 0.798416
vt 0.992092 0.803193
vt 0.979770 0.806018
vt 0.898054 0.476225
vt 0.591723 0.462288
vt 0.767314 0.742343
vt 0.767138 0.753270
vt 0.756427 0.759986
vt 0.746515 0.755384
vt 0.282505 0.766262
vt 0.000000 0.483685
vt 0.000000 0.639930
vt 0.007170 0.608190
vt 0.025494 0.596619
vt 0.068805 0.622113
vt 0.043311 0.665424
vt 0.733214 0.563710
vt 0.728410 0.584842
vt 0.700873 0.602178
vt 0.679741 0.597374
vt 0.662405 0.569837
vt 0.154843 1.000000
vt 0.656098 0.903159
vt 0.648450 0.853488
vt 0.698122 0.845840
vt 0.712644 0.874959
vt 0.705770 0.895511
vt 0.615880 0.936669
vt 0.634813 0.926124
vt 0.666110 0.935031
vt 0.667748 0.985261
vt 0.617518 0.986899
vt 0.027732 0.820595
vt 0.646625 0.890232
vt 0.636248 0.921072
vt 0.616837 0.930709
vt 0.585996 0.920332
vt 0.576360 0.900921
vt 0.013280 0.457431
vt 0.000000 0.440305
vt 0.004085 0.408023
vt 0.053493 0.398828
vt 0.062688 0.448236
vt 0.198975 0.956115
vt 0.708063 0.745460
vt 0.532475 0.465402
vt 0.532651 0.454475
vt 0.543362 0.447759
vt 0.553274 0.452361
vt 0.621941 0.691888
vt 0.608900 0.712686
vt 0.626543 0.701800
vt 0.619827 0.712511
vt 0.328844 0.537097
vt 0.522744 0.993438
vt 0.377821 0.812153
vt 0.807954 1.000000
vt 0.921920 0.458827
s 1
usemtl TT_checker_2048x2048_UV_GRID_001
f 1/1/1 2/2/1 3/3/1
f 4/4/2 5/5/3 6/6/2
f 7/7/4 8/8/4 9/9/4
f 10/10/5 11/11/5 12/12/5
f 13/13/6 14/14/6 15/15/6
f 16/16/7 17/17/8 18/18/8
f 19/19/9 20/20/9 21/21/9
f 22/22/10 23/23/11 24/24/11
f 25/25/12 26/26/12 27/27/12
f 28/28/13 29/29/14 30/30/13
f 31/31/5 32/32/5 33/33/5
f 34/34/4 35/35/4 36/36/4
f 37/37/1 38/38/1 39/39/1
f 40/40/15 41/41/15 42/42/15
f 43/43/9 44/44/9 45/45/9
f 46/46/16 47/47/16 48/48/16
f 49/49/17 50/50/17 51/51/17
f 52/52/18 53/53/18 54/54/18
f 55/55/19 56/56/19 57/57/19
f 58/58/4 59/59/4 60/60/4
f 61/53/1 62/61/1 63/54/1
f 64/57/5 65/62/5 66/52/5
f 67/63/9 68/64/9 69/55/9
f 70/65/20 71/66/20 72/59/20
f 73/67/21 74/60/21 75/61/21
f 76/68/16 77/69/16 78/70/16
f 79/71/17 80/72/17 81/73/17
f 82/74/18 83/75/18 84/76/18
f 85/77/19 86/78/19 87/79/19
f 88/80/4 89/81/4 90/82/4
f 91/75/1 92/83/1 93/76/1
f 94/79/5 95/84/5 96/74/5
f 97/85/9 98/86/9 99/77/9
f 100/87/20 101/88/20 102/81/20
f 103/89/21 104/82/21 105/83/21
f 106/90/16 107/91/16 108/92/16
f 109/93/17 110/94/17 111/95/17
f 112/96/18 113/97/18 114/98/18
f 115/99/19 116/100/19 117/101/19
f 118/102/4 119/103/4 120/104/4
f 121/97/1 122/105/1 123/98/1
f 124/101/5 125/106/5 126/96/5
f 127/107/9 128/108/9 129/99/9
f 130/109/20 131/110/20 132/103/20
f 133/111/21 134/104/21 135/105/21
f 136/112/16 137/113/16 138/114/16
f 139/115/17 140/116/17 141/117/17
f 142/118/22 143/119/22 144/120/22
f 145/121/23 146/122/23 147/123/23
f 148/124/4 149/125/4 150/126/4
f 151/127/1 152/128/1 153/119/1
f 154/123/5 155/118/5 156/120/5
f 157/129/9 158/121/9 159/130/9
f 160/131/24 161/132/24 162/125/24
f 163/133/25 164/126/25 165/128/25
f 166/134/17 167/135/17 168/136/17
f 169/137/16 170/138/16 171/139/16
f 172/140/18 173/141/18 174/142/18
f 175/143/19 176/144/19 177/145/19
f 178/146/4 179/147/4 180/148/4
f 181/149/1 182/150/1 183/140/1
f 184/151/5 185/141/5 186/144/5
f 187/152/9 188/145/9 189/153/9
f 190/154/20 191/155/20 192/146/20
f 193/149/21 194/147/21 195/156/21
f 196/157/17 197/158/17 198/159/17
f 199/160/16 200/161/16 201/162/16
f 202/163/18 203/164/18 204/165/18
f 205/166/19 206/167/19 207/168/19
f 208/169/4 209/170/4 210/171/4
f 211/172/1 212/173/1 213/163/1
f 214/174/5 215/164/5 216/167/5
f 217/175/9 218/168/9 219/176/9
f 220/177/20 221/178/20 222/169/20
f 223/172/21 224/170/21 225/179/21
f 226/180/17 227/181/17 228/182/17
f 229/183/16 230/184/16 231/185/16
f 232/186/18 233/187/18 234/188/18
f 235/189/19 236/190/19 237/191/19
f 238/192/4 239/193/4 240/194/4
f 241/195/1 242/196/1 243/186/1
f 244/197/5 245/187/5 246/190/5
f 247/198/9 248/191/9 249/199/9
f 250/192/20 251/200/20 252/201/20
f 253/195/21 254/193/21 255/202/21
f 256/203/17 257/204/17 258/205/17
f 259/206/16 260/207/16 261/208/16
f 262/209/22 263/210/22 264/211/22
f 265/212/23 266/213/23 267/214/23
f 268/215/4 269/216/4 270/217/4
f 271/218/1 272/219/1 273/209/1
f 274/220/5 275/210/5 276/213/5
f 277/212/9 278/221/9 279/222/9
f 280/223/24 281/224/24 282/215/24
f 283/217/25 284/225/25 285/218/25
f 286/226/26 287/227/26 288/43/26
f 289/228/27 290/45/27 291/229/27
f 292/230/28 293/231/28 294/232/28
f 295/233/29 296/234/29 297/44/29
f 298/235/30 299/236/31 300/39/32
f 301/237/33 302/38/34 303/238/35
f 304/239/36 305/240/37 306/241/38
f 307/242/39 308/37/40 309/243/41
f 310/244/42 311/245/42 312/246/42
f 313/11/43 314/247/43 315/12/43
f 316/248/44 317/249/45 318/10/45
f 319/250/46 320/251/47 321/252/46
f 322/253/48 323/254/48 324/255/48
f 325/8/49 326/256/49 327/9/49
f 328/257/50 329/258/51 330/7/51
f 331/259/52 332/260/53 333/261/52
f 334/9/21 335/245/21 336/262/21
f 337/12/18 338/254/18 339/263/18
f 340/11/54 317/249/45 341/264/54
f 342/244/55 320/251/47 343/265/47
f 332/260/53 344/253/56 345/255/56
f 346/266/19 347/259/19 348/261/19
f 349/250/20 350/267/20 351/257/20
f 329/258/51 352/8/57 330/7/51
f 353/268/58 354/45/58 355/269/58
f 356/270/59 357/231/59 358/271/59
f 359/44/20 360/229/20 361/45/20
f 362/43/19 363/232/19 364/231/19
f 365/38/60 366/235/60 367/39/60
f 368/37/61 369/239/61 370/241/61
f 309/243/41 300/39/32 299/236/31
f 303/238/35 306/241/38 305/240/37
f 371/26/62 372/31/63 373/27/63
f 374/272/64 375/33/65 376/32/66
f 377/34/67 378/41/68 379/273/69
f 380/274/70 381/36/71 382/35/72
f 383/275/73 384/276/73 385/277/73
f 1/1/1 386/278/1 2/2/1
f 4/4/2 387/279/3 5/5/3
f 9/9/4 388/262/4 389/265/4
f 388/262/4 390/244/4 389/265/4
f 389/265/4 391/250/4 7/7/4
f 9/9/4 389/265/4 7/7/4
f 391/250/4 392/257/4 7/7/4
f 12/12/5 393/263/5 394/280/5
f 393/263/5 395/253/5 394/280/5
f 394/280/5 396/259/5 10/10/5
f 12/12/5 394/280/5 10/10/5
f 396/259/5 397/248/5 10/10/5
f 13/13/6 398/281/6 14/14/6
f 16/16/7 399/282/7 17/17/8
f 19/19/9 400/283/9 20/20/9
f 22/22/10 401/284/10 23/23/11
f 25/25/12 402/274/12 26/26/12
f 28/28/13 403/285/14 29/29/14
f 31/31/5 404/286/5 32/32/5
f 34/34/4 405/273/4 35/35/4
f 37/37/1 406/241/1 38/38/1
f 40/40/15 407/287/15 41/41/15
f 43/43/9 408/231/9 44/44/9
f 409/288/16 410/289/16 46/46/16
f 46/46/16 411/290/16 47/47/16
f 47/47/16 412/291/16 48/48/16
f 48/48/16 413/292/16 409/288/16
f 409/288/16 46/46/16 48/48/16
f 51/51/17 414/293/17 415/294/17
f 415/294/17 416/295/17 49/49/17
f 49/49/17 417/296/17 50/50/17
f 50/50/17 418/297/17 51/51/17
f 51/51/17 415/294/17 49/49/17
f 52/52/18 419/62/18 53/53/18
f 55/55/19 420/64/19 56/56/19
f 58/58/4 421/65/4 59/59/4
f 61/53/1 422/67/1 62/61/1
f 64/57/5 423/56/5 65/62/5
f 67/63/9 424/298/9 68/64/9
f 70/65/20 425/299/20 71/66/20
f 73/67/21 426/58/21 74/60/21
f 78/70/16 427/300/16 428/301/16
f 428/301/16 429/302/16 78/70/16
f 429/302/16 76/68/16 78/70/16
f 76/68/16 430/303/16 77/69/16
f 77/69/16 431/304/16 78/70/16
f 80/72/17 432/305/17 433/306/17
f 433/306/17 434/307/17 80/72/17
f 434/307/17 81/73/17 80/72/17
f 81/73/17 435/308/17 436/309/17
f 436/309/17 79/71/17 81/73/17
f 82/74/18 437/84/18 83/75/18
f 85/77/19 438/86/19 86/78/19
f 88/80/4 439/87/4 89/81/4
f 91/75/1 440/89/1 92/83/1
f 94/79/5 441/78/5 95/84/5
f 97/85/9 442/310/9 98/86/9
f 100/87/20 443/311/20 101/88/20
f 103/89/21 444/80/21 104/82/21
f 106/90/16 445/312/16 107/91/16
f 107/91/16 446/313/16 108/92/16
f 108/92/16 447/314/16 448/315/16
f 448/315/16 449/316/16 108/92/16
f 449/316/16 106/90/16 108/92/16
f 111/95/17 450/317/17 451/318/17
f 451/318/17 452/319/17 111/95/17
f 452/319/17 109/93/17 111/95/17
f 109/93/17 453/320/17 110/94/17
f 110/94/17 454/321/17 111/95/17
f 112/96/18 455/106/18 113/97/18
f 115/99/19 456/108/19 116/100/19
f 118/102/4 457/109/4 119/103/4
f 121/97/1 458/111/1 122/105/1
f 124/101/5 459/100/5 125/106/5
f 127/107/9 460/322/9 128/108/9
f 130/109/20 461/323/20 131/110/20
f 133/111/21 462/102/21 134/104/21
f 138/114/16 463/324/16 464/325/16
f 463/324/16 465/326/16 464/325/16
f 465/326/16 466/327/16 464/325/16
f 464/325/16 467/328/16 138/114/16
f 467/328/16 136/112/16 138/114/16
f 141/117/17 468/329/17 139/115/17
f 468/329/17 469/330/17 139/115/17
f 469/330/17 470/331/17 471/332/17
f 471/332/17 472/333/17 469/330/17
f 472/333/17 139/115/17 469/330/17
f 142/118/22 473/127/22 143/119/22
f 145/121/23 474/334/23 146/122/23
f 148/124/4 475/131/4 149/125/4
f 151/127/1 476/133/1 152/128/1
f 154/123/5 477/122/5 155/118/5
f 157/129/9 478/334/9 158/121/9
f 160/131/24 479/335/24 161/132/24
f 163/133/25 480/124/25 164/126/25
f 168/136/17 481/336/17 482/337/17
f 482/337/17 483/338/17 166/134/17
f 166/134/17 484/339/17 167/135/17
f 167/135/17 485/340/17 168/136/17
f 168/136/17 482/337/17 166/134/17
f 171/139/16 486/341/16 487/342/16
f 487/342/16 488/343/16 171/139/16
f 488/343/16 489/344/16 171/139/16
f 489/344/16 490/345/16 171/139/16
f 490/345/16 169/137/16 171/139/16
f 172/140/18 491/150/18 173/141/18
f 175/143/19 492/151/19 176/144/19
f 178/146/4 493/155/4 179/147/4
f 181/149/1 494/156/1 182/150/1
f 184/151/5 495/142/5 185/141/5
f 187/152/9 496/143/9 188/145/9
f 190/154/20 497/346/20 191/155/20
f 193/149/21 498/148/21 194/147/21
f 196/157/17 499/347/17 197/158/17
f 197/158/17 500/348/17 198/159/17
f 198/159/17 501/349/17 196/157/17
f 501/349/17 502/350/17 196/157/17
f 502/350/17 503/351/17 196/157/17
f 201/162/16 504/352/16 505/353/16
f 505/353/16 506/354/16 201/162/16
f 506/354/16 199/160/16 201/162/16
f 199/160/16 507/355/16 200/161/16
f 200/161/16 508/356/16 201/162/16
f 202/163/18 509/173/18 203/164/18
f 205/166/19 510/174/19 206/167/19
f 208/169/4 511/178/4 209/170/4
f 211/172/1 512/179/1 212/173/1
f 214/174/5 513/165/5 215/164/5
f 217/175/9 514/166/9 218/168/9
f 220/177/20 515/357/20 221/178/20
f 223/172/21 516/171/21 224/170/21
f 228/182/17 517/358/17 518/359/17
f 518/359/17 519/360/17 228/182/17
f 519/360/17 520/361/17 228/182/17
f 520/361/17 521/362/17 228/182/17
f 521/362/17 226/180/17 228/182/17
f 231/185/16 522/363/16 229/183/16
f 522/363/16 523/364/16 229/183/16
f 523/364/16 524/365/16 229/183/16
f 229/183/16 525/366/16 230/184/16
f 230/184/16 526/367/16 231/185/16
f 232/186/18 527/196/18 233/187/18
f 235/189/19 528/197/19 236/190/19
f 238/192/4 529/201/4 239/193/4
f 241/195/1 530/202/1 242/196/1
f 244/197/5 531/188/5 245/187/5
f 247/198/9 532/189/9 248/191/9
f 250/192/20 533/368/20 251/200/20
f 253/195/21 534/194/21 254/193/21
f 258/205/17 535/369/17 256/203/17
f 535/369/17 536/370/17 256/203/17
f 536/370/17 537/371/17 538/372/17
f 538/372/17 539/373/17 536/370/17
f 539/373/17 256/203/17 536/370/17
f 261/208/16 540/374/16 541/375/16
f 540/374/16 542/376/16 541/375/16
f 542/376/16 543/377/16 541/375/16
f 541/375/16 544/378/16 261/208/16
f 544/378/16 259/206/16 261/208/16
f 262/209/22 545/219/22 263/210/22
f 265/212/23 546/220/23 266/213/23
f 268/215/4 547/224/4 269/216/4
f 271/218/1 548/225/1 272/219/1
f 274/220/5 549/211/5 275/210/5
f 277/212/9 550/214/9 278/221/9
f 280/223/24 551/379/24 281/224/24
f 283/217/25 552/216/25 284/225/25
f 310/244/42 553/262/42 311/245/42
f 313/11/43 554/264/43 314/247/43
f 316/248/44 555/266/44 317/249/45
f 319/250/46 343/265/47 320/251/47
f 322/253/48 556/263/48 323/254/48
f 325/8/49 557/380/49 326/256/49
f 328/257/50 558/267/50 329/258/51
f 331/259/52 559/280/53 332/260/53
f 334/9/21 560/256/21 335/245/21
f 337/12/18 561/247/18 338/254/18
f 340/11/54 318/10/45 317/249/45
f 342/244/55 562/246/55 320/251/47
f 332/260/53 559/280/53 344/253/56
f 346/266/19 563/248/19 347/259/19
f 349/250/20 564/252/20 350/267/20
f 329/258/51 565/380/57 352/8/57
f 353/268/58 566/43/58 354/45/58
f 356/270/59 567/44/59 357/231/59
f 359/44/20 568/234/20 360/229/20
f 362/43/19 569/227/19 363/232/19
f 365/38/60 570/237/60 366/235/60
f 368/37/61 571/242/61 369/239/61
f 309/243/41 308/37/40 300/39/32
f 303/238/35 302/38/34 306/241/38
f 371/26/62 572/286/74 372/31/63
f 374/272/64 573/381/65 375/33/65
f 377/34/67 574/42/67 378/41/68
f 380/274/70 575/25/71 381/36/71
f 383/275/73 576/382/73 384/276/73
f 577/1/1 578/2/1 579/3/1
f 580/4/2 581/5/3 582/6/2
f 583/7/4 584/8/4 585/9/4
f 586/10/5 587/11/5 588/12/5
f 589/13/6 590/14/6 591/15/6
f 592/16/7 593/17/8 594/18/8
f 595/19/9 596/20/9 597/21/9
f 598/22/10 599/23/11 600/24/11
f 601/25/12 602/26/12 603/27/12
f 604/28/13 605/29/14 606/30/13
f 607/31/5 608/32/5 609/33/5
f 610/34/4 611/35/4 612/36/4
f 613/37/1 614/38/1 615/39/1
f 616/40/15 617/41/15 618/42/15
f 619/43/9 620/44/9 621/45/9
f 622/46/16 623/47/16 624/48/16
f 625/49/17 626/50/17 627/51/17
f 628/52/18 629/53/18 630/54/18
f 631/55/19 632/56/19 633/57/19
f 634/58/4 635/59/4 636/60/4
f 637/53/1 638/61/1 639/54/1
f 640/57/5 641/62/5 642/52/5
f 643/63/9 644/64/9 645/55/9
f 646/65/20 647/66/20 648/59/20
f 649/67/21 650/60/21 651/61/21
f 652/68/16 653/69/16 654/70/16
f 655/71/17 656/72/17 657/73/17
f 658/74/18 659/75/18 660/76/18
f 661/77/19 662/78/19 663/79/19
f 664/80/4 665/81/4 666/82/4
f 667/75/1 668/83/1 669/76/1
f 670/79/5 671/84/5 672/74/5
f 673/85/9 674/86/9 675/77/9
f 676/87/20 677/88/20 678/81/20
f 679/89/21 680/82/21 681/83/21
f 682/90/16 683/91/16 684/92/16
f 685/93/17 686/94/17 687/95/17
f 688/96/18 689/97/18 690/98/18
f 691/99/19 692/100/19 693/101/19
f 694/102/4 695/103/4 696/104/4
f 697/97/1 698/105/1 699/98/1
f 700/101/5 701/106/5 702/96/5
f 703/107/9 704/108/9 705/99/9
f 706/109/20 707/110/20 708/103/20
f 709/111/21 710/104/21 711/105/21
f 712/112/16 713/113/16 714/114/16
f 715/115/17 716/116/17 717/117/17
f 718/118/22 719/119/22 720/120/22
f 721/121/23 722/122/23 723/123/23
f 724/124/4 725/125/4 726/126/4
f 727/127/1 728/128/1 729/119/1
f 730/123/5 731/118/5 732/120/5
f 733/129/9 734/121/9 735/130/9
f 736/131/24 737/132/24 738/125/24
f 739/133/25 740/126/25 741/128/25
f 742/134/17 743/135/17 744/136/17
f 745/137/16 746/138/16 747/139/16
f 748/140/18 749/141/18 750/142/18
f 751/143/19 752/144/19 753/145/19
f 754/146/4 755/147/4 756/148/4
f 757/149/1 758/150/1 759/140/1
f 760/151/5 761/141/5 762/144/5
f 763/152/9 764/145/9 765/153/9
f 766/154/20 767/155/20 768/146/20
f 769/149/21 770/147/21 771/156/21
f 772/157/17 773/158/17 774/159/17
f 775/160/16 776/161/16 777/162/16
f 778/163/18 779/164/18 780/165/18
f 781/166/19 782/167/19 783/168/19
f 784/169/4 785/170/4 786/171/4
f 787/172/1 788/173/1 789/163/1
f 790/174/5 791/164/5 792/167/5
f 793/175/9 794/168/9 795/176/9
f 796/177/20 797/178/20 798/169/20
f 799/172/21 800/170/21 801/179/21
f 802/180/17 803/181/17 804/182/17
f 805/183/16 806/184/16 807/185/16
f 808/186/18 809/187/18 810/188/18
f 811/189/19 812/190/19 813/191/19
f 814/192/4 815/193/4 816/194/4
f 817/195/1 818/196/1 819/186/1
f 820/197/5 821/187/5 822/190/5
f 823/198/9 824/191/9 825/199/9
f 826/192/20 827/200/20 828/201/20
f 829/195/21 830/193/21 831/202/21
f 832/203/17 833/204/17 834/205/17
f 835/206/16 836/207/16 837/208/16
f 838/209/22 839/210/22 840/211/22
f 841/212/23 842/213/23 843/214/23
f 844/215/4 845/216/4 846/217/4
f 847/218/1 848/219/1 849/209/1
f 850/220/5 851/210/5 852/213/5
f 853/212/9 854/221/9 855/222/9
f 856/223/24 857/224/24 858/215/24
f 859/217/25 860/225/25 861/218/25
f 862/226/26 863/227/26 864/43/26
f 865/228/27 866/45/27 867/229/27
f 868/230/28 869/231/28 870/232/28
f 871/233/29 872/234/29 873/44/29
f 874/235/30 875/236/31 876/39/32
f 877/237/33 878/38/34 879/238/35
f 880/239/36 881/240/66 882/241/38
f 883/242/39 884/37/40 885/243/41
f 886/244/42 887/245/42 888/246/42
f 889/11/43 890/247/43 891/12/43
f 892/248/44 893/249/45 894/10/45
f 895/250/46 896/251/47 897/252/46
f 898/253/48 899/254/48 900/255/48
f 901/8/49 902/256/49 903/9/49
f 904/257/50 905/258/51 906/7/51
f 907/259/52 908/260/53 909/261/52
f 910/9/21 911/245/21 912/262/21
f 913/12/18 914/254/18 915/263/18
f 916/11/54 893/249/45 917/264/54
f 918/244/55 896/251/47 919/265/47
f 908/260/53 920/253/56 921/255/56
f 922/266/19 923/259/19 924/261/19
f 925/250/20 926/267/20 927/257/20
f 905/258/51 928/8/57 906/7/51
f 929/268/58 930/45/58 931/269/58
f 932/270/59 933/231/59 934/271/59
f 935/44/20 936/229/20 937/45/20
f 938/43/19 939/232/19 940/231/19
f 941/38/60 942/235/60 943/39/60
f 944/37/61 945/239/61 946/241/61
f 885/243/41 876/39/32 875/236/31
f 879/238/35 882/241/38 881/240/66
f 947/26/62 948/31/63 949/27/63
f 950/272/64 951/33/65 952/32/66
f 953/34/67 954/41/68 955/273/69
f 956/274/70 957/36/71 958/35/72
f 959/275/73 960/276/73 961/277/73
f 577/1/1 962/278/1 578/2/1
f 580/4/2 963/279/3 581/5/3
f 585/9/4 964/262/4 965/265/4
f 964/262/4 966/244/4 965/265/4
f 965/265/4 967/250/4 583/7/4
f 585/9/4 965/265/4 583/7/4
f 967/250/4 968/257/4 583/7/4
f 588/12/5 969/263/5 970/280/5
f 969/263/5 971/253/5 970/280/5
f 970/280/5 972/259/5 586/10/5
f 588/12/5 970/280/5 586/10/5
f 972/259/5 973/248/5 586/10/5
f 589/13/6 974/281/6 590/14/6
f 592/16/7 975/282/7 593/17/8
f 595/19/9 976/283/9 596/20/9
f 598/22/10 977/284/10 599/23/11
f 601/25/12 978/274/12 602/26/12
f 604/28/13 979/285/14 605/29/14
f 607/31/5 980/286/5 608/32/5
f 610/34/4 981/273/4 611/35/4
f 613/37/1 982/241/1 614/38/1
f 616/40/15 983/287/15 617/41/15
f 619/43/9 984/231/9 620/44/9
f 985/288/16 986/289/16 622/46/16
f 622/46/16 987/290/16 623/47/16
f 623/47/16 988/291/16 624/48/16
f 624/48/16 989/292/16 985/288/16
f 985/288/16 622/46/16 624/48/16
f 627/51/17 990/293/17 991/294/17
f 991/294/17 992/295/17 625/49/17
f 625/49/17 993/296/17 626/50/17
f 626/50/17 994/297/17 627/51/17
f 627/51/17 991/294/17 625/49/17
f 628/52/18 995/62/18 629/53/18
f 631/55/19 996/64/19 632/56/19
f 634/58/4 997/65/4 635/59/4
f 637/53/1 998/67/1 638/61/1
f 640/57/5 999/56/5 641/62/5
f 643/63/9 1000/298/9 644/64/9
f 646/65/20 1001/299/20 647/66/20
f 649/67/21 1002/58/21 650/60/21
f 654/70/16 1003/300/16 1004/301/16
f 1004/301/16 1005/302/16 654/70/16
f 1005/302/16 652/68/16 654/70/16
f 652/68/16 1006/303/16 653/69/16
f 653/69/16 1007/304/16 654/70/16
f 656/72/17 1008/305/17 1009/306/17
f 1009/306/17 1010/307/17 656/72/17
f 1010/307/17 657/73/17 656/72/17
f 657/73/17 1011/308/17 1012/309/17
f 1012/309/17 655/71/17 657/73/17
f 658/74/18 1013/84/18 659/75/18
f 661/77/19 1014/86/19 662/78/19
f 664/80/4 1015/87/4 665/81/4
f 667/75/1 1016/89/1 668/83/1
f 670/79/5 1017/78/5 671/84/5
f 673/85/9 1018/310/9 674/86/9
f 676/87/20 1019/311/20 677/88/20
f 679/89/21 1020/80/21 680/82/21
f 682/90/16 1021/312/16 683/91/16
f 683/91/16 1022/313/16 684/92/16
f 684/92/16 1023/314/16 1024/315/16
f 1024/315/16 1025/316/16 684/92/16
f 1025/316/16 682/90/16 684/92/16
f 687/95/17 1026/317/17 1027/318/17
f 1027/318/17 1028/319/17 687/95/17
f 1028/319/17 685/93/17 687/95/17
f 685/93/17 1029/320/17 686/94/17
f 686/94/17 1030/321/17 687/95/17
f 688/96/18 1031/106/18 689/97/18
f 691/99/19 1032/108/19 692/100/19
f 694/102/4 1033/109/4 695/103/4
f 697/97/1 1034/111/1 698/105/1
f 700/101/5 1035/100/5 701/106/5
f 703/107/9 1036/322/9 704/108/9
f 706/109/20 1037/323/20 707/110/20
f 709/111/21 1038/102/21 710/104/21
f 714/114/16 1039/324/16 1040/325/16
f 1039/324/16 1041/326/16 1040/325/16
f 1041/326/16 1042/327/16 1040/325/16
f 1040/325/16 1043/328/16 714/114/16
f 1043/328/16 712/112/16 714/114/16
f 717/117/17 1044/329/17 715/115/17
f 1044/329/17 1045/330/17 715/115/17
f 1045/330/17 1046/331/17 1047/332/17
f 1047/332/17 1048/333/17 1045/330/17
f 1048/333/17 715/115/17 1045/330/17
f 718/118/22 1049/127/22 719/119/22
f 721/121/23 1050/334/23 722/122/23
f 724/124/4 1051/131/4 725/125/4
f 727/127/1 1052/133/1 728/128/1
f 730/123/5 1053/122/5 731/118/5
f 733/129/9 1054/334/9 734/121/9
f 736/131/24 1055/335/24 737/132/24
f 739/133/25 1056/124/25 740/126/25
f 744/136/17 1057/336/17 1058/337/17
f 1058/337/17 1059/338/17 742/134/17
f 742/134/17 1060/339/17 743/135/17
f 743/135/17 1061/340/17 744/136/17
f 744/136/17 1058/337/17 742/134/17
f 747/139/16 1062/341/16 1063/342/16
f 1063/342/16 1064/343/16 747/139/16
f 1064/343/16 1065/344/16 747/139/16
f 1065/344/16 1066/345/16 747/139/16
f 1066/345/16 745/137/16 747/139/16
f 748/140/18 1067/150/18 749/141/18
f 751/143/19 1068/151/19 752/144/19
f 754/146/4 1069/155/4 755/147/4
f 757/149/1 1070/156/1 758/150/1
f 760/151/5 1071/142/5 761/141/5
f 763/152/9 1072/143/9 764/145/9
f 766/154/20 1073/346/20 767/155/20
f 769/149/21 1074/148/21 770/147/21
f 772/157/17 1075/347/17 773/158/17
f 773/158/17 1076/348/17 774/159/17
f 774/159/17 1077/349/17 772/157/17
f 1077/349/17 1078/350/17 772/157/17
f 1078/350/17 1079/351/17 772/157/17
f 777/162/16 1080/352/16 1081/353/16
f 1081/353/16 1082/354/16 777/162/16
f 1082/354/16 775/160/16 777/162/16
f 775/160/16 1083/355/16 776/161/16
f 776/161/16 1084/356/16 777/162/16
f 778/163/18 1085/173/18 779/164/18
f 781/166/19 1086/174/19 782/167/19
f 784/169/4 1087/178/4 785/170/4
f 787/172/1 1088/179/1 788/173/1
f 790/174/5 1089/165/5 791/164/5
f 793/175/9 1090/166/9 794/168/9
f 796/177/20 1091/357/20 797/178/20
f 799/172/21 1092/171/21 800/170/21
f 804/182/17 1093/358/17 1094/359/17
f 1094/359/17 1095/360/17 804/182/17
f 1095/360/17 1096/361/17 804/182/17
f 1096/361/17 1097/362/17 804/182/17
f 1097/362/17 802/180/17 804/182/17
f 807/185/16 1098/363/16 805/183/16
f 1098/363/16 1099/364/16 805/183/16
f 1099/364/16 1100/365/16 805/183/16
f 805/183/16 1101/366/16 806/184/16
f 806/184/16 1102/367/16 807/185/16
f 808/186/18 1103/196/18 809/187/18
f 811/189/19 1104/197/19 812/190/19
f 814/192/4 1105/201/4 815/193/4
f 817/195/1 1106/202/1 818/196/1
f 820/197/5 1107/188/5 821/187/5
f 823/198/9 1108/189/9 824/191/9
f 826/192/20 1109/368/20 827/200/20
f 829/195/21 1110/194/21 830/193/21
f 834/205/17 1111/369/17 832/203/17
f 1111/369/17 1112/370/17 832/203/17
f 1112/370/17 1113/371/17 1114/372/17
f 1114/372/17 1115/373/17 1112/370/17
f 1115/373/17 832/203/17 1112/370/17
f 837/208/16 1116/374/16 1117/375/16
f 1116/374/16 1118/376/16 1117/375/16
f 1118/376/16 1119/377/16 1117/375/16
f 1117/375/16 1120/378/16 837/208/16
f 1120/378/16 835/206/16 837/208/16
f 838/209/22 1121/219/22 839/210/22
f 841/212/23 1122/220/23 842/213/23
f 844/215/4 1123/224/4 845/216/4
f 847/218/1 1124/225/1 848/219/1
f 850/220/5 1125/211/5 851/210/5
f 853/212/9 1126/214/9 854/221/9
f 856/223/24 1127/379/24 857/224/24
f 859/217/25 1128/216/25 860/225/25
f 886/244/42 1129/262/42 887/245/42
f 889/11/43 1130/264/43 890/247/43
f 892/248/44 1131/266/44 893/249/45
f 895/250/46 919/265/47 896/251/47
f 898/253/48 1132/263/48 899/254/48
f 901/8/49 1133/380/49 902/256/49
f 904/257/50 1134/267/50 905/258/51
f 907/259/52 1135/280/53 908/260/53
f 910/9/21 1136/256/21 911/245/21
f 913/12/18 1137/247/18 914/254/18
f 916/11/54 894/10/45 893/249/45
f 918/244/55 1138/246/55 896/251/47
f 908/260/53 1135/280/53 920/253/56
f 922/266/19 1139/248/19 923/259/19
f 925/250/20 1140/252/20 926/267/20
f 905/258/51 1141/380/57 928/8/57
f 929/268/58 1142/43/58 930/45/58
f 932/270/59 1143/44/59 933/231/59
f 935/44/20 1144/234/20 936/229/20
f 938/43/19 1145/227/19 939/232/19
f 941/38/60 1146/237/60 942/235/60
f 944/37/61 1147/242/61 945/239/61
f 885/243/41 884/37/40 876/39/32
f 879/238/35 878/38/34 882/241/38
f 947/26/62 1148/286/74 948/31/63
f 950/272/64 1149/381/65 951/33/65
f 953/34/67 1150/42/67 954/41/68
f 956/274/70 1151/25/71 957/36/71
f 959/275/73 1152/382/73 960/276/73
f 1153/1/1 1154/2/1 1155/3/1
f 1156/4/2 1157/5/3 1158/6/2
f 1159/7/4 1160/8/4 1161/9/4
f 1162/10/5 1163/11/5 1164/12/5
f 1165/13/6 1166/14/6 1167/15/6
f 1168/16/7 1169/17/8 1170/18/8
f 1171/19/9 1172/20/9 1173/21/9
f 1174/22/10 1175/23/11 1176/24/11
f 1177/25/12 1178/26/12 1179/27/12
f 1180/28/13 1181/29/14 1182/30/13
f 1183/31/5 1184/32/5 1185/33/5
f 1186/34/4 1187/35/4 1188/36/4
f 1189/37/1 1190/38/1 1191/39/1
f 1192/40/15 1193/41/15 1194/42/15
f 1195/43/9 1196/44/9 1197/45/9
f 1198/46/16 1199/47/16 1200/48/16
f 1201/49/17 1202/50/17 1203/51/17
f 1204/52/18 1205/53/18 1206/54/18
f 1207/55/19 1208/56/19 1209/57/19
f 1210/58/4 1211/59/4 1212/60/4
f 1213/53/1 1214/61/1 1215/54/1
f 1216/57/5 1217/62/5 1218/52/5
f 1219/63/9 1220/64/9 1221/55/9
f 1222/65/20 1223/66/20 1224/59/20
f 1225/67/21 1226/60/21 1227/61/21
f 1228/68/16 1229/69/16 1230/70/16
f 1231/71/17 1232/72/17 1233/73/17
f 1234/74/18 1235/75/18 1236/76/18
f 1237/77/19 1238/78/19 1239/79/19
f 1240/80/4 1241/81/4 1242/82/4
f 1243/75/1 1244/83/1 1245/76/1
f 1246/79/5 1247/84/5 1248/74/5
f 1249/85/9 1250/86/9 1251/77/9
f 1252/87/20 1253/88/20 1254/81/20
f 1255/89/21 1256/82/21 1257/83/21
f 1258/90/16 1259/91/16 1260/92/16
f 1261/93/17 1262/94/17 1263/95/17
f 1264/96/18 1265/97/18 1266/98/18
f 1267/99/19 1268/100/19 1269/101/19
f 1270/102/4 1271/103/4 1272/104/4
f 1273/97/1 1274/105/1 1275/98/1
f 1276/101/5 1277/106/5 1278/96/5
f 1279/107/9 1280/108/9 1281/99/9
f 1282/109/20 1283/110/20 1284/103/20
f 1285/111/21 1286/104/21 1287/105/21
f 1288/112/16 1289/113/16 1290/114/16
f 1291/115/17 1292/116/17 1293/117/17
f 1294/118/22 1295/119/22 1296/120/22
f 1297/121/23 1298/122/23 1299/123/23
f 1300/124/4 1301/125/4 1302/126/4
f 1303/127/1 1304/128/1 1305/119/1
f 1306/123/5 1307/118/5 1308/120/5
f 1309/129/9 1310/121/9 1311/130/9
f 1312/131/24 1313/132/24 1314/125/24
f 1315/133/25 1316/126/25 1317/128/25
f 1318/134/17 1319/135/17 1320/136/17
f 1321/137/16 1322/138/16 1323/139/16
f 1324/140/18 1325/141/18 1326/142/18
f 1327/143/19 1328/144/19 1329/145/19
f 1330/146/4 1331/147/4 1332/148/4
f 1333/149/1 1334/150/1 1335/140/1
f 1336/151/5 1337/141/5 1338/144/5
f 1339/152/9 1340/145/9 1341/153/9
f 1342/154/20 1343/155/20 1344/146/20
f 1345/149/21 1346/147/21 1347/156/21
f 1348/157/17 1349/158/17 1350/159/17
f 1351/160/16 1352/161/16 1353/162/16
f 1354/163/18 1355/164/18 1356/165/18
f 1357/166/19 1358/167/19 1359/168/19
f 1360/169/4 1361/170/4 1362/171/4
f 1363/172/1 1364/173/1 1365/163/1
f 1366/174/5 1367/164/5 1368/167/5
f 1369/175/9 1370/168/9 1371/176/9
f 1372/177/20 1373/178/20 1374/169/20
f 1375/172/21 1376/170/21 1377/179/21
f 1378/180/17 1379/181/17 1380/182/17
f 1381/183/16 1382/184/16 1383/185/16
f 1384/186/18 1385/187/18 1386/188/18
f 1387/189/19 1388/190/19 1389/191/19
f 1390/192/4 1391/193/4 1392/194/4
f 1393/195/1 1394/196/1 1395/186/1
f 1396/197/5 1397/187/5 1398/190/5
f 1399/198/9 1400/191/9 1401/199/9
f 1402/192/20 1403/200/20 1404/201/20
f 1405/195/21 1406/193/21 1407/202/21
f 1408/203/17 1409/204/17 1410/205/17
f 1411/206/16 1412/207/16 1413/208/16
f 1414/209/22 1415/210/22 1416/211/22
f 1417/212/23 1418/213/23 1419/214/23
f 1420/215/4 1421/216/4 1422/217/4
f 1423/218/1 1424/219/1 1425/209/1
f 1426/220/5 1427/210/5 1428/213/5
f 1429/212/9 1430/221/9 1431/222/9
f 1432/223/24 1433/224/24 1434/215/24
f 1435/217/25 1436/225/25 1437/218/25
f 1438/226/26 1439/227/26 1440/43/26
f 1441/228/27 1442/45/27 1443/229/27
f 1444/230/28 1445/231/28 1446/232/28
f 1447/233/29 1448/234/29 1449/44/29
f 1450/235/30 1451/236/31 1452/39/32
f 1453/237/33 1454/38/34 1455/238/35
f 1456/239/36 1457/240/37 1458/241/38
f 1459/242/39 1460/37/40 1461/243/41
f 1462/244/42 1463/245/42 1464/246/42
f 1465/11/43 1466/247/43 1467/12/43
f 1468/248/44 1469/249/45 1470/10/45
f 1471/250/46 1472/251/75 1473/252/46
f 1474/253/48 1475/254/48 1476/255/48
f 1477/8/49 1478/256/49 1479/9/49
f 1480/257/50 1481/258/76 1482/7/76
f 1483/259/52 1484/260/53 1485/261/52
f 1486/9/21 1487/245/21 1488/262/21
f 1489/12/18 1490/254/18 1491/263/18
f 1492/11/54 1469/249/45 1493/264/54
f 1494/244/55 1472/251/75 1495/265/75
f 1484/260/53 1496/253/56 1497/255/56
f 1498/266/19 1499/259/19 1500/261/19
f 1501/250/20 1502/267/20 1503/257/20
f 1481/258/76 1504/8/57 1482/7/76
f 1505/268/58 1506/45/58 1507/269/58
f 1508/270/59 1509/231/59 1510/271/59
f 1511/44/20 1512/229/20 1513/45/20
f 1514/43/19 1515/232/19 1516/231/19
f 1517/38/60 1518/235/60 1519/39/60
f 1520/37/61 1521/239/61 1522/241/61
f 1461/243/41 1452/39/32 1451/236/31
f 1455/238/35 1458/241/38 1457/240/37
f 1523/26/62 1524/31/63 1525/27/63
f 1526/272/64 1527/33/65 1528/32/66
f 1529/34/67 1530/41/68 1531/273/69
f 1532/274/70 1533/36/71 1534/35/72
f 1535/275/73 1536/276/73 1537/277/73
f 1153/1/1 1538/278/1 1154/2/1
f 1156/4/2 1539/279/3 1157/5/3
f 1161/9/4 1540/262/4 1541/265/4
f 1540/262/4 1542/244/4 1541/265/4
f 1541/265/4 1543/250/4 1159/7/4
f 1161/9/4 1541/265/4 1159/7/4
f 1543/250/4 1544/257/4 1159/7/4
f 1164/12/5 1545/263/5 1546/280/5
f 1545/263/5 1547/253/5 1546/280/5
f 1546/280/5 1548/259/5 1162/10/5
f 1164/12/5 1546/280/5 1162/10/5
f 1548/259/5 1549/248/5 1162/10/5
f 1165/13/6 1550/281/6 1166/14/6
f 1168/16/7 1551/282/77 1169/17/8
f 1171/19/9 1552/283/9 1172/20/9
f 1174/22/10 1553/284/10 1175/23/11
f 1177/25/12 1554/274/12 1178/26/12
f 1180/28/13 1555/285/14 1181/29/14
f 1183/31/5 1556/286/5 1184/32/5
f 1186/34/4 1557/273/4 1187/35/4
f 1189/37/1 1558/241/1 1190/38/1
f 1192/40/15 1559/287/15 1193/41/15
f 1195/43/9 1560/231/9 1196/44/9
f 1561/288/16 1562/289/16 1198/46/16
f 1198/46/16 1563/290/16 1199/47/16
f 1199/47/16 1564/291/16 1200/48/16
f 1200/48/16 1565/292/16 1561/288/16
f 1561/288/16 1198/46/16 1200/48/16
f 1203/51/17 1566/293/17 1567/294/17
f 1567/294/17 1568/295/17 1201/49/17
f 1201/49/17 1569/296/17 1202/50/17
f 1202/50/17 1570/297/17 1203/51/17
f 1203/51/17 1567/294/17 1201/49/17
f 1204/52/18 1571/62/18 1205/53/18
f 1207/55/19 1572/64/19 1208/56/19
f 1210/58/4 1573/65/4 1211/59/4
f 1213/53/1 1574/67/1 1214/61/1
f 1216/57/5 1575/56/5 1217/62/5
f 1219/63/9 1576/298/9 1220/64/9
f 1222/65/20 1577/299/20 1223/66/20
f 1225/67/21 1578/58/21 1226/60/21
f 1230/70/16 1579/300/16 1580/301/16
f 1580/301/16 1581/302/16 1230/70/16
f 1581/302/16 1228/68/16 1230/70/16
f 1228/68/16 1582/303/16 1229/69/16
f 1229/69/16 1583/304/16 1230/70/16
f 1232/72/17 1584/305/17 1585/306/17
f 1585/306/17 1586/307/17 1232/72/17
f 1586/307/17 1233/73/17 1232/72/17
f 1233/73/17 1587/308/17 1588/309/17
f 1588/309/17 1231/71/17 1233/73/17
f 1234/74/18 1589/84/18 1235/75/18
f 1237/77/19 1590/86/19 1238/78/19
f 1240/80/4 1591/87/4 1241/81/4
f 1243/75/1 1592/89/1 1244/83/1
f 1246/79/5 1593/78/5 1247/84/5
f 1249/85/9 1594/310/9 1250/86/9
f 1252/87/20 1595/311/20 1253/88/20
f 1255/89/21 1596/80/21 1256/82/21
f 1258/90/16 1597/312/16 1259/91/16
f 1259/91/16 1598/313/16 1260/92/16
f 1260/92/16 1599/314/16 1600/315/16
f 1600/315/16 1601/316/16 1260/92/16
f 1601/316/16 1258/90/16 1260/92/16
f 1263/95/17 1602/317/17 1603/318/17
f 1603/318/17 1604/319/17 1263/95/17
f 1604/319/17 1261/93/17 1263/95/17
f 1261/93/17 1605/320/17 1262/94/17
f 1262/94/17 1606/321/17 1263/95/17
f 1264/96/18 1607/106/18 1265/97/18
f 1267/99/19 1608/108/19 1268/100/19
f 1270/102/4 1609/109/4 1271/103/4
f 1273/97/1 1610/111/1 1274/105/1
f 1276/101/5 1611/100/5 1277/106/5
f 1279/107/9 1612/322/9 1280/108/9
f 1282/109/20 1613/323/20 1283/110/20
f 1285/111/21 1614/102/21 1286/104/21
f 1290/114/16 1615/324/16 1616/325/16
f 1615/324/16 1617/326/16 1616/325/16
f 1617/326/16 1618/327/16 1616/325/16
f 1616/325/16 1619/328/16 1290/114/16
f 1619/328/16 1288/112/16 1290/114/16
f 1293/117/17 1620/329/17 1291/115/17
f 1620/329/17 1621/330/17 1291/115/17
f 1621/330/17 1622/331/17 1623/332/17
f 1623/332/17 1624/333/17 1621/330/17
f 1624/333/17 1291/115/17 1621/330/17
f 1294/118/22 1625/127/22 1295/119/22
f 1297/121/23 1626/334/23 1298/122/23
f 1300/124/4 1627/131/4 1301/125/4
f 1303/127/1 1628/133/1 1304/128/1
f 1306/123/5 1629/122/5 1307/118/5
f 1309/129/9 1630/334/9 1310/121/9
f 1312/131/24 1631/335/24 1313/132/24
f 1315/133/25 1632/124/25 1316/126/25
f 1320/136/17 1633/336/17 1634/337/17
f 1634/337/17 1635/338/17 1318/134/17
f 1318/134/17 1636/339/17 1319/135/17
f 1319/135/17 1637/340/17 1320/136/17
f 1320/136/17 1634/337/17 1318/134/17
f 1323/139/16 1638/341/16 1639/342/16
f 1639/342/16 1640/343/16 1323/139/16
f 1640/343/16 1641/344/16 1323/139/16
f 1641/344/16 1642/345/16 1323/139/16
f 1642/345/16 1321/137/16 1323/139/16
f 1324/140/18 1643/150/18 1325/141/18
f 1327/143/19 1644/151/19 1328/144/19
f 1330/146/4 1645/155/4 1331/147/4
f 1333/149/1 1646/156/1 1334/150/1
f 1336/151/5 1647/142/5 1337/141/5
f 1339/152/9 1648/143/9 1340/145/9
f 1342/154/20 1649/346/20 1343/155/20
f 1345/149/21 1650/148/21 1346/147/21
f 1348/157/17 1651/347/17 1349/158/17
f 1349/158/17 1652/348/17 1350/159/17
f 1350/159/17 1653/349/17 1348/157/17
f 1653/349/17 1654/350/17 1348/157/17
f 1654/350/17 1655/351/17 1348/157/17
f 1353/162/16 1656/352/16 1657/353/16
f 1657/353/16 1658/354/16 1353/162/16
f 1658/354/16 1351/160/16 1353/162/16
f 1351/160/16 1659/355/16 1352/161/16
f 1352/161/16 1660/356/16 1353/162/16
f 1354/163/18 1661/173/18 1355/164/18
f 1357/166/19 1662/174/19 1358/167/19
f 1360/169/4 1663/178/4 1361/170/4
f 1363/172/1 1664/179/1 1364/173/1
f 1366/174/5 1665/165/5 1367/164/5
f 1369/175/9 1666/166/9 1370/168/9
f 1372/177/20 1667/357/20 1373/178/20
f 1375/172/21 1668/171/21 1376/170/21
f 1380/182/17 1669/358/17 1670/359/17
f 1670/359/17 1671/360/17 1380/182/17
f 1671/360/17 1672/361/17 1380/182/17
f 1672/361/17 1673/362/17 1380/182/17
f 1673/362/17 1378/180/17 1380/182/17
f 1383/185/16 1674/363/16 1381/183/16
f 1674/363/16 1675/364/16 1381/183/16
f 1675/364/16 1676/365/16 1381/183/16
f 1381/183/16 1677/366/16 1382/184/16
f 1382/184/16 1678/367/16 1383/185/16
f 1384/186/18 1679/196/18 1385/187/18
f 1387/189/19 1680/197/19 1388/190/19
f 1390/192/4 1681/201/4 1391/193/4
f 1393/195/1 1682/202/1 1394/196/1
f 1396/197/5 1683/188/5 1397/187/5
f 1399/198/9 1684/189/9 1400/191/9
f 1402/192/20 1685/368/20 1403/200/20
f 1405/195/21 1686/194/21 1406/193/21
f 1410/205/17 1687/369/17 1408/203/17
f 1687/369/17 1688/370/17 1408/203/17
f 1688/370/17 1689/371/17 1690/372/17
f 1690/372/17 1691/373/17 1688/370/17
f 1691/373/17 1408/203/17 1688/370/17
f 1413/208/16 1692/374/16 1693/375/16
f 1692/374/16 1694/376/16 1693/375/16
f 1694/376/16 1695/377/16 1693/375/16
f 1693/375/16 1696/378/16 1413/208/16
f 1696/378/16 1411/206/16 1413/208/16
f 1414/209/22 1697/219/22 1415/210/22
f 1417/212/23 1698/220/23 1418/213/23
f 1420/215/4 1699/224/4 1421/216/4
f 1423/218/1 1700/225/1 1424/219/1
f 1426/220/5 1701/211/5 1427/210/5
f 1429/212/9 1702/214/9 1430/221/9
f 1432/223/24 1703/379/24 1433/224/24
f 1435/217/25 1704/216/25 1436/225/25
f 1462/244/42 1705/262/42 1463/245/42
f 1465/11/43 1706/264/43 1466/247/43
f 1468/248/44 1707/266/44 1469/249/45
f 1471/250/46 1495/265/75 1472/251/75
f 1474/253/48 1708/263/48 1475/254/48
f 1477/8/49 1709/380/49 1478/256/49
f 1480/257/50 1710/267/50 1481/258/76
f 1483/259/52 1711/280/53 1484/260/53
f 1486/9/21 1712/256/21 1487/245/21
f 1489/12/18 1713/247/18 1490/254/18
f 1492/11/54 1470/10/45 1469/249/45
f 1494/244/55 1714/246/55 1472/251/75
f 1484/260/53 1711/280/53 1496/253/56
f 1498/266/19 1715/248/19 1499/259/19
f 1501/250/20 1716/252/20 1502/267/20
f 1481/258/76 1717/380/57 1504/8/57
f 1505/268/58 1718/43/58 1506/45/58
f 1508/270/59 1719/44/59 1509/231/59
f 1511/44/20 1720/234/20 1512/229/20
f 1514/43/19 1721/227/19 1515/232/19
f 1517/38/60 1722/237/60 1518/235/60
f 1520/37/61 1723/242/61 1521/239/61
f 1461/243/41 1460/37/40 1452/39/32
f 1455/238/35 1454/38/34 1458/241/38
f 1523/26/62 1724/286/74 1524/31/63
f 1526/272/64 1725/381/65 1527/33/65
f 1529/34/67 1726/42/67 1530/41/68
f 1532/274/70 1727/25/71 1533/36/71
f 1535/275/73 1728/382/73 1536/276/73
f 1729/1/1 1730/2/1 1731/3/1
f 1732/4/2 1733/5/3 1734/6/2
f 1735/7/4 1736/8/4 1737/9/4
f 1738/10/5 1739/11/5 1740/12/5
f 1741/13/6 1742/14/6 1743/15/6
f 1744/16/7 1745/17/8 1746/18/8
f 1747/19/9 1748/20/9 1749/21/9
f 1750/22/10 1751/23/11 1752/24/11
f 1753/25/12 1754/26/12 1755/27/12
f 1756/28/13 1757/29/14 1758/30/13
f 1759/31/5 1760/32/5 1761/33/5
f 1762/34/4 1763/35/4 1764/36/4
f 1765/37/1 1766/38/1 1767/39/1
f 1768/40/15 1769/41/15 1770/42/15
f 1771/43/9 1772/44/9 1773/45/9
f 1774/46/16 1775/47/16 1776/48/16
f 1777/49/17 1778/50/17 1779/51/17
f 1780/52/18 1781/53/18 1782/54/18
f 1783/55/19 1784/56/19 1785/57/19
f 1786/58/4 1787/59/4 1788/60/4
f 1789/53/1 1790/61/1 1791/54/1
f 1792/57/5 1793/62/5 1794/52/5
f 1795/63/9 1796/64/9 1797/55/9
f 1798/65/20 1799/66/20 1800/59/20
f 1801/67/21 1802/60/21 1803/61/21
f 1804/68/16 1805/69/16 1806/70/16
f 1807/71/17 1808/72/17 1809/73/17
f 1810/74/18 1811/75/18 1812/76/18
f 1813/77/19 1814/78/19 1815/79/19
f 1816/80/4 1817/81/4 1818/82/4
f 1819/75/1 1820/83/1 1821/76/1
f 1822/79/5 1823/84/5 1824/74/5
f 1825/85/9 1826/86/9 1827/77/9
f 1828/87/20 1829/88/20 1830/81/20
f 1831/89/21 1832/82/21 1833/83/21
f 1834/90/16 1835/91/16 1836/92/16
f 1837/93/17 1838/94/17 1839/95/17
f 1840/96/18 1841/97/18 1842/98/18
f 1843/99/19 1844/100/19 1845/101/19
f 1846/102/4 1847/103/4 1848/104/4
f 1849/97/1 1850/105/1 1851/98/1
f 1852/101/5 1853/106/5 1854/96/5
f 1855/107/9 1856/108/9 1857/99/9
f 1858/109/20 1859/110/20 1860/103/20
f 1861/111/21 1862/104/21 1863/105/21
f 1864/112/16 1865/113/16 1866/114/16
f 1867/115/17 1868/116/17 1869/117/17
f 1870/118/22 1871/119/22 1872/120/22
f 1873/121/23 1874/122/23 1875/123/23
f 1876/124/4 1877/125/4 1878/126/4
f 1879/127/1 1880/128/1 1881/119/1
f 1882/123/5 1883/118/5 1884/120/5
f 1885/129/9 1886/121/9 1887/130/9
f 1888/131/24 1889/132/24 1890/125/24
f 1891/133/25 1892/126/25 1893/128/25
f 1894/134/17 1895/135/17 1896/136/17
f 1897/137/16 1898/138/16 1899/139/16
f 1900/140/18 1901/141/18 1902/142/18
f 1903/143/19 1904/144/19 1905/145/19
f 1906/146/4 1907/147/4 1908/148/4
f 1909/149/1 1910/150/1 1911/140/1
f 1912/151/5 1913/141/5 1914/144/5
f 1915/152/9 1916/145/9 1917/153/9
f 1918/154/20 1919/155/20 1920/146/20
f 1921/149/21 1922/147/21 1923/156/21
f 1924/157/17 1925/158/17 1926/159/17
f 1927/160/16 1928/161/16 1929/162/16
f 1930/163/18 1931/164/18 1932/165/18
f 1933/166/19 1934/167/19 1935/168/19
f 1936/169/4 1937/170/4 1938/171/4
f 1939/172/1 1940/173/1 1941/163/1
f 1942/174/5 1943/164/5 1944/167/5
f 1945/175/9 1946/168/9 1947/176/9
f 1948/177/20 1949/178/20 1950/169/20
f 1951/172/21 1952/170/21 1953/179/21
f 1954/180/17 1955/181/17 1956/182/17
f 1957/183/16 1958/184/16 1959/185/16
f 1960/186/18 1961/187/18 1962/188/18
f 1963/189/19 1964/190/19 1965/191/19
f 1966/192/4 1967/193/4 1968/194/4
f 1969/195/1 1970/196/1 1971/186/1
f 1972/197/5 1973/187/5 1974/190/5
f 1975/198/9 1976/191/9 1977/199/9
f 1978/192/20 1979/200/20 1980/201/20
f 1981/195/21 1982/193/21 1983/202/21
f 1984/203/17 1985/204/17 1986/205/17
f 1987/206/16 1988/207/16 1989/208/16
f 1990/209/22 1991/210/22 1992/211/22
f 1993/212/23 1994/213/23 1995/214/23
f 1996/215/4 1997/216/4 1998/217/4
f 1999/218/1 2000/219/1 2001/209/1
f 2002/220/5 2003/210/5 2004/213/5
f 2005/212/9 2006/221/9 2007/222/9
f 2008/223/24 2009/224/24 2010/215/24
f 2011/217/25 2012/225/25 2013/218/25
f 2014/226/26 2015/227/26 2016/43/26
f 2017/228/27 2018/45/27 2019/229/27
f 2020/230/28 2021/231/28 2022/232/28
f 2023/233/29 2024/234/29 2025/44/29
f 2026/235/30 2027/236/31 2028/39/32
f 2029/237/33 2030/38/34 2031/238/35
f 2032/239/36 2033/240/37 2034/241/38
f 2035/242/39 2036/37/40 2037/243/41
f 2038/244/42 2039/245/42 2040/246/42
f 2041/11/43 2042/247/43 2043/12/43
f 2044/248/44 2045/249/45 2046/10/45
f 2047/250/46 2048/251/75 2049/252/46
f 2050/253/48 2051/254/48 2052/255/48
f 2053/8/49 2054/256/49 2055/9/49
f 2056/257/50 2057/258/51 2058/7/76
f 2059/259/52 2060/260/53 2061/261/52
f 2062/9/21 2063/245/21 2064/262/21
f 2065/12/18 2066/254/18 2067/263/18
f 2068/11/54 2045/249/45 2069/264/54
f 2070/244/55 2048/251/75 2071/265/75
f 2060/260/53 2072/253/56 2073/255/56
f 2074/266/19 2075/259/19 2076/261/19
f 2077/250/20 2078/267/20 2079/257/20
f 2057/258/51 2080/8/57 2058/7/76
f 2081/268/58 2082/45/58 2083/269/58
f 2084/270/59 2085/231/59 2086/271/59
f 2087/44/20 2088/229/20 2089/45/20
f 2090/43/19 2091/232/19 2092/231/19
f 2093/38/60 2094/235/60 2095/39/60
f 2096/37/61 2097/239/61 2098/241/61
f 2037/243/41 2028/39/32 2027/236/31
f 2031/238/35 2034/241/38 2033/240/37
f 2099/26/62 2100/31/63 2101/27/63
f 2102/272/64 2103/33/65 2104/32/66
f 2105/34/67 2106/41/68 2107/273/69
f 2108/274/70 2109/36/71 2110/35/72
f 2111/275/73 2112/276/73 2113/277/73
f 1729/1/1 2114/278/1 1730/2/1
f 1732/4/2 2115/279/3 1733/5/3
f 1737/9/4 2116/262/4 2117/265/4
f 2116/262/4 2118/244/4 2117/265/4
f 2117/265/4 2119/250/4 1735/7/4
f 1737/9/4 2117/265/4 1735/7/4
f 2119/250/4 2120/257/4 1735/7/4
f 1740/12/5 2121/263/5 2122/280/5
f 2121/263/5 2123/253/5 2122/280/5
f 2122/280/5 2124/259/5 1738/10/5
f 1740/12/5 2122/280/5 1738/10/5
f 2124/259/5 2125/248/5 1738/10/5
f 1741/13/6 2126/281/6 1742/14/6
f 1744/16/7 2127/282/7 1745/17/8
f 1747/19/9 2128/283/9 1748/20/9
f 1750/22/10 2129/284/10 1751/23/11
f 1753/25/12 2130/274/12 1754/26/12
f 1756/28/13 2131/285/14 1757/29/14
f 1759/31/5 2132/286/5 1760/32/5
f 1762/34/4 2133/273/4 1763/35/4
f 1765/37/1 2134/241/1 1766/38/1
f 1768/40/15 2135/287/15 1769/41/15
f 1771/43/9 2136/231/9 1772/44/9
f 2137/288/16 2138/289/16 1774/46/16
f 1774/46/16 2139/290/16 1775/47/16
f 1775/47/16 2140/291/16 1776/48/16
f 1776/48/16 2141/292/16 2137/288/16
f 2137/288/16 1774/46/16 1776/48/16
f 1779/51/17 2142/293/17 2143/294/17
f 2143/294/17 2144/295/17 1777/49/17
f 1777/49/17 2145/296/17 1778/50/17
f 1778/50/17 2146/297/17 1779/51/17
f 1779/51/17 2143/294/17 1777/49/17
f 1780/52/18 2147/62/18 1781/53/18
f 1783/55/19 2148/64/19 1784/56/19
f 1786/58/4 2149/65/4 1787/59/4
f 1789/53/1 2150/67/1 1790/61/1
f 1792/57/5 2151/56/5 1793/62/5
f 1795/63/9 2152/298/9 1796/64/9
f 1798/65/20 2153/299/20 1799/66/20
f 1801/67/21 2154/58/21 1802/60/21
f 1806/70/16 2155/300/16 2156/301/16
f 2156/301/16 2157/302/16 1806/70/16
f 2157/302/16 1804/68/16 1806/70/16
f 1804/68/16 2158/303/16 1805/69/16
f 1805/69/16 2159/304/16 1806/70/16
f 1808/72/17 2160/305/17 2161/306/17
f 2161/306/17 2162/307/17 1808/72/17
f 2162/307/17 1809/73/17 1808/72/17
f 1809/73/17 2163/308/17 2164/309/17
f 2164/309/17 1807/71/17 1809/73/17
f 1810/74/18 2165/84/18 1811/75/18
f 1813/77/19 2166/86/19 1814/78/19
f 1816/80/4 2167/87/4 1817/81/4
f 1819/75/1 2168/89/1 1820/83/1
f 1822/79/5 2169/78/5 1823/84/5
f 1825/85/9 2170/310/9 1826/86/9
f 1828/87/20 2171/311/20 1829/88/20
f 1831/89/21 2172/80/21 1832/82/21
f 1834/90/16 2173/312/16 1835/91/16
f 1835/91/16 2174/313/16 1836/92/16
f 1836/92/16 2175/314/16 2176/315/16
f 2176/315/16 2177/316/16 1836/92/16
f 2177/316/16 1834/90/16 1836/92/16
f 1839/95/17 2178/317/17 2179/318/17
f 2179/318/17 2180/319/17 1839/95/17
f 2180/319/17 1837/93/17 1839/95/17
f 1837/93/17 2181/320/17 1838/94/17
f 1838/94/17 2182/321/17 1839/95/17
f 1840/96/18 2183/106/18 1841/97/18
f 1843/99/19 2184/108/19 1844/100/19
f 1846/102/4 2185/109/4 1847/103/4
f 1849/97/1 2186/111/1 1850/105/1
f 1852/101/5 2187/100/5 1853/106/5
f 1855/107/9 2188/322/9 1856/108/9
f 1858/109/20 2189/323/20 1859/110/20
f 1861/111/21 2190/102/21 1862/104/21
f 1866/114/16 2191/324/16 2192/325/16
f 2191/324/16 2193/326/16 2192/325/16
f 2193/326/16 2194/327/16 2192/325/16
f 2192/325/16 2195/328/16 1866/114/16
f 2195/328/16 1864/112/16 1866/114/16
f 1869/117/17 2196/329/17 1867/115/17
f 2196/329/17 2197/330/17 1867/115/17
f 2197/330/17 2198/331/17 2199/332/17
f 2199/332/17 2200/333/17 2197/330/17
f 2200/333/17 1867/115/17 2197/330/17
f 1870/118/22 2201/127/22 1871/119/22
f 1873/121/23 2202/334/23 1874/122/23
f 1876/124/4 2203/131/4 1877/125/4
f 1879/127/1 2204/133/1 1880/128/1
f 1882/123/5 2205/122/5 1883/118/5
f 1885/129/9 2206/334/9 1886/121/9
f 1888/131/24 2207/335/24 1889/132/24
f 1891/133/25 2208/124/25 1892/126/25
f 1896/136/17 2209/336/17 2210/337/17
f 2210/337/17 2211/338/17 1894/134/17
f 1894/134/17 2212/339/17 1895/135/17
f 1895/135/17 2213/340/17 1896/136/17
f 1896/136/17 2210/337/17 1894/134/17
f 1899/139/16 2214/341/16 2215/342/16
f 2215/342/16 2216/343/16 1899/139/16
f 2216/343/16 2217/344/16 1899/139/16
f 2217/344/16 2218/345/16 1899/139/16
f 2218/345/16 1897/137/16 1899/139/16
f 1900/140/18 2219/150/18 1901/141/18
f 1903/143/19 2220/151/19 1904/144/19
f 1906/146/4 2221/155/4 1907/147/4
f 1909/149/1 2222/156/1 1910/150/1
f 1912/151/5 2223/142/5 1913/141/5
f 1915/152/9 2224/143/9 1916/145/9
f 1918/154/20 2225/346/20 1919/155/20
f 1921/149/21 2226/148/21 1922/147/21
f 1924/157/17 2227/347/17 1925/158/17
f 1925/158/17 2228/348/17 1926/159/17
f 1926/159/17 2229/349/17 1924/157/17
f 2229/349/17 2230/350/17 1924/157/17
f 2230/350/17 2231/351/17 1924/157/17
f 1929/162/16 2232/352/16 2233/353/16
f 2233/353/16 2234/354/16 1929/162/16
f 2234/354/16 1927/160/16 1929/162/16
f 1927/160/16 2235/355/16 1928/161/16
f 1928/161/16 2236/356/16 1929/162/16
f 1930/163/18 2237/173/18 1931/164/18
f 1933/166/19 2238/174/19 1934/167/19
f 1936/169/4 2239/178/4 1937/170/4
f 1939/172/1 2240/179/1 1940/173/1
f 1942/174/5 2241/165/5 1943/164/5
f 1945/175/9 2242/166/9 1946/168/9
f 1948/177/20 2243/357/20 1949/178/20
f 1951/172/21 2244/171/21 1952/170/21
f 1956/182/17 2245/358/17 2246/359/17
f 2246/359/17 2247/360/17 1956/182/17
f 2247/360/17 2248/361/17 1956/182/17
f 2248/361/17 2249/362/17 1956/182/17
f 2249/362/17 1954/180/17 1956/182/17
f 1959/185/16 2250/363/16 1957/183/16
f 2250/363/16 2251/364/16 1957/183/16
f 2251/364/16 2252/365/16 1957/183/16
f 1957/183/16 2253/366/16 1958/184/16
f 1958/184/16 2254/367/16 1959/185/16
f 1960/186/18 2255/196/18 1961/187/18
f 1963/189/19 2256/197/19 1964/190/19
f 1966/192/4 2257/201/4 1967/193/4
f 1969/195/1 2258/202/1 1970/196/1
f 1972/197/5 2259/188/5 1973/187/5
f 1975/198/9 2260/189/9 1976/191/9
f 1978/192/20 2261/368/20 1979/200/20
f 1981/195/21 2262/194/21 1982/193/21
f 1986/205/17 2263/369/17 1984/203/17
f 2263/369/17 2264/370/17 1984/203/17
f 2264/370/17 2265/371/17 2266/372/17
f 2266/372/17 2267/373/17 2264/370/17
f 2267/373/17 1984/203/17 2264/370/17
f 1989/208/16 2268/374/16 2269/375/16
f 2268/374/16 2270/376/16 2269/375/16
f 2270/376/16 2271/377/16 2269/375/16
f 2269/375/16 2272/378/16 1989/208/16
f 2272/378/16 1987/206/16 1989/208/16
f 1990/209/22 2273/219/22 1991/210/22
f 1993/212/23 2274/220/23 1994/213/23
f 1996/215/4 2275/224/4 1997/216/4
f 1999/218/1 2276/225/1 2000/219/1
f 2002/220/5 2277/211/5 2003/210/5
f 2005/212/9 2278/214/9 2006/221/9
f 2008/223/24 2279/379/24 2009/224/24
f 2011/217/25 2280/216/25 2012/225/25
f 2038/244/42 2281/262/42 2039/245/42
f 2041/11/43 2282/264/43 2042/247/43
f 2044/248/44 2283/266/44 2045/249/45
f 2047/250/46 2071/265/75 2048/251/75
f 2050/253/48 2284/263/48 2051/254/48
f 2053/8/49 2285/380/49 2054/256/49
f 2056/257/50 2286/267/50 2057/258/51
f 2059/259/52 2287/280/53 2060/260/53
f 2062/9/21 2288/256/21 2063/245/21
f 2065/12/18 2289/247/18 2066/254/18
f 2068/11/54 2046/10/45 2045/249/45
f 2070/244/55 2290/246/55 2048/251/75
f 2060/260/53 2287/280/53 2072/253/56
f 2074/266/19 2291/248/19 2075/259/19
f 2077/250/20 2292/252/20 2078/267/20
f 2057/258/51 2293/380/57 2080/8/57
f 2081/268/58 2294/43/58 2082/45/58
f 2084/270/59 2295/44/59 2085/231/59
f 2087/44/20 2296/234/20 2088/229/20
f 2090/43/19 2297/227/19 2091/232/19
f 2093/38/60 2298/237/60 2094/235/60
f 2096/37/61 2299/242/61 2097/239/61
f 2037/243/41 2036/37/40 2028/39/32
f 2031/238/35 2030/38/34 2034/241/38
f 2099/26/62 2300/286/74 2100/31/63
f 2102/272/64 2301/381/65 2103/33/65
f 2105/34/67 2302/42/67 2106/41/68
f 2108/274/70 2303/25/71 2109/36/71
f 2111/275/73 2304/382/73 2112/276/73
