mtllib Pagode.mtl
# author: headus 3D tools
#  using: ply2obj v1.12
#   from: uvlayout v2.11.02d
# 4224 vertices
v -439.734 1893.832 439.734
v -439.734 1893.832 336.512
v -330.498 1893.832 336.512
v -330.498 1893.832 439.734
v -750.000 1705.497 750.000
v -563.689 1705.497 750.000
v -563.689 1767.278 750.000
v -750.000 1767.278 750.000
v 750.000 1705.497 750.000
v 750.000 1705.497 573.945
v 750.000 1767.278 573.945
v 750.000 1767.278 750.000
v 750.000 1705.497 -750.000
v 576.958 1705.497 -750.000
v 576.958 1767.278 -750.000
v 750.000 1767.278 -750.000
v -750.000 1705.497 -750.000
v -750.000 1705.497 -558.595
v -750.000 1767.278 -558.595
v -750.000 1767.278 -750.000
v -750.000 1705.497 573.945
v -439.734 1705.497 336.512
v -439.734 1705.497 439.734
v -563.689 1705.497 -750.000
v -330.498 1705.497 -439.734
v -439.734 1705.497 -439.734
v 750.000 1705.497 -558.595
v 439.734 1705.497 -327.511
v 439.734 1705.497 -439.734
v 576.958 1705.497 750.000
v 338.277 1705.497 439.734
v 439.734 1705.497 439.734
v -330.498 1893.832 -439.734
v -439.734 1893.832 -439.734
v 439.734 1893.832 -327.511
v 439.734 1893.832 -439.734
v 338.277 1893.832 439.734
v 439.734 1893.832 439.734
v -528.008 1767.278 702.525
v -702.525 1767.278 702.525
v 702.525 1767.278 537.614
v 702.525 1767.278 702.525
v 540.437 1767.278 -702.525
v 702.525 1767.278 -702.525
v -702.525 1767.278 -523.236
v -702.525 1767.278 -702.525
v -528.008 1813.656 702.525
v -702.525 1813.656 702.525
v 702.525 1813.655 537.614
v 702.525 1813.655 702.525
v 540.437 1813.655 -702.525
v 702.525 1813.655 -702.525
v -702.525 1813.655 -523.236
v -702.525 1813.655 -702.525
v -492.326 1813.656 655.050
v -655.050 1813.656 655.050
v 655.050 1813.655 501.284
v 655.050 1813.655 655.050
v 503.916 1813.655 -655.050
v 655.050 1813.655 -655.050
v -655.050 1813.655 -487.878
v -655.050 1813.655 -655.050
v -525.669 1860.035 699.414
v -699.414 1860.035 699.414
v 699.414 1860.035 535.233
v 699.414 1860.035 699.414
v 538.043 1860.035 -699.414
v 699.414 1860.035 -699.414
v -699.414 1860.035 -520.919
v -699.414 1860.035 -699.414
v -535.841 1906.413 712.947
v -712.947 1906.413 712.947
v 712.947 1906.413 545.590
v 712.947 1906.413 712.947
v 548.453 1906.413 -712.947
v 712.947 1906.413 -712.947
v -712.947 1906.413 -530.999
v -712.947 1906.413 -712.947
v -550.955 1908.400 733.057
v -733.057 1908.400 733.057
v 733.057 1908.400 560.979
v 733.057 1908.400 733.057
v 563.925 1908.400 -733.057
v 733.057 1908.400 -733.057
v -733.057 1908.400 -545.976
v -733.057 1908.400 -733.057
v -566.947 1951.973 754.334
v -754.334 1951.973 754.334
v 754.334 1951.973 577.262
v 754.334 1951.973 754.334
v 580.291 1951.973 -754.334
v 754.334 1951.973 -754.334
v -754.334 1951.973 -561.823
v -754.334 1951.973 -754.334
v -577.917 1995.547 768.930
v -768.930 1995.547 768.930
v 768.930 1995.547 588.432
v 768.930 1995.547 768.930
v 591.521 1995.547 -768.930
v 768.930 1995.547 -768.930
v -768.930 1995.547 -572.695
v -768.930 1995.547 -768.930
v -611.465 1998.079 813.567
v -813.567 1998.079 813.567
v 813.567 1998.079 622.590
v 813.567 1998.079 813.567
v 625.859 1998.079 -813.567
v 813.567 1998.079 -813.567
v -813.567 1998.079 -605.939
v -813.567 1998.079 -813.567
v -675.079 2097.572 898.207
v -898.207 2097.572 898.207
v 898.207 2097.572 687.362
v 898.207 2097.572 898.207
v 690.971 2097.572 -898.207
v 898.207 2097.572 -898.207
v -898.207 2097.572 -668.979
v -898.207 2097.572 -898.207
v 973.253 2035.309 973.253
v 748.702 2035.309 973.253
v 690.971 2097.572 898.207
v 973.253 2035.309 -973.253
v 973.253 2035.309 -724.873
v 898.207 2097.572 -668.979
v -973.253 2035.309 -973.253
v -731.483 2035.309 -973.253
v -675.079 2097.572 -898.207
v -973.253 2035.309 973.253
v -973.253 2035.309 744.792
v -898.207 2097.572 687.362
v 1099.823 2130.001 1099.823
v 846.069 2130.001 1099.823
v 1099.823 2130.001 -1099.823
v 1099.823 2130.001 -819.142
v -1099.823 2130.001 -1099.823
v -826.611 2130.001 -1099.823
v -1099.823 2130.001 1099.823
v -1099.823 2130.001 841.651
v 1184.431 2325.222 1184.431
v 946.216 2253.621 1230.034
v 1184.431 2325.222 -1184.431
v 1230.066 2253.621 -916.531
v -1184.431 2325.222 -1184.431
v -924.855 2253.621 -1230.503
v -1184.431 2325.222 1184.431
v -1230.471 2253.621 941.239
v 1173.727 2335.862 1173.640
v 937.049 2267.494 1218.225
v 1173.727 2335.862 -1174.933
v 1218.373 2267.494 -909.237
v -1174.846 2335.862 -1174.933
v -917.370 2267.494 -1220.415
v -1174.846 2335.862 1173.640
v -1220.267 2267.494 932.002
v -439.734 1893.832 -327.511
v -330.498 1893.832 -327.511
v 750.000 1767.278 -558.595
v -750.000 1767.278 573.945
v -439.734 1705.497 -327.511
v 439.734 1705.497 336.512
v 439.734 1893.832 336.512
v 702.525 1767.278 -523.236
v -702.525 1767.278 537.614
v 702.525 1813.655 -523.236
v -702.525 1813.656 537.614
v 655.050 1813.655 -487.878
v -655.050 1813.656 501.284
v 699.414 1860.035 -520.919
v -699.414 1860.035 535.233
v 712.947 1906.413 -530.999
v -712.947 1906.413 545.590
v 733.057 1908.400 -545.976
v -733.057 1908.400 560.979
v 754.334 1951.973 -561.823
v -754.334 1951.973 577.262
v 768.930 1995.547 -572.695
v -768.930 1995.547 588.432
v 813.567 1998.079 -605.939
v -813.567 1998.079 622.590
v 973.253 2035.309 744.792
v -973.253 2035.309 -724.874
v 1099.823 2130.001 841.651
v -1099.823 2130.001 -819.142
v 1230.066 2253.621 941.239
v -1230.471 2253.621 -916.531
v 1218.373 2267.494 932.002
v -1220.267 2267.494 -909.237
v 338.277 1893.832 336.512
v 576.958 1767.278 750.000
v -563.689 1767.278 -750.000
v 338.277 1705.497 -439.734
v -330.498 1705.497 439.734
v 338.277 1893.832 -439.734
v 540.437 1767.278 702.525
v -528.008 1767.278 -702.525
v 540.437 1813.655 702.525
v -528.008 1813.655 -702.525
v 503.916 1813.655 655.050
v -492.326 1813.655 -655.050
v 538.043 1860.035 699.414
v -525.669 1860.035 -699.414
v 548.453 1906.413 712.947
v -535.841 1906.413 -712.947
v 563.925 1908.400 733.057
v -550.955 1908.400 -733.057
v 580.291 1951.973 754.334
v -566.947 1951.973 -754.334
v 591.521 1995.547 768.930
v -577.917 1995.547 -768.930
v 625.859 1998.079 813.567
v -611.465 1998.079 -813.567
v -731.483 2035.309 973.253
v 748.702 2035.309 -973.253
v -826.611 2130.001 1099.823
v 846.069 2130.001 -1099.823
v -924.855 2253.621 1230.034
v 946.216 2253.621 -1230.503
v -917.370 2267.494 1218.225
v 937.049 2267.494 -1220.415
v 338.277 1893.832 -327.511
v 1201.619 2438.238 1201.978
v 955.815 2378.239 1198.264
v 1200.305 2437.976 -1204.797
v 1197.043 2377.828 -928.375
v -1202.766 2437.750 -1203.596
v -936.379 2377.698 -1198.807
v -1204.095 2438.015 1200.793
v -1199.516 2377.966 950.820
v 1198.164 2378.167 950.861
v -1198.384 2377.619 -928.337
v -936.424 2377.937 1197.250
v 955.767 2378.008 -1199.833
v 673.421 2496.351 673.936
v 643.700 2493.943 704.555
v 672.124 2495.630 -674.550
v 703.633 2492.611 -624.179
v -672.708 2494.974 -673.363
v -629.530 2492.820 -703.179
v -674.016 2495.711 672.761
v -703.786 2493.323 640.544
v 704.374 2493.552 640.596
v -703.038 2492.372 -624.132
v -629.588 2493.098 703.882
v 643.635 2493.675 -703.859
v 677.632 2560.383 678.411
v 637.819 2555.613 721.878
v 675.672 2559.652 -679.690
v 720.267 2554.542 -619.107
v -676.873 2559.005 -677.903
v -624.200 2554.687 -719.970
v -678.838 2559.740 676.631
v -720.946 2555.044 634.716
v 721.551 2555.275 634.845
v -719.644 2554.307 -619.000
v -624.330 2554.962 720.705
v 637.665 2555.342 -721.161
v 713.753 2546.025 712.965
v 657.844 2545.354 766.858
v 714.554 2544.857 -711.025
v 767.141 2544.144 -634.081
v -712.969 2543.561 -712.292
v -640.154 2544.224 -766.504
v -711.960 2544.878 713.992
v -766.404 2544.817 653.647
v 766.980 2545.030 653.837
v -766.569 2543.890 -633.798
v -640.454 2544.509 767.183
v 657.665 2545.116 -766.160
v 736.943 2762.874 735.159
v 661.182 2764.964 811.121
v 739.477 2761.542 -732.972
v 811.430 2763.762 -636.435
v -738.105 2759.995 -736.430
v -644.847 2763.660 -811.501
v -735.057 2761.536 738.104
v -810.714 2764.405 657.694
v 811.100 2764.680 656.331
v -811.404 2763.376 -637.616
v -643.643 2764.048 811.804
v 662.564 2764.693 -810.443
v 706.828 2769.224 706.004
v 645.323 2772.913 772.617
v 707.650 2768.213 -705.773
v 771.791 2771.690 -623.664
v -707.969 2767.079 -707.467
v -631.375 2771.807 -772.139
v -706.721 2768.233 707.292
v -771.964 2772.452 642.500
v 772.330 2772.567 641.102
v -771.774 2771.478 -624.925
v -630.113 2772.051 772.432
v 646.700 2772.771 -771.969
v 716.386 2841.016 715.073
v 650.824 2844.828 783.829
v 718.256 2839.931 -714.245
v 783.732 2843.541 -628.420
v -718.176 2838.711 -717.081
v -636.885 2843.597 -784.124
v -715.793 2839.946 717.424
v -783.384 2844.324 648.135
v 783.640 2844.489 646.318
v -783.917 2843.267 -630.088
v -635.216 2843.893 784.285
v 652.615 2844.648 -783.220
v 552.104 2886.837 557.915
v 526.658 2888.400 563.141
v 553.461 2883.081 -558.354
v 556.200 2886.933 -532.745
v -554.136 2883.689 -551.093
v -524.940 2887.891 -558.096
v -552.603 2883.206 556.002
v -561.102 2888.724 531.325
v 561.334 2887.929 528.989
v -556.275 2887.595 -520.795
v -527.415 2887.448 564.831
v 528.778 2888.985 -562.626
v 541.595 3182.780 544.643
v 501.239 3185.045 556.517
v 547.394 3179.204 -540.215
v 550.652 3183.694 -505.268
v -543.653 3179.913 -537.339
v -500.266 3184.563 -551.052
v -538.110 3179.346 547.298
v -551.131 3185.511 509.269
v 555.270 3184.625 502.219
v -550.802 3184.242 -494.388
v -502.418 3184.195 557.570
v 507.626 3185.800 -551.490
v 566.565 3184.753 571.040
v 505.920 3186.352 592.581
v 574.900 3181.121 -563.963
v 586.979 3184.548 -507.216
v -571.254 3181.774 -560.981
v -505.452 3186.049 -587.040
v -563.410 3181.418 573.373
v -586.972 3187.028 515.380
v 591.210 3185.858 507.791
v -587.095 3185.362 -496.798
v -508.018 3185.472 593.505
v 512.073 3187.445 -587.570
v 565.701 3229.650 569.834
v 506.305 3231.219 590.406
v 575.257 3226.035 -563.225
v 584.694 3229.380 -508.895
v -570.814 3226.690 -560.410
v -506.623 3230.864 -584.181
v -562.644 3226.333 573.266
v -583.863 3231.805 517.210
v 589.295 3230.738 507.936
v -584.695 3230.200 -498.146
v -509.565 3230.281 590.731
v 514.037 3232.197 -584.203
v 581.027 3230.503 585.629
v 510.016 3232.251 612.090
v 591.987 3226.709 -577.530
v 606.598 3230.108 -511.060
v -587.397 3227.455 -574.882
v -510.655 3232.008 -605.802
v -577.880 3227.066 589.150
v -605.469 3232.863 521.340
v 610.936 3231.633 511.920
v -606.547 3231.199 -500.695
v -513.235 3231.204 612.426
v 517.847 3233.355 -605.862
v 579.732 3295.060 583.844
v 510.183 3296.767 608.913
v 592.226 3291.289 -576.179
v 603.613 3294.617 -512.544
v -586.464 3292.034 -573.776
v -511.788 3296.466 -601.760
v -576.746 3291.650 588.896
v -601.345 3297.300 523.189
v 608.243 3296.171 511.819
v -603.000 3295.684 -501.971
v -514.733 3295.680 608.817
v 519.828 3297.761 -601.354
v 534.769 3292.474 537.540
v 498.871 3293.762 545.388
v 543.175 3289.169 -534.204
v 539.384 3292.521 -506.009
v -537.920 3289.490 -531.239
v -499.821 3293.088 -538.375
v -532.135 3289.488 542.230
v -537.964 3294.250 511.107
v 544.845 3293.604 499.713
v -538.941 3292.665 -494.238
v -504.118 3293.062 545.154
v 508.484 3294.387 -537.854
v 586.678 3327.857 589.229
v 548.313 3329.240 596.794
v 597.143 3324.242 -586.707
v 590.319 3327.849 -557.962
v -590.743 3324.593 -583.467
v -550.518 3328.442 -588.975
v -584.402 3324.596 595.641
v -588.285 3329.692 563.098
v 596.694 3329.082 548.898
v -589.779 3327.996 -544.675
v -555.667 3328.423 596.103
v 560.464 3329.818 -588.022
v 604.163 3370.376 605.478
v 550.531 3367.114 604.721
v 611.331 3366.395 -607.287
v 611.950 3361.930 -568.083
v -605.880 3366.847 -602.427
v -559.499 3365.400 -603.119
v -602.253 3366.970 612.119
v -604.371 3366.371 574.090
v 605.098 3367.441 553.363
v -609.988 3363.792 -543.806
v -561.920 3364.738 612.287
v 571.398 3365.739 -607.334
v 633.685 3370.586 634.986
v 577.429 3367.164 634.191
v 641.205 3366.410 -637.128
v 641.854 3361.727 -596.006
v -635.573 3366.884 -632.031
v -586.922 3365.366 -632.757
v -631.769 3367.013 641.952
v -633.990 3366.385 602.061
v 634.666 3367.507 580.320
v -639.882 3363.680 -570.540
v -589.463 3364.672 642.128
v 599.318 3365.722 -637.178
v 659.506 3418.873 661.095
v 599.652 3415.548 661.671
v 670.046 3414.760 -661.202
v 671.191 3410.227 -618.103
v -662.331 3415.316 -657.815
v -610.481 3413.851 -659.822
v -656.908 3415.425 669.333
v -660.653 3414.837 626.398
v 662.134 3415.882 602.673
v -667.637 3412.216 -593.091
v -612.561 3413.162 669.901
v 623.630 3414.201 -664.082
v 696.413 3418.643 697.991
v 633.203 3415.494 698.600
v 707.543 3414.747 -698.450
v 708.753 3410.455 -652.934
v -699.542 3415.274 -694.872
v -644.785 3413.887 -696.992
v -693.815 3415.377 706.691
v -697.769 3414.820 661.348
v 699.188 3415.810 636.293
v -705.145 3412.339 -626.521
v -646.982 3413.235 707.291
v 658.525 3414.218 -701.491
v 696.254 3501.991 698.292
v 630.959 3498.784 700.817
v 710.840 3497.954 -694.858
v 712.408 3493.637 -649.093
v -700.079 3498.619 -694.155
v -643.722 3497.224 -698.001
v -692.349 3498.703 708.077
v -698.233 3498.167 660.768
v 701.106 3499.110 634.183
v -706.699 3495.657 -624.850
v -645.073 3496.542 709.161
v 658.065 3497.565 -701.894
v 916.902 3548.298 926.993
v 636.013 3544.159 1018.549
v 942.601 3544.749 -912.302
v 1029.998 3533.532 -653.215
v -920.798 3547.542 -922.833
v -652.763 3547.243 -1015.702
v -907.118 3547.417 942.350
v -1015.567 3548.722 678.542
v 1018.673 3543.824 645.186
v -1024.238 3543.556 -638.014
v -646.989 3541.215 1026.913
v 673.202 3550.599 -1019.363
v 1058.353 3601.008 1069.431
v 737.178 3597.440 1172.724
v 1089.809 3597.894 -1052.613
v 1187.650 3588.417 -758.403
v -1064.335 3600.292 -1066.109
v -758.711 3599.927 -1170.146
v -1047.365 3600.190 1087.677
v -1169.881 3601.220 786.457
v 1173.716 3597.192 747.109
v -1180.390 3596.829 -741.450
v -751.450 3594.912 1182.468
v 781.347 3602.773 -1174.067
v 1045.014 3698.908 1055.547
v 733.375 3694.420 1150.621
v 1077.262 3695.818 -1038.123
v 1166.151 3685.565 -754.317
v -1051.288 3698.258 -1052.289
v -755.327 3696.988 -1148.240
v -1033.839 3698.136 1074.217
v -1148.175 3698.312 782.473
v 1151.825 3694.209 742.804
v -1158.745 3693.955 -737.768
v -747.752 3691.971 1160.606
v 778.017 3699.801 -1152.038
v 1112.620 3671.738 1125.056
v 754.545 3666.418 1242.771
v 1148.220 3668.209 -1104.811
v 1258.729 3657.182 -775.541
v -1119.756 3670.667 -1121.499
v -777.566 3668.879 -1240.469
v -1100.053 3670.543 1145.451
v -1239.938 3670.161 807.344
v 1243.848 3666.053 765.398
v -1251.127 3665.617 -759.989
v -768.626 3663.845 1253.017
v 802.214 3671.950 -1243.907
v 1222.822 3764.274 1236.644
v 820.337 3758.587 1374.613
v 1263.982 3760.908 -1213.883
v 1392.659 3749.929 -843.604
v -1232.199 3763.197 -1233.978
v -846.994 3760.893 -1373.243
v -1209.242 3763.069 1260.138
v -1372.156 3762.114 878.935
v 1375.989 3758.241 832.168
v -1384.864 3757.812 -827.941
v -836.172 3756.176 1385.881
v 873.841 3763.857 -1376.257
v 1372.911 3975.024 1389.559
v 939.647 3917.274 1525.236
v 1420.429 3972.370 -1363.451
v 1544.917 3910.326 -968.453
v -1388.005 3974.413 -1386.414
v -974.920 3919.533 -1523.386
v -1361.772 3974.181 1416.770
v -1525.317 3920.803 1008.361
v 1525.188 3898.876 954.315
v -1539.727 3917.087 -950.027
v -937.371 3903.646 1498.684
v 1001.351 3922.159 -1527.226
v 1181.514 3923.783 1192.363
v 828.634 3906.457 1285.655
v 1223.395 3921.603 -1172.553
v 1306.560 3899.762 -854.069
v -1192.504 3923.908 -1192.083
v -857.526 3910.075 -1286.609
v -1169.895 3923.421 1216.534
v -1287.155 3912.081 886.089
v 1288.713 3906.965 838.266
v -1299.475 3907.716 -837.228
v -847.090 3904.828 1298.031
v 883.110 3913.426 -1290.666
v 806.413 3981.884 814.170
v 569.813 3956.003 872.656
v 836.082 3978.834 -795.925
v 887.072 3946.538 -583.569
v -811.353 3982.224 -809.962
v -587.132 3961.452 -869.465
v -795.370 3981.468 831.288
v -870.654 3964.387 610.063
v 874.385 3956.809 576.754
v -879.179 3958.096 -572.322
v -579.635 3953.747 881.435
v 607.861 3966.281 -872.195
v 706.956 4020.512 714.318
v 496.469 3990.426 769.140
v 734.390 4016.972 -694.831
v 781.712 3979.496 -506.297
v -710.178 4020.896 -708.592
v -510.648 3996.691 -764.418
v -695.239 4020.010 730.041
v -765.362 4000.129 532.559
v 770.166 3991.387 502.868
v -773.125 3992.847 -497.377
v -503.374 3987.789 776.993
v 530.644 4002.336 -766.219
v 641.140 4091.646 643.414
v 483.049 4086.877 721.878
v 658.261 4090.916 -653.282
v 720.267 4085.805 -436.039
v -656.243 4090.268 -645.713
v -509.481 4085.951 -719.970
v -653.461 4091.003 638.019
v -720.946 4086.307 499.403
v 708.669 4086.539 510.092
v -719.644 4085.570 -486.891
v -472.905 4086.226 720.705
v 522.897 4086.606 -721.161
v 713.753 4077.289 712.965
v 657.844 4076.618 766.858
v 714.554 4076.120 -711.025
v 767.141 4075.407 -634.081
v -712.969 4074.825 -712.292
v -640.154 4075.488 -766.504
v -711.960 4076.141 713.992
v -766.404 4076.080 653.647
v 766.980 4076.294 653.837
v -766.569 4075.154 -633.798
v -640.454 4075.772 767.183
v 657.665 4076.380 -766.160
v 736.943 4294.138 735.159
v 661.182 4296.228 811.121
v 739.477 4292.806 -732.972
v 811.430 4295.025 -636.435
v -738.105 4291.258 -736.430
v -644.847 4294.923 -811.501
v -735.057 4292.799 738.104
v -810.714 4295.669 657.694
v 811.100 4295.944 656.331
v -811.404 4294.640 -637.616
v -643.643 4295.312 811.804
v 662.564 4295.957 -810.443
v 706.828 4300.487 706.004
v 645.323 4304.176 772.617
v 707.650 4299.477 -705.773
v 771.791 4302.954 -623.664
v -707.969 4298.342 -707.467
v -631.375 4303.071 -772.139
v -706.721 4299.496 707.292
v -771.964 4303.715 642.500
v 772.330 4303.831 641.102
v -771.774 4302.742 -624.925
v -630.113 4303.315 772.432
v 646.700 4304.035 -771.969
v 716.386 4372.280 715.073
v 650.824 4376.092 783.829
v 718.256 4371.195 -714.245
v 783.732 4374.805 -628.420
v -718.176 4369.975 -717.081
v -636.885 4374.861 -784.124
v -715.793 4371.210 717.424
v -783.384 4375.587 648.135
v 783.640 4375.752 646.318
v -783.917 4374.531 -630.088
v -635.216 4375.157 784.285
v 652.615 4375.912 -783.220
v 552.104 4418.101 557.915
v 526.658 4419.664 563.141
v 553.461 4414.345 -558.354
v 556.200 4418.197 -532.745
v -554.136 4414.953 -551.093
v -524.940 4419.155 -558.096
v -552.603 4414.469 556.002
v -561.102 4419.987 531.325
v 561.334 4419.193 528.989
v -556.275 4418.859 -520.795
v -527.415 4418.711 564.831
v 528.778 4420.249 -562.626
v 541.595 4714.044 544.643
v 501.239 4716.309 556.517
v 547.394 4710.467 -540.215
v 550.652 4714.958 -505.268
v -543.653 4711.176 -537.339
v -500.266 4715.827 -551.052
v -538.110 4710.609 547.298
v -551.131 4716.774 509.269
v 555.270 4715.888 502.219
v -550.802 4715.505 -494.388
v -502.418 4715.459 557.570
v 507.626 4717.064 -551.490
v 566.565 4716.016 571.040
v 505.920 4717.615 592.581
v 574.900 4712.384 -563.963
v 586.979 4715.812 -507.216
v -571.254 4713.038 -560.981
v -505.452 4717.313 -587.040
v -563.410 4712.681 573.373
v -586.972 4718.292 515.380
v 591.210 4717.122 507.791
v -587.095 4716.626 -496.798
v -508.018 4716.736 593.505
v 512.073 4718.709 -587.570
v 565.701 4760.914 569.834
v 506.305 4762.483 590.406
v 575.257 4757.298 -563.225
v 584.694 4760.644 -508.895
v -570.814 4757.954 -560.410
v -506.623 4762.128 -584.181
v -562.644 4757.596 573.266
v -583.863 4763.068 517.210
v 589.295 4762.002 507.936
v -584.695 4761.463 -498.146
v -509.565 4761.544 590.731
v 514.037 4763.461 -584.203
v 581.027 4761.766 585.629
v 510.016 4763.514 612.090
v 591.987 4757.972 -577.530
v 606.598 4761.372 -511.060
v -587.397 4758.719 -574.882
v -510.655 4763.271 -605.802
v -577.880 4758.329 589.150
v -605.469 4764.127 521.340
v 610.936 4762.896 511.920
v -606.547 4762.463 -500.695
v -513.235 4762.467 612.426
v 517.847 4764.618 -605.862
v 579.732 4826.323 583.844
v 510.183 4828.031 608.913
v 592.226 4822.552 -576.179
v 603.613 4825.881 -512.544
v -586.464 4823.298 -573.776
v -511.788 4827.729 -601.760
v -576.746 4822.913 588.896
v -601.345 4828.563 523.189
v 608.243 4827.435 511.819
v -603.000 4826.947 -501.971
v -514.733 4826.943 608.817
v 519.828 4829.025 -601.354
v 534.769 4823.738 537.540
v 498.871 4825.026 545.388
v 543.175 4820.432 -534.204
v 539.384 4823.785 -506.009
v -537.920 4820.754 -531.239
v -499.821 4824.352 -538.375
v -532.135 4820.752 542.230
v -537.964 4825.513 511.107
v 544.845 4824.868 499.713
v -538.941 4823.928 -494.238
v -504.118 4824.326 545.154
v 508.484 4825.651 -537.854
v 586.678 4859.121 589.229
v 548.313 4860.503 596.794
v 597.143 4855.505 -586.707
v 590.319 4859.112 -557.962
v -590.743 4855.856 -583.467
v -550.518 4859.706 -588.975
v -584.402 4855.859 595.641
v -588.285 4860.956 563.098
v 596.694 4860.346 548.898
v -589.779 4859.259 -544.675
v -555.667 4859.686 596.103
v 560.464 4861.081 -588.022
v 604.163 4901.639 605.478
v 550.531 4898.377 604.721
v 611.331 4897.659 -607.287
v 611.950 4893.194 -568.083
v -605.880 4898.111 -602.427
v -559.499 4896.664 -603.119
v -602.253 4898.234 612.119
v -604.371 4897.634 574.090
v 605.098 4898.705 553.363
v -609.988 4895.056 -543.806
v -561.920 4896.002 612.287
v 571.398 4897.003 -607.334
v 633.685 4901.849 634.986
v 577.429 4898.428 634.191
v 641.205 4897.673 -637.128
v 641.854 4892.990 -596.006
v -635.573 4898.148 -632.031
v -586.922 4896.630 -632.757
v -631.769 4898.277 641.952
v -633.990 4897.648 602.061
v 634.666 4898.770 580.320
v -639.882 4894.943 -570.540
v -589.463 4895.935 642.128
v 599.318 4896.986 -637.178
v 659.506 4950.137 661.095
v 599.652 4946.812 661.671
v 670.046 4946.024 -661.202
v 671.191 4941.491 -618.103
v -662.331 4946.580 -657.815
v -610.481 4945.115 -659.822
v -656.908 4946.689 669.333
v -660.653 4946.100 626.398
v 662.134 4947.145 602.673
v -667.637 4943.480 -593.091
v -612.561 4944.426 669.901
v 623.630 4945.464 -664.082
v 696.413 4949.906 697.991
v 633.203 4946.757 698.600
v 707.543 4946.011 -698.450
v 708.753 4941.719 -652.934
v -699.542 4946.538 -694.872
v -644.785 4945.150 -696.992
v -693.815 4946.641 706.691
v -697.769 4946.084 661.348
v 699.188 4947.073 636.293
v -705.145 4943.602 -626.521
v -646.982 4944.499 707.291
v 658.525 4945.482 -701.491
v 696.254 5033.255 698.292
v 630.959 5030.047 700.817
v 710.840 5029.218 -694.858
v 712.408 5024.900 -649.093
v -700.079 5029.882 -694.155
v -643.722 5028.487 -698.001
v -692.349 5029.966 708.077
v -698.233 5029.430 660.768
v 701.106 5030.374 634.183
v -706.699 5026.921 -624.850
v -645.073 5027.805 709.161
v 658.065 5028.829 -701.894
v 916.902 5079.561 926.993
v 636.013 5075.423 1018.549
v 942.601 5076.012 -912.302
v 1029.998 5064.796 -653.215
v -920.798 5078.806 -922.833
v -652.763 5078.507 -1015.702
v -907.118 5078.681 942.350
v -1015.567 5079.986 678.542
v 1018.673 5075.088 645.186
v -1024.238 5074.819 -638.014
v -646.989 5072.479 1026.913
v 673.202 5081.863 -1019.363
v 1058.353 5132.271 1069.431
v 737.178 5128.704 1172.724
v 1089.809 5129.158 -1052.613
v 1187.650 5119.680 -758.403
v -1064.335 5131.556 -1066.109
v -758.711 5131.190 -1170.146
v -1047.365 5131.454 1087.677
v -1169.881 5132.484 786.457
v 1173.716 5128.456 747.109
v -1180.390 5128.092 -741.450
v -751.450 5126.175 1182.468
v 781.347 5134.038 -1174.067
v 1045.014 5230.172 1055.547
v 733.375 5225.684 1150.621
v 1077.262 5227.081 -1038.123
v 1166.151 5216.829 -754.317
v -1051.288 5229.522 -1052.289
v -755.327 5228.251 -1148.240
v -1033.839 5229.400 1074.217
v -1148.175 5229.576 782.473
v 1151.825 5225.472 742.804
v -1158.745 5225.218 -737.768
v -747.752 5223.234 1160.606
v 778.017 5231.063 -1152.038
v 1112.620 5203.002 1125.056
v 754.545 5197.682 1242.771
v 1148.220 5199.472 -1104.811
v 1258.729 5188.445 -775.541
v -1119.756 5201.930 -1121.499
v -777.566 5200.142 -1240.469
v -1100.053 5201.806 1145.451
v -1239.938 5201.425 807.344
v 1243.848 5197.317 765.398
v -1251.127 5196.881 -759.989
v -768.626 5195.109 1253.017
v 802.214 5203.213 -1243.907
v 1222.822 5295.537 1236.644
v 820.337 5289.851 1374.613
v 1263.982 5292.172 -1213.883
v 1392.659 5281.194 -843.604
v -1232.199 5294.461 -1233.978
v -846.994 5292.156 -1373.243
v -1209.242 5294.333 1260.138
v -1372.156 5293.378 878.935
v 1375.989 5289.505 832.168
v -1384.864 5289.076 -827.941
v -836.172 5287.440 1385.881
v 873.841 5295.121 -1376.257
v 1372.911 5467.889 1389.559
v 939.647 5391.842 1525.236
v 1420.429 5465.235 -1363.451
v 1544.917 5384.895 -968.453
v -1388.005 5467.279 -1386.414
v -974.920 5394.102 -1523.386
v -1361.772 5467.047 1416.770
v -1525.317 5395.372 1008.361
v 1525.188 5391.742 954.315
v -1539.727 5391.656 -950.027
v -962.673 5389.998 1538.698
v 1001.351 5396.728 -1527.226
v 1181.514 5455.047 1192.363
v 828.634 5437.722 1285.655
v 1223.395 5452.867 -1172.553
v 1306.560 5431.026 -854.069
v -1192.504 5455.172 -1192.083
v -857.526 5441.340 -1286.609
v -1169.895 5454.685 1216.534
v -1287.155 5443.345 886.089
v 1288.713 5438.228 838.266
v -1299.475 5438.979 -837.228
v -847.090 5436.092 1298.031
v 883.110 5444.690 -1290.666
v 806.413 5513.147 814.170
v 569.813 5487.269 872.656
v 836.082 5510.098 -795.925
v 887.072 5477.801 -583.569
v -811.353 5513.488 -809.962
v -587.132 5492.715 -869.465
v -795.370 5512.732 831.288
v -870.654 5495.652 610.063
v 874.385 5488.072 576.754
v -879.179 5489.360 -572.322
v -579.635 5485.010 881.435
v 607.861 5497.545 -872.195
v 706.956 5551.775 714.318
v 496.469 5521.689 769.140
v 734.390 5548.236 -694.831
v 781.712 5510.759 -506.297
v -710.178 5552.160 -708.592
v -510.649 5527.955 -764.418
v -695.239 5551.274 730.041
v -765.362 5531.392 532.559
v 770.166 5522.650 502.868
v -773.125 5524.111 -497.377
v -503.374 5519.053 776.993
v 530.644 5533.599 -766.219
v 641.140 5644.334 643.414
v 483.049 5639.564 721.878
v 658.261 5643.603 -653.282
v 720.267 5638.492 -436.039
v -656.243 5642.955 -645.713
v -509.481 5638.637 -719.970
v -653.461 5643.690 638.019
v -720.946 5638.994 499.403
v 708.669 5639.225 510.092
v -719.644 5638.257 -486.891
v -472.905 5638.913 720.705
v 522.897 5639.293 -721.161
v 713.753 5629.976 712.965
v 657.844 5629.305 766.858
v 714.554 5628.807 -711.025
v 767.141 5628.094 -634.081
v -712.969 5627.511 -712.292
v -640.154 5628.175 -766.504
v -711.960 5628.828 713.992
v -766.404 5628.767 653.647
v 766.980 5628.981 653.837
v -766.569 5627.841 -633.798
v -640.454 5628.459 767.183
v 657.665 5629.066 -766.160
v 736.943 5846.825 735.159
v 661.182 5848.915 811.121
v 739.477 5845.492 -732.972
v 811.430 5847.712 -636.435
v -738.105 5843.945 -736.430
v -644.847 5847.610 -811.501
v -735.057 5845.486 738.104
v -810.714 5848.355 657.694
v 811.100 5848.630 656.331
v -811.404 5847.327 -637.616
v -643.643 5847.999 811.804
v 662.564 5848.643 -810.443
v 706.828 5853.174 706.004
v 645.323 5856.863 772.617
v 707.650 5852.164 -705.773
v 771.791 5855.640 -623.664
v -707.969 5851.029 -707.467
v -631.375 5855.757 -772.139
v -706.721 5852.183 707.292
v -771.964 5856.402 642.500
v 772.330 5856.517 641.102
v -771.774 5855.428 -624.925
v -630.113 5856.002 772.432
v 646.700 5856.721 -771.969
v 716.386 5924.967 715.073
v 650.824 5928.779 783.829
v 718.256 5923.880 -714.245
v 783.732 5927.492 -628.420
v -718.176 5922.662 -717.081
v -636.885 5927.548 -784.124
v -715.793 5923.896 717.424
v -783.384 5928.274 648.135
v 783.640 5928.439 646.318
v -783.917 5927.215 -630.088
v -635.216 5927.843 784.285
v 652.615 5928.598 -783.220
v 552.104 5970.786 557.915
v 526.658 5972.350 563.141
v 553.461 5967.032 -558.354
v 556.200 5970.884 -532.745
v -554.136 5967.637 -551.093
v -524.940 5971.842 -558.096
v -552.603 5967.156 556.002
v -561.102 5972.674 531.325
v 561.334 5971.878 528.989
v -556.275 5971.545 -520.795
v -527.415 5971.398 564.831
v 528.778 5972.935 -562.626
v 541.595 6266.730 544.643
v 501.239 6268.996 556.517
v 547.394 6263.154 -540.215
v 550.652 6267.644 -505.268
v -543.653 6263.863 -537.339
v -500.266 6268.513 -551.052
v -538.110 6263.295 547.298
v -551.131 6269.460 509.269
v 555.270 6268.575 502.219
v -550.802 6268.192 -494.388
v -502.418 6268.145 557.570
v 507.626 6269.751 -551.490
v 566.565 6268.703 571.040
v 505.920 6270.303 592.581
v 574.900 6265.071 -563.963
v 586.979 6268.499 -507.216
v -571.254 6265.724 -560.981
v -505.452 6270.000 -587.040
v -563.410 6265.368 573.373
v -586.972 6270.978 515.380
v 591.210 6269.808 507.791
v -587.095 6269.313 -496.798
v -508.018 6269.422 593.505
v 512.073 6271.395 -587.570
v 565.701 6313.600 569.834
v 506.305 6315.170 590.406
v 575.257 6309.985 -563.225
v 584.694 6313.331 -508.895
v -570.814 6310.640 -560.410
v -506.623 6314.815 -584.181
v -562.644 6310.283 573.266
v -583.863 6315.755 517.210
v 589.295 6314.689 507.936
v -584.695 6314.150 -498.146
v -509.565 6314.231 590.731
v 514.037 6316.147 -584.203
v 581.027 6314.453 585.629
v 510.016 6316.201 612.090
v 591.987 6310.659 -577.530
v 606.598 6314.058 -511.060
v -587.397 6311.406 -574.882
v -510.655 6315.958 -605.802
v -577.880 6311.016 589.150
v -605.469 6316.813 521.340
v 610.936 6315.583 511.920
v -606.547 6315.150 -500.695
v -513.235 6315.154 612.426
v 517.847 6317.305 -605.862
v 579.732 6379.010 583.844
v 510.183 6380.718 608.913
v 592.226 6375.239 -576.179
v 603.613 6378.567 -512.544
v -586.464 6375.984 -573.776
v -511.788 6380.416 -601.760
v -576.746 6375.600 588.896
v -601.345 6381.250 523.189
v 608.243 6380.122 511.819
v -603.000 6379.635 -501.971
v -514.733 6379.629 608.817
v 519.828 6381.712 -601.354
v 534.769 6376.425 537.540
v 498.871 6377.712 545.388
v 543.175 6373.119 -534.204
v 539.384 6376.471 -506.009
v -537.920 6373.440 -531.239
v -499.821 6377.039 -538.375
v -532.135 6373.438 542.230
v -537.964 6378.200 511.107
v 544.845 6377.554 499.713
v -538.941 6376.615 -494.238
v -504.118 6377.012 545.154
v 508.484 6378.338 -537.854
v 586.678 6411.807 589.229
v 548.313 6413.190 596.794
v 597.143 6408.192 -586.707
v 590.319 6411.799 -557.962
v -590.743 6408.543 -583.467
v -550.518 6412.392 -588.975
v -584.402 6408.546 595.641
v -588.285 6413.642 563.098
v 596.694 6413.033 548.898
v -589.779 6411.946 -544.675
v -555.667 6412.373 596.103
v 560.464 6413.768 -588.022
v 604.163 6454.326 605.478
v 550.531 6451.064 604.721
v 611.331 6450.345 -607.287
v 611.950 6445.881 -568.083
v -605.880 6450.797 -602.427
v -559.499 6449.350 -603.119
v -602.253 6450.920 612.119
v -604.371 6450.321 574.090
v 605.098 6451.391 553.363
v -609.988 6447.743 -543.806
v -561.920 6448.688 612.287
v 571.398 6449.690 -607.334
v 633.685 6454.536 634.986
v 577.429 6451.115 634.191
v 641.205 6450.360 -637.128
v 641.854 6445.678 -596.006
v -635.573 6450.835 -632.031
v -586.922 6449.316 -632.757
v -631.769 6450.964 641.952
v -633.990 6450.335 602.061
v 634.666 6451.457 580.320
v -639.882 6447.630 -570.540
v -589.463 6448.622 642.128
v 599.318 6449.672 -637.178
v 659.506 6502.824 661.095
v 599.652 6499.499 661.671
v 670.046 6498.710 -661.202
v 671.191 6494.178 -618.103
v -662.331 6499.266 -657.815
v -610.481 6497.802 -659.822
v -656.908 6499.376 669.333
v -660.653 6498.787 626.398
v 662.134 6499.832 602.673
v -667.637 6496.166 -593.091
v -612.561 6497.113 669.901
v 623.630 6498.151 -664.082
v 696.413 6502.592 697.991
v 633.203 6499.444 698.600
v 707.543 6498.698 -698.450
v 708.753 6494.406 -652.934
v -699.542 6499.224 -694.872
v -644.785 6497.838 -696.992
v -693.815 6499.328 706.691
v -697.769 6498.770 661.348
v 699.188 6499.759 636.293
v -705.145 6496.289 -626.521
v -646.982 6497.185 707.291
v 658.525 6498.169 -701.491
v 696.254 6585.942 698.292
v 630.959 6582.734 700.817
v 710.840 6581.905 -694.858
v 712.408 6577.586 -649.093
v -700.079 6582.569 -694.155
v -643.722 6581.174 -698.001
v -692.349 6582.653 708.077
v -698.233 6582.117 660.768
v 701.106 6583.061 634.183
v -706.699 6579.607 -624.850
v -645.073 6580.492 709.161
v 658.065 6581.515 -701.894
v 916.902 6632.248 926.993
v 636.013 6628.109 1018.549
v 942.601 6628.699 -912.302
v 1029.998 6617.482 -653.215
v -920.798 6631.493 -922.833
v -652.763 6631.194 -1015.702
v -907.118 6631.368 942.350
v -1015.567 6632.673 678.542
v 1018.673 6627.775 645.186
v -1024.238 6627.506 -638.014
v -646.989 6625.166 1026.913
v 673.202 6634.549 -1019.363
v 1058.353 6684.958 1069.431
v 737.178 6681.391 1172.724
v 1089.809 6681.844 -1052.613
v 1187.650 6672.367 -758.403
v -1064.335 6684.243 -1066.109
v -758.711 6683.877 -1170.146
v -1047.365 6684.140 1087.677
v -1169.881 6685.170 786.457
v 1173.716 6681.142 747.109
v -1180.390 6680.779 -741.450
v -751.450 6678.862 1182.468
v 781.347 6686.724 -1174.067
v 1045.014 6782.859 1055.547
v 733.375 6778.371 1150.621
v 1077.262 6779.768 -1038.123
v 1166.151 6769.515 -754.317
v -1051.288 6782.209 -1052.289
v -755.327 6780.938 -1148.240
v -1033.839 6782.087 1074.217
v -1148.175 6782.263 782.473
v 1151.825 6778.159 742.804
v -1158.745 6777.905 -737.768
v -747.752 6775.922 1160.606
v 778.017 6783.751 -1152.038
v 1112.620 6755.688 1125.056
v 754.545 6750.369 1242.771
v 1148.220 6752.159 -1104.811
v 1258.729 6741.132 -775.541
v -1119.756 6754.617 -1121.499
v -777.566 6752.829 -1240.469
v -1100.053 6754.493 1145.451
v -1239.938 6754.112 807.344
v 1243.848 6750.004 765.398
v -1251.127 6749.567 -759.989
v -768.626 6747.796 1253.017
v 802.214 6755.900 -1243.907
v 1222.822 6848.224 1236.644
v 820.337 6842.538 1374.613
v 1263.982 6844.859 -1213.883
v 1392.659 6833.881 -843.604
v -1232.199 6847.147 -1233.978
v -846.994 6844.844 -1373.243
v -1209.242 6847.019 1260.138
v -1372.156 6846.064 878.935
v 1375.989 6842.191 832.168
v -1384.864 6841.762 -827.941
v -836.172 6840.127 1385.881
v 873.841 6847.807 -1376.257
v 1560.365 7156.217 1578.901
v 1067.736 7089.336 1733.168
v 1614.393 7153.883 -1551.322
v 1755.940 7083.225 -1102.202
v -1578.847 7155.681 -1577.431
v -1109.161 7091.323 -1733.172
v -1549.020 7155.477 1609.840
v -1734.973 7092.439 1145.472
v 1733.508 7089.247 1084.022
v -1751.357 7089.171 -1081.251
v -1095.238 7087.713 1748.475
v 1137.894 7093.632 -1737.537
v 1342.743 7087.622 1354.685
v 941.512 7072.385 1460.761
v 1390.362 7085.705 -1334.267
v 1484.923 7066.496 -972.145
v -1356.558 7087.732 -1356.474
v -975.682 7075.567 -1463.951
v -1330.851 7087.303 1382.169
v -1464.179 7077.330 1006.447
v 1464.630 7072.830 952.070
v -1478.186 7073.490 -952.996
v -963.816 7070.951 1474.831
v 1003.453 7078.513 -1468.563
v 762.281 7411.935 769.611
v 538.711 7384.548 824.877
v 790.316 7408.709 -751.821
v 838.498 7374.529 -551.160
v -766.401 7412.296 -765.085
v -554.527 7390.312 -821.312
v -751.298 7411.495 785.787
v -822.436 7393.420 576.744
v 826.510 7385.399 545.268
v -830.492 7386.761 -540.533
v -547.443 7382.159 833.172
v 574.661 7395.423 -823.892
v 420.824 7711.771 425.962
v 296.176 7660.966 458.426
v 437.070 7705.794 -408.519
v 465.094 7642.510 -296.872
v -418.385 7712.420 -416.668
v -300.226 7671.547 -449.728
v -409.539 7710.923 435.273
v -451.063 7677.351 318.327
v 458.257 7662.587 300.744
v -455.661 7665.056 -291.589
v -295.918 7656.513 463.076
v 316.414 7681.078 -450.794
v 333.944 8010.507 339.599
v 158.439 8011.795 340.883
v 335.094 8012.841 -329.527
v 343.462 8012.221 -143.383
v -326.449 8009.872 -330.173
v -154.058 8009.990 -322.893
v -327.090 8008.166 345.084
v -322.823 8012.402 167.790
v 337.741 8010.666 163.661
v -327.166 8012.257 -147.423
v -146.013 8009.074 344.094
v 177.233 8012.285 -320.075
v 240.420 8611.279 246.086
v 242.222 8611.189 162.513
v 162.983 8611.928 161.104
v 157.001 8611.853 246.697
v -148.744 8609.316 167.378
v -147.367 8609.697 249.907
v -228.453 8611.289 169.031
v -230.414 8608.771 250.355
v 247.883 8612.288 -141.374
v 243.979 8612.466 -228.227
v 179.081 8612.137 -224.342
v 171.532 8612.150 -139.572
v -157.055 8610.221 -227.200
v -152.521 8609.747 -145.794
v -232.484 8609.802 -230.384
v -232.809 8611.129 -147.126
v 162.194 8711.925 161.205
v 170.744 8712.147 -139.472
v -153.309 8709.744 -145.694
v -149.532 8709.313 167.479
v 333.940 8110.508 339.754
v 158.434 8111.795 341.038
v 337.737 8110.666 163.816
v 343.457 8112.221 -143.228
v 335.090 8112.841 -329.371
v 177.229 8112.285 -319.919
v -154.062 8109.990 -322.737
v -326.453 8109.872 -330.018
v -327.170 8112.258 -147.267
v -322.827 8112.402 167.945
v -327.094 8108.166 345.239
v -146.018 8109.074 344.249
v 287.472 8110.893 292.618
v 158.010 8111.840 293.565
v 290.272 8110.923 162.863
v 295.963 8112.259 -142.603
v 289.827 8112.655 -279.101
v 178.448 8112.212 -272.433
v -155.266 8110.114 -275.271
v -279.175 8109.837 -280.503
v -279.697 8111.712 -147.499
v -275.347 8111.869 168.186
v -278.461 8108.469 297.495
v -146.399 8109.396 296.776
v 287.252 8410.893 293.014
v 157.790 8411.841 293.961
v 290.052 8410.923 163.258
v 295.743 8412.257 -142.208
v 289.607 8412.654 -278.706
v 178.228 8412.213 -272.037
v -155.486 8410.114 -274.875
v -279.396 8409.837 -280.107
v -279.917 8411.711 -147.103
v -275.568 8411.868 168.581
v -278.681 8408.468 297.891
v -146.620 8409.396 297.172
v 240.785 8411.280 245.878
v 157.366 8411.854 246.489
v 242.588 8411.190 162.305
v 248.248 8412.289 -141.583
v 244.344 8412.467 -228.436
v 179.446 8412.136 -224.550
v -156.689 8410.220 -227.409
v -232.118 8409.802 -230.592
v -232.444 8411.130 -147.335
v -228.088 8411.289 168.822
v -230.049 8408.772 250.146
v -147.001 8409.697 249.698
v 352.945 201.217 1534.799
v 352.945 201.217 1323.499
v 452.945 201.217 1323.499
v 452.945 201.217 1534.799
v 352.945 716.820 947.461
v 452.945 716.820 947.461
v 452.945 595.508 950.970
v 352.945 595.508 950.970
v 452.945 721.901 1123.092
v 352.945 721.901 1123.092
v 452.945 600.589 1126.602
v 352.945 600.589 1126.602
v -435.600 201.217 1534.799
v -435.600 201.217 1323.499
v -335.600 201.217 1323.499
v -335.600 201.217 1534.799
v -435.600 716.820 947.461
v -335.600 716.820 947.461
v -335.600 595.508 950.970
v -435.600 595.508 950.970
v -335.600 721.901 1123.092
v -435.600 721.901 1123.092
v -335.600 600.589 1126.602
v -435.600 600.589 1126.602
v -401.607 698.650 1048.192
v 401.606 698.650 1048.192
v 401.606 698.650 951.806
v -401.607 698.650 951.806
v -401.607 173.362 1048.192
v -401.607 173.362 951.806
v 401.606 173.362 951.806
v 401.606 173.362 1048.192
v -401.607 505.198 1278.266
v -401.607 394.586 1278.266
v 401.606 394.586 1278.266
v 401.606 505.198 1278.266
v 401.606 615.810 1048.192
v 401.606 505.198 1048.192
v 401.606 394.586 1048.192
v 401.606 283.974 1048.192
v -401.607 283.974 1048.192
v -401.607 394.586 1048.192
v -401.607 505.198 1048.192
v -401.607 615.810 1048.192
v -401.607 283.974 1465.724
v -401.607 173.362 1465.724
v 401.606 173.362 1465.724
v 401.606 283.974 1465.724
v -401.607 394.586 1366.695
v -401.607 283.974 1366.695
v 401.606 283.974 1366.695
v 401.606 394.586 1366.695
v 401.606 505.198 1172.656
v 401.606 615.810 1172.656
v -401.607 615.810 1172.656
v -401.607 505.198 1172.656
v 452.945 201.217 -1543.989
v 452.945 201.217 -1332.690
v 352.945 201.217 -1332.690
v 352.945 201.217 -1543.989
v 452.945 716.820 -956.652
v 352.945 716.820 -956.652
v 352.945 595.508 -960.161
v 452.945 595.508 -960.161
v 352.945 721.901 -1132.283
v 452.945 721.901 -1132.283
v 352.945 600.589 -1135.792
v 452.945 600.589 -1135.792
v -335.600 201.217 -1543.989
v -335.600 201.217 -1332.690
v -435.600 201.217 -1332.690
v -435.600 201.217 -1543.989
v -335.600 716.820 -956.652
v -435.600 716.820 -956.652
v -435.600 595.508 -960.161
v -335.600 595.508 -960.161
v -435.600 721.901 -1132.283
v -335.600 721.901 -1132.283
v -435.600 600.589 -1135.792
v -335.600 600.589 -1135.792
v 401.606 698.650 -1055.515
v -401.607 698.650 -1055.515
v -401.607 698.650 -959.129
v 401.606 698.650 -959.129
v 401.606 173.362 -1055.515
v 401.606 173.362 -959.129
v -401.607 173.362 -959.129
v -401.607 173.362 -1055.515
v 401.606 505.198 -1285.588
v 401.606 394.586 -1285.588
v -401.607 394.586 -1285.588
v -401.607 505.198 -1285.588
v -401.607 615.810 -1055.515
v -401.607 505.198 -1055.515
v -401.607 394.586 -1055.515
v -401.607 283.974 -1055.515
v 401.606 283.974 -1055.515
v 401.606 394.586 -1055.515
v 401.606 505.198 -1055.515
v 401.606 615.810 -1055.515
v 401.606 283.974 -1473.046
v 401.606 173.362 -1473.046
v -401.607 173.362 -1473.046
v -401.607 283.974 -1473.046
v 401.606 394.586 -1374.017
v 401.606 283.974 -1374.017
v -401.607 283.974 -1374.017
v -401.607 394.586 -1374.017
v -401.607 505.198 -1179.979
v -401.607 615.810 -1179.979
v 401.606 615.810 -1179.979
v 401.606 505.198 -1179.979
v 1531.578 201.217 426.682
v 1320.279 201.217 426.682
v 1320.279 201.217 326.682
v 1531.578 201.217 326.682
v 944.240 716.820 426.682
v 944.240 716.820 326.682
v 947.750 595.508 326.682
v 947.750 595.508 426.682
v 1119.872 721.901 326.682
v 1119.872 721.901 426.682
v 1123.381 600.589 326.682
v 1123.381 600.589 426.682
v 1537.647 201.217 -370.175
v 1326.348 201.217 -370.175
v 1326.348 201.217 -470.175
v 1537.647 201.217 -470.175
v 950.309 716.820 -370.175
v 950.309 716.820 -470.175
v 953.819 595.508 -470.175
v 953.819 595.508 -370.175
v 1125.941 721.901 -470.175
v 1125.941 721.901 -370.175
v 1129.450 600.589 -470.175
v 1129.450 600.589 -370.175
v 1042.911 698.650 380.281
v 1042.911 698.650 -422.932
v 946.525 698.650 -422.932
v 946.525 698.650 380.281
v 1042.911 173.362 380.281
v 946.525 173.362 380.281
v 946.525 173.362 -422.932
v 1042.911 173.362 -422.932
v 1272.984 505.198 380.281
v 1272.984 394.586 380.281
v 1272.984 394.586 -422.932
v 1272.984 505.198 -422.932
v 1042.911 615.810 -422.932
v 1042.911 505.198 -422.932
v 1042.911 394.586 -422.932
v 1042.911 283.974 -422.932
v 1042.911 283.974 380.281
v 1042.911 394.586 380.281
v 1042.911 505.198 380.281
v 1042.911 615.810 380.281
v 1460.442 283.974 380.281
v 1460.442 173.362 380.281
v 1460.442 173.362 -422.932
v 1460.442 283.974 -422.932
v 1361.414 394.586 380.281
v 1361.414 283.974 380.281
v 1361.414 283.974 -422.932
v 1361.414 394.586 -422.932
v 1167.375 505.198 -422.932
v 1167.375 615.810 -422.932
v 1167.375 615.810 380.281
v 1167.375 505.198 380.281
v -1525.701 201.217 326.682
v -1290.290 201.217 326.682
v -1290.290 201.217 426.682
v -1525.701 201.217 426.682
v -938.363 716.820 326.682
v -938.363 716.820 426.682
v -941.872 595.508 426.682
v -941.872 595.508 326.682
v -1093.614 721.901 426.682
v -1093.614 721.901 326.682
v -1093.392 600.589 426.682
v -1093.392 600.589 326.682
v -1511.032 201.217 -470.177
v -1299.732 201.217 -470.177
v -1299.732 201.217 -370.177
v -1511.032 201.217 -370.177
v -923.694 716.820 -470.177
v -923.694 716.820 -370.177
v -927.204 595.508 -370.177
v -927.204 595.508 -470.177
v -1099.325 721.901 -370.177
v -1099.325 721.901 -470.177
v -1102.835 600.589 -370.177
v -1102.835 600.589 -470.177
v -1022.413 698.650 -422.934
v -1022.413 698.650 380.279
v -926.028 698.650 380.279
v -926.028 698.650 -422.934
v -1022.413 173.362 -422.934
v -926.028 173.362 -422.934
v -926.028 173.362 380.279
v -1022.413 173.362 380.279
v -1252.487 505.198 -422.934
v -1252.487 394.586 -422.934
v -1252.487 394.586 380.279
v -1252.487 505.198 380.279
v -1022.413 615.810 380.279
v -1022.413 505.198 380.279
v -1022.413 394.586 380.279
v -1022.413 283.974 380.279
v -1022.413 283.974 -422.934
v -1022.413 394.586 -422.934
v -1022.413 505.198 -422.934
v -1022.413 615.810 -422.934
v -1439.944 283.974 -422.934
v -1439.944 173.362 -422.934
v -1439.945 173.362 380.279
v -1439.945 283.974 380.279
v -1340.916 394.586 -422.934
v -1340.916 283.974 -422.934
v -1340.916 283.974 380.279
v -1340.916 394.586 380.279
v -1146.877 505.198 380.279
v -1146.877 615.810 380.279
v -1146.877 615.810 -422.934
v -1146.877 505.198 -422.934
v -1905.440 0.000 1945.321
v -1905.440 0.000 -1930.748
v 1970.629 0.000 -1930.748
v 1970.629 0.000 1945.321
v -1905.440 200.000 1945.321
v 1970.629 200.000 1945.321
v 1970.629 200.000 -1930.748
v -1905.440 200.000 -1930.748
v -1905.440 61.965 2007.286
v 1970.629 61.965 2007.286
v 1970.629 138.035 2007.286
v -1905.440 138.035 2007.286
v 2032.594 61.965 1945.321
v 2032.594 61.965 -1930.748
v 2032.594 138.035 -1930.748
v 2032.594 138.035 1945.321
v 1970.629 61.965 -1992.713
v -1905.440 61.965 -1992.713
v -1905.440 138.035 -1992.713
v 1970.629 138.035 -1992.713
v -1967.405 61.965 -1930.748
v -1967.405 61.965 1945.321
v -1967.405 138.035 1945.321
v -1967.405 138.035 -1930.748
v -1905.440 15.182 1992.104
v -1944.633 22.772 1984.514
v -1952.224 15.182 1945.321
v -1952.224 15.182 -1930.748
v -1944.633 22.772 -1969.941
v -1905.440 15.182 -1977.532
v 1970.629 15.182 -1977.532
v 2009.822 22.772 -1969.941
v 2017.413 15.182 -1930.748
v 2017.413 15.182 1945.321
v 2009.822 22.772 1984.514
v 1970.629 15.182 1992.104
v -1952.224 184.819 1945.321
v -1944.633 177.228 1984.514
v -1905.440 184.819 1992.104
v 1970.629 184.819 1992.104
v 2009.822 177.228 1984.514
v 2017.413 184.819 1945.321
v 2017.413 184.819 -1930.748
v 2009.822 177.228 -1969.941
v 1970.629 184.819 -1977.532
v -1905.440 184.819 -1977.532
v -1944.633 177.228 -1969.941
v -1952.224 184.819 -1930.748
v -1952.224 61.965 1992.104
v 2017.413 61.965 1992.104
v 2017.413 138.035 1992.104
v -1952.224 138.035 1992.104
v 2017.413 61.965 -1977.532
v 2017.413 138.035 -1977.532
v -1952.224 61.965 -1977.532
v -1952.224 138.035 -1977.532
v 88.888 164.135 -88.888
v 88.888 164.135 88.889
v -88.889 164.135 88.889
v -88.889 164.135 -88.888
v 111.111 848.375 111.112
v 111.111 848.375 -111.111
v -111.112 848.375 -111.111
v -111.112 848.375 111.112
v -111.112 603.234 1000.000
v 111.111 603.234 1000.000
v 111.111 753.234 1000.000
v -111.112 753.234 1000.000
v 1000.000 603.234 111.112
v 1000.000 603.234 -111.111
v 1000.000 753.234 -111.111
v 1000.000 753.234 111.112
v 111.111 603.234 -1000.000
v -111.112 603.234 -1000.000
v -111.112 753.234 -1000.000
v 111.111 753.234 -1000.000
v -1000.000 603.234 -111.111
v -1000.000 603.234 111.112
v -1000.000 753.234 111.112
v -1000.000 753.234 -111.111
v -900.000 603.234 -100.000
v -900.000 603.234 100.000
v 100.000 603.234 -900.000
v -100.000 603.234 -900.000
v 900.000 603.234 100.000
v 900.000 603.234 -100.000
v -100.000 603.234 900.000
v 100.000 603.234 900.000
v -900.000 503.234 -100.000
v -900.000 503.234 100.000
v 100.000 503.234 -900.000
v -100.000 503.234 -900.000
v 900.000 503.234 100.000
v 900.000 503.234 -100.000
v -100.000 503.234 900.000
v 100.000 503.234 900.000
v -800.000 503.234 -88.888
v -800.000 503.234 88.889
v 88.888 503.234 -800.000
v -88.889 503.234 -800.000
v 800.000 503.234 88.889
v 800.000 503.234 -88.888
v -88.889 503.234 800.000
v 88.888 503.234 800.000
v 800.000 164.135 -88.888
v 800.000 164.135 88.889
v 622.222 164.135 88.889
v 622.222 164.135 -88.888
v 622.222 503.234 -88.888
v 622.222 503.234 88.889
v 444.444 503.234 88.889
v 444.444 503.234 -88.888
v 444.444 164.135 -88.888
v 444.444 164.135 88.889
v 266.666 164.135 88.889
v 266.666 164.135 -88.888
v 266.666 503.234 -88.888
v 266.666 503.234 88.889
v 88.888 503.234 88.889
v 88.888 503.234 -88.888
v -800.000 164.135 88.889
v -800.000 164.135 -88.888
v -622.222 164.135 -88.888
v -622.222 164.135 88.889
v -622.222 503.234 88.889
v -622.222 503.234 -88.888
v -444.444 503.234 -88.888
v -444.444 503.234 88.889
v -444.444 164.135 88.889
v -444.444 164.135 -88.888
v -266.667 164.135 -88.888
v -266.667 164.135 88.889
v -266.667 503.234 88.889
v -266.667 503.234 -88.888
v -88.889 503.234 -88.888
v -88.889 503.234 88.889
v 777.777 753.234 -111.111
v 777.777 753.234 111.112
v 555.554 753.234 -111.111
v 555.554 753.234 111.112
v 333.333 753.234 -111.111
v 333.333 753.234 111.112
v 304.152 848.375 111.112
v 304.152 848.375 -111.111
v -777.777 753.234 111.112
v -777.777 753.234 -111.111
v -555.555 753.234 111.112
v -555.555 753.234 -111.111
v -333.334 753.234 111.112
v -333.334 753.234 -111.111
v -304.153 848.375 -111.111
v -304.153 848.375 111.112
v 777.777 603.234 1000.000
v 1000.000 603.234 1000.000
v 1000.000 753.234 1000.000
v 777.777 753.234 1000.000
v 555.554 603.234 1000.000
v 555.554 753.234 1000.000
v 333.333 603.234 1000.000
v 333.333 753.234 1000.000
v -777.777 753.234 1000.000
v -1000.000 753.234 1000.000
v -1000.000 603.234 1000.000
v -777.777 603.234 1000.000
v -555.555 753.234 1000.000
v -555.555 603.234 1000.000
v -333.334 753.234 1000.000
v -333.334 603.234 1000.000
v -777.777 603.234 -1000.000
v -1000.000 603.234 -1000.000
v -1000.000 753.234 -1000.000
v -777.777 753.234 -1000.000
v -555.555 603.234 -1000.000
v -555.555 753.234 -1000.000
v -333.334 603.234 -1000.000
v -333.334 753.234 -1000.000
v 777.777 753.234 -1000.000
v 1000.000 753.234 -1000.000
v 1000.000 603.234 -1000.000
v 777.777 603.234 -1000.000
v 555.554 753.234 -1000.000
v 555.554 603.234 -1000.000
v 333.333 753.234 -1000.000
v 333.333 603.234 -1000.000
v 900.000 603.234 -900.000
v 700.000 603.234 -900.000
v 500.000 603.234 -900.000
v 300.000 603.234 -900.000
v -700.000 603.234 -900.000
v -900.000 603.234 -900.000
v -499.999 603.234 -900.000
v -300.000 603.234 -900.000
v -900.000 603.234 900.000
v -700.000 603.234 900.000
v -499.999 603.234 900.000
v -300.000 603.234 900.000
v 700.000 603.234 900.000
v 900.000 603.234 900.000
v 500.000 603.234 900.000
v 300.000 603.234 900.000
v 900.000 503.234 -900.000
v 700.000 503.234 -900.000
v 500.000 503.234 -900.000
v 300.000 503.234 -900.000
v -700.000 503.234 -900.000
v -900.000 503.234 -900.000
v -499.999 503.234 -900.000
v -300.000 503.234 -900.000
v -900.000 503.234 900.000
v -700.000 503.234 900.000
v -499.999 503.234 900.000
v -300.000 503.234 900.000
v 700.000 503.234 900.000
v 900.000 503.234 900.000
v 500.000 503.234 900.000
v 300.000 503.234 900.000
v 800.000 503.234 -800.000
v 622.222 503.234 -800.000
v 444.444 503.234 -800.000
v 266.666 503.234 -800.000
v -622.222 503.234 -800.000
v -800.000 503.234 -800.000
v -444.444 503.234 -800.000
v -266.667 503.234 -800.000
v -800.000 503.234 800.000
v -622.222 503.234 800.000
v -444.444 503.234 800.000
v -266.667 503.234 800.000
v 622.222 503.234 800.000
v 800.000 503.234 800.000
v 444.444 503.234 800.000
v 266.666 503.234 800.000
v 88.888 164.135 622.222
v 88.888 164.135 800.000
v -88.889 164.135 800.000
v -88.889 164.135 622.222
v 88.888 503.234 444.444
v 88.888 503.234 622.222
v -88.889 503.234 622.222
v -88.889 503.234 444.444
v 88.888 164.135 266.667
v 88.888 164.135 444.444
v -88.889 164.135 444.444
v -88.889 164.135 266.667
v 88.888 503.234 266.667
v -88.889 503.234 266.667
v -88.889 164.135 -622.222
v -88.889 164.135 -800.000
v 88.888 164.135 -800.000
v 88.888 164.135 -622.222
v -88.889 503.234 -444.444
v -88.889 503.234 -622.222
v 88.888 503.234 -622.222
v 88.888 503.234 -444.444
v -88.889 164.135 -266.666
v -88.889 164.135 -444.444
v 88.888 164.135 -444.444
v 88.888 164.135 -266.666
v -88.889 503.234 -266.666
v 88.888 503.234 -266.666
v 111.111 753.234 -777.777
v -111.112 753.234 -777.777
v 111.111 753.234 -555.554
v -111.112 753.234 -555.554
v 111.111 753.234 -333.333
v -111.112 753.234 -333.333
v 111.111 848.375 -304.152
v -111.112 848.375 -304.152
v -111.112 753.234 777.777
v 111.111 753.234 777.777
v -111.112 753.234 555.555
v 111.111 753.234 555.555
v -111.112 753.234 333.334
v 111.111 753.234 333.334
v -111.112 848.375 304.153
v 111.111 848.375 304.153
v 1000.000 603.234 -777.777
v 1000.000 753.234 -777.777
v 1000.000 603.234 -555.554
v 1000.000 753.234 -555.554
v 1000.000 603.234 -333.333
v 1000.000 753.234 -333.333
v 1000.000 753.234 777.777
v 1000.000 603.234 777.777
v 1000.000 753.234 555.555
v 1000.000 603.234 555.555
v 1000.000 753.234 333.334
v 1000.000 603.234 333.334
v -1000.000 603.234 777.777
v -1000.000 753.234 777.777
v -1000.000 603.234 555.555
v -1000.000 753.234 555.555
v -1000.000 603.234 333.334
v -1000.000 753.234 333.334
v -1000.000 753.234 -777.777
v -1000.000 603.234 -777.777
v -1000.000 753.234 -555.554
v -1000.000 603.234 -555.554
v -1000.000 753.234 -333.333
v -1000.000 603.234 -333.333
v -900.000 603.234 -700.000
v -900.000 603.234 -500.000
v -900.000 603.234 -300.000
v -900.000 603.234 700.000
v -900.000 603.234 499.999
v -900.000 603.234 300.000
v 900.000 603.234 700.000
v 900.000 603.234 499.999
v 900.000 603.234 300.000
v 900.000 603.234 -700.000
v 900.000 603.234 -500.000
v 900.000 603.234 -300.000
v -900.000 503.234 -700.000
v -900.000 503.234 -500.000
v -900.000 503.234 -300.000
v -900.000 503.234 700.000
v -900.000 503.234 499.999
v -900.000 503.234 300.000
v 900.000 503.234 700.000
v 900.000 503.234 499.999
v 900.000 503.234 300.000
v 900.000 503.234 -700.000
v 900.000 503.234 -500.000
v 900.000 503.234 -300.000
v -800.000 503.234 -622.222
v -800.000 503.234 -444.444
v -800.000 503.234 -266.666
v -800.000 503.234 622.222
v -800.000 503.234 444.444
v -800.000 503.234 266.667
v 800.000 503.234 622.222
v 800.000 503.234 444.444
v 800.000 503.234 266.667
v 800.000 503.234 -622.222
v 800.000 503.234 -444.444
v 800.000 503.234 -266.666
v 800.000 164.135 622.222
v 800.000 164.135 800.000
v 622.222 164.135 800.000
v 622.222 164.135 622.222
v 622.222 503.234 622.222
v 622.222 503.234 444.444
v 800.000 164.135 266.667
v 800.000 164.135 444.444
v 622.222 164.135 444.444
v 622.222 164.135 266.667
v 622.222 503.234 266.667
v 622.222 164.135 -622.222
v 622.222 164.135 -800.000
v 800.000 164.135 -800.000
v 800.000 164.135 -622.222
v 622.222 503.234 -444.444
v 622.222 503.234 -622.222
v 622.222 164.135 -266.666
v 622.222 164.135 -444.444
v 800.000 164.135 -444.444
v 800.000 164.135 -266.666
v 622.222 503.234 -266.666
v 444.444 503.234 622.222
v 444.444 503.234 444.444
v 444.444 503.234 266.667
v 444.444 503.234 -622.222
v 444.444 503.234 -444.444
v 444.444 503.234 -266.666
v 444.444 164.135 622.222
v 444.444 164.135 800.000
v 266.666 164.135 800.000
v 266.666 164.135 622.222
v 266.666 503.234 622.222
v 266.666 503.234 444.444
v 444.444 164.135 266.667
v 444.444 164.135 444.444
v 266.666 164.135 444.444
v 266.666 164.135 266.667
v 266.666 503.234 266.667
v 266.666 164.135 -622.222
v 266.666 164.135 -800.000
v 444.444 164.135 -800.000
v 444.444 164.135 -622.222
v 266.666 503.234 -444.444
v 266.666 503.234 -622.222
v 266.666 164.135 -266.666
v 266.666 164.135 -444.444
v 444.444 164.135 -444.444
v 444.444 164.135 -266.666
v 266.666 503.234 -266.666
v -800.000 164.135 -622.222
v -800.000 164.135 -800.000
v -622.222 164.135 -800.000
v -622.222 164.135 -622.222
v -622.222 503.234 -622.222
v -622.222 503.234 -444.444
v -800.000 164.135 -266.666
v -800.000 164.135 -444.444
v -622.222 164.135 -444.444
v -622.222 164.135 -266.666
v -622.222 503.234 -266.666
v -622.222 164.135 622.222
v -622.222 164.135 800.000
v -800.000 164.135 800.000
v -800.000 164.135 622.222
v -622.222 503.234 444.444
v -622.222 503.234 622.222
v -622.222 164.135 266.667
v -622.222 164.135 444.444
v -800.000 164.135 444.444
v -800.000 164.135 266.667
v -622.222 503.234 266.667
v -444.444 503.234 -622.222
v -444.444 503.234 -444.444
v -444.444 503.234 -266.666
v -444.444 503.234 622.222
v -444.444 503.234 444.444
v -444.444 503.234 266.667
v -444.444 164.135 -622.222
v -444.444 164.135 -800.000
v -266.667 164.135 -800.000
v -266.667 164.135 -622.222
v -266.667 503.234 -622.222
v -266.667 503.234 -444.444
v -444.444 164.135 -266.666
v -444.444 164.135 -444.444
v -266.667 164.135 -444.444
v -266.667 164.135 -266.666
v -266.667 503.234 -266.666
v -266.667 164.135 622.222
v -266.667 164.135 800.000
v -444.444 164.135 800.000
v -444.444 164.135 622.222
v -266.667 503.234 444.444
v -266.667 503.234 622.222
v -266.667 164.135 266.667
v -266.667 164.135 444.444
v -444.444 164.135 444.444
v -444.444 164.135 266.667
v -266.667 503.234 266.667
v 777.777 753.234 -777.777
v 777.777 753.234 -555.554
v 777.777 753.234 -333.333
v 777.777 753.234 777.777
v 777.777 753.234 555.555
v 777.777 753.234 333.334
v 555.554 753.234 -777.777
v 555.554 753.234 -555.554
v 555.554 753.234 -333.333
v 555.554 753.234 777.777
v 555.554 753.234 555.555
v 555.554 753.234 333.334
v 333.333 753.234 -777.777
v 333.333 753.234 -555.554
v 333.333 753.234 -333.333
v 333.333 753.234 777.777
v 333.333 753.234 555.555
v 333.333 753.234 333.334
v 304.152 848.375 -304.152
v 304.152 848.375 304.153
v -777.777 753.234 777.777
v -777.777 753.234 555.555
v -777.777 753.234 333.334
v -777.777 753.234 -777.777
v -777.777 753.234 -555.554
v -777.777 753.234 -333.333
v -555.555 753.234 777.777
v -555.555 753.234 555.555
v -555.555 753.234 333.334
v -555.555 753.234 -777.777
v -555.555 753.234 -555.554
v -555.555 753.234 -333.333
v -333.334 753.234 777.777
v -333.334 753.234 555.555
v -333.334 753.234 333.334
v -333.334 753.234 -777.777
v -333.334 753.234 -555.554
v -333.334 753.234 -333.333
v -304.153 848.375 304.153
v -304.153 848.375 -304.152
v -88.889 411.677 88.889
v -88.889 298.644 88.889
v 88.888 298.644 88.889
v 88.888 411.677 88.889
v 88.888 411.677 -88.888
v 88.888 298.644 -88.888
v -88.889 298.644 -88.888
v -88.889 411.677 -88.888
v 850.000 411.677 88.889
v 850.000 298.644 88.889
v 850.000 298.644 -88.888
v 850.000 411.677 -88.888
v 622.222 411.677 88.889
v 622.222 298.644 88.889
v 800.000 298.644 88.889
v 800.000 411.677 88.889
v 800.000 411.677 -88.888
v 800.000 298.644 -88.888
v 622.222 298.644 -88.888
v 622.222 411.677 -88.888
v 266.666 411.677 88.889
v 266.666 298.644 88.889
v 444.444 298.644 88.889
v 444.444 411.677 88.889
v 444.444 411.677 -88.888
v 444.444 298.644 -88.888
v 266.666 298.644 -88.888
v 266.666 411.677 -88.888
v -850.000 411.677 -88.888
v -850.000 298.644 -88.888
v -850.000 298.644 88.889
v -850.000 411.677 88.889
v -622.222 411.677 -88.888
v -622.222 298.644 -88.888
v -800.000 298.644 -88.888
v -800.000 411.677 -88.888
v -800.000 411.677 88.889
v -800.000 298.644 88.889
v -622.222 298.644 88.889
v -622.222 411.677 88.889
v -266.667 411.677 -88.888
v -266.667 298.644 -88.888
v -444.444 298.644 -88.888
v -444.444 411.677 -88.888
v -444.444 411.677 88.889
v -444.444 298.644 88.889
v -266.667 298.644 88.889
v -266.667 411.677 88.889
v -88.889 411.677 800.000
v -88.889 298.644 800.000
v 88.888 298.644 800.000
v 88.888 411.677 800.000
v 88.888 411.677 622.222
v 88.888 298.644 622.222
v -88.889 298.644 622.222
v -88.889 411.677 622.222
v -88.889 411.677 444.444
v -88.889 298.644 444.444
v 88.888 298.644 444.444
v 88.888 411.677 444.444
v 88.888 411.677 266.667
v 88.888 298.644 266.667
v -88.889 298.644 266.667
v -88.889 411.677 266.667
v 88.888 411.677 -800.000
v 88.888 298.644 -800.000
v -88.889 298.644 -800.000
v -88.889 411.677 -800.000
v -88.889 411.677 -622.222
v -88.889 298.644 -622.222
v 88.888 298.644 -622.222
v 88.888 411.677 -622.222
v -88.889 411.677 -266.666
v -88.889 298.644 -266.666
v 88.888 298.644 -266.666
v 88.888 411.677 -266.666
v 88.888 411.677 -444.444
v 88.888 298.644 -444.444
v -88.889 298.644 -444.444
v -88.889 411.677 -444.444
v 622.222 411.677 800.000
v 622.222 298.644 800.000
v 800.000 298.644 800.000
v 800.000 411.677 800.000
v 800.000 411.677 622.222
v 800.000 298.644 622.222
v 622.222 298.644 622.222
v 622.222 411.677 622.222
v 850.000 411.677 800.000
v 850.000 298.644 800.000
v 850.000 298.644 622.222
v 850.000 411.677 622.222
v 850.000 411.677 444.444
v 850.000 298.644 444.444
v 850.000 298.644 266.667
v 850.000 411.677 266.667
v 622.222 411.677 444.444
v 622.222 298.644 444.444
v 800.000 298.644 444.444
v 800.000 411.677 444.444
v 800.000 411.677 266.667
v 800.000 298.644 266.667
v 622.222 298.644 266.667
v 622.222 411.677 266.667
v 850.000 411.677 -622.222
v 850.000 298.644 -622.222
v 850.000 298.644 -800.000
v 850.000 411.677 -800.000
v 622.222 411.677 -622.222
v 622.222 298.644 -622.222
v 800.000 298.644 -622.222
v 800.000 411.677 -622.222
v 800.000 411.677 -800.000
v 800.000 298.644 -800.000
v 622.222 298.644 -800.000
v 622.222 411.677 -800.000
v 850.000 411.677 -266.666
v 850.000 298.644 -266.666
v 850.000 298.644 -444.444
v 850.000 411.677 -444.444
v 622.222 411.677 -266.666
v 622.222 298.644 -266.666
v 800.000 298.644 -266.666
v 800.000 411.677 -266.666
v 800.000 411.677 -444.444
v 800.000 298.644 -444.444
v 622.222 298.644 -444.444
v 622.222 411.677 -444.444
v 266.666 411.677 800.000
v 266.666 298.644 800.000
v 444.444 298.644 800.000
v 444.444 411.677 800.000
v 444.444 411.677 622.222
v 444.444 298.644 622.222
v 266.666 298.644 622.222
v 266.666 411.677 622.222
v 266.666 411.677 444.444
v 266.666 298.644 444.444
v 444.444 298.644 444.444
v 444.444 411.677 444.444
v 444.444 411.677 266.667
v 444.444 298.644 266.667
v 266.666 298.644 266.667
v 266.666 411.677 266.667
v 444.444 411.677 -800.000
v 444.444 298.644 -800.000
v 266.666 298.644 -800.000
v 266.666 411.677 -800.000
v 266.666 411.677 -622.222
v 266.666 298.644 -622.222
v 444.444 298.644 -622.222
v 444.444 411.677 -622.222
v 266.666 411.677 -266.666
v 266.666 298.644 -266.666
v 444.444 298.644 -266.666
v 444.444 411.677 -266.666
v 444.444 411.677 -444.444
v 444.444 298.644 -444.444
v 266.666 298.644 -444.444
v 266.666 411.677 -444.444
v -622.222 411.677 -800.000
v -622.222 298.644 -800.000
v -800.000 298.644 -800.000
v -800.000 411.677 -800.000
v -800.000 411.677 -622.222
v -800.000 298.644 -622.222
v -622.222 298.644 -622.222
v -622.222 411.677 -622.222
v -850.000 411.677 -800.000
v -850.000 298.644 -800.000
v -850.000 298.644 -622.222
v -850.000 411.677 -622.222
v -850.000 411.677 -444.444
v -850.000 298.644 -444.444
v -850.000 298.644 -266.666
v -850.000 411.677 -266.666
v -622.222 411.677 -444.444
v -622.222 298.644 -444.444
v -800.000 298.644 -444.444
v -800.000 411.677 -444.444
v -800.000 411.677 -266.666
v -800.000 298.644 -266.666
v -622.222 298.644 -266.666
v -622.222 411.677 -266.666
v -850.000 411.677 622.222
v -850.000 298.644 622.222
v -850.000 298.644 800.000
v -850.000 411.677 800.000
v -622.222 411.677 622.222
v -622.222 298.644 622.222
v -800.000 298.644 622.222
v -800.000 411.677 622.222
v -800.000 411.677 800.000
v -800.000 298.644 800.000
v -622.222 298.644 800.000
v -622.222 411.677 800.000
v -850.000 411.677 266.667
v -850.000 298.644 266.667
v -850.000 298.644 444.444
v -850.000 411.677 444.444
v -622.222 411.677 266.667
v -622.222 298.644 266.667
v -800.000 298.644 266.667
v -800.000 411.677 266.667
v -800.000 411.677 444.444
v -800.000 298.644 444.444
v -622.222 298.644 444.444
v -622.222 411.677 444.444
v -266.667 411.677 -800.000
v -266.667 298.644 -800.000
v -444.444 298.644 -800.000
v -444.444 411.677 -800.000
v -444.444 411.677 -622.222
v -444.444 298.644 -622.222
v -266.667 298.644 -622.222
v -266.667 411.677 -622.222
v -266.667 411.677 -444.444
v -266.667 298.644 -444.444
v -444.444 298.644 -444.444
v -444.444 411.677 -444.444
v -444.444 411.677 -266.666
v -444.444 298.644 -266.666
v -266.667 298.644 -266.666
v -266.667 411.677 -266.666
v -444.444 411.677 800.000
v -444.444 298.644 800.000
v -266.667 298.644 800.000
v -266.667 411.677 800.000
v -266.667 411.677 622.222
v -266.667 298.644 622.222
v -444.444 298.644 622.222
v -444.444 411.677 622.222
v -266.667 411.677 266.667
v -266.667 298.644 266.667
v -444.444 298.644 266.667
v -444.444 411.677 266.667
v -444.444 411.677 444.444
v -444.444 298.644 444.444
v -266.667 298.644 444.444
v -266.667 411.677 444.444
v 323.389 753.234 111.112
v 323.389 753.234 323.390
v 323.389 753.234 -111.111
v 323.389 753.234 -323.389
v 111.111 753.234 -323.389
v -111.112 753.234 -323.389
v -323.390 753.234 -323.389
v -323.390 753.234 -111.111
v -323.390 753.234 111.112
v -323.390 753.234 323.390
v -111.112 753.234 323.390
v 111.111 753.234 323.390
v 323.389 723.374 111.112
v 323.389 723.374 323.390
v 323.389 723.374 -111.111
v 323.389 723.374 -323.389
v 111.111 723.374 -323.389
v -111.112 723.374 -323.389
v -323.390 723.374 -323.389
v -323.390 723.374 -111.111
v -323.390 723.374 111.112
v -323.390 723.374 323.390
v -111.112 723.374 323.390
v 111.111 723.374 323.390
v 304.152 723.374 111.112
v 304.152 723.374 304.153
v 304.152 723.374 -111.111
v 304.152 723.374 -304.152
v 111.111 723.374 -304.152
v -111.112 723.374 -304.152
v -304.153 723.374 -304.152
v -304.153 723.374 -111.111
v -304.153 723.374 111.112
v -304.153 723.374 304.153
v -111.112 723.374 304.153
v 111.111 723.374 304.153
v 930.579 740.338 -855.609
v 873.241 740.338 -855.609
v 930.579 740.338 -954.921
v 959.248 740.338 -905.265
v 930.579 1074.667 -954.921
v 959.248 1074.667 -905.265
v 873.241 740.338 -954.921
v 873.241 1074.667 -954.921
v 844.572 740.338 -905.265
v 844.572 1074.667 -905.265
v 873.241 1074.667 -855.609
v 930.579 1074.667 -855.609
v 923.094 1091.662 -939.929
v 942.281 1091.662 -906.298
v 881.317 1091.662 -938.939
v 864.212 1091.662 -905.399
v 882.896 1091.662 -872.086
v 920.709 1091.662 -872.597
v 930.695 1102.528 -952.449
v 956.937 1102.528 -906.454
v 873.559 1102.528 -951.095
v 850.166 1102.528 -905.225
v 875.719 1102.528 -859.664
v 927.433 1102.528 -860.362
v 930.695 1119.041 -952.449
v 956.937 1119.041 -906.454
v 873.559 1119.041 -951.095
v 850.166 1119.041 -905.225
v 875.719 1119.041 -859.664
v 927.433 1119.041 -860.362
v 925.733 1136.868 -944.275
v 947.369 1136.868 -906.352
v 878.624 1136.868 -943.159
v 859.336 1136.868 -905.339
v 880.405 1136.868 -867.774
v 923.043 1136.868 -868.350
v 912.121 1157.876 -921.856
v 921.125 1157.876 -906.073
v 892.516 1157.876 -921.391
v 884.489 1157.876 -905.652
v 893.257 1157.876 -890.018
v 911.002 1157.876 -890.258
v 904.559 1167.894 -909.401
v 906.546 1167.894 -905.919
v 900.233 1167.894 -909.299
v 898.461 1167.894 -905.825
v 900.396 1167.894 -902.375
v 904.312 1167.894 -902.428
v 432.965 740.338 -855.609
v 375.627 740.338 -855.609
v 432.965 740.338 -954.921
v 461.634 740.338 -905.265
v 432.965 1074.667 -954.921
v 461.634 1074.667 -905.265
v 375.627 740.338 -954.921
v 375.627 1074.667 -954.921
v 346.958 740.338 -905.265
v 346.958 1074.667 -905.265
v 375.627 1074.667 -855.609
v 432.965 1074.667 -855.609
v 425.480 1091.662 -939.929
v 444.667 1091.662 -906.298
v 383.703 1091.662 -938.939
v 366.598 1091.662 -905.399
v 385.283 1091.662 -872.086
v 423.095 1091.662 -872.597
v 433.081 1102.528 -952.449
v 459.323 1102.528 -906.454
v 375.945 1102.528 -951.095
v 352.552 1102.528 -905.225
v 378.105 1102.528 -859.664
v 429.819 1102.528 -860.362
v 433.081 1119.041 -952.449
v 459.323 1119.041 -906.454
v 375.945 1119.041 -951.095
v 352.552 1119.041 -905.225
v 378.105 1119.041 -859.664
v 429.819 1119.041 -860.362
v 428.119 1136.868 -944.275
v 449.755 1136.868 -906.352
v 381.010 1136.868 -943.159
v 361.722 1136.868 -905.339
v 382.791 1136.868 -867.774
v 425.428 1136.868 -868.350
v 414.507 1157.876 -921.856
v 423.511 1157.876 -906.073
v 394.902 1157.876 -921.391
v 386.875 1157.876 -905.652
v 395.643 1157.876 -890.018
v 413.388 1157.876 -890.258
v 406.945 1167.894 -909.401
v 408.933 1167.894 -905.919
v 402.619 1167.894 -909.299
v 400.847 1167.894 -905.825
v 402.782 1167.894 -902.375
v 406.698 1167.894 -902.428
v 930.579 740.338 -373.710
v 873.241 740.338 -373.710
v 930.579 740.338 -473.022
v 959.248 740.338 -423.366
v 930.579 1074.667 -473.022
v 959.248 1074.667 -423.366
v 873.241 740.338 -473.022
v 873.241 1074.667 -473.022
v 844.572 740.338 -423.366
v 844.572 1074.667 -423.366
v 873.241 1074.667 -373.710
v 930.579 1074.667 -373.710
v 923.094 1091.662 -458.030
v 942.281 1091.662 -424.399
v 881.317 1091.662 -457.040
v 864.212 1091.662 -423.500
v 882.896 1091.662 -390.187
v 920.709 1091.662 -390.697
v 930.695 1102.528 -470.550
v 956.937 1102.528 -424.554
v 873.559 1102.528 -469.196
v 850.166 1102.528 -423.325
v 875.719 1102.528 -377.763
v 927.433 1102.528 -378.463
v 930.695 1119.041 -470.550
v 956.937 1119.041 -424.554
v 873.559 1119.041 -469.196
v 850.166 1119.041 -423.325
v 875.719 1119.041 -377.763
v 927.433 1119.041 -378.463
v 925.733 1136.868 -462.376
v 947.369 1136.868 -424.452
v 878.624 1136.868 -461.260
v 859.336 1136.868 -423.439
v 880.405 1136.868 -385.874
v 923.043 1136.868 -386.450
v 912.121 1157.876 -439.956
v 921.125 1157.876 -424.174
v 892.516 1157.876 -439.492
v 884.489 1157.876 -423.752
v 893.257 1157.876 -408.119
v 911.002 1157.876 -408.358
v 904.559 1167.894 -427.502
v 906.546 1167.894 -424.019
v 900.233 1167.894 -427.400
v 898.461 1167.894 -423.926
v 900.396 1167.894 -420.476
v 904.312 1167.894 -420.529
v 930.579 740.338 434.346
v 873.241 740.338 434.346
v 930.579 740.338 335.033
v 959.248 740.338 384.689
v 930.579 1074.667 335.033
v 959.248 1074.667 384.689
v 873.241 740.338 335.033
v 873.241 1074.667 335.033
v 844.572 740.338 384.689
v 844.572 1074.667 384.689
v 873.241 1074.667 434.346
v 930.579 1074.667 434.346
v 923.094 1091.662 350.026
v 942.281 1091.662 383.657
v 881.317 1091.662 351.016
v 864.212 1091.662 384.556
v 882.896 1091.662 417.869
v 920.709 1091.662 417.359
v 930.695 1102.528 337.506
v 956.937 1102.528 383.501
v 873.559 1102.528 338.860
v 850.166 1102.528 384.730
v 875.719 1102.528 430.291
v 927.433 1102.528 429.593
v 930.695 1119.041 337.506
v 956.937 1119.041 383.501
v 873.559 1119.041 338.860
v 850.166 1119.041 384.730
v 875.719 1119.041 430.291
v 927.433 1119.041 429.593
v 925.733 1136.868 345.679
v 947.369 1136.868 383.603
v 878.624 1136.868 346.796
v 859.336 1136.868 384.616
v 880.405 1136.868 422.181
v 923.043 1136.868 421.606
v 912.121 1157.876 368.099
v 921.125 1157.876 383.882
v 892.516 1157.876 368.563
v 884.489 1157.876 384.303
v 893.257 1157.876 399.937
v 911.002 1157.876 399.697
v 904.559 1167.894 380.553
v 906.546 1167.894 384.036
v 900.233 1167.894 380.656
v 898.461 1167.894 384.130
v 900.396 1167.894 387.579
v 904.312 1167.894 387.527
v 432.965 740.338 934.697
v 375.627 740.338 934.697
v 432.965 740.338 835.385
v 461.634 740.338 885.041
v 432.965 1074.667 835.385
v 461.634 1074.667 885.041
v 375.627 740.338 835.385
v 375.627 1074.667 835.385
v 346.958 740.338 885.041
v 346.958 1074.667 885.041
v 375.627 1074.667 934.697
v 432.965 1074.667 934.697
v 425.480 1091.662 850.378
v 444.667 1091.662 884.009
v 383.703 1091.662 851.367
v 366.598 1091.662 884.907
v 385.283 1091.662 918.220
v 423.095 1091.662 917.710
v 433.081 1102.528 837.858
v 459.323 1102.528 883.853
v 375.945 1102.528 839.211
v 352.552 1102.528 885.082
v 378.105 1102.528 930.643
v 429.819 1102.528 929.944
v 433.081 1119.041 837.858
v 459.323 1119.041 883.853
v 375.945 1119.041 839.211
v 352.552 1119.041 885.082
v 378.105 1119.041 930.643
v 429.819 1119.041 929.944
v 428.119 1136.868 846.031
v 449.755 1136.868 883.955
v 381.010 1136.868 847.147
v 361.722 1136.868 884.968
v 382.791 1136.868 922.533
v 425.428 1136.868 921.957
v 414.507 1157.876 868.451
v 423.511 1157.876 884.233
v 394.902 1157.876 868.915
v 386.875 1157.876 884.655
v 395.643 1157.876 900.288
v 413.388 1157.876 900.049
v 406.945 1167.894 880.905
v 408.933 1167.894 884.388
v 402.619 1167.894 881.008
v 400.847 1167.894 884.481
v 402.782 1167.894 887.931
v 406.698 1167.894 887.878
v 930.579 740.338 928.659
v 873.241 740.338 928.659
v 930.579 740.338 829.347
v 959.248 740.338 879.003
v 930.579 1074.667 829.347
v 959.248 1074.667 879.003
v 873.241 740.338 829.347
v 873.241 1074.667 829.347
v 844.572 740.338 879.003
v 844.572 1074.667 879.003
v 873.241 1074.667 928.659
v 930.579 1074.667 928.659
v 923.094 1091.662 844.339
v 942.281 1091.662 877.970
v 881.317 1091.662 845.329
v 864.212 1091.662 878.869
v 882.896 1091.662 912.182
v 920.709 1091.662 911.671
v 930.695 1102.528 831.819
v 956.937 1102.528 877.815
v 873.559 1102.528 833.173
v 850.166 1102.528 879.044
v 875.719 1102.528 924.604
v 927.433 1102.528 923.906
v 930.695 1119.041 831.819
v 956.937 1119.041 877.815
v 873.559 1119.041 833.173
v 850.166 1119.041 879.044
v 875.719 1119.041 924.604
v 927.433 1119.041 923.906
v 925.733 1136.868 839.993
v 947.369 1136.868 877.916
v 878.624 1136.868 841.109
v 859.336 1136.868 878.930
v 880.405 1136.868 916.494
v 923.043 1136.868 915.919
v 912.121 1157.876 862.412
v 921.125 1157.876 878.195
v 892.516 1157.876 862.877
v 884.489 1157.876 878.616
v 893.257 1157.876 894.250
v 911.002 1157.876 894.010
v 904.559 1167.894 874.867
v 906.546 1167.894 878.350
v 900.233 1167.894 874.969
v 898.461 1167.894 878.443
v 900.396 1167.894 881.893
v 904.312 1167.894 881.840
v -891.510 740.338 434.346
v -948.848 740.338 434.346
v -891.510 740.338 335.033
v -862.841 740.338 384.689
v -891.510 1074.667 335.033
v -862.841 1074.667 384.689
v -948.848 740.338 335.033
v -948.848 1074.667 335.033
v -977.517 740.338 384.689
v -977.517 1074.667 384.689
v -948.848 1074.667 434.346
v -891.510 1074.667 434.346
v -898.995 1091.662 350.026
v -879.808 1091.662 383.657
v -940.772 1091.662 351.016
v -957.877 1091.662 384.556
v -939.192 1091.662 417.869
v -901.380 1091.662 417.359
v -891.394 1102.528 337.506
v -865.152 1102.528 383.501
v -948.529 1102.528 338.860
v -971.923 1102.528 384.730
v -946.370 1102.528 430.291
v -894.656 1102.528 429.593
v -891.394 1119.041 337.506
v -865.152 1119.041 383.501
v -948.529 1119.041 338.860
v -971.923 1119.041 384.730
v -946.370 1119.041 430.291
v -894.656 1119.041 429.593
v -896.356 1136.868 345.679
v -874.720 1136.868 383.603
v -943.465 1136.868 346.796
v -962.753 1136.868 384.616
v -941.684 1136.868 422.181
v -899.046 1136.868 421.606
v -909.968 1157.876 368.099
v -900.964 1157.876 383.882
v -929.573 1157.876 368.563
v -937.600 1157.876 384.303
v -928.832 1157.876 399.937
v -911.087 1157.876 399.697
v -917.530 1167.894 380.553
v -915.543 1167.894 384.036
v -921.856 1167.894 380.656
v -923.628 1167.894 384.130
v -921.693 1167.894 387.579
v -917.777 1167.894 387.527
v -891.510 740.338 949.763
v -948.848 740.338 949.763
v -891.510 740.338 850.451
v -862.841 740.338 900.107
v -891.510 1074.667 850.451
v -862.841 1074.667 900.107
v -948.848 740.338 850.451
v -948.848 1074.667 850.451
v -977.517 740.338 900.107
v -977.517 1074.667 900.107
v -948.848 1074.667 949.763
v -891.510 1074.667 949.763
v -898.995 1091.662 865.444
v -879.808 1091.662 899.075
v -940.772 1091.662 866.433
v -957.877 1091.662 899.973
v -939.192 1091.662 933.286
v -901.380 1091.662 932.776
v -891.394 1102.528 852.924
v -865.152 1102.528 898.919
v -948.529 1102.528 854.277
v -971.923 1102.528 900.148
v -946.370 1102.528 945.709
v -894.656 1102.528 945.010
v -891.394 1119.041 852.924
v -865.152 1119.041 898.919
v -948.529 1119.041 854.277
v -971.923 1119.041 900.148
v -946.370 1119.041 945.709
v -894.656 1119.041 945.010
v -896.356 1136.868 861.097
v -874.720 1136.868 899.021
v -943.465 1136.868 862.213
v -962.753 1136.868 900.034
v -941.684 1136.868 937.599
v -899.046 1136.868 937.023
v -909.968 1157.876 883.517
v -900.964 1157.876 899.299
v -929.573 1157.876 883.981
v -937.600 1157.876 899.721
v -928.832 1157.876 915.354
v -911.087 1157.876 915.115
v -917.530 1167.894 895.971
v -915.543 1167.894 899.454
v -921.856 1167.894 896.074
v -923.628 1167.894 899.547
v -921.693 1167.894 902.997
v -917.777 1167.894 902.944
v -891.510 740.338 -865.084
v -948.848 740.338 -865.084
v -891.510 740.338 -964.396
v -862.841 740.338 -914.740
v -891.510 1074.667 -964.396
v -862.841 1074.667 -914.740
v -948.848 740.338 -964.396
v -948.848 1074.667 -964.396
v -977.517 740.338 -914.740
v -977.517 1074.667 -914.740
v -948.848 1074.667 -865.084
v -891.510 1074.667 -865.084
v -898.995 1091.662 -949.403
v -879.808 1091.662 -915.772
v -940.772 1091.662 -948.414
v -957.877 1091.662 -914.874
v -939.192 1091.662 -881.561
v -901.380 1091.662 -882.071
v -891.394 1102.528 -961.923
v -865.152 1102.528 -915.928
v -948.529 1102.528 -960.570
v -971.923 1102.528 -914.699
v -946.370 1102.528 -869.138
v -894.656 1102.528 -869.837
v -891.394 1119.041 -961.923
v -865.152 1119.041 -915.928
v -948.529 1119.041 -960.570
v -971.923 1119.041 -914.699
v -946.370 1119.041 -869.138
v -894.656 1119.041 -869.837
v -896.356 1136.868 -953.750
v -874.720 1136.868 -915.827
v -943.465 1136.868 -952.633
v -962.753 1136.868 -914.813
v -941.684 1136.868 -877.248
v -899.046 1136.868 -877.824
v -909.968 1157.876 -931.330
v -900.964 1157.876 -915.548
v -929.573 1157.876 -930.866
v -937.600 1157.876 -915.126
v -928.832 1157.876 -899.493
v -911.087 1157.876 -899.732
v -917.530 1167.894 -918.876
v -915.543 1167.894 -915.393
v -921.856 1167.894 -918.773
v -923.628 1167.894 -915.300
v -921.693 1167.894 -911.850
v -917.777 1167.894 -911.903
v -891.510 740.338 -372.489
v -948.848 740.338 -372.489
v -891.510 740.338 -471.801
v -862.841 740.338 -422.145
v -891.510 1074.667 -471.801
v -862.841 1074.667 -422.145
v -948.848 740.338 -471.801
v -948.848 1074.667 -471.801
v -977.517 740.338 -422.145
v -977.517 1074.667 -422.145
v -948.848 1074.667 -372.489
v -891.510 1074.667 -372.489
v -898.995 1091.662 -456.808
v -879.808 1091.662 -423.177
v -940.772 1091.662 -455.819
v -957.877 1091.662 -422.279
v -939.192 1091.662 -388.966
v -901.380 1091.662 -389.476
v -891.394 1102.528 -469.329
v -865.152 1102.528 -423.333
v -948.529 1102.528 -467.975
v -971.923 1102.528 -422.104
v -946.370 1102.528 -376.543
v -894.656 1102.528 -377.242
v -891.394 1119.041 -469.329
v -865.152 1119.041 -423.333
v -948.529 1119.041 -467.975
v -971.923 1119.041 -422.104
v -946.370 1119.041 -376.543
v -894.656 1119.041 -377.242
v -896.356 1136.868 -461.155
v -874.720 1136.868 -423.232
v -943.465 1136.868 -460.039
v -962.753 1136.868 -422.218
v -941.684 1136.868 -384.653
v -899.046 1136.868 -385.229
v -909.968 1157.876 -438.735
v -900.964 1157.876 -422.953
v -929.573 1157.876 -438.270
v -937.600 1157.876 -422.531
v -928.832 1157.876 -406.898
v -911.087 1157.876 -407.137
v -917.530 1167.894 -426.281
v -915.543 1167.894 -422.798
v -921.856 1167.894 -426.179
v -923.628 1167.894 -422.705
v -921.693 1167.894 -419.255
v -917.777 1167.894 -419.308
v -368.841 740.338 -865.084
v -426.179 740.338 -865.084
v -368.841 740.338 -964.396
v -340.172 740.338 -914.740
v -368.841 1074.667 -964.396
v -340.172 1074.667 -914.740
v -426.179 740.338 -964.396
v -426.179 1074.667 -964.396
v -454.847 740.338 -914.740
v -454.847 1074.667 -914.740
v -426.179 1074.667 -865.084
v -368.841 1074.667 -865.084
v -376.328 1091.662 -949.403
v -357.139 1091.662 -915.772
v -418.103 1091.662 -948.414
v -435.208 1091.662 -914.874
v -416.524 1091.662 -881.561
v -378.712 1091.662 -882.071
v -368.725 1102.528 -961.923
v -342.484 1102.528 -915.928
v -425.861 1102.528 -960.570
v -449.254 1102.528 -914.699
v -423.703 1102.528 -869.138
v -371.987 1102.528 -869.837
v -368.725 1119.041 -961.923
v -342.484 1119.041 -915.928
v -425.861 1119.041 -960.570
v -449.254 1119.041 -914.699
v -423.703 1119.041 -869.138
v -371.987 1119.041 -869.837
v -373.688 1136.868 -953.750
v -352.051 1136.868 -915.827
v -420.797 1136.868 -952.633
v -440.084 1136.868 -914.813
v -419.015 1136.868 -877.248
v -376.377 1136.868 -877.824
v -387.299 1157.876 -931.330
v -378.295 1157.876 -915.548
v -406.905 1157.876 -930.866
v -414.932 1157.876 -915.126
v -406.163 1157.876 -899.493
v -388.419 1157.876 -899.732
v -394.861 1167.894 -918.876
v -392.874 1167.894 -915.393
v -399.188 1167.894 -918.773
v -400.959 1167.894 -915.300
v -399.024 1167.894 -911.850
v -395.108 1167.894 -911.903
v -366.728 740.338 949.763
v -424.067 740.338 949.763
v -366.728 740.338 850.451
v -338.059 740.338 900.107
v -366.728 1074.667 850.451
v -338.059 1074.667 900.107
v -424.067 740.338 850.451
v -424.067 1074.667 850.451
v -452.734 740.338 900.107
v -452.734 1074.667 900.107
v -424.067 1074.667 949.763
v -366.728 1074.667 949.763
v -374.213 1091.662 865.444
v -355.026 1091.662 899.075
v -415.990 1091.662 866.433
v -433.095 1091.662 899.973
v -414.410 1091.662 933.286
v -376.599 1091.662 932.776
v -366.612 1102.528 852.924
v -340.370 1102.528 898.919
v -423.749 1102.528 854.277
v -447.140 1102.528 900.148
v -421.588 1102.528 945.709
v -369.874 1102.528 945.010
v -366.612 1119.041 852.924
v -340.370 1119.041 898.919
v -423.749 1119.041 854.277
v -447.140 1119.041 900.148
v -421.588 1119.041 945.709
v -369.874 1119.041 945.010
v -371.574 1136.868 861.097
v -349.938 1136.868 899.021
v -418.683 1136.868 862.213
v -437.971 1136.868 900.034
v -416.902 1136.868 937.599
v -374.264 1136.868 937.023
v -385.186 1157.876 883.517
v -376.182 1157.876 899.299
v -404.791 1157.876 883.981
v -412.818 1157.876 899.721
v -404.050 1157.876 915.354
v -386.305 1157.876 915.115
v -392.748 1167.894 895.971
v -390.761 1167.894 899.454
v -397.074 1167.894 896.074
v -398.846 1167.894 899.547
v -396.911 1167.894 902.997
v -392.995 1167.894 902.944
v 611.572 715.296 905.539
v 611.572 715.296 846.960
v 699.240 715.296 846.960
v 699.240 715.296 905.539
v 611.572 999.279 905.539
v 699.240 999.279 905.539
v 699.240 999.279 846.960
v 611.572 999.279 846.960
v 699.240 852.292 905.539
v 699.240 897.702 905.539
v 611.572 897.702 905.539
v 611.572 852.292 905.539
v 699.240 852.292 846.960
v 699.240 897.702 846.960
v 611.572 852.292 846.960
v 611.572 897.702 846.960
v 699.240 943.112 905.539
v 611.572 943.112 905.539
v 611.572 806.882 905.539
v 699.240 806.882 905.539
v 699.240 943.112 846.960
v 992.461 897.702 846.960
v 992.461 943.112 846.960
v 992.461 943.112 905.539
v 992.461 897.702 905.539
v 699.240 806.882 846.960
v 992.461 852.292 905.539
v 992.461 806.882 905.539
v 992.461 806.882 846.960
v 992.461 852.292 846.960
v 611.572 943.112 846.960
v 611.572 806.882 846.960
v 399.842 897.702 905.539
v 399.842 943.112 905.539
v 399.842 943.112 846.960
v 399.842 897.702 846.960
v 399.842 852.292 846.960
v 399.842 806.882 846.960
v 399.842 806.882 905.539
v 399.842 852.292 905.539
v 933.242 715.296 700.119
v 874.662 715.296 700.119
v 874.662 715.296 612.453
v 933.242 715.296 612.453
v 933.242 999.279 700.119
v 933.242 999.279 612.453
v 874.662 999.279 612.453
v 874.662 999.279 700.119
v 933.242 852.292 612.453
v 933.242 897.702 612.453
v 933.242 897.702 700.119
v 933.242 852.292 700.119
v 874.662 852.292 612.453
v 874.662 897.702 612.453
v 874.662 852.292 700.119
v 874.662 897.702 700.119
v 933.242 943.112 612.453
v 933.242 943.112 700.119
v 933.242 806.882 700.119
v 933.242 806.882 612.453
v 874.662 943.112 612.453
v 874.662 897.702 374.756
v 874.662 943.112 374.756
v 933.242 943.112 374.756
v 933.242 897.702 374.756
v 874.662 806.882 612.453
v 933.242 852.292 374.756
v 933.242 806.882 374.756
v 874.662 806.882 374.756
v 874.662 852.292 374.756
v 874.662 943.112 700.119
v 874.662 806.882 700.119
v 933.242 897.702 963.479
v 933.242 943.112 963.479
v 874.662 943.112 963.479
v 874.662 897.702 963.479
v 874.662 852.292 963.479
v 874.662 806.882 963.479
v 933.242 806.882 963.479
v 933.242 852.292 963.479
v 611.572 715.296 -884.213
v 611.572 715.296 -942.792
v 699.240 715.296 -942.792
v 699.240 715.296 -884.213
v 611.572 999.279 -884.213
v 699.240 999.279 -884.213
v 699.240 999.279 -942.792
v 611.572 999.279 -942.792
v 699.240 852.292 -884.213
v 699.240 897.702 -884.213
v 611.572 897.702 -884.213
v 611.572 852.292 -884.213
v 699.240 852.292 -942.792
v 699.240 897.702 -942.792
v 611.572 852.292 -942.792
v 611.572 897.702 -942.792
v 699.240 943.112 -884.213
v 611.572 943.112 -884.213
v 611.572 806.882 -884.213
v 699.240 806.882 -884.213
v 699.240 943.112 -942.792
v 992.461 897.702 -942.792
v 992.461 943.112 -942.792
v 992.461 943.112 -884.213
v 992.461 897.702 -884.213
v 699.240 806.882 -942.792
v 992.461 852.292 -884.213
v 992.461 806.882 -884.213
v 992.461 806.882 -942.792
v 992.461 852.292 -942.792
v 611.572 943.112 -942.792
v 611.572 806.882 -942.792
v 399.842 897.702 -884.213
v 399.842 943.112 -884.213
v 399.842 943.112 -942.792
v 399.842 897.702 -942.792
v 399.842 852.292 -942.792
v 399.842 806.882 -942.792
v 399.842 806.882 -884.213
v 399.842 852.292 -884.213
v 933.242 715.296 -618.334
v 874.662 715.296 -618.334
v 874.662 715.296 -706.001
v 933.242 715.296 -706.001
v 933.242 999.279 -618.334
v 933.242 999.279 -706.001
v 874.662 999.279 -706.001
v 874.662 999.279 -618.334
v 933.242 852.292 -706.001
v 933.242 897.702 -706.001
v 933.242 897.702 -618.334
v 933.242 852.292 -618.334
v 874.662 852.292 -706.001
v 874.662 897.702 -706.001
v 874.662 852.292 -618.334
v 874.662 897.702 -618.334
v 933.242 943.112 -706.001
v 933.242 943.112 -618.334
v 933.242 806.882 -618.334
v 933.242 806.882 -706.001
v 874.662 943.112 -706.001
v 874.662 897.702 -1001.773
v 874.662 943.112 -1001.773
v 933.242 943.112 -1001.773
v 933.242 897.702 -1001.773
v 874.662 806.882 -706.001
v 933.242 852.292 -1001.773
v 933.242 806.882 -1001.773
v 874.662 806.882 -1001.773
v 874.662 852.292 -1001.773
v 874.662 943.112 -618.334
v 874.662 806.882 -618.334
v 933.242 897.702 -413.049
v 933.242 943.112 -413.049
v 874.662 943.112 -413.049
v 874.662 897.702 -413.049
v 874.662 852.292 -413.049
v 874.662 806.882 -413.049
v 933.242 806.882 -413.049
v 933.242 852.292 -413.049
v -709.902 715.296 931.837
v -709.902 715.296 873.257
v -622.235 715.296 873.257
v -622.235 715.296 931.837
v -709.902 999.279 931.837
v -622.235 999.279 931.837
v -622.235 999.279 873.257
v -709.902 999.279 873.257
v -622.235 852.292 931.837
v -622.235 897.702 931.837
v -709.902 897.702 931.837
v -709.902 852.292 931.837
v -622.235 852.292 873.257
v -622.235 897.702 873.257
v -709.902 852.292 873.257
v -709.902 897.702 873.257
v -622.235 943.112 931.837
v -709.902 943.112 931.837
v -709.902 806.882 931.837
v -622.235 806.882 931.837
v -622.235 943.112 873.257
v -417.132 897.702 873.257
v -417.132 943.112 873.257
v -417.132 943.112 931.837
v -417.132 897.702 931.837
v -622.235 806.882 873.257
v -417.132 852.292 931.837
v -417.132 806.882 931.837
v -417.132 806.882 873.257
v -417.132 852.292 873.257
v -709.902 943.112 873.257
v -709.902 806.882 873.257
v -1009.751 897.702 931.837
v -1009.751 943.112 931.837
v -1009.751 943.112 873.257
v -1009.751 897.702 873.257
v -1009.751 852.292 873.257
v -1009.751 806.882 873.257
v -1009.751 806.882 931.837
v -1009.751 852.292 931.837
v -890.064 715.296 695.321
v -948.644 715.296 695.321
v -948.644 715.296 607.654
v -890.064 715.296 607.654
v -890.064 999.279 695.321
v -890.064 999.279 607.654
v -948.644 999.279 607.654
v -948.644 999.279 695.321
v -890.064 852.292 607.654
v -890.064 897.702 607.654
v -890.064 897.702 695.321
v -890.064 852.292 695.321
v -948.644 852.292 607.654
v -948.644 897.702 607.654
v -948.644 852.292 695.321
v -948.644 897.702 695.321
v -890.064 943.112 607.654
v -890.064 943.112 695.321
v -890.064 806.882 695.321
v -890.064 806.882 607.654
v -948.644 943.112 607.654
v -948.644 897.702 416.173
v -948.644 943.112 416.173
v -890.064 943.112 416.173
v -890.064 897.702 416.173
v -948.644 806.882 607.654
v -890.064 852.292 416.173
v -890.064 806.882 416.173
v -948.644 806.882 416.173
v -948.644 852.292 416.173
v -948.644 943.112 695.321
v -948.644 806.882 695.321
v -890.064 897.702 1004.896
v -890.064 943.112 1004.896
v -948.644 943.112 1004.896
v -948.644 897.702 1004.896
v -948.644 852.292 1004.896
v -948.644 806.882 1004.896
v -890.064 806.882 1004.896
v -890.064 852.292 1004.896
v -712.779 715.296 -884.213
v -712.779 715.296 -942.792
v -625.111 715.296 -942.792
v -625.111 715.296 -884.213
v -712.779 999.279 -884.213
v -625.111 999.279 -884.213
v -625.111 999.279 -942.792
v -712.779 999.279 -942.792
v -625.111 852.292 -884.213
v -625.111 897.702 -884.213
v -712.779 897.702 -884.213
v -712.779 852.292 -884.213
v -625.111 852.292 -942.792
v -625.111 897.702 -942.792
v -712.779 852.292 -942.792
v -712.779 897.702 -942.792
v -625.111 943.112 -884.213
v -712.779 943.112 -884.213
v -712.779 806.882 -884.213
v -625.111 806.882 -884.213
v -625.111 943.112 -942.792
v -418.956 897.702 -942.792
v -418.956 943.112 -942.792
v -418.956 943.112 -884.213
v -418.956 897.702 -884.213
v -625.111 806.882 -942.792
v -418.956 852.292 -884.213
v -418.956 806.882 -884.213
v -418.956 806.882 -942.792
v -418.956 852.292 -942.792
v -712.779 943.112 -942.792
v -712.779 806.882 -942.792
v -1011.574 897.702 -884.213
v -1011.574 943.112 -884.213
v -1011.574 943.112 -942.792
v -1011.574 897.702 -942.792
v -1011.574 852.292 -942.792
v -1011.574 806.882 -942.792
v -1011.574 806.882 -884.213
v -1011.574 852.292 -884.213
v -891.986 715.296 -618.334
v -950.566 715.296 -618.334
v -950.566 715.296 -706.001
v -891.986 715.296 -706.001
v -891.986 999.279 -618.334
v -891.986 999.279 -706.001
v -950.566 999.279 -706.001
v -950.566 999.279 -618.334
v -891.986 852.292 -706.001
v -891.986 897.702 -706.001
v -891.986 897.702 -618.334
v -891.986 852.292 -618.334
v -950.566 852.292 -706.001
v -950.566 897.702 -706.001
v -950.566 852.292 -618.334
v -950.566 897.702 -618.334
v -891.986 943.112 -706.001
v -891.986 943.112 -618.334
v -891.986 806.882 -618.334
v -891.986 806.882 -706.001
v -950.566 943.112 -706.001
v -950.566 897.702 -1001.773
v -950.566 943.112 -1001.773
v -891.986 943.112 -1001.773
v -891.986 897.702 -1001.773
v -950.566 806.882 -706.001
v -891.986 852.292 -1001.773
v -891.986 806.882 -1001.773
v -950.566 806.882 -1001.773
v -950.566 852.292 -1001.773
v -950.566 943.112 -618.334
v -950.566 806.882 -618.334
v -891.986 897.702 -413.049
v -891.986 943.112 -413.049
v -950.566 943.112 -413.049
v -950.566 897.702 -413.049
v -950.566 852.292 -413.049
v -950.566 806.882 -413.049
v -891.986 806.882 -413.049
v -891.986 852.292 -413.049
v -449.900 752.865 662.834
v -557.697 752.865 707.485
v -665.493 752.865 662.834
v -710.144 752.865 555.038
v -665.494 752.865 447.241
v -557.697 752.865 402.591
v -449.900 752.865 447.241
v -405.251 752.865 555.038
v -449.900 782.321 447.241
v -405.251 782.321 555.038
v -557.697 782.321 402.591
v -665.494 782.321 447.241
v -710.144 782.321 555.038
v -665.493 782.321 662.834
v -557.697 782.321 707.485
v -449.900 782.321 662.834
v -466.809 1699.884 645.926
v -429.162 1699.884 555.038
v -466.809 1699.884 464.149
v -557.697 1699.884 426.503
v -648.585 1699.884 464.149
v -686.232 1699.884 555.038
v -648.585 1699.884 645.926
v -557.697 1699.884 683.573
v -458.355 782.321 455.695
v -417.206 782.321 555.038
v -557.697 782.321 414.547
v -657.039 782.321 455.695
v -698.188 782.321 555.038
v -657.039 782.321 654.380
v -557.697 782.321 695.529
v -458.355 782.321 654.380
v -458.355 800.035 455.695
v -417.206 800.035 555.038
v -557.697 800.035 414.547
v -657.039 800.035 455.695
v -698.188 800.035 555.038
v -657.039 800.035 654.380
v -557.697 800.035 695.529
v -458.355 800.035 654.380
v -466.809 800.035 464.149
v -429.162 800.035 555.038
v -557.697 800.035 426.503
v -648.585 800.035 464.149
v -686.232 800.035 555.038
v -648.585 800.035 645.926
v -557.697 800.035 683.573
v -466.809 800.035 645.926
v -466.809 1669.443 464.149
v -429.162 1669.443 555.038
v -557.697 1669.443 426.503
v -648.585 1669.443 464.149
v -686.232 1669.443 555.038
v -648.585 1669.443 645.926
v -557.697 1669.443 683.573
v -466.809 1669.443 645.926
v -417.859 1669.443 555.038
v -458.816 1669.443 456.156
v -458.816 1699.884 456.156
v -417.859 1699.884 555.038
v -557.697 1669.443 415.199
v -557.697 1699.884 415.199
v -656.578 1669.443 456.156
v -656.578 1699.884 456.156
v -697.536 1669.443 555.038
v -697.536 1699.884 555.038
v -656.578 1669.443 653.919
v -656.578 1699.884 653.919
v -557.697 1669.443 694.876
v -557.697 1699.884 694.876
v -458.816 1669.443 653.918
v -458.816 1699.884 653.918
v 662.309 752.865 662.834
v 554.512 752.865 707.485
v 446.716 752.865 662.834
v 402.065 752.865 555.038
v 446.716 752.865 447.241
v 554.512 752.865 402.591
v 662.309 752.865 447.241
v 706.960 752.865 555.038
v 662.309 782.321 447.241
v 706.960 782.321 555.038
v 554.512 782.321 402.591
v 446.716 782.321 447.241
v 402.065 782.321 555.038
v 446.716 782.321 662.834
v 554.512 782.321 707.485
v 662.309 782.321 662.834
v 645.401 1699.884 645.926
v 683.048 1699.884 555.038
v 645.401 1699.884 464.149
v 554.512 1699.884 426.503
v 463.624 1699.884 464.149
v 425.977 1699.884 555.038
v 463.624 1699.884 645.926
v 554.512 1699.884 683.573
v 653.855 782.321 455.695
v 695.004 782.321 555.038
v 554.512 782.321 414.547
v 455.170 782.321 455.695
v 414.021 782.321 555.038
v 455.170 782.321 654.380
v 554.512 782.321 695.529
v 653.855 782.321 654.380
v 653.855 800.035 455.695
v 695.004 800.035 555.038
v 554.512 800.035 414.547
v 455.170 800.035 455.695
v 414.021 800.035 555.038
v 455.170 800.035 654.380
v 554.512 800.035 695.529
v 653.855 800.035 654.380
v 645.401 800.035 464.149
v 683.048 800.035 555.038
v 554.512 800.035 426.503
v 463.624 800.035 464.149
v 425.977 800.035 555.038
v 463.624 800.035 645.926
v 554.512 800.035 683.573
v 645.401 800.035 645.926
v 645.401 1669.443 464.149
v 683.048 1669.443 555.038
v 554.512 1669.443 426.503
v 463.624 1669.443 464.149
v 425.977 1669.443 555.038
v 463.624 1669.443 645.926
v 554.512 1669.443 683.573
v 645.401 1669.443 645.926
v 694.352 1669.443 555.038
v 653.394 1669.443 456.156
v 653.394 1699.884 456.156
v 694.352 1699.884 555.038
v 554.512 1669.443 415.199
v 554.512 1699.884 415.199
v 455.631 1669.443 456.156
v 455.631 1699.884 456.156
v 414.673 1669.443 555.038
v 414.673 1699.884 555.038
v 455.631 1669.443 653.919
v 455.631 1699.884 653.919
v 554.512 1669.443 694.876
v 554.512 1699.884 694.876
v 653.394 1669.443 653.918
v 653.394 1699.884 653.918
v -449.900 752.865 -448.278
v -557.697 752.865 -403.627
v -665.493 752.865 -448.278
v -710.144 752.865 -556.074
v -665.494 752.865 -663.871
v -557.697 752.865 -708.522
v -449.900 752.865 -663.871
v -405.251 752.865 -556.074
v -449.900 782.321 -663.871
v -405.251 782.321 -556.074
v -557.697 782.321 -708.522
v -665.494 782.321 -663.871
v -710.144 782.321 -556.074
v -665.493 782.321 -448.278
v -557.697 782.321 -403.627
v -449.900 782.321 -448.278
v -466.809 1699.884 -465.186
v -429.162 1699.884 -556.074
v -466.809 1699.884 -646.962
v -557.697 1699.884 -684.609
v -648.585 1699.884 -646.962
v -686.232 1699.884 -556.074
v -648.585 1699.884 -465.186
v -557.697 1699.884 -427.539
v -458.355 782.321 -655.417
v -417.206 782.321 -556.074
v -557.697 782.321 -696.565
v -657.039 782.321 -655.417
v -698.188 782.321 -556.074
v -657.039 782.321 -456.732
v -557.697 782.321 -415.583
v -458.355 782.321 -456.732
v -458.355 800.035 -655.417
v -417.206 800.035 -556.074
v -557.697 800.035 -696.565
v -657.039 800.035 -655.417
v -698.188 800.035 -556.074
v -657.039 800.035 -456.732
v -557.697 800.035 -415.583
v -458.355 800.035 -456.732
v -466.809 800.035 -646.962
v -429.162 800.035 -556.074
v -557.697 800.035 -684.609
v -648.585 800.035 -646.962
v -686.232 800.035 -556.074
v -648.585 800.035 -465.186
v -557.697 800.035 -427.539
v -466.809 800.035 -465.186
v -466.809 1669.443 -646.962
v -429.162 1669.443 -556.074
v -557.697 1669.443 -684.609
v -648.585 1669.443 -646.962
v -686.232 1669.443 -556.074
v -648.585 1669.443 -465.186
v -557.697 1669.443 -427.539
v -466.809 1669.443 -465.186
v -417.859 1669.443 -556.074
v -458.816 1669.443 -654.955
v -458.816 1699.884 -654.955
v -417.859 1699.884 -556.074
v -557.697 1669.443 -695.913
v -557.697 1699.884 -695.913
v -656.578 1669.443 -654.955
v -656.578 1699.884 -654.955
v -697.536 1669.443 -556.074
v -697.536 1699.884 -556.074
v -656.578 1669.443 -457.193
v -656.578 1699.884 -457.193
v -557.697 1669.443 -416.235
v -557.697 1699.884 -416.235
v -458.816 1669.443 -457.193
v -458.816 1699.884 -457.193
v 662.309 752.865 -448.278
v 554.512 752.865 -403.627
v 446.716 752.865 -448.278
v 402.065 752.865 -556.074
v 446.716 752.865 -663.871
v 554.512 752.865 -708.522
v 662.309 752.865 -663.871
v 706.960 752.865 -556.074
v 662.309 782.321 -663.871
v 706.960 782.321 -556.074
v 554.512 782.321 -708.522
v 446.716 782.321 -663.871
v 402.065 782.321 -556.074
v 446.716 782.321 -448.278
v 554.512 782.321 -403.627
v 662.309 782.321 -448.278
v 645.401 1699.884 -465.186
v 683.048 1699.884 -556.074
v 645.401 1699.884 -646.962
v 554.512 1699.884 -684.609
v 463.624 1699.884 -646.962
v 425.977 1699.884 -556.074
v 463.624 1699.884 -465.186
v 554.512 1699.884 -427.539
v 653.855 782.321 -655.417
v 695.004 782.321 -556.074
v 554.512 782.321 -696.565
v 455.170 782.321 -655.417
v 414.021 782.321 -556.074
v 455.170 782.321 -456.732
v 554.512 782.321 -415.583
v 653.855 782.321 -456.732
v 653.855 800.035 -655.417
v 695.004 800.035 -556.074
v 554.512 800.035 -696.565
v 455.170 800.035 -655.417
v 414.021 800.035 -556.074
v 455.170 800.035 -456.732
v 554.512 800.035 -415.583
v 653.855 800.035 -456.732
v 645.401 800.035 -646.962
v 683.048 800.035 -556.074
v 554.512 800.035 -684.609
v 463.624 800.035 -646.962
v 425.977 800.035 -556.074
v 463.624 800.035 -465.186
v 554.512 800.035 -427.539
v 645.401 800.035 -465.186
v 645.401 1669.443 -646.962
v 683.048 1669.443 -556.074
v 554.512 1669.443 -684.609
v 463.624 1669.443 -646.962
v 425.977 1669.443 -556.074
v 463.624 1669.443 -465.186
v 554.512 1669.443 -427.539
v 645.401 1669.443 -465.186
v 694.352 1669.443 -556.074
v 653.394 1669.443 -654.955
v 653.394 1699.884 -654.955
v 694.352 1699.884 -556.074
v 554.512 1669.443 -695.913
v 554.512 1699.884 -695.913
v 455.631 1669.443 -654.955
v 455.631 1699.884 -654.955
v 414.673 1669.443 -556.074
v 414.673 1699.884 -556.074
v 455.631 1669.443 -457.193
v 455.631 1699.884 -457.193
v 554.512 1669.443 -416.235
v 554.512 1699.884 -416.235
v 653.394 1669.443 -457.193
v 653.394 1699.884 -457.193
v -3.480 9286.061 16.318
v -3.480 9269.995 -85.112
v -34.823 9269.995 -80.147
v -63.098 9269.995 -65.739
v -85.538 9269.995 -43.301
v -99.945 9269.995 -15.026
v -104.909 9269.995 16.318
v -99.945 9269.995 47.661
v -85.538 9269.995 75.937
v -63.098 9269.995 98.376
v -34.823 9269.995 112.783
v -3.480 9269.995 117.747
v 27.864 9269.995 112.783
v 56.139 9269.995 98.376
v 78.577 9269.995 75.936
v 92.985 9269.995 47.661
v 97.950 9269.995 16.318
v 92.985 9269.995 -15.026
v 78.577 9269.995 -43.301
v 56.139 9269.995 -65.739
v 27.863 9269.995 -80.147
v -3.480 9223.374 -176.612
v -63.098 9223.374 -167.169
v -116.881 9223.374 -139.766
v -159.563 9223.374 -97.083
v -186.967 9223.374 -43.301
v -196.410 9223.374 16.318
v -186.967 9223.374 75.937
v -159.563 9223.374 129.719
v -116.881 9223.374 172.401
v -63.098 9223.374 199.805
v -3.479 9223.374 209.248
v 56.139 9223.374 199.805
v 109.922 9223.374 172.401
v 152.604 9223.374 129.719
v 180.008 9223.374 75.936
v 189.450 9223.374 16.317
v 180.008 9223.374 -43.301
v 152.604 9223.374 -97.084
v 109.921 9223.374 -139.766
v 56.139 9223.374 -167.170
v -3.480 9150.758 -249.227
v -85.538 9150.758 -236.231
v -159.563 9150.758 -198.513
v -218.310 9150.758 -139.766
v -256.028 9150.758 -65.739
v -269.025 9150.758 16.318
v -256.028 9150.758 98.376
v -218.310 9150.758 172.401
v -159.563 9150.758 231.148
v -85.537 9150.758 268.867
v -3.479 9150.758 281.863
v 78.579 9150.758 268.866
v 152.604 9150.758 231.148
v 211.351 9150.758 172.401
v 249.069 9150.758 98.376
v 262.066 9150.758 16.317
v 249.069 9150.758 -65.741
v 211.351 9150.758 -139.766
v 152.604 9150.758 -198.513
v 78.577 9150.758 -236.231
v -3.480 9059.258 -295.850
v -99.945 9059.258 -280.571
v -186.967 9059.258 -236.231
v -256.028 9059.258 -167.169
v -300.368 9059.258 -80.147
v -315.647 9059.258 16.318
v -300.368 9059.258 112.783
v -256.028 9059.258 199.805
v -186.967 9059.258 268.867
v -99.944 9059.258 313.207
v -3.479 9059.258 328.485
v 92.986 9059.258 313.207
v 180.008 9059.258 268.866
v 249.069 9059.258 199.805
v 293.409 9059.258 112.782
v 308.688 9059.258 16.317
v 293.409 9059.258 -80.148
v 249.069 9059.258 -167.170
v 180.007 9059.258 -236.231
v 92.985 9059.258 -280.571
v -3.480 8957.828 -311.914
v -104.909 8957.828 -295.850
v -196.410 8957.828 -249.227
v -269.025 8957.828 -176.612
v -315.647 8957.828 -85.111
v -331.712 8957.828 16.318
v -315.647 8957.828 117.747
v -269.025 8957.828 209.248
v -196.409 8957.828 281.863
v -104.909 8957.828 328.485
v -3.479 8957.828 344.550
v 97.950 8957.828 328.485
v 189.451 8957.828 281.863
v 262.066 8957.828 209.248
v 308.688 8957.828 117.747
v 324.752 8957.828 16.317
v 308.687 8957.828 -85.112
v 262.065 8957.828 -176.613
v 189.450 8957.828 -249.228
v 97.949 8957.828 -295.850
v 32.634 8691.848 60.061
v -24.704 8691.848 60.061
v 32.634 8691.848 -39.251
v 61.303 8691.848 10.405
v 61.303 12557.797 10.405
v 32.634 12557.797 -39.251
v 32.634 12892.126 -39.251
v 61.303 12892.126 10.405
v -24.704 12557.797 -39.251
v -24.704 12892.126 -39.251
v -53.373 12557.797 10.405
v -53.373 12892.126 10.405
v -24.704 12557.797 60.061
v -24.704 12892.126 60.061
v 32.634 12557.797 60.061
v 32.634 12892.126 60.061
v 25.149 12909.121 -24.259
v 44.336 12909.121 9.372
v -16.628 12909.121 -23.269
v -33.733 12909.121 10.271
v -15.048 12909.121 43.584
v 22.764 12909.121 43.073
v 32.750 12919.986 -36.779
v 58.992 12919.986 9.217
v -24.386 12919.986 -35.425
v -47.779 12919.986 10.446
v -22.225 12919.986 56.006
v 29.488 12919.986 55.308
v 32.750 12936.500 -36.779
v 58.992 12936.500 9.217
v -24.386 12936.500 -35.425
v -47.779 12936.500 10.446
v -22.225 12936.500 56.006
v 29.488 12936.500 55.308
v 27.788 12954.326 -28.605
v 49.424 12954.326 9.318
v -19.321 12954.326 -27.489
v -38.609 12954.326 10.332
v -17.540 12954.326 47.897
v 25.098 12954.326 47.321
v 14.176 12975.334 -6.186
v 23.180 12975.334 9.597
v -5.429 12975.334 -5.721
v -13.456 12975.334 10.019
v -4.688 12975.334 25.652
v 13.057 12975.334 25.412
v 6.615 12985.353 6.269
v 8.602 12985.353 9.752
v 2.288 12985.353 6.371
v 0.517 12985.353 9.845
v 2.452 12985.353 13.295
v 6.368 12985.353 13.242
v -53.373 8691.848 10.405
v -24.704 8691.848 -39.251
v -0.910 8957.828 20.900
v -3.480 9832.759 16.318
v -3.480 9816.693 -85.112
v -34.823 9816.693 -80.147
v -63.098 9816.693 -65.739
v -85.538 9816.693 -43.301
v -99.945 9816.693 -15.026
v -104.909 9816.693 16.318
v -99.945 9816.693 47.661
v -85.538 9816.693 75.937
v -63.098 9816.693 98.376
v -34.823 9816.693 112.783
v -3.480 9816.693 117.747
v 27.864 9816.693 112.783
v 56.139 9816.693 98.376
v 78.577 9816.693 75.936
v 92.985 9816.693 47.661
v 97.950 9816.693 16.318
v 92.985 9816.693 -15.026
v 78.577 9816.693 -43.301
v 56.139 9816.693 -65.739
v 27.863 9816.693 -80.147
v -3.480 9770.072 -176.612
v -63.098 9770.072 -167.169
v -116.881 9770.072 -139.766
v -159.563 9770.072 -97.083
v -186.967 9770.072 -43.301
v -196.410 9770.072 16.318
v -186.967 9770.072 75.937
v -159.563 9770.072 129.719
v -116.881 9770.072 172.401
v -63.098 9770.072 199.805
v -3.479 9770.072 209.248
v 56.139 9770.072 199.805
v 109.922 9770.072 172.401
v 152.604 9770.072 129.719
v 180.008 9770.072 75.936
v 189.450 9770.072 16.317
v 180.008 9770.072 -43.301
v 152.604 9770.072 -97.084
v 109.921 9770.072 -139.766
v 56.139 9770.072 -167.170
v -3.480 9697.456 -249.227
v -85.538 9697.456 -236.231
v -159.563 9697.456 -198.513
v -218.310 9697.456 -139.766
v -256.028 9697.456 -65.739
v -269.025 9697.456 16.318
v -256.028 9697.456 98.376
v -218.310 9697.456 172.401
v -159.563 9697.456 231.148
v -85.537 9697.456 268.867
v -3.479 9697.456 281.863
v 78.579 9697.456 268.866
v 152.604 9697.456 231.148
v 211.351 9697.456 172.401
v 249.069 9697.456 98.376
v 262.066 9697.456 16.317
v 249.069 9697.456 -65.741
v 211.351 9697.456 -139.766
v 152.604 9697.456 -198.513
v 78.577 9697.456 -236.231
v -3.480 9605.956 -295.850
v -99.945 9605.956 -280.571
v -186.967 9605.956 -236.231
v -256.028 9605.956 -167.169
v -300.368 9605.956 -80.147
v -315.647 9605.956 16.318
v -300.368 9605.956 112.783
v -256.028 9605.956 199.805
v -186.967 9605.956 268.867
v -99.944 9605.956 313.207
v -3.479 9605.956 328.485
v 92.986 9605.956 313.207
v 180.008 9605.956 268.866
v 249.069 9605.956 199.805
v 293.409 9605.956 112.782
v 308.688 9605.956 16.317
v 293.409 9605.956 -80.148
v 249.069 9605.956 -167.170
v 180.007 9605.956 -236.231
v 92.985 9605.956 -280.571
v -3.480 9504.526 -311.914
v -104.909 9504.526 -295.850
v -196.410 9504.526 -249.227
v -269.025 9504.526 -176.612
v -315.647 9504.526 -85.111
v -331.712 9504.526 16.318
v -315.647 9504.526 117.747
v -269.025 9504.526 209.248
v -196.409 9504.526 281.863
v -104.909 9504.526 328.485
v -3.479 9504.526 344.550
v 97.950 9504.526 328.485
v 189.451 9504.526 281.863
v 262.066 9504.526 209.248
v 308.688 9504.526 117.747
v 324.752 9504.526 16.317
v 308.687 9504.526 -85.112
v 262.065 9504.526 -176.613
v 189.450 9504.526 -249.228
v 97.949 9504.526 -295.850
v -0.910 9504.526 20.900
v -3.480 10304.412 16.318
v -3.480 10288.347 -85.112
v -34.823 10288.347 -80.147
v -63.098 10288.347 -65.739
v -85.538 10288.347 -43.301
v -99.945 10288.347 -15.026
v -104.909 10288.347 16.318
v -99.945 10288.347 47.661
v -85.538 10288.347 75.937
v -63.098 10288.347 98.376
v -34.823 10288.347 112.783
v -3.480 10288.347 117.747
v 27.864 10288.347 112.783
v 56.139 10288.347 98.376
v 78.577 10288.347 75.936
v 92.985 10288.347 47.661
v 97.950 10288.347 16.318
v 92.985 10288.347 -15.026
v 78.577 10288.347 -43.301
v 56.139 10288.347 -65.739
v 27.863 10288.347 -80.147
v -3.480 10241.725 -176.612
v -63.098 10241.725 -167.169
v -116.881 10241.725 -139.766
v -159.563 10241.725 -97.083
v -186.967 10241.725 -43.301
v -196.410 10241.725 16.318
v -186.967 10241.725 75.937
v -159.563 10241.725 129.719
v -116.881 10241.725 172.401
v -63.098 10241.725 199.805
v -3.479 10241.725 209.248
v 56.139 10241.725 199.805
v 109.922 10241.725 172.401
v 152.604 10241.725 129.719
v 180.008 10241.725 75.936
v 189.450 10241.725 16.317
v 180.008 10241.725 -43.301
v 152.604 10241.725 -97.084
v 109.921 10241.725 -139.766
v 56.139 10241.725 -167.170
v -3.480 10169.110 -249.227
v -85.538 10169.110 -236.231
v -159.563 10169.110 -198.513
v -218.310 10169.110 -139.766
v -256.028 10169.110 -65.739
v -269.025 10169.110 16.318
v -256.028 10169.110 98.376
v -218.310 10169.110 172.401
v -159.563 10169.110 231.148
v -85.537 10169.110 268.867
v -3.479 10169.110 281.863
v 78.579 10169.110 268.866
v 152.604 10169.110 231.148
v 211.351 10169.110 172.401
v 249.069 10169.110 98.376
v 262.066 10169.110 16.317
v 249.069 10169.110 -65.741
v 211.351 10169.110 -139.766
v 152.604 10169.110 -198.513
v 78.577 10169.110 -236.231
v -3.480 10077.609 -295.850
v -99.945 10077.609 -280.571
v -186.967 10077.609 -236.231
v -256.028 10077.609 -167.169
v -300.368 10077.609 -80.147
v -315.647 10077.609 16.318
v -300.368 10077.609 112.783
v -256.028 10077.609 199.805
v -186.967 10077.609 268.867
v -99.944 10077.609 313.207
v -3.479 10077.609 328.485
v 92.986 10077.609 313.207
v 180.008 10077.609 268.866
v 249.069 10077.609 199.805
v 293.409 10077.609 112.782
v 308.688 10077.609 16.317
v 293.409 10077.609 -80.148
v 249.069 10077.609 -167.170
v 180.007 10077.609 -236.231
v 92.985 10077.609 -280.571
v -3.480 9976.179 -311.914
v -104.909 9976.179 -295.850
v -196.410 9976.179 -249.227
v -269.025 9976.179 -176.612
v -315.647 9976.179 -85.111
v -331.712 9976.179 16.318
v -315.647 9976.179 117.747
v -269.025 9976.179 209.248
v -196.409 9976.179 281.863
v -104.909 9976.179 328.485
v -3.479 9976.179 344.550
v 97.950 9976.179 328.485
v 189.451 9976.179 281.863
v 262.066 9976.179 209.248
v 308.688 9976.179 117.747
v 324.752 9976.179 16.317
v 308.687 9976.179 -85.112
v 262.065 9976.179 -176.613
v 189.450 9976.179 -249.228
v 97.949 9976.179 -295.850
v -0.910 9976.179 20.900
v -3.480 10774.994 16.318
v -3.480 10758.929 -85.112
v -34.823 10758.929 -80.147
v -63.098 10758.929 -65.739
v -85.538 10758.929 -43.301
v -99.945 10758.929 -15.026
v -104.909 10758.929 16.318
v -99.945 10758.929 47.661
v -85.538 10758.929 75.937
v -63.098 10758.929 98.376
v -34.823 10758.929 112.783
v -3.480 10758.929 117.747
v 27.864 10758.929 112.783
v 56.139 10758.929 98.376
v 78.577 10758.929 75.936
v 92.985 10758.929 47.661
v 97.950 10758.929 16.318
v 92.985 10758.929 -15.026
v 78.577 10758.929 -43.301
v 56.139 10758.929 -65.739
v 27.863 10758.929 -80.147
v -3.480 10712.306 -176.612
v -63.098 10712.306 -167.169
v -116.881 10712.306 -139.766
v -159.563 10712.306 -97.083
v -186.967 10712.306 -43.301
v -196.410 10712.306 16.318
v -186.967 10712.306 75.937
v -159.563 10712.306 129.719
v -116.881 10712.306 172.401
v -63.098 10712.306 199.805
v -3.479 10712.306 209.248
v 56.139 10712.306 199.805
v 109.922 10712.306 172.401
v 152.604 10712.306 129.719
v 180.008 10712.306 75.936
v 189.450 10712.306 16.317
v 180.008 10712.306 -43.301
v 152.604 10712.306 -97.084
v 109.921 10712.306 -139.766
v 56.139 10712.306 -167.170
v -3.480 10639.692 -249.227
v -85.538 10639.692 -236.231
v -159.563 10639.692 -198.513
v -218.310 10639.692 -139.766
v -256.028 10639.692 -65.739
v -269.025 10639.692 16.318
v -256.028 10639.692 98.376
v -218.310 10639.692 172.401
v -159.563 10639.692 231.148
v -85.537 10639.692 268.867
v -3.479 10639.692 281.863
v 78.579 10639.692 268.866
v 152.604 10639.692 231.148
v 211.351 10639.692 172.401
v 249.069 10639.692 98.376
v 262.066 10639.692 16.317
v 249.069 10639.692 -65.741
v 211.351 10639.692 -139.766
v 152.604 10639.692 -198.513
v 78.577 10639.692 -236.231
v -3.480 10548.191 -295.850
v -99.945 10548.191 -280.571
v -186.967 10548.191 -236.231
v -256.028 10548.191 -167.169
v -300.368 10548.191 -80.147
v -315.647 10548.191 16.318
v -300.368 10548.191 112.783
v -256.028 10548.191 199.805
v -186.967 10548.191 268.867
v -99.944 10548.191 313.207
v -3.479 10548.191 328.485
v 92.986 10548.191 313.207
v 180.008 10548.191 268.866
v 249.069 10548.191 199.805
v 293.409 10548.191 112.782
v 308.688 10548.191 16.317
v 293.409 10548.191 -80.148
v 249.069 10548.191 -167.170
v 180.007 10548.191 -236.231
v 92.985 10548.191 -280.571
v -3.480 10446.761 -311.914
v -104.909 10446.761 -295.850
v -196.410 10446.761 -249.227
v -269.025 10446.761 -176.612
v -315.647 10446.761 -85.111
v -331.712 10446.761 16.318
v -315.647 10446.761 117.747
v -269.025 10446.761 209.248
v -196.409 10446.761 281.863
v -104.909 10446.761 328.485
v -3.479 10446.761 344.550
v 97.950 10446.761 328.485
v 189.451 10446.761 281.863
v 262.066 10446.761 209.248
v 308.688 10446.761 117.747
v 324.752 10446.761 16.317
v 308.687 10446.761 -85.112
v 262.065 10446.761 -176.613
v 189.450 10446.761 -249.228
v 97.949 10446.761 -295.850
v -0.910 10446.761 20.900
v -3.480 11355.907 16.318
v -3.480 11339.843 -85.112
v -34.823 11339.843 -80.147
v -63.098 11339.843 -65.739
v -85.538 11339.843 -43.301
v -99.945 11339.843 -15.026
v -104.909 11339.843 16.318
v -99.945 11339.843 47.661
v -85.538 11339.843 75.937
v -63.098 11339.843 98.376
v -34.823 11339.843 112.783
v -3.480 11339.843 117.747
v 27.864 11339.843 112.783
v 56.139 11339.843 98.376
v 78.577 11339.843 75.936
v 92.985 11339.843 47.661
v 97.950 11339.843 16.318
v 92.985 11339.843 -15.026
v 78.577 11339.843 -43.301
v 56.139 11339.843 -65.739
v 27.863 11339.843 -80.147
v -3.480 11293.220 -176.612
v -63.098 11293.220 -167.169
v -116.881 11293.220 -139.766
v -159.563 11293.220 -97.083
v -186.967 11293.220 -43.301
v -196.410 11293.220 16.318
v -186.967 11293.220 75.937
v -159.563 11293.220 129.719
v -116.881 11293.220 172.401
v -63.098 11293.220 199.805
v -3.479 11293.220 209.248
v 56.139 11293.220 199.805
v 109.922 11293.220 172.401
v 152.604 11293.220 129.719
v 180.008 11293.220 75.936
v 189.450 11293.220 16.317
v 180.008 11293.220 -43.301
v 152.604 11293.220 -97.084
v 109.921 11293.220 -139.766
v 56.139 11293.220 -167.170
v -3.480 11220.604 -249.227
v -85.538 11220.604 -236.231
v -159.563 11220.604 -198.513
v -218.310 11220.604 -139.766
v -256.028 11220.604 -65.739
v -269.025 11220.604 16.318
v -256.028 11220.604 98.376
v -218.310 11220.604 172.401
v -159.563 11220.604 231.148
v -85.537 11220.604 268.867
v -3.479 11220.604 281.863
v 78.579 11220.604 268.866
v 152.604 11220.604 231.148
v 211.351 11220.604 172.401
v 249.069 11220.604 98.376
v 262.066 11220.604 16.317
v 249.069 11220.604 -65.741
v 211.351 11220.604 -139.766
v 152.604 11220.604 -198.513
v 78.577 11220.604 -236.231
v -3.480 11129.105 -295.850
v -99.945 11129.105 -280.571
v -186.967 11129.105 -236.231
v -256.028 11129.105 -167.169
v -300.368 11129.105 -80.147
v -315.647 11129.105 16.318
v -300.368 11129.105 112.783
v -256.028 11129.105 199.805
v -186.967 11129.105 268.867
v -99.944 11129.105 313.207
v -3.479 11129.105 328.485
v 92.986 11129.105 313.207
v 180.008 11129.105 268.866
v 249.069 11129.105 199.805
v 293.409 11129.105 112.782
v 308.688 11129.105 16.317
v 293.409 11129.105 -80.148
v 249.069 11129.105 -167.170
v 180.007 11129.105 -236.231
v 92.985 11129.105 -280.571
v -3.480 11027.675 -311.914
v -104.909 11027.675 -295.850
v -196.410 11027.675 -249.227
v -269.025 11027.675 -176.612
v -315.647 11027.675 -85.111
v -331.712 11027.675 16.318
v -315.647 11027.675 117.747
v -269.025 11027.675 209.248
v -196.409 11027.675 281.863
v -104.909 11027.675 328.485
v -3.479 11027.675 344.550
v 97.950 11027.675 328.485
v 189.451 11027.675 281.863
v 262.066 11027.675 209.248
v 308.688 11027.675 117.747
v 324.752 11027.675 16.317
v 308.687 11027.675 -85.112
v 262.065 11027.675 -176.613
v 189.450 11027.675 -249.228
v 97.949 11027.675 -295.850
v -0.910 11027.675 20.900
v -3.480 11855.615 16.318
v -3.480 11839.550 -85.112
v -34.823 11839.550 -80.147
v -63.098 11839.550 -65.739
v -85.538 11839.550 -43.301
v -99.945 11839.550 -15.026
v -104.909 11839.550 16.318
v -99.945 11839.550 47.661
v -85.538 11839.550 75.937
v -63.098 11839.550 98.376
v -34.823 11839.550 112.783
v -3.480 11839.550 117.747
v 27.864 11839.550 112.783
v 56.139 11839.550 98.376
v 78.577 11839.550 75.936
v 92.985 11839.550 47.661
v 97.950 11839.550 16.318
v 92.985 11839.550 -15.026
v 78.577 11839.550 -43.301
v 56.139 11839.550 -65.739
v 27.863 11839.550 -80.147
v -3.480 11792.928 -176.612
v -63.098 11792.928 -167.169
v -116.881 11792.928 -139.766
v -159.563 11792.928 -97.083
v -186.967 11792.928 -43.301
v -196.410 11792.928 16.318
v -186.967 11792.928 75.937
v -159.563 11792.928 129.719
v -116.881 11792.928 172.401
v -63.098 11792.928 199.805
v -3.479 11792.928 209.248
v 56.139 11792.928 199.805
v 109.922 11792.928 172.401
v 152.604 11792.928 129.719
v 180.008 11792.928 75.936
v 189.450 11792.928 16.317
v 180.008 11792.928 -43.301
v 152.604 11792.928 -97.084
v 109.921 11792.928 -139.766
v 56.139 11792.928 -167.170
v -3.480 11720.312 -249.227
v -85.538 11720.312 -236.231
v -159.563 11720.312 -198.513
v -218.310 11720.312 -139.766
v -256.028 11720.312 -65.739
v -269.025 11720.312 16.318
v -256.028 11720.312 98.376
v -218.310 11720.312 172.401
v -159.563 11720.312 231.148
v -85.537 11720.312 268.867
v -3.479 11720.312 281.863
v 78.579 11720.312 268.866
v 152.604 11720.312 231.148
v 211.351 11720.312 172.401
v 249.069 11720.312 98.376
v 262.066 11720.312 16.317
v 249.069 11720.312 -65.741
v 211.351 11720.312 -139.766
v 152.604 11720.312 -198.513
v 78.577 11720.312 -236.231
v -3.480 11628.812 -295.850
v -99.945 11628.812 -280.571
v -186.967 11628.812 -236.231
v -256.028 11628.812 -167.169
v -300.368 11628.812 -80.147
v -315.647 11628.812 16.318
v -300.368 11628.812 112.783
v -256.028 11628.812 199.805
v -186.967 11628.812 268.867
v -99.944 11628.812 313.207
v -3.479 11628.812 328.485
v 92.986 11628.812 313.207
v 180.008 11628.812 268.866
v 249.069 11628.812 199.805
v 293.409 11628.812 112.782
v 308.688 11628.812 16.317
v 293.409 11628.812 -80.148
v 249.069 11628.812 -167.170
v 180.007 11628.812 -236.231
v 92.985 11628.812 -280.571
v -3.480 11527.383 -311.914
v -104.909 11527.383 -295.850
v -196.410 11527.383 -249.227
v -269.025 11527.383 -176.612
v -315.647 11527.383 -85.111
v -331.712 11527.383 16.318
v -315.647 11527.383 117.747
v -269.025 11527.383 209.248
v -196.409 11527.383 281.863
v -104.909 11527.383 328.485
v -3.479 11527.383 344.550
v 97.950 11527.383 328.485
v 189.451 11527.383 281.863
v 262.066 11527.383 209.248
v 308.688 11527.383 117.747
v 324.752 11527.383 16.317
v 308.687 11527.383 -85.112
v 262.065 11527.383 -176.613
v 189.450 11527.383 -249.228
v 97.949 11527.383 -295.850
v -0.910 11527.383 20.900
v -3.480 12399.590 16.318
v -3.480 12383.525 -85.112
v -34.823 12383.525 -80.147
v -63.098 12383.525 -65.739
v -85.538 12383.525 -43.301
v -99.945 12383.525 -15.026
v -104.909 12383.525 16.318
v -99.945 12383.525 47.661
v -85.538 12383.525 75.937
v -63.098 12383.525 98.376
v -34.823 12383.525 112.783
v -3.480 12383.525 117.747
v 27.864 12383.525 112.783
v 56.139 12383.525 98.376
v 78.577 12383.525 75.936
v 92.985 12383.525 47.661
v 97.950 12383.525 16.318
v 92.985 12383.525 -15.026
v 78.577 12383.525 -43.301
v 56.139 12383.525 -65.739
v 27.863 12383.525 -80.147
v -3.480 12336.902 -176.612
v -63.098 12336.902 -167.169
v -116.881 12336.902 -139.766
v -159.563 12336.902 -97.083
v -186.967 12336.902 -43.301
v -196.410 12336.902 16.318
v -186.967 12336.902 75.937
v -159.563 12336.902 129.719
v -116.881 12336.902 172.401
v -63.098 12336.902 199.805
v -3.479 12336.902 209.248
v 56.139 12336.902 199.805
v 109.922 12336.902 172.401
v 152.604 12336.902 129.719
v 180.008 12336.902 75.936
v 189.450 12336.902 16.317
v 180.008 12336.902 -43.301
v 152.604 12336.902 -97.084
v 109.921 12336.902 -139.766
v 56.139 12336.902 -167.170
v -3.480 12264.287 -249.227
v -85.538 12264.287 -236.231
v -159.563 12264.287 -198.513
v -218.310 12264.287 -139.766
v -256.028 12264.287 -65.739
v -269.025 12264.287 16.318
v -256.028 12264.287 98.376
v -218.310 12264.287 172.401
v -159.563 12264.287 231.148
v -85.537 12264.287 268.867
v -3.479 12264.287 281.863
v 78.579 12264.287 268.866
v 152.604 12264.287 231.148
v 211.351 12264.287 172.401
v 249.069 12264.287 98.376
v 262.066 12264.287 16.317
v 249.069 12264.287 -65.741
v 211.351 12264.287 -139.766
v 152.604 12264.287 -198.513
v 78.577 12264.287 -236.231
v -3.480 12172.787 -295.850
v -99.945 12172.787 -280.571
v -186.967 12172.787 -236.231
v -256.028 12172.787 -167.169
v -300.368 12172.787 -80.147
v -315.647 12172.787 16.318
v -300.368 12172.787 112.783
v -256.028 12172.787 199.805
v -186.967 12172.787 268.867
v -99.944 12172.787 313.207
v -3.479 12172.787 328.485
v 92.986 12172.787 313.207
v 180.008 12172.787 268.866
v 249.069 12172.787 199.805
v 293.409 12172.787 112.782
v 308.688 12172.787 16.317
v 293.409 12172.787 -80.148
v 249.069 12172.787 -167.170
v 180.007 12172.787 -236.231
v 92.985 12172.787 -280.571
v -3.480 12071.357 -311.914
v -104.909 12071.357 -295.850
v -196.410 12071.357 -249.227
v -269.025 12071.357 -176.612
v -315.647 12071.357 -85.111
v -331.712 12071.357 16.318
v -315.647 12071.357 117.747
v -269.025 12071.357 209.248
v -196.409 12071.357 281.863
v -104.909 12071.357 328.485
v -3.479 12071.357 344.550
v 97.950 12071.357 328.485
v 189.451 12071.357 281.863
v 262.066 12071.357 209.248
v 308.688 12071.357 117.747
v 324.752 12071.357 16.317
v 308.687 12071.357 -85.112
v 262.065 12071.357 -176.613
v 189.450 12071.357 -249.228
v 97.949 12071.357 -295.850
v -0.910 12071.357 20.900
# 1114 normals
vn 0.577336 -0.577336 -0.577336
vn 0.707013 -0.707013 0.000000
vn 0.000000 -1.000000 0.000000
vn 0.000000 -0.707013 -0.707013
vn -0.577336 -0.577336 0.577336
vn 0.000000 -0.707013 0.707013
vn 0.000000 0.707013 0.707013
vn -0.577336 0.577336 0.577336
vn 0.577336 -0.577336 0.577336
vn 0.707013 0.707013 0.000000
vn 0.577336 0.577336 0.577336
vn 0.000000 0.707013 -0.707013
vn 0.577336 0.577336 -0.577336
vn -0.577336 -0.577336 -0.577336
vn -0.707013 -0.707013 0.000000
vn -0.707013 0.707013 0.000000
vn -0.577336 0.577336 -0.577336
vn 0.301410 -0.904413 -0.301410
vn 0.301410 -0.904413 0.301410
vn -0.301410 -0.904413 0.301410
vn -0.301410 -0.904413 -0.301410
vn -0.301410 0.904413 0.301410
vn 0.301410 0.904413 0.301410
vn 0.301410 0.904413 -0.301410
vn -0.301410 0.904413 -0.301410
vn 0.000000 0.392877 0.919581
vn -0.561191 0.608436 0.561191
vn 0.919581 0.392877 0.000000
vn 0.561191 0.608436 0.561191
vn 0.000000 0.392877 -0.919581
vn 0.561191 0.608436 -0.561191
vn -0.919581 0.392877 0.000000
vn -0.561191 0.608436 -0.561191
vn 0.000000 -0.500000 0.865989
vn -0.585027 -0.561497 0.585027
vn 0.865989 -0.500000 0.000000
vn 0.585027 -0.561497 0.585027
vn 0.000000 -0.500000 -0.865989
vn 0.585027 -0.561497 -0.585027
vn -0.865989 -0.500000 0.000000
vn -0.585027 -0.561497 -0.585027
vn 0.000000 -0.769487 0.638589
vn -0.254532 -0.932827 0.254532
vn 0.638589 -0.769487 0.000000
vn 0.254532 -0.932827 0.254532
vn 0.000000 -0.769487 -0.638589
vn 0.254532 -0.932827 -0.254532
vn -0.638589 -0.769487 0.000000
vn -0.254532 -0.932827 -0.254532
vn 0.000000 -0.821095 0.570714
vn -0.440029 -0.782610 0.440029
vn 0.570714 -0.821095 0.000000
vn 0.440029 -0.782610 0.440029
vn 0.000000 -0.821095 -0.570714
vn 0.440029 -0.782610 -0.440029
vn -0.570714 -0.821095 0.000000
vn -0.440029 -0.782610 -0.440029
vn 0.000000 -0.378929 0.925380
vn -0.618538 -0.484374 0.618538
vn 0.925380 -0.378929 0.000000
vn 0.618538 -0.484374 0.618538
vn 0.000000 -0.378929 -0.925380
vn 0.618538 -0.484374 -0.618538
vn -0.925380 -0.378929 0.000000
vn -0.618538 -0.484374 -0.618538
vn 0.000000 -0.794787 0.606818
vn -0.228743 -0.946194 0.228743
vn 0.606818 -0.794787 0.000000
vn 0.228743 -0.946194 0.228743
vn 0.000000 -0.794787 -0.606818
vn 0.228743 -0.946194 -0.228743
vn -0.606818 -0.794787 0.000000
vn -0.228743 -0.946194 -0.228743
vn 0.000000 -0.895471 0.445096
vn -0.338674 -0.877770 0.338674
vn 0.445096 -0.895471 0.000000
vn 0.338674 -0.877770 0.338674
vn 0.000000 -0.895471 -0.445096
vn 0.338674 -0.877770 -0.338674
vn -0.445096 -0.895471 0.000000
vn -0.338674 -0.877770 -0.338674
vn 0.000000 -0.996124 0.086523
vn 0.137887 -0.980712 -0.137887
vn 0.086523 -0.996124 0.000000
vn -0.137887 -0.980712 -0.137887
vn 0.000000 -0.996124 -0.086523
vn -0.137887 -0.980712 0.137887
vn -0.086523 -0.996124 0.000000
vn 0.137887 -0.980712 0.137887
vn 0.148660 -0.977538 0.148660
vn 0.000000 -0.999695 -0.025026
vn 0.148660 -0.977538 -0.148660
vn -0.025026 -0.999695 0.000000
vn -0.148660 -0.977538 -0.148660
vn 0.000000 -0.999695 0.025026
vn -0.148660 -0.977538 0.148660
vn 0.025026 -0.999695 0.000000
vn -0.086523 -0.996124 0.000000
vn 0.523530 -0.672038 0.523530
vn 0.000000 -0.764298 0.644815
vn 0.523530 -0.672038 -0.523530
vn 0.644723 -0.764298 0.000000
vn -0.523530 -0.672038 -0.523530
vn 0.000000 -0.764817 -0.644174
vn -0.523530 -0.672038 0.523530
vn -0.644174 -0.764726 0.000000
vn 0.683819 0.254685 0.683635
vn 0.157511 -0.164988 0.973570
vn 0.697247 0.238509 -0.675822
vn 0.978087 -0.154673 -0.138924
vn -0.690624 0.223372 -0.687634
vn -0.147928 -0.188397 -0.970823
vn -0.677135 0.240676 0.695294
vn -0.968473 -0.192364 0.158213
vn 0.690380 0.231582 0.685284
vn 0.016511 0.444699 0.895471
vn 0.694287 0.219465 -0.685375
vn 0.894738 0.446286 -0.014222
vn -0.694073 0.208173 -0.689098
vn -0.020418 0.414210 -0.909876
vn -0.690075 0.221174 0.688976
vn -0.909876 0.414210 0.021730
vn 0.638589 -0.769487 0.000000
vn -0.638589 -0.769487 0.000000
vn 0.925380 -0.378929 0.000000
vn -0.925380 -0.378929 0.000000
vn 0.606818 -0.794787 0.000000
vn -0.606818 -0.794787 0.000000
vn 0.974028 -0.164988 0.154276
vn -0.972655 -0.183117 -0.142556
vn 0.896295 0.442929 0.016633
vn -0.908411 0.417475 -0.019319
vn 0.000000 -0.769487 0.638589
vn 0.000000 -0.769487 -0.638589
vn -0.143686 -0.155680 0.977294
vn 0.162272 -0.196515 -0.966917
vn -0.014436 0.447690 0.894098
vn 0.022615 0.411311 -0.911127
vn 0.618080 0.482695 0.620338
vn -0.105933 0.627480 0.771379
vn 0.612800 0.479277 -0.628212
vn 0.761399 0.641274 0.094946
vn -0.619880 0.476470 -0.623421
vn 0.100928 0.640481 -0.761277
vn -0.625130 0.479613 0.615638
vn -0.766923 0.632699 -0.106665
vn 0.769487 0.630135 -0.103736
vn -0.758835 0.643716 0.097479
vn 0.098089 0.637582 0.764024
vn -0.109229 0.630226 -0.768541
vn 0.565098 0.629494 0.533236
vn 0.292773 0.654337 0.697186
vn 0.597815 0.655313 -0.461393
vn 0.763657 0.609717 -0.211713
vn -0.532229 0.682384 -0.500946
vn -0.231734 0.616981 -0.752030
vn -0.496612 0.654795 0.569615
vn -0.713026 0.644510 0.275682
vn 0.713392 0.645089 0.273698
vn -0.764817 0.608527 -0.211072
vn -0.231734 0.618141 0.751022
vn 0.296039 0.654093 -0.695996
vn 0.398126 -0.833211 0.383324
vn 0.175334 -0.919886 0.350638
vn 0.408472 -0.850485 -0.331227
vn 0.401361 -0.903436 -0.150278
vn -0.354972 -0.870872 -0.339773
vn -0.151987 -0.907618 -0.391076
vn -0.347311 -0.850821 0.393975
vn -0.362571 -0.916010 0.171367
vn 0.361289 -0.916133 0.173320
vn -0.403284 -0.903070 -0.147592
vn -0.154978 -0.908075 0.389092
vn 0.173137 -0.919795 -0.351981
vn 0.398279 -0.831411 0.387170
vn 0.257279 -0.757584 0.599829
vn 0.432125 -0.822316 -0.369987
vn 0.601294 -0.774614 -0.195691
vn -0.416529 -0.815388 -0.401911
vn -0.203992 -0.771623 -0.602393
vn -0.382775 -0.823323 0.418879
vn -0.602393 -0.760392 0.242416
vn 0.600562 -0.760575 0.246475
vn -0.601935 -0.775285 -0.191082
vn -0.208234 -0.771470 0.601172
vn 0.253891 -0.756913 -0.602088
vn 0.582433 0.586126 0.563084
vn 0.326497 0.495880 0.804676
vn 0.625313 0.567723 -0.535128
vn 0.820179 0.505371 -0.268052
vn -0.603491 0.548129 -0.578984
vn -0.286578 0.500031 -0.817189
vn -0.558628 0.567509 0.604621
vn -0.807911 0.497375 0.315785
vn 0.808399 0.498627 0.312794
vn -0.820729 0.503479 -0.269792
vn -0.284167 0.501587 0.817097
vn 0.330129 0.494995 -0.803699
vn 0.583135 0.587225 0.561191
vn 0.316029 0.664225 0.677379
vn 0.615180 0.596655 -0.515290
vn 0.720717 0.641397 -0.262711
vn -0.575688 0.605719 -0.549136
vn -0.281237 0.639932 -0.714918
vn -0.541690 0.595709 0.592810
vn -0.689373 0.655771 0.307483
vn 0.686474 0.660990 0.303089
vn -0.725172 0.635476 -0.264970
vn -0.278337 0.645181 0.711500
vn 0.321278 0.659983 -0.679027
vn 0.601386 0.550021 0.579320
vn 0.348990 0.511719 0.785082
vn 0.644174 0.538577 -0.542941
vn 0.806720 0.518617 -0.282976
vn -0.616523 0.522371 -0.588934
vn -0.302722 0.516297 -0.801013
vn -0.568974 0.539584 0.620430
vn -0.790331 0.512116 0.335897
vn 0.790576 0.513490 0.333516
vn -0.806171 0.518739 -0.284472
vn -0.301746 0.515290 0.802020
vn 0.352042 0.510926 -0.784167
vn 0.424281 0.780535 0.458890
vn 0.091284 0.666575 0.739791
vn 0.438015 0.830678 -0.343313
vn 0.757676 0.647378 -0.082494
vn -0.437893 0.820729 -0.366722
vn -0.129097 0.665598 -0.735091
vn -0.417964 0.788409 0.451169
vn -0.715681 0.674693 0.180797
vn 0.720472 0.682720 0.121315
vn -0.762681 0.643838 -0.060642
vn -0.171794 0.676677 0.715833
vn 0.121193 0.655100 -0.745681
vn 0.432125 -0.781420 0.449979
vn 0.073216 -0.721480 0.688458
vn 0.463773 -0.793475 -0.393975
vn 0.700971 -0.712934 0.014527
vn -0.464170 -0.788897 -0.402674
vn -0.058872 -0.725722 -0.685375
vn -0.456479 -0.755570 0.469725
vn -0.682598 -0.729293 0.046786
vn 0.683727 -0.724837 0.083684
vn -0.697613 -0.716139 -0.016236
vn -0.039584 -0.726820 0.685619
vn 0.028627 -0.721937 -0.691174
vn 0.554721 -0.600287 0.576085
vn 0.123024 -0.638284 0.759812
vn 0.590917 -0.613899 -0.523286
vn 0.755387 -0.652323 -0.061069
vn -0.595923 -0.609412 -0.522737
vn -0.126930 -0.624336 -0.770616
vn -0.547916 -0.622139 0.559086
vn -0.776872 -0.617439 0.122871
vn 0.757676 -0.638375 0.135476
vn -0.760026 -0.645486 -0.073949
vn -0.111793 -0.628578 0.769517
vn 0.111549 -0.616310 -0.779436
vn 0.426692 -0.787096 0.445279
vn 0.107642 -0.715772 0.689984
vn 0.431575 -0.813709 -0.389153
vn 0.708875 -0.704084 -0.041171
vn -0.446927 -0.803028 -0.393884
vn -0.101172 -0.715833 -0.690716
vn -0.434627 -0.784777 0.441799
vn -0.687084 -0.720595 0.092993
vn 0.680187 -0.723372 0.118141
vn -0.707593 -0.704114 -0.057773
vn -0.084936 -0.717115 0.691632
vn 0.081975 -0.713392 -0.695996
vn 0.551822 -0.606421 0.572240
vn 0.130593 -0.632393 0.763596
vn 0.588934 -0.616889 -0.521974
vn 0.756699 -0.650278 -0.066746
vn -0.593023 -0.612098 -0.523073
vn -0.131630 -0.620094 -0.773393
vn -0.544009 -0.626686 0.557834
vn -0.775987 -0.617775 0.127083
vn 0.759385 -0.634835 0.142282
vn -0.765397 -0.638497 -0.080388
vn -0.113990 -0.629036 0.768815
vn 0.117378 -0.615211 -0.779436
vn 0.533877 0.645395 0.546115
vn 0.129616 0.705426 0.696789
vn 0.612617 0.605811 -0.507386
vn 0.689190 0.719832 -0.081975
vn -0.590673 0.621589 -0.514497
vn -0.145028 0.712598 -0.686382
vn -0.537112 0.619087 0.572880
vn -0.683574 0.713575 0.153116
vn 0.704236 0.696423 0.137215
vn -0.685711 0.721388 -0.096045
vn -0.130989 0.711927 0.689831
vn 0.145395 0.719709 -0.678722
vn 0.621132 0.413477 0.665598
vn 0.072728 0.320790 0.944272
vn 0.669474 0.636117 -0.383324
vn 0.956693 0.290637 -0.013215
vn -0.684612 0.529512 -0.500671
vn -0.086034 0.315113 -0.945096
vn -0.548373 0.539217 0.639016
vn -0.947629 0.299915 0.108985
vn 0.944088 0.319600 0.080388
vn -0.950436 0.307972 -0.040866
vn -0.076634 0.298022 0.951413
vn 0.085180 0.302326 -0.949338
vn 0.498382 -0.682384 0.534670
vn 0.076634 -0.556736 0.827077
vn 0.619087 -0.670878 -0.408198
vn 0.772722 -0.617164 0.148080
vn -0.575871 -0.678478 -0.456052
vn -0.021821 -0.607612 -0.793872
vn -0.480773 -0.689098 0.542117
vn -0.791430 -0.611091 -0.005829
vn 0.818287 -0.566899 0.094824
vn -0.756791 -0.651895 0.048190
vn 0.042575 -0.607428 0.793109
vn -0.041049 -0.632027 -0.773729
vn 0.195538 -0.961698 0.191937
vn 0.012910 -0.773729 0.633126
vn 0.131630 -0.960935 -0.243148
vn 0.467924 -0.882836 -0.038790
vn -0.182628 -0.958890 -0.217024
vn -0.014436 -0.826222 -0.562992
vn -0.215498 -0.959775 0.180095
vn -0.535128 -0.844290 0.024416
vn 0.623695 -0.781237 0.024324
vn -0.492218 -0.869896 -0.030123
vn -0.014619 -0.840811 0.540896
vn 0.004822 -0.859427 -0.511018
vn 0.412470 -0.804035 0.428096
vn 0.033480 -0.878227 0.476988
vn 0.371483 -0.804920 -0.462522
vn 0.445920 -0.892938 -0.060642
vn -0.387719 -0.811481 -0.437130
vn -0.020326 -0.869438 -0.493591
vn -0.415125 -0.811390 0.411219
vn -0.504700 -0.862998 0.020814
vn 0.481444 -0.875572 0.036776
vn -0.486694 -0.872795 -0.037142
vn -0.027620 -0.876488 0.480529
vn 0.007813 -0.865196 -0.501312
vn 0.168895 -0.971281 0.167521
vn 0.024019 -0.868675 0.494720
vn 0.131112 -0.967924 -0.213789
vn 0.478514 -0.877037 -0.040499
vn -0.165324 -0.968138 -0.187695
vn -0.021913 -0.868217 -0.495575
vn -0.187389 -0.968748 0.161997
vn -0.486694 -0.872887 0.033358
vn 0.485931 -0.873131 0.034945
vn -0.480895 -0.875877 -0.038668
vn -0.018830 -0.868675 0.494995
vn 0.022615 -0.870323 -0.491821
vn 0.571873 -0.570073 0.589788
vn 0.032381 -0.732436 0.679912
vn 0.567723 -0.567875 -0.595709
vn 0.664225 -0.745315 -0.055759
vn -0.560917 -0.574986 -0.595495
vn -0.027620 -0.715223 -0.698193
vn -0.566197 -0.575993 0.589575
vn -0.709119 -0.703992 0.039340
vn 0.686718 -0.725569 0.042453
vn -0.696881 -0.715589 -0.047458
vn -0.025819 -0.727187 0.685833
vn 0.026125 -0.704877 -0.708783
vn 0.378288 -0.839834 0.389214
vn 0.033785 -0.662424 0.748215
vn 0.378380 -0.831990 -0.405695
vn 0.741073 -0.670237 -0.039340
vn -0.384911 -0.827229 -0.409083
vn -0.034762 -0.657877 -0.752213
vn -0.387811 -0.829122 0.402429
vn -0.747421 -0.662119 0.053195
vn 0.744217 -0.666117 0.047763
vn -0.746078 -0.664134 -0.046542
vn -0.020509 -0.661692 0.749313
vn 0.051059 -0.661112 -0.748428
vn 0.148660 -0.976561 0.155252
vn 0.035677 -0.972594 0.229872
vn 0.132973 -0.976286 -0.170573
vn 0.223799 -0.973814 -0.037753
vn -0.146463 -0.976378 -0.158732
vn -0.029421 -0.971129 -0.236282
vn -0.156473 -0.976286 0.149423
vn -0.234115 -0.971495 0.036654
vn 0.226271 -0.973021 0.042269
vn -0.232924 -0.971831 -0.033297
vn -0.033968 -0.972594 0.229872
vn 0.027834 -0.970488 -0.239517
vn 0.618995 -0.456052 0.639291
vn 0.149210 -0.473479 0.867973
vn 0.636819 -0.460538 -0.618141
vn 0.864433 -0.479033 -0.151773
vn -0.621437 -0.460447 -0.633767
vn -0.151987 -0.473479 -0.867515
vn -0.606818 -0.461027 0.647378
vn -0.864097 -0.470213 0.179180
vn 0.865409 -0.472655 0.165537
vn -0.866081 -0.474486 -0.156961
vn -0.144815 -0.475981 0.867332
vn 0.167185 -0.467283 -0.868156
vn 0.335287 -0.876122 0.346182
vn 0.104468 -0.768724 0.630837
vn 0.341909 -0.870537 -0.353537
vn 0.626778 -0.771837 -0.105933
vn -0.337423 -0.874321 -0.348593
vn -0.103095 -0.773515 -0.625130
vn -0.341299 -0.870872 0.353476
vn -0.609534 -0.783220 0.121681
vn 0.621681 -0.774431 0.116798
vn -0.619423 -0.777513 -0.107276
vn -0.100317 -0.770280 0.629677
vn 0.111182 -0.782610 -0.612312
vn 0.163615 -0.971495 0.171428
vn 0.027223 -0.982421 0.184276
vn 0.151499 -0.973387 -0.171916
vn 0.182628 -0.982634 -0.028719
vn -0.158091 -0.973021 -0.167460
vn -0.021119 -0.982390 -0.185772
vn -0.160624 -0.973479 0.162821
vn -0.189709 -0.981383 0.027223
vn 0.184490 -0.982299 0.032442
vn -0.185833 -0.982299 -0.024416
vn -0.025117 -0.982421 0.184337
vn 0.020112 -0.980712 -0.193615
vn 0.437893 -0.776415 0.452970
vn 0.099951 -0.779192 0.618690
vn 0.446927 -0.779711 -0.438290
vn 0.617683 -0.780321 -0.097021
vn -0.435543 -0.781084 -0.447262
vn -0.097143 -0.780626 -0.617317
vn -0.425777 -0.781633 0.455564
vn -0.606177 -0.787096 0.113746
vn 0.590215 -0.800128 0.106177
vn -0.611610 -0.784685 -0.099829
vn -0.098578 -0.743423 0.661417
vn 0.105170 -0.783098 -0.612983
vn 0.631386 0.432491 0.643533
vn 0.159220 0.307209 0.938198
vn 0.662516 0.427822 -0.614631
vn 0.941372 0.295031 -0.163279
vn -0.637917 0.422298 -0.643838
vn -0.179088 0.299335 -0.937191
vn -0.583410 0.421687 0.694073
vn -0.932613 0.289874 0.214491
vn 0.953336 0.227034 0.198682
vn -0.937527 0.296435 -0.181774
vn -0.099585 0.330709 0.938381
vn 0.206678 0.297351 -0.932033
vn -0.059788 0.996338 -0.060764
vn -0.016816 0.999023 0.039095
vn -0.045077 0.996216 0.073674
vn 0.039584 0.998871 0.023622
vn 0.056064 0.996521 0.060947
vn 0.010834 0.999023 -0.039767
vn 0.063694 0.996521 -0.052158
vn -0.039279 0.999115 -0.007935
vn 0.079076 0.996795 -0.011628
vn -0.038790 0.999115 0.012513
vn 0.018037 0.997589 0.066136
vn -0.003418 0.999237 -0.036776
vn 0.109962 0.986632 0.119362
vn -0.020631 0.974486 0.223372
vn 0.154825 0.985534 -0.067967
vn 0.221235 0.974486 0.036776
vn -0.115180 0.986999 -0.111884
vn 0.008820 0.975737 -0.218397
vn -0.085882 0.986175 0.141336
vn -0.213087 0.976927 0.000732
vn 0.220686 0.975188 -0.018129
vn -0.214124 0.976622 0.011536
vn 0.030031 0.973631 0.225569
vn 0.008912 0.977934 -0.208387
vn 0.267137 0.919886 0.287096
vn 0.032564 0.774370 0.631813
vn 0.361594 0.906519 -0.217756
vn 0.590826 0.806629 -0.012635
vn -0.289111 0.910975 -0.294024
vn -0.043063 0.775987 -0.629219
vn -0.214491 0.920924 0.325185
vn -0.602271 0.795123 0.069065
vn 0.592932 0.804676 0.028322
vn -0.599829 0.799029 -0.038668
vn -0.015809 0.795489 0.605719
vn 0.067692 0.789416 -0.609992
vn 0.621681 -0.488281 0.612312
vn 0.208722 -0.672038 0.710493
vn 0.568272 -0.587316 -0.576146
vn 0.786120 -0.611518 -0.088476
vn -0.623115 -0.555179 -0.550754
vn -0.222883 -0.676585 -0.701795
vn -0.655619 -0.514375 0.552677
vn -0.739333 -0.648996 0.179180
vn 0.746597 -0.618690 0.244369
vn -0.754319 -0.631478 -0.179210
vn -0.182781 -0.630226 0.754471
vn 0.218733 -0.661509 -0.717298
vn 0.437771 -0.792132 0.425197
vn 0.263596 -0.725630 0.635476
vn 0.463529 -0.793109 -0.394799
vn 0.639810 -0.741897 -0.199933
vn -0.449673 -0.781420 -0.432399
vn -0.206189 -0.741409 -0.638375
vn -0.417475 -0.785509 0.456479
vn -0.638009 -0.729079 0.247330
vn 0.634377 -0.730513 0.252396
vn -0.639016 -0.744339 -0.193341
vn -0.212293 -0.739639 0.638589
vn 0.258439 -0.726912 -0.636117
vn -0.417964 0.788317 0.451169
vn -0.058872 -0.725630 -0.685375
vn -0.456479 -0.755570 0.469816
vn 0.757676 -0.638284 0.135476
vn -0.593023 -0.612098 -0.522981
vn -0.590673 0.621589 -0.514375
vn 0.669474 0.636300 -0.383324
vn -0.021730 -0.607612 -0.793872
vn 0.445920 -0.892938 -0.060764
vn -0.561100 -0.574986 -0.595495
vn 0.864433 -0.479125 -0.151773
vn 0.404779 -0.812824 0.418788
vn 0.086370 -0.845297 0.527193
vn 0.411890 -0.815418 -0.406580
vn 0.527284 -0.845480 -0.084173
vn -0.401911 -0.816822 -0.413630
vn -0.082982 -0.846579 -0.525728
vn -0.393975 -0.817280 0.420436
vn -0.513734 -0.852377 0.096991
vn 0.523622 -0.846487 0.095556
vn -0.520082 -0.849722 -0.085424
vn -0.080388 -0.846487 0.526277
vn 0.088842 -0.849295 -0.520295
vn 0.650888 0.352713 0.672038
vn 0.195782 0.091894 0.976286
vn 0.684276 0.355796 -0.636483
vn 0.977477 0.076970 -0.196515
vn -0.658976 0.349875 -0.665690
vn -0.207471 0.083074 -0.974638
vn -0.634133 0.353781 0.687481
vn -0.967008 0.080877 0.241195
vn 0.972197 0.090887 0.215559
vn -0.974272 0.085668 -0.208173
vn -0.192272 0.078588 0.978179
vn 0.232070 0.087011 -0.968748
vn 0.003235 1.000000 0.004822
vn -0.003937 0.987273 0.158915
vn 0.022127 0.999695 0.013123
vn 0.161295 0.986724 0.012238
vn -0.006836 1.000000 -0.003937
vn -0.002228 0.986877 -0.161295
vn 0.004212 0.999878 0.014924
vn -0.160288 0.986999 0.008820
vn 0.160776 0.986999 -0.001434
vn -0.159647 0.987182 -0.000916
vn 0.009034 0.986877 0.160776
vn 0.012421 0.987182 -0.159220
vn 0.298938 0.898981 0.319935
vn 0.037386 0.751938 0.658091
vn 0.395776 0.883812 -0.249252
vn 0.617683 0.786120 -0.018129
vn -0.322438 0.887719 -0.328237
vn -0.048190 0.752030 -0.657236
vn -0.245346 0.899835 0.360526
vn -0.633828 0.769609 0.075169
vn 0.624794 0.779985 0.034762
vn -0.630226 0.775072 -0.044284
vn -0.020936 0.772630 0.634499
vn 0.073796 0.763596 -0.641488
vn 0.592382 -0.551700 0.587011
vn 0.201215 -0.701337 0.683635
vn 0.546695 -0.645517 -0.533175
vn 0.760270 -0.643197 -0.090673
vn -0.586492 -0.617317 -0.524171
vn -0.211713 -0.706800 -0.674937
vn -0.614234 -0.576512 0.538790
vn -0.707135 -0.684490 0.177013
vn 0.719923 -0.654184 0.231429
vn -0.725569 -0.666117 -0.172282
vn -0.178600 -0.664225 0.725722
vn 0.208387 -0.696332 -0.686718
vn -0.464170 -0.788775 -0.402674
vn -0.058750 -0.725722 -0.685375
vn 0.426692 -0.787127 0.445279
vn 0.533999 0.645395 0.546115
vn -0.144998 0.712598 -0.686382
vn -0.683483 0.713575 0.153116
vn 0.944088 0.319600 0.080297
vn 0.481444 -0.875694 0.036776
vn -0.709028 -0.703992 0.039340
vn 0.020112 -0.980712 -0.193798
vn 0.366477 -0.849387 0.379692
vn 0.089178 -0.842031 0.531893
vn 0.371391 -0.851737 -0.369316
vn 0.529787 -0.843588 -0.087011
vn -0.364188 -0.852530 -0.374535
vn -0.086034 -0.844381 -0.528719
vn -0.358390 -0.852194 0.381035
vn -0.519380 -0.848593 0.100562
vn 0.527071 -0.843924 0.098700
vn -0.524995 -0.846487 -0.088598
vn -0.083349 -0.843283 0.530886
vn 0.092138 -0.846731 -0.523836
vn 0.649179 0.361320 0.669230
vn 0.179576 0.223921 0.957883
vn 0.681194 0.363822 -0.635110
vn 0.961118 0.210737 -0.177715
vn -0.656321 0.358909 -0.663584
vn -0.189892 0.215833 -0.957792
vn -0.632485 0.362571 0.684490
vn -0.951321 0.210676 0.224776
vn 0.954770 0.221388 0.198468
vn -0.957120 0.215833 -0.192852
vn -0.173625 0.213361 0.961332
vn 0.217024 0.215315 -0.952084
vn -0.010834 0.999878 -0.010834
vn 0.010529 0.985625 0.168376
vn 0.001923 0.999786 0.021516
vn 0.165324 0.986175 -0.004029
vn 0.007721 0.999878 0.011628
vn -0.015931 0.986083 -0.165324
vn 0.013215 0.999878 -0.002625
vn -0.158915 0.986999 0.022432
vn 0.164774 0.986175 0.013215
vn -0.162119 0.986632 -0.014924
vn -0.006531 0.985625 0.168589
vn 0.024721 0.987273 -0.157023
vn 0.293109 0.904291 0.310139
vn 0.013429 0.859427 0.510834
vn 0.346731 0.905512 -0.244125
vn 0.504853 0.863181 0.006928
vn -0.297839 0.906519 -0.298694
vn -0.026033 0.863090 -0.504212
vn -0.261338 0.904718 0.336111
vn -0.496216 0.866996 0.044894
vn 0.505921 0.862296 0.020814
vn -0.498871 0.866233 -0.023927
vn 0.000214 0.859275 0.511475
vn 0.050998 0.868217 -0.493225
vn 0.523073 0.650186 0.551029
vn -0.008515 0.610511 0.791888
vn 0.629036 0.656076 -0.416896
vn 0.786700 0.615791 0.042392
vn -0.532625 0.662211 -0.526888
vn -0.015412 0.630928 -0.775530
vn -0.460020 0.651529 0.603095
vn -0.767625 0.639291 0.043673
vn 0.787890 0.615791 -0.001434
vn -0.773180 0.634011 -0.009919
vn 0.031649 0.610419 0.791339
vn 0.061497 0.644387 -0.762131
vn 0.685711 0.211927 0.696179
vn 0.008515 0.160776 0.986999
vn 0.637399 0.212598 -0.740524
vn 0.987182 0.159434 -0.008515
vn -0.667582 0.220930 -0.710920
vn 0.022127 0.175334 -0.984191
vn -0.700696 0.214094 0.680584
vn -0.983520 0.180584 -0.001221
vn 0.985290 0.169658 0.020112
vn -0.984527 0.174785 0.004822
vn 0.006928 0.160288 0.986999
vn -0.022310 0.183086 -0.982726
vn 0.573521 0.577123 0.581121
vn 0.710493 0.703534 0.015138
vn 0.311024 0.897974 0.311115
vn 0.005921 0.708326 0.705793
vn -0.284716 0.908991 0.304309
vn -0.000732 0.708112 0.705976
vn -0.690716 0.722914 0.007721
vn -0.588598 0.561832 0.581212
vn 0.712598 0.701428 -0.007325
vn 0.544772 0.579412 -0.606086
vn -0.021730 0.714918 -0.698773
vn 0.302997 0.907099 -0.292285
vn 0.013612 0.713483 -0.700421
vn -0.288622 0.910792 -0.294909
vn -0.567631 0.568425 -0.595495
vn -0.701886 0.712232 -0.002319
vn 0.568882 0.584112 0.578893
vn 0.586797 0.581792 -0.563175
vn -0.580419 0.571995 -0.579412
vn -0.572880 0.571415 0.587499
vn 0.574223 0.575871 0.581792
vn 0.005616 0.708326 0.705793
vn 0.709577 0.704328 0.016328
vn 0.714124 0.699994 -0.006409
vn 0.545932 0.578527 -0.605811
vn -0.021638 0.716230 -0.697339
vn 0.015016 0.709791 -0.704114
vn -0.564396 0.574193 -0.593023
vn -0.703687 0.710493 -0.001221
vn -0.695996 0.717909 0.004822
vn -0.583898 0.570530 0.577428
vn 0.000732 0.703076 0.711011
vn 0.310871 0.899377 0.307209
vn 0.006012 0.704114 0.709943
vn 0.707776 0.706128 0.015809
vn 0.699994 0.714033 -0.006531
vn 0.280931 0.907099 -0.313374
vn -0.021730 0.700177 -0.713575
vn 0.014924 0.703229 -0.710676
vn -0.279283 0.909998 -0.306476
vn -0.702771 0.711317 -0.001709
vn -0.710676 0.703412 0.005219
vn -0.288561 0.907770 0.304309
vn 0.000336 0.704877 0.709211
vn 0.574193 0.576146 0.581578
vn 0.005921 0.708570 0.705579
vn 0.709485 0.704511 0.015809
vn 0.713850 0.700177 -0.006836
vn 0.545688 0.578679 -0.606086
vn -0.021516 0.716017 -0.697522
vn 0.014710 0.710035 -0.703870
vn -0.564732 0.573613 -0.593115
vn -0.703412 0.710676 -0.001618
vn -0.695630 0.718397 0.005738
vn -0.584234 0.569981 0.577672
vn 0.000336 0.703687 0.710493
vn 0.311390 0.899377 0.306629
vn 0.006226 0.704694 0.709485
vn 0.707319 0.706586 0.015016
vn 0.699414 0.714582 -0.007019
vn 0.279833 0.907190 -0.314137
vn -0.021913 0.700238 -0.713483
vn 0.014039 0.702893 -0.711011
vn -0.279833 0.910090 -0.305591
vn -0.703137 0.710920 -0.002319
vn -0.711225 0.702771 0.006836
vn -0.287615 0.908075 0.304309
vn -0.000732 0.704511 0.709577
vn -0.550021 -0.363822 0.751572
vn -0.605292 -0.675822 -0.420375
vn 0.605292 -0.675822 -0.420375
vn 0.550021 -0.363822 0.751572
vn -0.577336 0.560490 -0.593695
vn 0.577336 0.560490 -0.593695
vn 0.577428 -0.593695 -0.560276
vn -0.577428 -0.593695 -0.560276
vn 0.618690 0.711927 0.332021
vn -0.618690 0.711927 0.332021
vn 0.850913 -0.449826 -0.270891
vn -0.850913 -0.449826 -0.270891
vn 0.904413 0.301410 0.301410
vn 1.000000 0.000000 0.000000
vn -1.000000 0.000000 0.000000
vn -0.904413 0.301410 0.301410
vn 0.550021 -0.363822 -0.751572
vn 0.605292 -0.675822 0.420375
vn -0.605292 -0.675822 0.420375
vn -0.550021 -0.363822 -0.751572
vn 0.577336 0.560398 0.593725
vn -0.577336 0.560398 0.593725
vn -0.577336 -0.593695 0.560490
vn 0.577214 -0.593817 0.560398
vn -0.618690 0.711927 -0.332021
vn 0.618690 0.711927 -0.332021
vn -0.850913 -0.449979 0.270891
vn 0.850913 -0.449826 0.270891
vn 0.577336 -0.593695 0.560490
vn -0.850913 -0.449826 0.270891
vn -0.904413 0.301410 -0.301410
vn 0.904413 0.301410 -0.301410
vn 0.751572 -0.363822 0.550021
vn -0.420375 -0.675822 0.605292
vn -0.420375 -0.675822 -0.605292
vn 0.751572 -0.363822 -0.550021
vn -0.593725 0.560398 0.577336
vn -0.593725 0.560398 -0.577336
vn -0.560490 -0.593695 -0.577336
vn -0.560490 -0.593695 0.577336
vn 0.332021 0.711927 -0.618690
vn 0.332021 0.711927 0.618690
vn -0.270891 -0.449826 -0.850913
vn -0.270891 -0.449826 0.850913
vn 0.301410 0.301410 -0.904413
vn 0.000000 0.000000 -1.000000
vn 0.000000 0.000000 1.000000
vn 0.301410 0.301410 0.904413
vn -0.756211 -0.355124 -0.549380
vn 0.420375 -0.675822 -0.605292
vn 0.420375 -0.675822 0.605292
vn -0.756211 -0.355124 0.549380
vn 0.594732 0.559177 -0.577428
vn 0.594732 0.559177 0.577428
vn 0.559177 -0.595129 0.577092
vn 0.559177 -0.595129 -0.577092
vn -0.321766 0.715376 0.620125
vn -0.321766 0.715376 -0.620125
vn 0.269395 -0.449673 0.851553
vn 0.269395 -0.449673 -0.851553
vn -0.751572 -0.363822 -0.550021
vn -0.751572 -0.363822 0.550021
vn 0.593725 0.560398 -0.577336
vn 0.593725 0.560398 0.577336
vn 0.560490 -0.593695 0.577336
vn 0.560490 -0.593695 -0.577336
vn -0.332021 0.711927 0.618690
vn -0.332021 0.711927 -0.618690
vn 0.270891 -0.449826 0.850913
vn 0.270891 -0.449826 -0.850913
vn -0.301410 0.301410 0.904413
vn -0.301410 0.301410 -0.904413
vn -0.152292 -0.976470 0.152292
vn -0.152292 -0.976470 -0.152292
vn 0.152292 -0.976470 -0.152292
vn 0.152292 -0.976470 0.152292
vn -0.152292 0.976470 0.152292
vn 0.152292 0.976470 0.152292
vn 0.152292 0.976470 -0.152292
vn -0.152292 0.976470 -0.152292
vn -0.152292 -0.152292 0.976470
vn 0.152292 -0.152292 0.976470
vn 0.152292 0.152292 0.976470
vn -0.152292 0.152292 0.976470
vn 0.976470 -0.152292 0.152292
vn 0.976470 -0.152292 -0.152292
vn 0.976470 0.152292 -0.152292
vn 0.976470 0.152292 0.152292
vn 0.152292 -0.152292 -0.976470
vn -0.152292 -0.152292 -0.976470
vn -0.152292 0.152292 -0.976470
vn 0.152292 0.152292 -0.976470
vn -0.976470 -0.152292 -0.152292
vn -0.976470 -0.152292 0.152292
vn -0.976470 0.152292 0.152292
vn -0.976470 0.152292 -0.152292
vn -0.128395 -0.701154 0.701154
vn -0.701154 -0.701154 0.128395
vn -0.701154 -0.701154 -0.128395
vn -0.128395 -0.701154 -0.701154
vn 0.128395 -0.701154 -0.701154
vn 0.701154 -0.701154 -0.128395
vn 0.701154 -0.701154 0.128395
vn 0.128395 -0.701154 0.701154
vn -0.701154 0.701154 0.128395
vn -0.128395 0.701154 0.701154
vn 0.128395 0.701154 0.701154
vn 0.701154 0.701154 0.128395
vn 0.701154 0.701154 -0.128395
vn 0.128395 0.701154 -0.701154
vn -0.128395 0.701154 -0.701154
vn -0.701154 0.701154 -0.128395
vn -0.701154 -0.128395 0.701154
vn 0.701154 -0.128395 0.701154
vn 0.701154 0.128395 0.701154
vn -0.701154 0.128395 0.701154
vn 0.701154 -0.128395 -0.701154
vn 0.701154 0.128395 -0.701154
vn -0.701154 -0.128395 -0.701154
vn -0.701154 0.128395 -0.701154
vn 0.000000 1.000000 0.000000
vn 0.707013 0.707013 0.000000
vn 0.000000 0.707013 0.707013
vn -0.301410 -0.301410 0.904413
vn 0.301410 -0.301410 0.904413
vn 0.301410 -0.301410 -0.904413
vn -0.301410 -0.301410 -0.904413
vn 0.396112 -0.609992 0.686199
vn -0.396112 -0.609992 0.686199
vn 0.396112 -0.609992 -0.686199
vn 0.792315 -0.609992 0.000000
vn 0.466673 0.342276 -0.815418
vn 0.938534 0.345083 0.003510
vn -0.396112 -0.609992 -0.686199
vn -0.464536 0.355033 -0.811176
vn -0.792315 -0.609992 0.000000
vn -0.927913 0.372551 0.000336
vn -0.465330 0.367332 0.805286
vn 0.464018 0.372551 0.803577
vn 0.491729 -0.107154 -0.864097
vn 0.994323 -0.102515 0.026033
vn -0.544497 -0.081640 -0.834798
vn -0.998993 -0.037142 0.023317
vn -0.497375 -0.055271 0.865623
vn 0.483428 -0.035189 0.874596
vn 0.452573 -0.399194 -0.797381
vn 0.916773 -0.398889 0.021211
vn -0.489074 -0.396509 -0.776872
vn -0.918330 -0.395288 0.017732
vn -0.458799 -0.395624 0.795489
vn 0.446316 -0.393975 0.803394
vn 0.480529 0.226698 -0.847037
vn 0.973631 0.226546 0.022829
vn -0.519197 0.223921 -0.824788
vn -0.975188 0.220595 0.018922
vn -0.486938 0.223097 0.844381
vn 0.473814 0.219465 0.852713
vn 0.388726 0.608436 -0.691723
vn 0.793231 0.608375 0.022310
vn -0.424190 0.603491 -0.675121
vn -0.802020 0.596930 0.016114
vn -0.398889 0.601721 0.691815
vn 0.390893 0.594732 0.702435
vn 0.293872 0.796679 -0.527986
vn 0.603827 0.796771 0.019838
vn -0.324086 0.792315 -0.516725
vn -0.619087 0.785143 0.012910
vn -0.305591 0.790881 0.530092
vn 0.302417 0.783220 0.543032
vn 0.183635 0.923671 -0.336019
vn 0.383416 0.923396 0.016023
vn -0.204999 0.922023 -0.328084
vn -0.386834 0.922023 0.008637
vn -0.193798 0.921596 0.336294
vn 0.189678 0.921138 0.339529
vn 0.792315 -0.609992 0.000000
vn -0.489074 -0.396478 -0.776872
vn -0.975188 0.220595 0.018830
vn 0.473814 0.219374 0.852713
vn 0.183788 0.923671 -0.336019
vn -0.204999 0.922023 -0.328115
vn 0.189678 0.921138 0.339681
vn -0.396020 -0.609992 0.686199
vn -0.792315 -0.609992 -0.000031
vn -0.465299 0.367332 0.805286
vn -0.464536 0.354972 -0.811176
vn 0.396020 -0.609992 0.686199
vn 0.792315 -0.609992 -0.000031
vn 0.938534 0.345083 0.003418
vn 0.464018 0.372612 0.803577
vn 0.390710 0.594732 0.702435
vn 0.904413 -0.301410 -0.301410
vn 0.904413 -0.301410 0.301410
vn -0.904413 -0.301410 -0.301410
vn -0.904413 -0.301410 0.301410
vn 0.548923 -0.630226 0.548831
vn 0.000000 -0.630226 0.776292
vn -0.548923 -0.630226 0.548923
vn -0.776354 -0.630226 0.000000
vn -0.548923 -0.630226 -0.548923
vn 0.000000 -0.630226 -0.776354
vn 0.548923 -0.630226 -0.548923
vn 0.776354 -0.630226 0.000000
vn 0.548923 0.630226 -0.548923
vn 0.776354 0.630226 0.000000
vn 0.000000 0.630226 -0.776354
vn -0.548923 0.630226 -0.548923
vn -0.776354 0.630226 0.000000
vn -0.548923 0.630226 0.548923
vn 0.000000 0.630226 0.776292
vn 0.548923 0.630226 0.548831
vn 0.420283 0.804126 -0.420283
vn 0.594397 0.804126 0.000000
vn 0.000000 0.804126 -0.594397
vn -0.420283 0.804126 -0.420283
vn -0.594397 0.804126 0.000000
vn -0.420283 0.804126 0.420283
vn 0.000000 0.804126 0.594397
vn 0.420283 0.804126 0.420283
vn 0.776354 0.630226 0.000000
vn -0.776354 0.630226 0.000000
vn 0.000000 0.630226 0.776354
vn 0.548923 0.630226 0.548923
vn 0.420283 0.804126 -0.420192
vn 0.594275 0.804126 0.000000
vn 0.000000 0.804126 -0.594275
vn -0.594397 0.804126 0.000000
vn 0.000000 0.804126 0.594397
vn 0.420192 0.804126 0.420283
vn 0.420283 -0.804126 -0.420192
vn 0.594275 -0.804126 0.000000
vn 0.000000 -0.804126 -0.594275
vn -0.420283 -0.804126 -0.420283
vn -0.594397 -0.804126 0.000000
vn -0.420283 -0.804126 0.420283
vn 0.000000 -0.804126 0.594397
vn 0.420192 -0.804126 0.420283
vn 0.776292 -0.630226 0.000000
vn 0.548831 -0.630226 -0.548923
vn 0.548831 0.630226 -0.548923
vn 0.776292 0.630226 0.000000
vn 0.000000 -0.630226 0.776354
vn 0.000000 0.630226 0.776354
vn 0.548923 -0.630226 0.548923
vn 0.000000 -0.630226 0.776354
vn -0.776354 -0.630226 0.000000
vn 0.776354 -0.630226 0.000000
vn 0.594397 -0.804126 0.000000
vn -0.594397 -0.804126 0.000000
vn 0.000000 -0.804126 0.594397
vn 0.420283 -0.804126 0.420283
vn 0.548923 -0.630226 -0.548831
vn 0.548923 0.630226 -0.548831
vn 0.000000 -0.630226 -0.776292
vn 0.000000 0.630226 -0.776292
vn 0.594397 0.804126 0.000000
vn -0.420283 0.804126 0.420192
vn 0.000000 0.804126 0.594275
vn 0.420283 0.804126 0.420192
vn -0.548923 0.630226 0.548831
vn 0.000000 0.630226 0.776292
vn 0.420283 -0.804126 -0.420283
vn 0.594397 -0.804126 0.000000
vn 0.000000 -0.804126 -0.594397
vn 0.548831 -0.630226 -0.548831
vn 0.548831 0.630226 -0.548831
vn 0.776292 -0.630226 0.000000
vn 0.776292 0.630226 0.000000
vn 0.548831 -0.630226 0.548923
vn 0.548831 0.630226 0.548923
vn 0.000000 1.000000 0.000000
vn 0.000000 0.946316 -0.322926
vn -0.099799 0.946316 -0.307117
vn -0.189892 0.946316 -0.261216
vn -0.261216 0.946316 -0.189892
vn -0.307117 0.946316 -0.099799
vn -0.322926 0.946316 0.000000
vn -0.307117 0.946316 0.099799
vn -0.261216 0.946316 0.189892
vn -0.189892 0.946316 0.261216
vn -0.099799 0.946316 0.307117
vn 0.000000 0.946316 0.322926
vn 0.099799 0.946316 0.307117
vn 0.189892 0.946316 0.261216
vn 0.261216 0.946316 0.189892
vn 0.307117 0.946316 0.099799
vn 0.322926 0.946316 0.000000
vn 0.307117 0.946316 -0.099799
vn 0.261216 0.946316 -0.189892
vn 0.189892 0.946316 -0.261216
vn 0.099799 0.946316 -0.307117
vn 0.000000 0.801593 -0.597723
vn -0.184612 0.801593 -0.568516
vn -0.351370 0.801593 -0.483672
vn -0.483672 0.801593 -0.351370
vn -0.568516 0.801593 -0.184612
vn -0.597723 0.801593 0.000000
vn -0.568516 0.801593 0.184612
vn -0.483672 0.801593 0.351370
vn -0.351370 0.801593 0.483672
vn -0.184612 0.801593 0.568516
vn 0.000000 0.801593 0.597723
vn 0.184612 0.801593 0.568516
vn 0.351370 0.801593 0.483672
vn 0.483672 0.801593 0.351370
vn 0.568516 0.801593 0.184612
vn 0.597723 0.801593 0.000000
vn 0.568516 0.801593 -0.184612
vn 0.483672 0.801593 -0.351370
vn 0.351370 0.801593 -0.483672
vn 0.184612 0.801593 -0.568516
vn 0.000000 0.580419 -0.814289
vn -0.251511 0.580419 -0.774370
vn -0.478514 0.580419 -0.658793
vn -0.658793 0.580419 -0.478514
vn -0.774370 0.580419 -0.251511
vn -0.814289 0.580419 0.000000
vn -0.774370 0.580419 0.251511
vn -0.658793 0.580419 0.478514
vn -0.478514 0.580419 0.658793
vn -0.251511 0.580419 0.774370
vn 0.000000 0.580419 0.814289
vn 0.251511 0.580419 0.774370
vn 0.478514 0.580419 0.658793
vn 0.658793 0.580419 0.478514
vn 0.774370 0.580419 0.251511
vn 0.814289 0.580419 0.000000
vn 0.774370 0.580419 -0.251511
vn 0.658793 0.580419 -0.478514
vn 0.478514 0.580419 -0.658793
vn 0.251511 0.580419 -0.774370
vn 0.000000 0.304492 -0.952420
vn -0.294299 0.304492 -0.905878
vn -0.559818 0.304492 -0.770524
vn -0.770524 0.304492 -0.559818
vn -0.905878 0.304492 -0.294299
vn -0.952420 0.304492 0.000000
vn -0.905878 0.304492 0.294299
vn -0.770524 0.304492 0.559818
vn -0.559818 0.304492 0.770524
vn -0.294299 0.304492 0.905878
vn 0.000000 0.304492 0.952420
vn 0.294299 0.304492 0.905878
vn 0.559818 0.304492 0.770524
vn 0.770524 0.304492 0.559818
vn 0.905878 0.304492 0.294299
vn 0.952420 0.304492 0.000000
vn 0.905878 0.304492 -0.294299
vn 0.770524 0.304492 -0.559818
vn 0.559818 0.304492 -0.770524
vn 0.294299 0.304492 -0.905878
vn 0.000000 -0.614234 -0.789050
vn -0.243789 -0.614234 -0.750412
vn -0.463773 -0.614234 -0.638375
vn -0.638375 -0.614234 -0.463773
vn -0.750412 -0.614234 -0.243789
vn -0.789050 -0.614234 0.000000
vn -0.750412 -0.614234 0.243789
vn -0.638375 -0.614234 0.463773
vn -0.463773 -0.614234 0.638375
vn -0.243789 -0.614234 0.750412
vn 0.000000 -0.614234 0.789050
vn 0.243789 -0.614234 0.750412
vn 0.463773 -0.614234 0.638375
vn 0.638375 -0.614234 0.463773
vn 0.750412 -0.614234 0.243789
vn 0.789050 -0.614234 0.000000
vn 0.750412 -0.614234 -0.243789
vn 0.638375 -0.614234 -0.463773
vn 0.463773 -0.614234 -0.638375
vn 0.243789 -0.614234 -0.750412
vn 0.500000 0.000000 -0.865989
vn -0.500000 0.000000 -0.865989
vn -1.000000 0.000000 -0.000031
vn -0.499878 0.000000 0.866081
vn 0.500000 0.000000 0.865989
vn 0.491729 -0.107276 -0.864097
vn 0.994323 -0.102637 0.026033
vn -0.544497 -0.081762 -0.834798
vn -0.998993 -0.037264 0.023317
vn -0.497375 -0.055393 0.865623
vn 0.183788 0.923671 -0.336111
vn -0.205060 0.922023 -0.328084
# 6965 uv coords
vt 0.396556 0.991407
vt 0.375106 0.817949
vt 0.378689 0.817808
vt 0.399726 0.991301
vt 0.375141 0.814712
vt 0.376743 0.640166
vt 0.380178 0.640099
vt 0.378576 0.814637
vt 0.376521 0.636964
vt 0.382959 0.462311
vt 0.386129 0.462234
vt 0.380110 0.636900
vt 0.394486 0.991181
vt 0.394806 0.992939
vt 0.381132 0.460874
vt 0.380920 0.462643
vt 0.374232 0.637540
vt 0.375075 0.638740
vt 0.374497 0.640111
vt 0.372926 0.814894
vt 0.373576 0.816239
vt 0.372803 0.817488
vt 0.401523 0.992772
vt 0.401714 0.991028
vt 0.381003 0.817299
vt 0.380208 0.816082
vt 0.380842 0.814720
vt 0.382413 0.639890
vt 0.381710 0.638556
vt 0.382438 0.637289
vt 0.388136 0.462407
vt 0.387846 0.460672
vt 0.396505 0.993400
vt 0.375242 0.816322
vt 0.378527 0.816224
vt 0.399864 0.993311
vt 0.376746 0.638569
vt 0.380032 0.638503
vt 0.382801 0.460320
vt 0.386156 0.460222
vt 0.123773 0.982915
vt 0.123773 0.975313
vt 0.131374 0.975313
vt 0.131374 0.982915
vt 0.290799 0.861252
vt 0.287023 0.861252
vt 0.287023 0.858703
vt 0.290799 0.858703
vt 0.269362 0.843591
vt 0.269362 0.839815
vt 0.271912 0.839815
vt 0.271912 0.843591
vt 0.287023 0.822154
vt 0.290800 0.822154
vt 0.290800 0.824704
vt 0.287023 0.824704
vt 0.308460 0.839815
vt 0.308460 0.843592
vt 0.305910 0.843592
vt 0.305910 0.839815
vt 0.185494 0.890324
vt 0.180666 0.895001
vt 0.235768 0.873540
vt 0.229065 0.874127
vt 0.290907 0.875472
vt 0.284212 0.874779
vt 0.341516 0.892974
vt 0.336124 0.888959
vt 0.275689 0.839815
vt 0.275689 0.843591
vt 0.279468 0.839815
vt 0.279468 0.843591
vt 0.117170 0.982914
vt 0.117170 0.975313
vt 0.302133 0.843592
vt 0.302133 0.839815
vt 0.298355 0.843592
vt 0.298355 0.839815
vt 0.137976 0.975313
vt 0.137976 0.982915
vt 0.275689 0.861252
vt 0.275689 0.858702
vt 0.279467 0.861252
vt 0.279467 0.858702
vt 0.283245 0.861252
vt 0.283245 0.858703
vt 0.302133 0.858702
vt 0.302133 0.861252
vt 0.298355 0.858702
vt 0.298355 0.861252
vt 0.294577 0.858703
vt 0.294577 0.861252
vt 0.302132 0.822154
vt 0.302132 0.824704
vt 0.298354 0.822154
vt 0.298354 0.824704
vt 0.294577 0.822154
vt 0.294577 0.824704
vt 0.275690 0.824704
vt 0.275690 0.822155
vt 0.279468 0.824704
vt 0.279468 0.822155
vt 0.283245 0.824704
vt 0.283245 0.822154
vt 0.260249 0.864627
vt 0.254951 0.867686
vt 0.248806 0.870277
vt 0.242372 0.872254
vt 0.209045 0.872415
vt 0.203093 0.870905
vt 0.215634 0.873457
vt 0.222335 0.874064
vt 0.358003 0.904584
vt 0.352485 0.900748
vt 0.346981 0.896889
vt 0.320811 0.875930
vt 0.316707 0.871381
vt 0.325703 0.880459
vt 0.330840 0.884800
vt 0.287023 0.828481
vt 0.290799 0.828481
vt 0.287023 0.832260
vt 0.290800 0.832260
vt 0.123773 0.968713
vt 0.131374 0.968713
vt 0.290799 0.854925
vt 0.287023 0.854925
vt 0.290799 0.851148
vt 0.287023 0.851148
vt 0.131374 0.989517
vt 0.123773 0.989517
vt 0.269362 0.828482
vt 0.271912 0.828482
vt 0.269362 0.832260
vt 0.271912 0.832260
vt 0.269362 0.836037
vt 0.271912 0.836037
vt 0.271912 0.854925
vt 0.269363 0.854925
vt 0.271912 0.851146
vt 0.269362 0.851146
vt 0.271912 0.847369
vt 0.269362 0.847369
vt 0.308460 0.854925
vt 0.305910 0.854925
vt 0.308460 0.851147
vt 0.305910 0.851147
vt 0.308460 0.847369
vt 0.305910 0.847369
vt 0.305910 0.828481
vt 0.308459 0.828482
vt 0.305910 0.832260
vt 0.308460 0.832260
vt 0.305910 0.836038
vt 0.308460 0.836038
vt 0.199356 0.875768
vt 0.194898 0.880716
vt 0.190248 0.885572
vt 0.165971 0.908805
vt 0.170885 0.904219
vt 0.175788 0.899624
vt 0.310860 0.873244
vt 0.304324 0.874585
vt 0.297638 0.875373
vt 0.265344 0.868016
vt 0.271324 0.870968
vt 0.277653 0.873264
vt 0.275690 0.828482
vt 0.275690 0.832260
vt 0.275690 0.836038
vt 0.275690 0.854925
vt 0.275690 0.851146
vt 0.275689 0.847369
vt 0.279468 0.828482
vt 0.279468 0.832260
vt 0.279468 0.836038
vt 0.279468 0.854925
vt 0.279468 0.851146
vt 0.279468 0.847369
vt 0.283246 0.828482
vt 0.283246 0.832260
vt 0.283245 0.854925
vt 0.283245 0.851146
vt 0.302132 0.854925
vt 0.302133 0.851147
vt 0.302133 0.847369
vt 0.302132 0.828482
vt 0.302133 0.832260
vt 0.302133 0.836038
vt 0.298354 0.854925
vt 0.298354 0.851147
vt 0.298355 0.847369
vt 0.298354 0.828482
vt 0.298355 0.832260
vt 0.298355 0.836038
vt 0.294577 0.854925
vt 0.294577 0.851148
vt 0.294577 0.828482
vt 0.294577 0.832260
vt 0.184091 0.862562
vt 0.185059 0.854811
vt 0.183218 0.870541
vt 0.182577 0.878322
vt 0.176702 0.883464
vt 0.170809 0.888910
vt 0.165170 0.894315
vt 0.157361 0.894144
vt 0.149334 0.894142
vt 0.175370 0.842283
vt 0.180206 0.848690
vt 0.183011 0.862456
vt 0.184137 0.855067
vt 0.182139 0.870423
vt 0.181714 0.877887
vt 0.175965 0.882666
vt 0.170078 0.888107
vt 0.164822 0.893423
vt 0.157353 0.893059
vt 0.149329 0.893063
vt 0.174505 0.842929
vt 0.179334 0.849338
vt 0.344920 0.857670
vt 0.352277 0.853112
vt 0.238093 0.891697
vt 0.339184 0.849156
vt 0.969505 0.987668
vt 0.969553 0.984235
vt 0.969594 0.980795
vt 0.969631 0.977352
vt 0.969669 0.973906
vt 0.142121 0.821311
vt 0.144821 0.823857
vt 0.145933 0.827511
vt 0.144972 0.831168
vt 0.141349 0.821999
vt 0.143968 0.824254
vt 0.145042 0.827529
vt 0.144101 0.830805
vt 0.140611 0.823139
vt 0.142782 0.824939
vt 0.143670 0.827556
vt 0.142883 0.830174
vt 0.139730 0.825446
vt 0.140766 0.826311
vt 0.141165 0.827603
vt 0.140812 0.828896
vt 0.139454 0.826805
vt 0.139709 0.827095
vt 0.139726 0.828160
vt 0.113828 0.886665
vt 0.113864 0.882724
vt 0.115080 0.882927
vt 0.116174 0.883496
vt 0.117039 0.884376
vt 0.117587 0.885479
vt 0.117771 0.886699
vt 0.117566 0.887914
vt 0.116998 0.889008
vt 0.116117 0.889872
vt 0.115013 0.890423
vt 0.113793 0.890604
vt 0.112575 0.890401
vt 0.111480 0.889831
vt 0.110617 0.888952
vt 0.110067 0.887849
vt 0.109883 0.886629
vt 0.110090 0.885414
vt 0.110658 0.884318
vt 0.111539 0.883455
vt 0.112642 0.882905
vt 0.113898 0.878620
vt 0.116382 0.879036
vt 0.118615 0.880197
vt 0.120381 0.881992
vt 0.121502 0.884246
vt 0.121876 0.886734
vt 0.121460 0.889216
vt 0.120295 0.891449
vt 0.118501 0.893214
vt 0.116246 0.894336
vt 0.113757 0.894708
vt 0.111272 0.894292
vt 0.109038 0.893129
vt 0.107273 0.891335
vt 0.106152 0.889082
vt 0.105780 0.886593
vt 0.106194 0.884110
vt 0.107357 0.881879
vt 0.109153 0.880115
vt 0.111408 0.878994
vt 0.113934 0.874556
vt 0.117671 0.875183
vt 0.121032 0.876932
vt 0.123688 0.879634
vt 0.125378 0.883025
vt 0.125938 0.886770
vt 0.125312 0.890504
vt 0.123562 0.893864
vt 0.120860 0.896522
vt 0.117468 0.898212
vt 0.113721 0.898772
vt 0.109983 0.898144
vt 0.106623 0.896396
vt 0.103966 0.893694
vt 0.102276 0.890305
vt 0.101716 0.886558
vt 0.102342 0.882823
vt 0.104090 0.879464
vt 0.106794 0.876808
vt 0.110186 0.875118
vt 0.113970 0.870455
vt 0.118972 0.871291
vt 0.123472 0.873634
vt 0.127028 0.877251
vt 0.129290 0.881790
vt 0.130041 0.886806
vt 0.129203 0.891808
vt 0.126861 0.896306
vt 0.123243 0.899860
vt 0.118701 0.902123
vt 0.113684 0.902873
vt 0.108681 0.902036
vt 0.104184 0.899693
vt 0.100626 0.896076
vt 0.098363 0.891538
vt 0.097613 0.886522
vt 0.098453 0.881522
vt 0.100794 0.877022
vt 0.104411 0.873467
vt 0.108953 0.871205
vt 0.055350 0.957976
vt 0.153775 0.863006
vt 0.153809 0.859063
vt 0.155026 0.859266
vt 0.156120 0.859836
vt 0.156984 0.860715
vt 0.157534 0.861821
vt 0.157716 0.863041
vt 0.157513 0.864257
vt 0.156943 0.865351
vt 0.156062 0.866215
vt 0.154960 0.866766
vt 0.153741 0.866947
vt 0.152522 0.866744
vt 0.151430 0.866175
vt 0.150564 0.865295
vt 0.150016 0.864192
vt 0.149832 0.862972
vt 0.150035 0.861754
vt 0.150607 0.860661
vt 0.151486 0.859795
vt 0.152590 0.859245
vt 0.153845 0.854958
vt 0.156328 0.855374
vt 0.158561 0.856535
vt 0.160326 0.858331
vt 0.161448 0.860586
vt 0.161819 0.863077
vt 0.161405 0.865559
vt 0.160244 0.867792
vt 0.158446 0.869557
vt 0.156193 0.870681
vt 0.153703 0.871052
vt 0.151221 0.870636
vt 0.148986 0.869474
vt 0.147222 0.867678
vt 0.146099 0.865425
vt 0.145727 0.862936
vt 0.146143 0.860452
vt 0.147306 0.858218
vt 0.149102 0.856453
vt 0.151355 0.855330
vt 0.153881 0.850896
vt 0.157616 0.851522
vt 0.160980 0.853270
vt 0.163634 0.855974
vt 0.165323 0.859365
vt 0.165883 0.863111
vt 0.165258 0.866849
vt 0.163509 0.870211
vt 0.160806 0.872865
vt 0.157415 0.874556
vt 0.153669 0.875115
vt 0.149930 0.874491
vt 0.146569 0.872739
vt 0.143915 0.870035
vt 0.142223 0.866644
vt 0.141663 0.862898
vt 0.142290 0.859162
vt 0.144041 0.855802
vt 0.146742 0.853144
vt 0.150133 0.851454
vt 0.153917 0.846793
vt 0.158920 0.847630
vt 0.163419 0.849973
vt 0.166974 0.853591
vt 0.169237 0.858132
vt 0.169987 0.863149
vt 0.169150 0.868149
vt 0.166805 0.872650
vt 0.163188 0.876205
vt 0.158646 0.878468
vt 0.153631 0.879216
vt 0.148629 0.878380
vt 0.144129 0.876036
vt 0.140573 0.872418
vt 0.138312 0.867879
vt 0.137562 0.862860
vt 0.138400 0.857858
vt 0.140741 0.853360
vt 0.144360 0.849804
vt 0.148901 0.847543
vt 0.084502 0.922447
vt 0.115054 0.840934
vt 0.115089 0.836995
vt 0.116307 0.837198
vt 0.117399 0.837768
vt 0.118263 0.838647
vt 0.118814 0.839749
vt 0.118997 0.840969
vt 0.118794 0.842184
vt 0.118224 0.843277
vt 0.117345 0.844142
vt 0.116241 0.844694
vt 0.115021 0.844875
vt 0.113803 0.844671
vt 0.112708 0.844101
vt 0.111843 0.843222
vt 0.111293 0.842118
vt 0.111111 0.840898
vt 0.111314 0.839683
vt 0.111884 0.838590
vt 0.112765 0.837727
vt 0.113870 0.837176
vt 0.115125 0.832891
vt 0.117609 0.833306
vt 0.119842 0.834468
vt 0.121605 0.836263
vt 0.122730 0.838514
vt 0.123102 0.841005
vt 0.122688 0.843487
vt 0.121523 0.845719
vt 0.119729 0.847484
vt 0.117476 0.848605
vt 0.114985 0.848979
vt 0.112500 0.848563
vt 0.110266 0.847400
vt 0.108501 0.845606
vt 0.107380 0.843353
vt 0.107006 0.840864
vt 0.107422 0.838382
vt 0.108583 0.836150
vt 0.110379 0.834385
vt 0.112634 0.833263
vt 0.115161 0.828827
vt 0.118897 0.829455
vt 0.122259 0.831202
vt 0.124915 0.833903
vt 0.126604 0.837294
vt 0.127164 0.841041
vt 0.126540 0.844776
vt 0.124790 0.848135
vt 0.122088 0.850791
vt 0.118697 0.852481
vt 0.114949 0.853039
vt 0.111211 0.852416
vt 0.107850 0.850667
vt 0.105194 0.847965
vt 0.103504 0.844574
vt 0.102942 0.840829
vt 0.103568 0.837093
vt 0.105317 0.833733
vt 0.108020 0.831077
vt 0.111413 0.829387
vt 0.115197 0.824726
vt 0.120197 0.825563
vt 0.124698 0.827906
vt 0.128255 0.831521
vt 0.130518 0.836061
vt 0.131268 0.841077
vt 0.130431 0.846077
vt 0.128089 0.850577
vt 0.124471 0.854132
vt 0.119930 0.856393
vt 0.114913 0.857143
vt 0.109910 0.856306
vt 0.105410 0.853965
vt 0.101854 0.850348
vt 0.099591 0.845809
vt 0.098839 0.840793
vt 0.099678 0.835791
vt 0.102019 0.831293
vt 0.105638 0.827739
vt 0.110180 0.825476
vt 0.088720 0.958704
vt 0.024324 0.883495
vt 0.024358 0.879555
vt 0.025574 0.879758
vt 0.026668 0.880328
vt 0.027534 0.881206
vt 0.028085 0.882309
vt 0.028266 0.883529
vt 0.028063 0.884746
vt 0.027493 0.885839
vt 0.026614 0.886702
vt 0.025511 0.887253
vt 0.024291 0.887436
vt 0.023073 0.887231
vt 0.021977 0.886663
vt 0.021113 0.885784
vt 0.020562 0.884679
vt 0.020381 0.883460
vt 0.020584 0.882245
vt 0.021154 0.881152
vt 0.022034 0.880289
vt 0.023138 0.879739
vt 0.024394 0.875450
vt 0.026878 0.875868
vt 0.029111 0.877029
vt 0.030875 0.878823
vt 0.032000 0.881076
vt 0.032371 0.883565
vt 0.031955 0.886047
vt 0.030794 0.888279
vt 0.028998 0.890044
vt 0.026745 0.891168
vt 0.024255 0.891539
vt 0.021769 0.891123
vt 0.019536 0.889962
vt 0.017771 0.888166
vt 0.016647 0.885915
vt 0.016276 0.883424
vt 0.016692 0.880944
vt 0.017853 0.878710
vt 0.019649 0.876949
vt 0.021902 0.875824
vt 0.024430 0.871390
vt 0.028166 0.872013
vt 0.031530 0.873764
vt 0.034184 0.876465
vt 0.035874 0.879855
vt 0.036434 0.883601
vt 0.035810 0.887336
vt 0.034059 0.890698
vt 0.031358 0.893352
vt 0.027967 0.895042
vt 0.024219 0.895602
vt 0.020481 0.894978
vt 0.017121 0.893227
vt 0.014463 0.890526
vt 0.012773 0.887136
vt 0.012212 0.883390
vt 0.012837 0.879653
vt 0.014588 0.876294
vt 0.017291 0.873639
vt 0.020682 0.871948
vt 0.024466 0.867286
vt 0.029470 0.868125
vt 0.033969 0.870466
vt 0.037524 0.874083
vt 0.039787 0.878620
vt 0.040537 0.883637
vt 0.039699 0.888639
vt 0.037357 0.893137
vt 0.033738 0.896692
vt 0.029200 0.898953
vt 0.024183 0.899703
vt 0.019180 0.898867
vt 0.014679 0.896525
vt 0.011123 0.892908
vt 0.008858 0.888369
vt 0.008110 0.883356
vt 0.008945 0.878353
vt 0.011290 0.873852
vt 0.014909 0.870299
vt 0.019447 0.868036
vt 0.118081 0.935860
vt 0.069004 0.838070
vt 0.069039 0.834128
vt 0.070255 0.834331
vt 0.071351 0.834901
vt 0.072214 0.835780
vt 0.072764 0.836885
vt 0.072946 0.838105
vt 0.072743 0.839321
vt 0.072174 0.840415
vt 0.071293 0.841280
vt 0.070192 0.841830
vt 0.068972 0.842012
vt 0.067755 0.841809
vt 0.066661 0.841239
vt 0.065795 0.840360
vt 0.065245 0.839254
vt 0.065063 0.838036
vt 0.065266 0.836820
vt 0.065834 0.835726
vt 0.066715 0.834860
vt 0.067819 0.834309
vt 0.069075 0.830023
vt 0.071559 0.830439
vt 0.073790 0.831601
vt 0.075556 0.833396
vt 0.076679 0.835650
vt 0.077051 0.838139
vt 0.076636 0.840623
vt 0.075474 0.842857
vt 0.073678 0.844622
vt 0.071424 0.845743
vt 0.068936 0.846115
vt 0.066452 0.845701
vt 0.064218 0.844538
vt 0.062453 0.842742
vt 0.061330 0.840489
vt 0.060958 0.837998
vt 0.061373 0.835516
vt 0.062537 0.833283
vt 0.064331 0.831518
vt 0.066584 0.830394
vt 0.069109 0.825960
vt 0.072847 0.826584
vt 0.076207 0.828335
vt 0.078863 0.831036
vt 0.080553 0.834427
vt 0.081115 0.838175
vt 0.080487 0.841912
vt 0.078740 0.845272
vt 0.076037 0.847928
vt 0.072646 0.849617
vt 0.068900 0.850177
vt 0.065161 0.849552
vt 0.061802 0.847805
vt 0.059146 0.845101
vt 0.057454 0.841710
vt 0.056894 0.837966
vt 0.057520 0.834228
vt 0.059269 0.830866
vt 0.061972 0.828212
vt 0.065363 0.826520
vt 0.069145 0.821859
vt 0.074147 0.822695
vt 0.078649 0.825035
vt 0.082203 0.828654
vt 0.084466 0.833194
vt 0.085216 0.838211
vt 0.084379 0.843213
vt 0.082036 0.847713
vt 0.078419 0.851268
vt 0.073879 0.853531
vt 0.068862 0.854281
vt 0.063860 0.853444
vt 0.059360 0.851101
vt 0.055805 0.847484
vt 0.053543 0.842943
vt 0.052793 0.837928
vt 0.053629 0.832926
vt 0.055972 0.828426
vt 0.059591 0.824872
vt 0.064128 0.822609
vt 0.022850 0.957212
vt 0.024039 0.840584
vt 0.024073 0.836643
vt 0.025290 0.836846
vt 0.026383 0.837416
vt 0.027248 0.838296
vt 0.027796 0.839400
vt 0.027980 0.840620
vt 0.027777 0.841836
vt 0.027207 0.842930
vt 0.026328 0.843795
vt 0.025222 0.844345
vt 0.024004 0.844527
vt 0.022788 0.844324
vt 0.021692 0.843755
vt 0.020829 0.842875
vt 0.020278 0.841771
vt 0.020096 0.840551
vt 0.020297 0.839335
vt 0.020867 0.838241
vt 0.021746 0.837375
vt 0.022852 0.836824
vt 0.024107 0.832538
vt 0.026590 0.832954
vt 0.028825 0.834116
vt 0.030590 0.835912
vt 0.031713 0.838165
vt 0.032085 0.840656
vt 0.031669 0.843140
vt 0.030506 0.845372
vt 0.028710 0.847137
vt 0.026459 0.848260
vt 0.023968 0.848632
vt 0.021484 0.848216
vt 0.019251 0.847053
vt 0.017486 0.845259
vt 0.016363 0.843004
vt 0.015989 0.840513
vt 0.016405 0.838031
vt 0.017568 0.835798
vt 0.019364 0.834033
vt 0.021619 0.832909
vt 0.024143 0.828475
vt 0.027880 0.829099
vt 0.031241 0.830851
vt 0.033897 0.833553
vt 0.035589 0.836944
vt 0.036149 0.840690
vt 0.035522 0.844427
vt 0.033771 0.847788
vt 0.031070 0.850446
vt 0.027679 0.852136
vt 0.023932 0.852696
vt 0.020196 0.852068
vt 0.016836 0.850320
vt 0.014178 0.847616
vt 0.012489 0.844225
vt 0.011927 0.840479
vt 0.012552 0.836741
vt 0.014301 0.833381
vt 0.017004 0.830727
vt 0.020395 0.829034
vt 0.024179 0.824374
vt 0.029182 0.825210
vt 0.033683 0.827552
vt 0.037238 0.831171
vt 0.039500 0.835709
vt 0.040250 0.840726
vt 0.039414 0.845730
vt 0.037069 0.850230
vt 0.033450 0.853784
vt 0.028911 0.856047
vt 0.023895 0.856797
vt 0.018892 0.855961
vt 0.014393 0.853617
vt 0.010838 0.849999
vt 0.008575 0.845458
vt 0.007825 0.840443
vt 0.008660 0.835439
vt 0.011003 0.830941
vt 0.014624 0.827387
vt 0.019162 0.825124
vt 0.022897 0.922947
vt 0.022616 0.971330
vt 0.018197 0.970591
vt 0.014223 0.968523
vt 0.031055 0.968669
vt 0.027046 0.970667
vt 0.011083 0.965329
vt 0.009083 0.961320
vt 0.036318 0.961556
vt 0.034249 0.965530
vt 0.008421 0.956888
vt 0.009159 0.952469
vt 0.036397 0.952708
vt 0.037058 0.957139
vt 0.011230 0.948493
vt 0.014424 0.945354
vt 0.031259 0.945501
vt 0.034399 0.948698
vt 0.018435 0.943355
vt 0.022866 0.942693
vt 0.027285 0.943433
vt 0.088493 0.844591
vt 0.085522 0.850294
vt 0.089552 0.838247
vt 0.080938 0.854800
vt 0.088604 0.831889
vt 0.075184 0.857668
vt 0.085734 0.826136
vt 0.068824 0.858616
vt 0.081227 0.821549
vt 0.062484 0.857557
vt 0.075524 0.818582
vt 0.056781 0.854588
vt 0.069185 0.817520
vt 0.052274 0.850002
vt 0.062825 0.818471
vt 0.049405 0.844248
vt 0.057073 0.821340
vt 0.048455 0.837890
vt 0.052485 0.825846
vt 0.049516 0.831549
vt 0.031308 0.911238
vt 0.034449 0.914435
vt 0.036444 0.918443
vt 0.022914 0.908428
vt 0.027333 0.909169
vt 0.037108 0.922873
vt 0.036367 0.927291
vt 0.014473 0.911090
vt 0.018483 0.909091
vt 0.034298 0.931264
vt 0.031102 0.934404
vt 0.009208 0.918203
vt 0.011277 0.914230
vt 0.027094 0.936403
vt 0.022663 0.937065
vt 0.009132 0.927054
vt 0.008468 0.922622
vt 0.018245 0.936326
vt 0.014271 0.934258
vt 0.011131 0.931063
vt 0.030559 0.821097
vt 0.036262 0.824066
vt 0.024217 0.820036
vt 0.040769 0.828652
vt 0.017857 0.820984
vt 0.043638 0.834408
vt 0.012104 0.823855
vt 0.044588 0.840766
vt 0.007517 0.828361
vt 0.043527 0.847107
vt 0.004549 0.834064
vt 0.040557 0.852810
vt 0.003488 0.840405
vt 0.035970 0.857316
vt 0.004439 0.846763
vt 0.030216 0.860185
vt 0.007306 0.852517
vt 0.023857 0.861135
vt 0.011812 0.857103
vt 0.017515 0.860074
vt 0.069229 0.885127
vt 0.069263 0.881186
vt 0.070480 0.881389
vt 0.068043 0.881368
vt 0.069298 0.877083
vt 0.071781 0.877497
vt 0.071573 0.881959
vt 0.066940 0.881920
vt 0.066807 0.877453
vt 0.069334 0.873019
vt 0.073070 0.873644
vt 0.074015 0.878660
vt 0.072438 0.882840
vt 0.066059 0.882783
vt 0.064556 0.878578
vt 0.065586 0.873580
vt 0.069370 0.868919
vt 0.074372 0.869754
vt 0.076432 0.875395
vt 0.075780 0.880456
vt 0.072990 0.883943
vt 0.065489 0.883878
vt 0.062759 0.880343
vt 0.062195 0.875270
vt 0.064353 0.869667
vt 0.078871 0.872095
vt 0.079087 0.878096
vt 0.076903 0.882707
vt 0.073170 0.885162
vt 0.065286 0.885094
vt 0.061595 0.882575
vt 0.059491 0.877924
vt 0.059812 0.871930
vt 0.082428 0.875714
vt 0.080777 0.881486
vt 0.077276 0.885198
vt 0.072967 0.886380
vt 0.065468 0.886313
vt 0.061181 0.885058
vt 0.057743 0.881286
vt 0.056195 0.875485
vt 0.084692 0.880253
vt 0.081337 0.885234
vt 0.076861 0.887682
vt 0.072399 0.887472
vt 0.066018 0.887416
vt 0.061553 0.887547
vt 0.057117 0.885022
vt 0.053852 0.879983
vt 0.085440 0.885270
vt 0.080712 0.888969
vt 0.075698 0.889913
vt 0.071519 0.888337
vt 0.066882 0.888297
vt 0.062678 0.889800
vt 0.057677 0.888770
vt 0.053015 0.884986
vt 0.084605 0.890270
vt 0.078965 0.892332
vt 0.073903 0.891678
vt 0.070414 0.888887
vt 0.067978 0.888865
vt 0.064441 0.891597
vt 0.059368 0.892160
vt 0.053765 0.890003
vt 0.082261 0.894771
vt 0.076261 0.894986
vt 0.071649 0.892802
vt 0.069194 0.889068
vt 0.066674 0.892757
vt 0.062024 0.894861
vt 0.056028 0.894542
vt 0.078644 0.898326
vt 0.072870 0.896676
vt 0.069158 0.893173
vt 0.065386 0.896610
vt 0.059585 0.898159
vt 0.074103 0.900587
vt 0.069124 0.897236
vt 0.064084 0.900501
vt 0.069086 0.901337
vt 0.053861 0.923539
vt 0.062269 0.911829
vt 0.065408 0.915024
vt 0.067408 0.919033
vt 0.053876 0.909020
vt 0.058295 0.909759
vt 0.068069 0.923465
vt 0.067330 0.927884
vt 0.045435 0.911682
vt 0.049444 0.909682
vt 0.065262 0.931857
vt 0.062065 0.934997
vt 0.040170 0.918797
vt 0.042240 0.914823
vt 0.058057 0.936995
vt 0.053626 0.937657
vt 0.040095 0.927648
vt 0.039432 0.923216
vt 0.049208 0.936918
vt 0.045234 0.934849
vt 0.042094 0.931656
vt 0.049739 0.878609
vt 0.052708 0.872906
vt 0.048678 0.884949
vt 0.057294 0.868400
vt 0.049628 0.891307
vt 0.063048 0.865529
vt 0.052496 0.897060
vt 0.069407 0.864580
vt 0.057004 0.901647
vt 0.075747 0.865641
vt 0.062709 0.904615
vt 0.081452 0.868609
vt 0.069049 0.905675
vt 0.085960 0.873194
vt 0.075408 0.904727
vt 0.088828 0.878948
vt 0.081162 0.901856
vt 0.089778 0.885306
vt 0.085748 0.897350
vt 0.088719 0.891647
vt 0.063554 0.969433
vt 0.059545 0.971433
vt 0.055114 0.972094
vt 0.068819 0.962320
vt 0.066751 0.966294
vt 0.050698 0.971356
vt 0.046723 0.969287
vt 0.068897 0.953471
vt 0.069559 0.957901
vt 0.043584 0.966092
vt 0.041584 0.962082
vt 0.063760 0.946266
vt 0.066899 0.949462
vt 0.040922 0.957652
vt 0.041660 0.953233
vt 0.055366 0.943457
vt 0.059786 0.944197
vt 0.043729 0.949258
vt 0.046926 0.946119
vt 0.050934 0.944119
vt 0.133316 0.893185
vt 0.130347 0.898886
vt 0.134379 0.886843
vt 0.125759 0.903392
vt 0.133427 0.880485
vt 0.120006 0.906259
vt 0.130559 0.874731
vt 0.113648 0.907211
vt 0.126052 0.870148
vt 0.107306 0.906150
vt 0.120349 0.867178
vt 0.101601 0.903179
vt 0.114008 0.866119
vt 0.097095 0.898595
vt 0.107648 0.867069
vt 0.094227 0.892843
vt 0.101895 0.869936
vt 0.093277 0.886485
vt 0.097308 0.874442
vt 0.094338 0.880145
vt 0.433139 -0.003173
vt 0.098711 0.922370
vt 0.097973 0.926789
vt 0.092911 0.910736
vt 0.096051 0.913931
vt 0.095904 0.930762
vt 0.092708 0.933902
vt 0.084519 0.907925
vt 0.088938 0.908666
vt 0.088699 0.935901
vt 0.084269 0.936565
vt 0.076078 0.910588
vt 0.080087 0.908589
vt 0.079851 0.935826
vt 0.075876 0.933757
vt 0.070813 0.917703
vt 0.072881 0.913729
vt 0.072736 0.930562
vt 0.070735 0.926552
vt 0.070074 0.922122
vt 0.173375 0.856827
vt 0.174324 0.863186
vt 0.170506 0.851073
vt 0.173262 0.869526
vt 0.166000 0.846487
vt 0.170291 0.875229
vt 0.160297 0.843516
vt 0.165707 0.879737
vt 0.153955 0.842455
vt 0.159951 0.882606
vt 0.147596 0.843407
vt 0.153593 0.883555
vt 0.141842 0.846274
vt 0.147252 0.882493
vt 0.137255 0.850778
vt 0.141549 0.879522
vt 0.134287 0.856481
vt 0.137043 0.874936
vt 0.133224 0.862823
vt 0.134174 0.869182
vt 0.097130 0.946994
vt 0.100269 0.950188
vt 0.102267 0.954198
vt 0.088736 0.944183
vt 0.093155 0.944924
vt 0.102929 0.958628
vt 0.102190 0.963047
vt 0.080295 0.946846
vt 0.084306 0.944846
vt 0.100122 0.967020
vt 0.096926 0.970161
vt 0.075030 0.953960
vt 0.077099 0.949986
vt 0.092918 0.972159
vt 0.088486 0.972822
vt 0.074954 0.962810
vt 0.074291 0.958379
vt 0.084069 0.972083
vt 0.080094 0.970014
vt 0.076954 0.966819
vt 0.121576 0.821449
vt 0.127277 0.824418
vt 0.115234 0.820388
vt 0.131785 0.829003
vt 0.108875 0.821340
vt 0.134655 0.834756
vt 0.103119 0.824207
vt 0.135607 0.841114
vt 0.098535 0.828713
vt 0.134544 0.847454
vt 0.095564 0.834414
vt 0.131575 0.853157
vt 0.094503 0.840756
vt 0.126989 0.857662
vt 0.095455 0.847114
vt 0.121234 0.860530
vt 0.098323 0.852868
vt 0.114876 0.861480
vt 0.102831 0.857451
vt 0.108534 0.860419
vt 0.118097 0.921341
vt 0.122516 0.922080
vt 0.126489 0.924149
vt 0.109656 0.924002
vt 0.113665 0.922003
vt 0.129629 0.927345
vt 0.131628 0.931354
vt 0.104392 0.931117
vt 0.106459 0.927143
vt 0.132289 0.935784
vt 0.131550 0.940203
vt 0.104315 0.939967
vt 0.103652 0.935536
vt 0.129481 0.944177
vt 0.126287 0.947317
vt 0.109454 0.947170
vt 0.106313 0.943976
vt 0.122278 0.949317
vt 0.117848 0.949979
vt 0.113429 0.949239
vt 0.036548 0.866978
vt 0.041054 0.871565
vt 0.030844 0.864010
vt 0.043925 0.877317
vt 0.024504 0.862949
vt 0.044874 0.883675
vt 0.018144 0.863899
vt 0.043813 0.890015
vt 0.012390 0.866767
vt 0.040843 0.895718
vt 0.007804 0.871273
vt 0.036257 0.900222
vt 0.004834 0.876976
vt 0.030505 0.903093
vt 0.003773 0.883316
vt 0.024145 0.904041
vt 0.004722 0.889674
vt 0.017803 0.902980
vt 0.007593 0.895428
vt 0.012100 0.900013
vt 0.139469 0.828469
vt 0.139740 0.829850
vt 0.140621 0.832184
vt 0.141374 0.833305
vt 0.142177 0.833956
vt 0.990744 0.988947
vt 0.990661 0.991160
vt 0.992560 0.993847
vt 0.989470 0.991792
vt 0.992651 0.992347
vt 0.969447 0.991104
vt 0.992919 0.987899
vt 0.989595 0.988192
vt 0.992930 0.986483
vt 0.995855 0.992179
vt 0.994612 0.991379
vt 0.737416 0.990912
vt 0.989621 0.984710
vt 0.994696 0.989168
vt 0.996038 0.988491
vt 0.734360 0.992547
vt 0.731420 0.990741
vt 0.737472 0.987473
vt 0.737520 0.984044
vt 0.989658 0.981241
vt 0.731505 0.987301
vt 0.734533 0.985663
vt 0.737561 0.980619
vt 0.989697 0.977780
vt 0.737599 0.977195
vt 0.989737 0.974328
vt 0.737632 0.973768
vt 0.969707 0.970467
vt 0.989793 0.970883
vt 0.737649 0.970330
vt 0.137873 0.834673
vt 0.137568 0.832690
vt 0.138902 0.835964
vt 0.138387 0.829848
vt 0.143039 0.834635
vt 0.140327 0.836666
vt 0.139174 0.828422
vt 0.145798 0.831552
vt 0.139725 0.827628
vt 0.146794 0.827495
vt 0.145644 0.823447
vt 0.137291 0.822701
vt 0.137477 0.820731
vt 0.142894 0.820583
vt 0.138425 0.819405
vt 0.139137 0.826861
vt 0.138276 0.825477
vt 0.139826 0.818653
vt 0.182820 0.813511
vt 0.007595 0.811627
vt 0.009480 0.636426
vt 0.184674 0.638310
vt 0.186891 0.638333
vt 0.185097 0.813534
vt 0.187386 0.813557
vt 0.189119 0.638355
vt 0.190902 0.813591
vt 0.192576 0.638387
vt 0.194826 0.638408
vt 0.193214 0.813612
vt 0.195535 0.813631
vt 0.197091 0.638427
vt 0.372343 0.639245
vt 0.370846 0.815862
vt 0.378782 0.462527
vt 0.392352 0.991439
vt 0.379822 0.459778
vt 0.393562 0.994113
vt 0.382339 0.458278
vt 0.384451 0.638698
vt 0.382959 0.815809
vt 0.396160 0.995464
vt 0.386506 0.458158
vt 0.400327 0.995353
vt 0.389106 0.459525
vt 0.390234 0.462253
vt 0.403809 0.991048
vt 0.402848 0.993842
vt 0.106996 0.202475
vt 0.107327 0.199727
vt 0.107257 0.205019
vt 0.104776 0.202426
vt 0.104910 0.199300
vt 0.129422 0.147673
vt 0.125620 0.258589
vt 0.104805 0.205308
vt 0.103955 0.202404
vt 0.103912 0.199215
vt 0.127000 0.146903
vt 0.130129 0.144656
vt 0.131902 0.141798
vt 0.127711 0.264381
vt 0.126174 0.261547
vt 0.123176 0.259182
vt 0.103781 0.205326
vt 0.100700 0.202310
vt 0.100753 0.198790
vt 0.125770 0.146670
vt 0.128015 0.143714
vt 0.129817 0.140354
vt 0.176899 0.106608
vt 0.168628 0.304075
vt 0.125538 0.265688
vt 0.123959 0.262381
vt 0.121960 0.259312
vt 0.100565 0.205553
vt 0.097500 0.202183
vt 0.097853 0.198428
vt 0.122296 0.145383
vt 0.127117 0.143427
vt 0.128674 0.139958
vt 0.175172 0.104965
vt 0.166706 0.305543
vt 0.124368 0.266029
vt 0.122989 0.262637
vt 0.118391 0.260275
vt 0.097614 0.205705
vt 0.092897 0.202028
vt 0.093615 0.199602
vt 0.119102 0.143984
vt 0.123977 0.142130
vt 0.125681 0.138517
vt 0.174161 0.104498
vt 0.165606 0.305952
vt 0.121239 0.267284
vt 0.119738 0.263690
vt 0.115033 0.261381
vt 0.093467 0.204236
vt 0.090120 0.201862
vt 0.091177 0.199294
vt 0.116257 0.140559
vt 0.120923 0.140549
vt 0.123087 0.137220
vt 0.171196 0.102618
vt 0.162443 0.307589
vt 0.118461 0.268396
vt 0.116565 0.264961
vt 0.111811 0.264487
vt 0.091114 0.204588
vt 0.087651 0.201770
vt 0.088774 0.199812
vt 0.113759 0.139827
vt 0.116915 0.137980
vt 0.118963 0.136230
vt 0.167924 0.100802
vt 0.159120 0.309072
vt 0.114258 0.269084
vt 0.112396 0.267095
vt 0.109476 0.265172
vt 0.088770 0.203888
vt 0.084056 0.201700
vt 0.085130 0.199661
vt 0.112265 0.137839
vt 0.114825 0.136101
vt 0.117464 0.134553
vt 0.167732 0.096316
vt 0.158606 0.313484
vt 0.112818 0.270701
vt 0.110050 0.268712
vt 0.107869 0.267032
vt 0.085118 0.203825
vt 0.081271 0.201574
vt 0.082099 0.200244
vt 0.109442 0.135522
vt 0.113021 0.134463
vt 0.115560 0.133501
vt 0.167028 0.093963
vt 0.157710 0.315707
vt 0.110872 0.271559
vt 0.108121 0.270197
vt 0.104874 0.269079
vt 0.082136 0.203005
vt 0.107665 0.133059
vt 0.110420 0.132068
vt 0.113065 0.131031
vt 0.167791 0.091536
vt 0.158178 0.318203
vt 0.108219 0.273798
vt 0.105331 0.272348
vt 0.102911 0.271387
vt 0.720956 0.209314
vt 0.727767 0.219383
vt 0.108430 0.130250
vt 0.110500 0.129544
vt 0.167748 0.088007
vt 0.157684 0.321699
vt 0.105587 0.275049
vt 0.103228 0.273975
vt 0.709626 0.206639
vt 0.726187 0.202106
vt 0.733491 0.213048
vt 0.744599 0.273620
vt 0.168576 0.085088
vt 0.158208 0.324709
vt 0.654287 0.206615
vt 0.713938 0.199281
vt 0.752874 0.275685
vt 0.744860 0.286532
vt 0.736478 0.295187
vt 0.635796 0.220722
vt 0.642065 0.209626
vt 0.650011 0.199357
vt 0.477803 0.097603
vt 0.484854 0.110785
vt 0.753139 0.289748
vt 0.743977 0.299175
vt 0.687181 0.324358
vt 0.622419 0.275185
vt 0.629741 0.214878
vt 0.636641 0.202711
vt 0.464492 0.092571
vt 0.482860 0.092038
vt 0.490934 0.106829
vt 0.495907 0.173885
vt 0.686877 0.332712
vt 0.614407 0.277772
vt 0.402606 0.085793
vt 0.467949 0.086244
vt 0.502953 0.175558
vt 0.493948 0.189440
vt 0.482594 0.198867
vt 0.377872 0.100438
vt 0.387404 0.088081
vt 0.400642 0.078918
vt 0.831823 0.648950
vt 0.837968 0.632040
vt 0.500538 0.193036
vt 0.487842 0.203819
vt 0.423504 0.224849
vt 0.354854 0.159027
vt 0.372674 0.095516
vt 0.383571 0.081706
vt 0.815283 0.653314
vt 0.812517 0.629051
vt 0.816658 0.617718
vt 0.839494 0.543857
vt 0.423391 0.232061
vt 0.347646 0.159304
vt 0.729519 0.653392
vt 0.801422 0.632007
vt 0.817748 0.557204
vt 0.834167 0.525589
vt 0.817105 0.520288
vt 0.705378 0.630701
vt 0.711362 0.648728
vt 0.742592 0.632049
vt 0.233992 0.206601
vt 0.235268 0.215391
vt 0.814163 0.544955
vt 0.802735 0.541389
vt 0.728074 0.517789
vt 0.702188 0.544159
vt 0.726342 0.616789
vt 0.730390 0.628893
vt 0.234884 0.195772
vt 0.237929 0.206046
vt 0.238168 0.209124
vt 0.240912 0.261813
vt 0.741616 0.539715
vt 0.724105 0.557472
vt 0.239083 0.150567
vt 0.238038 0.202557
vt 0.247984 0.205799
vt 0.248172 0.208862
vt 0.244979 0.267382
vt 0.241839 0.271233
vt 0.244324 0.279958
vt 0.240969 0.132412
vt 0.239161 0.140749
vt 0.243303 0.143682
vt 0.248065 0.202404
vt 0.249946 0.205771
vt 0.249888 0.208837
vt 0.254910 0.265835
vt 0.245508 0.271159
vt 0.246284 0.274893
vt 0.261470 0.325297
vt 0.252926 0.089480
vt 0.243921 0.137840
vt 0.243421 0.140880
vt 0.253236 0.144842
vt 0.249851 0.202336
vt 0.253424 0.205723
vt 0.253125 0.208605
vt 0.256561 0.265663
vt 0.255298 0.269712
vt 0.256198 0.273354
vt 0.266165 0.330649
vt 0.257898 0.080862
vt 0.253925 0.138455
vt 0.253454 0.141668
vt 0.254827 0.144953
vt 0.253180 0.202428
vt 0.259709 0.265214
vt 0.257099 0.269421
vt 0.257939 0.273148
vt 0.276047 0.328628
vt 0.267932 0.082091
vt 0.255670 0.138524
vt 0.255308 0.141867
vt 0.257932 0.145262
vt 0.260410 0.268664
vt 0.260934 0.271968
vt 0.277644 0.328260
vt 0.269608 0.082366
vt 0.258725 0.139497
vt 0.258678 0.142480
vt 0.167444 0.206549
vt 0.167695 0.203852
vt 0.280276 0.326689
vt 0.272431 0.083743
vt 0.167770 0.209030
vt 0.165277 0.206560
vt 0.165323 0.203496
vt 0.188327 0.152533
vt 0.187208 0.260898
vt 0.165380 0.209381
vt 0.164475 0.206560
vt 0.164347 0.203443
vt 0.185940 0.151838
vt 0.188953 0.149564
vt 0.190616 0.146720
vt 0.189405 0.266507
vt 0.187826 0.263777
vt 0.184834 0.261545
vt 0.164381 0.209424
vt 0.161294 0.206556
vt 0.161254 0.203109
vt 0.184727 0.151642
vt 0.186858 0.148693
vt 0.188539 0.145361
vt 0.233601 0.111024
vt 0.230591 0.304095
vt 0.187319 0.267845
vt 0.185686 0.264653
vt 0.183650 0.261702
vt 0.161247 0.209729
vt 0.158164 0.206513
vt 0.158419 0.202833
vt 0.181293 0.150464
vt 0.185967 0.148433
vt 0.187409 0.145001
vt 0.231867 0.109463
vt 0.228755 0.305587
vt 0.186185 0.268208
vt 0.184744 0.264926
vt 0.180187 0.262741
vt 0.158369 0.209956
vt 0.153659 0.206481
vt 0.154300 0.204085
vt 0.178129 0.149172
vt 0.182862 0.147240
vt 0.184441 0.143664
vt 0.230868 0.109034
vt 0.227688 0.306014
vt 0.183163 0.269518
vt 0.181596 0.266043
vt 0.176935 0.263911
vt 0.154272 0.208628
vt 0.150937 0.206391
vt 0.151908 0.203850
vt 0.175269 0.145896
vt 0.179832 0.145769
vt 0.181867 0.142459
vt 0.227922 0.107274
vt 0.224643 0.307700
vt 0.180482 0.270678
vt 0.178531 0.267371
vt 0.173871 0.267033
vt 0.151981 0.209035
vt 0.148520 0.206366
vt 0.149567 0.204421
vt 0.172804 0.145246
vt 0.175848 0.143358
vt 0.177808 0.141596
vt 0.224677 0.105586
vt 0.221438 0.309241
vt 0.176393 0.271467
vt 0.174516 0.269568
vt 0.171606 0.267764
vt 0.149668 0.208412
vt 0.145002 0.206391
vt 0.145998 0.204364
vt 0.171299 0.143345
vt 0.173760 0.141575
vt 0.176301 0.139995
vt 0.224372 0.101204
vt 0.221062 0.313566
vt 0.175030 0.273084
vt 0.172267 0.271212
vt 0.170087 0.269624
vt 0.146095 0.208446
vt 0.142272 0.206339
vt 0.143047 0.205011
vt 0.168483 0.141152
vt 0.171954 0.140023
vt 0.174416 0.139016
vt 0.223627 0.098920
vt 0.220248 0.315761
vt 0.173152 0.273972
vt 0.170423 0.272715
vt 0.167218 0.271703
vt 0.143157 0.207723
vt 0.166688 0.138791
vt 0.169353 0.137749
vt 0.171915 0.136668
vt 0.224312 0.096525
vt 0.220775 0.318185
vt 0.170622 0.276235
vt 0.167755 0.274891
vt 0.165362 0.274013
vt 0.740770 0.467756
vt 0.732949 0.459350
vt 0.167363 0.136023
vt 0.169372 0.135279
vt 0.224178 0.093074
vt 0.220390 0.321616
vt 0.168083 0.277530
vt 0.165746 0.276538
vt 0.751735 0.468560
vt 0.736956 0.475244
vt 0.728525 0.466090
vt 0.709523 0.411091
vt 0.224912 0.090195
vt 0.220985 0.324540
vt 0.803327 0.460139
vt 0.748817 0.476068
vt 0.701508 0.410341
vt 0.707455 0.399068
vt 0.714071 0.389806
vt 0.818379 0.444143
vt 0.814255 0.455457
vt 0.808418 0.466248
vt 0.442716 0.518238
vt 0.434742 0.503044
vt 0.699270 0.397234
vt 0.706509 0.387134
vt 0.756069 0.355686
vt 0.822344 0.391314
vt 0.824926 0.448653
vt 0.820371 0.461064
vt 0.458113 0.523689
vt 0.436953 0.524669
vt 0.427737 0.507530
vt 0.423304 0.430249
vt 0.755186 0.347841
vt 0.829405 0.387659
vt 0.529493 0.529381
vt 0.454300 0.531024
vt 0.415250 0.428219
vt 0.425819 0.412398
vt 0.439203 0.401950
vt 0.557143 0.511526
vt 0.546882 0.526248
vt 0.531964 0.537196
vt 0.793954 0.040477
vt 0.783447 0.058619
vt 0.418309 0.408093
vt 0.433331 0.396098
vt 0.508036 0.374041
vt 0.580268 0.442885
vt 0.563364 0.516904
vt 0.551568 0.533422
vt 0.813587 0.037033
vt 0.755618 0.158987
vt 0.508385 0.365753
vt 0.588531 0.442195
vt 0.914680 0.038767
vt 0.862854 0.245396
vt 0.945998 0.063041
vt 0.936094 0.043201
vt 0.955869 0.196246
vt 0.970978 0.162050
vt 0.971785 0.181728
vt 0.491870 0.816372
vt 0.467248 0.816575
vt 0.491918 0.819891
vt 0.467242 0.820090
vt 0.541806 0.867097
vt 0.492029 0.842138
vt 0.467231 0.842334
vt 0.418181 0.867271
vt 0.541463 0.890455
vt 0.538283 0.867029
vt 0.492080 0.845671
vt 0.467221 0.845863
vt 0.421706 0.867261
vt 0.418353 0.890000
vt 0.537943 0.890445
vt 0.516044 0.866773
vt 0.492185 0.860514
vt 0.467209 0.860716
vt 0.443940 0.867090
vt 0.421873 0.889952
vt 0.491109 0.940055
vt 0.515705 0.890164
vt 0.512528 0.866705
vt 0.447448 0.867081
vt 0.444113 0.889702
vt 0.468546 0.939801
vt 0.491141 0.936532
vt 0.512182 0.890160
vt 0.462245 0.866979
vt 0.447634 0.889655
vt 0.468563 0.936281
vt 0.491218 0.914287
vt 0.497352 0.889961
vt 0.462457 0.889475
vt 0.468659 0.914042
vt 0.491253 0.910761
vt 0.491319 0.895933
vt 0.468762 0.895709
vt 0.468675 0.910525
vt 0.825053 0.140972
vt 0.835515 0.109723
vt 0.798055 0.147061
vt 0.841166 0.104095
vt 0.815403 0.089608
vt 0.847835 0.099694
vt 0.822686 0.078969
vt 0.880307 0.100236
vt 0.834632 0.075660
vt 0.887453 0.104774
vt 0.893600 0.076664
vt 0.893582 0.110728
vt 0.906583 0.080583
vt 0.902094 0.142397
vt 0.913691 0.092330
vt 0.898958 0.149864
vt 0.928418 0.150008
vt 0.894369 0.156520
vt 0.927659 0.162251
vt 0.865738 0.173579
vt 0.918516 0.171807
vt 0.865549 0.201346
vt 0.854078 0.203925
vt 0.858922 0.174193
vt 0.862717 0.153403
vt 0.877162 0.146035
vt 0.854919 0.157780
vt 0.842225 0.249783
vt 0.882171 0.143606
vt 0.968306 0.206359
vt 0.863035 0.261452
vt 0.836980 0.265906
vt 0.881133 0.136973
vt 0.987482 0.188764
vt 0.878219 0.123997
vt 0.986818 0.164820
vt 0.876698 0.118289
vt 0.958747 0.053335
vt 0.870739 0.118218
vt 0.946646 0.029561
vt 0.857565 0.118027
vt 0.920984 0.024006
vt 0.851106 0.118247
vt 0.807291 0.022063
vt 0.849496 0.124739
vt 0.783613 0.026511
vt 0.845817 0.139710
vt 0.826242 0.148230
vt 0.798359 0.159586
vt 0.770787 0.048478
vt 0.843130 0.148813
vt 0.756341 0.181431
vt 0.739789 0.162062
vt 0.741735 0.190048
vt 0.497717 0.866538
vt 0.408220 0.940847
vt 0.407460 0.918561
vt 0.414869 0.918311
vt 0.415629 0.940599
vt 0.414681 0.910901
vt 0.438702 0.910303
vt 0.438890 0.917716
vt 0.446303 0.917766
vt 0.446155 0.940984
vt 0.438742 0.940933
vt 0.438637 0.948346
vt 0.415525 0.948011
vt 0.467851 0.867050
vt 0.468326 0.889382
vt 0.447461 0.860597
vt 0.462332 0.860603
vt 0.462570 0.895686
vt 0.447723 0.895855
vt 0.462440 0.845828
vt 0.491797 0.866573
vt 0.491434 0.889817
vt 0.462482 0.910535
vt 0.443940 0.856995
vt 0.444241 0.899321
vt 0.458924 0.842290
vt 0.459067 0.914066
vt 0.421695 0.857094
vt 0.421998 0.899576
vt 0.459009 0.820058
vt 0.497654 0.845591
vt 0.497819 0.860395
vt 0.512675 0.860514
vt 0.512277 0.896189
vt 0.497464 0.896000
vt 0.497415 0.910831
vt 0.458958 0.936308
vt 0.410938 0.890092
vt 0.410772 0.867317
vt 0.418189 0.853493
vt 0.418523 0.903043
vt 0.455488 0.816502
vt 0.501245 0.842031
vt 0.516283 0.856931
vt 0.515836 0.899760
vt 0.501005 0.914383
vt 0.455542 0.939834
vt 0.410771 0.853494
vt 0.411110 0.903137
vt 0.455565 0.809095
vt 0.467279 0.809158
vt 0.501086 0.819798
vt 0.538524 0.857153
vt 0.538065 0.900032
vt 0.500934 0.936619
vt 0.468519 0.947214
vt 0.455505 0.947249
vt 0.491822 0.808957
vt 0.504685 0.816231
vt 0.542122 0.853567
vt 0.541626 0.903611
vt 0.504532 0.940164
vt 0.491090 0.947470
vt 0.504605 0.808823
vt 0.549537 0.853628
vt 0.549217 0.867177
vt 0.548878 0.890543
vt 0.549036 0.903687
vt 0.504512 0.947576
vt 0.581132 0.426604
vt 0.589364 0.423776
vt 0.614997 0.414934
vt 0.612010 0.437130
vt 0.576639 0.428265
vt 0.575651 0.442309
vt 0.579042 0.534583
vt 0.553100 0.509206
vt 0.566222 0.555899
vt 0.544309 0.522259
vt 0.541873 0.558569
vt 0.528992 0.524758
vt 0.440426 0.550588
vt 0.459363 0.519200
vt 0.418689 0.544715
vt 0.445840 0.514634
vt 0.409213 0.523018
vt 0.439088 0.501310
vt 0.392898 0.419544
vt 0.427973 0.430493
vt 0.394715 0.394697
vt 0.429956 0.414775
vt 0.414235 0.381655
vt 0.441784 0.405835
vt 0.512262 0.342059
vt 0.528241 0.364971
vt 0.525539 0.373217
vt 0.508723 0.378646
vt 0.536297 0.339097
vt 0.523795 0.377661
vt 0.809473 0.388526
vt 0.819971 0.380405
vt 0.809306 0.390504
vt 0.827203 0.375373
vt 0.805228 0.443264
vt 0.831424 0.375097
vt 0.833345 0.387552
vt 0.804711 0.446421
vt 0.828799 0.449631
vt 0.801471 0.447073
vt 0.822917 0.463445
vt 0.749176 0.455609
vt 0.809690 0.470061
vt 0.746419 0.455849
vt 0.748893 0.480094
vt 0.744842 0.453529
vt 0.735389 0.478442
vt 0.721489 0.405487
vt 0.725276 0.468414
vt 0.720241 0.402193
vt 0.697669 0.411435
vt 0.722302 0.400154
vt 0.695855 0.396451
vt 0.763914 0.366249
vt 0.703506 0.384484
vt 0.767255 0.351803
vt 0.765809 0.364991
vt 0.753122 0.344492
vt 0.767626 0.343014
vt 0.765632 0.339288
vt 0.229811 0.103653
vt 0.233309 0.105381
vt 0.226175 0.104268
vt 0.234066 0.106685
vt 0.226140 0.100071
vt 0.236175 0.108442
vt 0.234981 0.112346
vt 0.192141 0.148084
vt 0.190629 0.150255
vt 0.225498 0.097699
vt 0.236692 0.110518
vt 0.190287 0.152934
vt 0.226333 0.095479
vt 0.169640 0.204365
vt 0.226500 0.091960
vt 0.169240 0.206529
vt 0.166347 0.131502
vt 0.222331 0.086470
vt 0.227224 0.088955
vt 0.169719 0.208514
vt 0.163913 0.133496
vt 0.224871 0.084861
vt 0.189129 0.260481
vt 0.162284 0.137011
vt 0.229660 0.309240
vt 0.226211 0.310832
vt 0.189545 0.263068
vt 0.138442 0.203778
vt 0.222549 0.310348
vt 0.230447 0.308049
vt 0.190978 0.265209
vt 0.137943 0.206410
vt 0.222310 0.314684
vt 0.232646 0.306498
vt 0.232073 0.302832
vt 0.138548 0.208986
vt 0.222017 0.317109
vt 0.233313 0.304500
vt 0.160883 0.275677
vt 0.222661 0.319376
vt 0.162277 0.279015
vt 0.222457 0.322879
vt 0.164994 0.281249
vt 0.222979 0.325917
vt 0.218106 0.328025
vt 0.220116 0.329687
vt 0.725851 0.080496
vt 0.673409 0.075782
vt 0.673438 0.060212
vt 0.728683 0.065180
vt 0.730042 0.065105
vt 0.727700 0.080433
vt 0.671071 0.075494
vt 0.671884 0.060025
vt 0.668850 0.075538
vt 0.670549 0.060070
vt 0.616398 0.074159
vt 0.615515 0.058620
vt 0.614432 0.073871
vt 0.614153 0.058374
vt 0.612312 0.074250
vt 0.612827 0.058700
vt 0.559881 0.076242
vt 0.557915 0.060803
vt 0.557578 0.076110
vt 0.556345 0.060653
vt 0.555214 0.076584
vt 0.554830 0.061030
vt 0.502844 0.082239
vt 0.500098 0.066924
vt 0.500659 0.082155
vt 0.498766 0.066765
vt 0.276986 0.333208
vt 0.266008 0.333892
vt 0.279689 0.332012
vt 0.262227 0.332628
vt 0.256205 0.326225
vt 0.239370 0.281881
vt 0.236528 0.272583
vt 0.272121 0.270435
vt 0.288130 0.318031
vt 0.283227 0.329299
vt 0.257458 0.335611
vt 0.235214 0.262321
vt 0.270852 0.266015
vt 0.288566 0.319425
vt 0.229791 0.215186
vt 0.270459 0.261402
vt 0.228038 0.205416
vt 0.264340 0.210108
vt 0.228748 0.196034
vt 0.264048 0.205497
vt 0.233313 0.150291
vt 0.264149 0.200874
vt 0.233283 0.140250
vt 0.268547 0.149216
vt 0.257663 0.076937
vt 0.268642 0.076923
vt 0.235489 0.130243
vt 0.269033 0.144564
vt 0.271459 0.077868
vt 0.254130 0.078804
vt 0.246738 0.085731
vt 0.269876 0.139803
vt 0.275259 0.080097
vt 0.248719 0.077301
vt 0.281661 0.090513
vt 0.281895 0.089064
vt 0.421576 0.240936
vt 0.403264 0.244058
vt 0.406153 0.233156
vt 0.495588 0.208533
vt 0.408317 0.225943
vt 0.510503 0.198363
vt 0.409733 0.222044
vt 0.422800 0.220864
vt 0.511265 0.179234
vt 0.480257 0.195549
vt 0.497530 0.100426
vt 0.490310 0.187452
vt 0.490551 0.083711
vt 0.491838 0.173736
vt 0.473877 0.079306
vt 0.481080 0.112329
vt 0.396622 0.070984
vt 0.475060 0.100726
vt 0.377847 0.072109
vt 0.463317 0.096457
vt 0.367565 0.088214
vt 0.402924 0.089830
vt 0.338813 0.161384
vt 0.389510 0.091634
vt 0.346257 0.175267
vt 0.335373 0.178264
vt 0.381294 0.102615
vt 0.353497 0.173126
vt 0.358842 0.159710
vt 0.357459 0.171859
vt 0.729842 0.543365
vt 0.710537 0.523395
vt 0.745426 0.545537
vt 0.734919 0.548999
vt 0.700621 0.513537
vt 0.722354 0.505313
vt 0.798656 0.546910
vt 0.823331 0.508089
vt 0.808679 0.550248
vt 0.844340 0.515825
vt 0.812040 0.561002
vt 0.852074 0.538289
vt 0.811053 0.613669
vt 0.850343 0.638321
vt 0.807219 0.623623
vt 0.841656 0.659182
vt 0.797463 0.626453
vt 0.821202 0.665814
vt 0.746313 0.626474
vt 0.724031 0.665917
vt 0.735594 0.623475
vt 0.701736 0.658980
vt 0.731824 0.612853
vt 0.693198 0.636854
vt 0.706162 0.527771
vt 0.726685 0.546500
vt 0.729858 0.561256
vt 0.689636 0.538638
vt 0.732448 0.551448
vt 0.696065 0.518086
vt 0.674864 0.326671
vt 0.678441 0.313092
vt 0.680620 0.312069
vt 0.729484 0.283063
vt 0.673101 0.335816
vt 0.731967 0.281241
vt 0.688514 0.336538
vt 0.674603 0.340027
vt 0.731182 0.277582
vt 0.746704 0.302422
vt 0.714383 0.223554
vt 0.756593 0.291109
vt 0.713080 0.220834
vt 0.757067 0.275150
vt 0.710114 0.220608
vt 0.737272 0.211142
vt 0.653988 0.220586
vt 0.728356 0.199016
vt 0.650476 0.220710
vt 0.714537 0.195053
vt 0.649378 0.223931
vt 0.649332 0.195154
vt 0.635893 0.278306
vt 0.634391 0.199781
vt 0.635373 0.280342
vt 0.622993 0.286988
vt 0.625865 0.213184
vt 0.614566 0.290982
vt 0.610274 0.277196
vt 0.610113 0.290536
vt 0.173227 0.098969
vt 0.176756 0.100833
vt 0.169491 0.099494
vt 0.177494 0.102187
vt 0.169568 0.095204
vt 0.179602 0.104043
vt 0.178272 0.107998
vt 0.133424 0.143234
vt 0.131826 0.145406
vt 0.168974 0.092765
vt 0.180073 0.106179
vt 0.131417 0.148127
vt 0.169884 0.090522
vt 0.109303 0.200298
vt 0.170149 0.086933
vt 0.108833 0.202501
vt 0.107514 0.125599
vt 0.166043 0.081207
vt 0.170975 0.083885
vt 0.109266 0.204544
vt 0.104969 0.127576
vt 0.168684 0.079635
vt 0.127596 0.258216
vt 0.103209 0.131133
vt 0.167527 0.309306
vt 0.163955 0.310834
vt 0.127950 0.260872
vt 0.077419 0.198873
vt 0.160225 0.310238
vt 0.168366 0.308110
vt 0.129355 0.263100
vt 0.076845 0.201534
vt 0.159848 0.314663
vt 0.170659 0.306590
vt 0.170180 0.302826
vt 0.077392 0.204169
vt 0.159479 0.317135
vt 0.171398 0.304566
vt 0.098286 0.272961
vt 0.160072 0.319471
vt 0.099612 0.276405
vt 0.159759 0.323049
vt 0.102318 0.278759
vt 0.160204 0.326171
vt 0.155160 0.328183
vt 0.157165 0.329941
vt 0.554045 0.022636
vt 0.501671 0.028274
vt 0.498933 0.012957
vt 0.553665 0.007082
vt 0.556409 0.022162
vt 0.555181 0.006705
vt 0.499488 0.028186
vt 0.497600 0.012798
vt 0.558713 0.022293
vt 0.556748 0.006853
vt 0.611144 0.020301
vt 0.611658 0.004751
vt 0.613263 0.019920
vt 0.612985 0.004424
vt 0.615227 0.020209
vt 0.614347 0.004669
vt 0.667679 0.021594
vt 0.669380 0.006128
vt 0.669902 0.021550
vt 0.670715 0.006081
vt 0.672240 0.021838
vt 0.672270 0.006270
vt 0.724683 0.026554
vt 0.727513 0.011235
vt 0.728872 0.011161
vt 0.726531 0.026489
vt 0.309921 0.382638
vt 0.305079 0.373065
vt 0.353715 0.331680
vt 0.359387 0.340999
vt 0.305442 0.384889
vt 0.301386 0.375147
vt 0.304479 0.371303
vt 0.352907 0.330086
vt 0.300747 0.386909
vt 0.297142 0.376590
vt 0.300711 0.373322
vt 0.302463 0.368493
vt 0.350538 0.327851
vt 0.238810 0.405215
vt 0.237340 0.394704
vt 0.296753 0.374806
vt 0.299177 0.369977
vt 0.234178 0.405557
vt 0.233797 0.395023
vt 0.237237 0.392966
vt 0.295785 0.371524
vt 0.229100 0.405481
vt 0.229883 0.394876
vt 0.233748 0.393023
vt 0.236724 0.389529
vt 0.165816 0.390283
vt 0.168763 0.379832
vt 0.229860 0.393063
vt 0.233660 0.389293
vt 0.161961 0.389131
vt 0.165192 0.378870
vt 0.169037 0.378094
vt 0.230157 0.389512
vt 0.158058 0.387498
vt 0.161792 0.377458
vt 0.165738 0.376944
vt 0.169761 0.374812
vt 0.104576 0.352167
vt 0.109312 0.342316
vt 0.162200 0.375633
vt 0.167053 0.373443
vt 0.110001 0.340603
vt 0.163954 0.372640
vt 0.112172 0.338083
vt 0.480283 0.289622
vt 0.485232 0.294818
vt 0.473776 0.308005
vt 0.470157 0.301519
vt 0.506633 0.232438
vt 0.513823 0.232653
vt 0.456787 0.310470
vt 0.454908 0.303569
vt 0.851797 0.405406
vt 0.858104 0.422102
vt 0.389614 0.303236
vt 0.393015 0.296884
vt 0.648937 0.327868
vt 0.640870 0.339311
vt 0.844637 0.324143
vt 0.670212 0.266722
vt 0.870929 0.391435
vt 0.875460 0.402730
vt 0.875292 0.425980
vt 0.374741 0.297767
vt 0.379625 0.292087
vt 0.627224 0.341327
vt 0.643478 0.321465
vt 0.636161 0.331899
vt 0.865883 0.335642
vt 0.661991 0.268525
vt 0.875768 0.387427
vt 0.880271 0.397366
vt 0.887151 0.405605
vt 0.956036 0.424437
vt 0.366175 0.283418
vt 0.372077 0.279198
vt 0.563601 0.334933
vt 0.623700 0.333681
vt 0.871457 0.338895
vt 0.890603 0.400432
vt 0.942761 0.404523
vt 0.971539 0.420298
vt 0.350923 0.215465
vt 0.358058 0.216698
vt 0.551705 0.330816
vt 0.568652 0.328064
vt 0.046246 0.274053
vt 0.043882 0.272976
vt 0.099054 0.323519
vt 0.938928 0.399494
vt 0.953313 0.401439
vt 0.977424 0.404461
vt 0.352126 0.198007
vt 0.358986 0.201039
vt 0.545618 0.319131
vt 0.557668 0.324220
vt 0.043557 0.270385
vt 0.048875 0.272797
vt 0.045980 0.271348
vt 0.098523 0.320512
vt 0.948238 0.396242
vt 0.957524 0.390688
vt 0.980632 0.321460
vt 0.363621 0.186148
vt 0.369371 0.190528
vt 0.533431 0.254691
vt 0.552001 0.313465
vt 0.022559 0.202061
vt 0.045515 0.268073
vt 0.051520 0.270552
vt 0.048764 0.269192
vt 0.099007 0.317018
vt 0.952421 0.386765
vt 0.959839 0.333519
vt 0.976155 0.304140
vt 0.424319 0.150783
vt 0.425108 0.157936
vt 0.534766 0.240679
vt 0.541410 0.257673
vt 0.021691 0.200622
vt 0.025544 0.202880
vt 0.048503 0.266025
vt 0.053463 0.269692
vt 0.050690 0.267706
vt 0.098534 0.314522
vt 0.954523 0.337018
vt 0.956611 0.321766
vt 0.960345 0.298497
vt 0.544958 0.232358
vt 0.542622 0.244816
vt 0.022518 0.199286
vt 0.024480 0.200748
vt 0.029197 0.202938
vt 0.050105 0.264165
vt 0.054899 0.268075
vt 0.053030 0.266086
vt 0.099425 0.312300
vt 0.951202 0.326629
vt 0.945914 0.317721
vt 0.876709 0.291800
vt 0.605576 0.205692
vt 0.551945 0.237182
vt 0.048479 0.132245
vt 0.025552 0.198703
vt 0.028076 0.200816
vt 0.031543 0.203636
vt 0.052438 0.263477
vt 0.059099 0.267378
vt 0.057192 0.263945
vt 0.099925 0.307889
vt 0.941783 0.322578
vt 0.888381 0.313136
vt 0.604307 0.213953
vt 0.049245 0.129435
vt 0.050251 0.134706
vt 0.029199 0.198854
vt 0.030547 0.200907
vt 0.033898 0.203282
vt 0.055651 0.260368
vt 0.061873 0.266263
vt 0.060361 0.262670
vt 0.103243 0.306399
vt 0.891602 0.318875
vt 0.051317 0.128728
vt 0.051231 0.131251
vt 0.053068 0.137023
vt 0.031607 0.198334
vt 0.033326 0.201071
vt 0.038046 0.204747
vt 0.059008 0.259257
vt 0.064996 0.265001
vt 0.063609 0.261610
vt 0.106400 0.304755
vt 0.109297 0.084144
vt 0.053879 0.130213
vt 0.053828 0.133644
vt 0.054555 0.139004
vt 0.034046 0.198639
vt 0.037928 0.201225
vt 0.040992 0.204594
vt 0.062575 0.258284
vt 0.066164 0.264659
vt 0.064579 0.261355
vt 0.107500 0.304345
vt 0.108468 0.087066
vt 0.056373 0.132681
vt 0.055631 0.135278
vt 0.057054 0.139737
vt 0.038288 0.197470
vt 0.041125 0.201351
vt 0.044201 0.204365
vt 0.063788 0.258154
vt 0.068333 0.263347
vt 0.066789 0.260515
vt 0.109416 0.302871
vt 0.108511 0.090598
vt 0.058272 0.133733
vt 0.057718 0.137157
vt 0.059889 0.143161
vt 0.041177 0.197828
vt 0.044374 0.201442
vt 0.045222 0.204348
vt 0.066231 0.257557
vt 0.107746 0.093026
vt 0.059769 0.135408
vt 0.061724 0.139729
vt 0.063088 0.144567
vt 0.044327 0.198253
vt 0.045192 0.201462
vt 0.047672 0.204053
vt 0.108447 0.095382
vt 0.063893 0.136399
vt 0.064779 0.141314
vt 0.066565 0.145863
vt 0.045322 0.198333
vt 0.047406 0.201510
vt 0.311761 0.123487
vt 0.311574 0.126717
vt 0.328117 0.068295
vt 0.108643 0.099869
vt 0.066492 0.137702
vt 0.067921 0.142618
vt 0.067800 0.146097
vt 0.047735 0.198762
vt 0.310712 0.129804
vt 0.308733 0.122394
vt 0.308175 0.125977
vt 0.325373 0.066798
vt 0.111914 0.101682
vt 0.069489 0.139150
vt 0.068823 0.142909
vt 0.070221 0.146873
vt 0.307279 0.187411
vt 0.307551 0.129372
vt 0.306970 0.122201
vt 0.306277 0.125675
vt 0.323738 0.066413
vt 0.114876 0.103562
vt 0.070634 0.139550
vt 0.070941 0.143857
vt 0.307448 0.191072
vt 0.303971 0.187231
vt 0.305932 0.129134
vt 0.296984 0.120931
vt 0.296275 0.124547
vt 0.313833 0.064568
vt 0.115885 0.104029
vt 0.072718 0.140997
vt 0.307129 0.194319
vt 0.303927 0.191042
vt 0.302152 0.187179
vt 0.296006 0.127989
vt 0.294894 0.120845
vt 0.294064 0.124430
vt 0.311439 0.064978
vt 0.117613 0.105673
vt 0.311361 0.251506
vt 0.303885 0.194490
vt 0.301930 0.191028
vt 0.292011 0.187143
vt 0.293916 0.128079
vt 0.312002 0.255299
vt 0.308150 0.251912
vt 0.302143 0.194536
vt 0.291844 0.191107
vt 0.289876 0.186961
vt 0.687849 0.500149
vt 0.699501 0.496269
vt 0.591209 0.532374
vt 0.312477 0.258867
vt 0.308645 0.255994
vt 0.306456 0.252106
vt 0.292051 0.194693
vt 0.289614 0.191185
vt 0.697263 0.484431
vt 0.689228 0.506015
vt 0.701397 0.497355
vt 0.594550 0.537608
vt 0.329216 0.314611
vt 0.309451 0.259981
vt 0.306791 0.256282
vt 0.296459 0.253330
vt 0.289949 0.194939
vt 0.680607 0.383653
vt 0.703066 0.482772
vt 0.326539 0.316134
vt 0.307693 0.260218
vt 0.296920 0.257531
vt 0.294338 0.253405
vt 0.679186 0.370622
vt 0.686677 0.383534
vt 0.124123 0.028463
vt 0.112030 0.030932
vt 0.026966 0.032658
vt 0.324958 0.316525
vt 0.297693 0.261614
vt 0.294740 0.257721
vt 0.667010 0.370483
vt 0.680700 0.369023
vt 0.135265 0.034726
vt 0.122123 0.038784
vt 0.105603 0.040199
vt 0.022583 0.036617
vt 0.315063 0.318302
vt 0.295559 0.261621
vt 0.565768 0.363991
vt 0.666544 0.364440
vt 0.225435 0.036174
vt 0.137429 0.043520
vt 0.312659 0.317716
vt 0.552184 0.362629
vt 0.566888 0.358079
vt 0.239314 0.031919
vt 0.220891 0.044714
vt 0.571726 0.727775
vt 0.571772 0.662411
vt 0.549435 0.375478
vt 0.550977 0.360892
vt 0.252440 0.035733
vt 0.520872 0.778467
vt 0.569353 0.725952
vt 0.569390 0.664174
vt 0.526791 0.475555
vt 0.543477 0.374723
vt 0.341760 0.029799
vt 0.256601 0.044151
vt 0.455040 0.778700
vt 0.519041 0.776093
vt 0.566910 0.725351
vt 0.566944 0.664746
vt 0.521254 0.472742
vt 0.355431 0.024949
vt 0.338502 0.039195
vt 0.456822 0.776316
vt 0.518440 0.773651
vt 0.564331 0.724478
vt 0.564365 0.665583
vt 0.367368 0.032005
vt 0.354051 0.035678
vt 0.404706 0.726332
vt 0.457401 0.773867
vt 0.517564 0.771076
vt 0.563256 0.723657
vt 0.563291 0.666376
vt 0.455302 0.049847
vt 0.367899 0.041532
vt 0.404944 0.660969
vt 0.407089 0.724519
vt 0.458247 0.771282
vt 0.516739 0.770005
vt 0.560685 0.723100
vt 0.560722 0.666907
vt 0.447157 0.056475
vt 0.407321 0.662742
vt 0.409537 0.723929
vt 0.459049 0.770202
vt 0.516180 0.767438
vt 0.557272 0.721286
vt 0.557305 0.668657
vt 0.454889 0.609443
vt 0.409764 0.663325
vt 0.412123 0.723068
vt 0.459586 0.767628
vt 0.514357 0.764028
vt 0.554743 0.723213
vt 0.554782 0.666770
vt 0.520719 0.608936
vt 0.456692 0.611810
vt 0.412340 0.664173
vt 0.413203 0.722251
vt 0.461352 0.764207
vt 0.516294 0.761497
vt 0.552276 0.723207
vt 0.552316 0.666765
vt 0.518910 0.611326
vt 0.457294 0.614251
vt 0.413411 0.664972
vt 0.415777 0.721706
vt 0.459449 0.761687
vt 0.516290 0.759028
vt 0.549746 0.725134
vt 0.549794 0.664877
vt 0.518331 0.613773
vt 0.458164 0.616824
vt 0.415979 0.665514
vt 0.419198 0.719907
vt 0.459444 0.759220
vt 0.518229 0.756497
vt 0.546457 0.725127
vt 0.546510 0.664870
vt 0.517479 0.616357
vt 0.458976 0.617893
vt 0.419389 0.667279
vt 0.421719 0.721846
vt 0.457541 0.756699
vt 0.518222 0.753212
vt 0.529963 0.712474
vt 0.529990 0.677145
vt 0.516663 0.617436
vt 0.459535 0.620459
vt 0.421919 0.665403
vt 0.424187 0.721851
vt 0.457534 0.753411
vt 0.505474 0.736744
vt 0.516128 0.620009
vt 0.461335 0.623859
vt 0.424385 0.665408
vt 0.426708 0.723789
vt 0.469892 0.736863
vt 0.507696 0.709646
vt 0.507696 0.674317
vt 0.514338 0.623437
vt 0.459455 0.626400
vt 0.426916 0.663532
vt 0.429995 0.723796
vt 0.472113 0.709646
vt 0.472114 0.674316
vt 0.516300 0.625946
vt 0.459474 0.628867
vt 0.430203 0.663539
vt 0.446545 0.711215
vt 0.505740 0.650813
vt 0.516319 0.628411
vt 0.457595 0.631408
vt 0.446670 0.675885
vt 0.518307 0.634205
vt 0.470159 0.651103
vt 0.518281 0.630919
vt 0.457621 0.634695
vt 0.358165 0.329072
vt 0.362882 0.340018
vt 0.356107 0.326719
vt 0.363115 0.344588
vt 0.355720 0.347387
vt 0.316009 0.382816
vt 0.352172 0.323942
vt 0.306639 0.388614
vt 0.338897 0.323056
vt 0.340129 0.322070
vt 0.295887 0.392599
vt 0.297055 0.357319
vt 0.245768 0.407683
vt 0.293528 0.359652
vt 0.234788 0.409720
vt 0.289448 0.360875
vt 0.221564 0.408292
vt 0.236906 0.377066
vt 0.172244 0.396176
vt 0.233256 0.377652
vt 0.160607 0.393553
vt 0.229570 0.377325
vt 0.151295 0.388648
vt 0.175990 0.364190
vt 0.100329 0.351117
vt 0.104121 0.339839
vt 0.111590 0.359947
vt 0.171886 0.362944
vt 0.105908 0.337255
vt 0.100853 0.355629
vt 0.167884 0.360990
vt 0.109373 0.333986
vt 0.122279 0.331023
vt 0.120891 0.330243
vt 0.877077 0.315862
vt 0.859918 0.296184
vt 0.871896 0.279988
vt 0.966755 0.287493
vt 0.986246 0.295115
vt 0.941058 0.327178
vt 0.891798 0.323490
vt 0.881413 0.321363
vt 0.851005 0.286164
vt 0.992414 0.316461
vt 0.947566 0.330243
vt 0.884928 0.325443
vt 0.988801 0.410571
vt 0.949488 0.337611
vt 0.980976 0.430132
vt 0.948030 0.384730
vt 0.960518 0.434035
vt 0.945423 0.391060
vt 0.870341 0.437710
vt 0.937109 0.394294
vt 0.849236 0.432284
vt 0.891387 0.395427
vt 0.840795 0.411698
vt 0.883947 0.392991
vt 0.847560 0.308531
vt 0.867774 0.325179
vt 0.832783 0.319463
vt 0.881101 0.387079
vt 0.873422 0.329562
vt 0.837346 0.299809
vt 0.877581 0.341800
vt 0.878679 0.330989
vt 0.557950 0.048132
vt 0.505569 0.053689
vt 0.502851 0.038369
vt 0.557591 0.032576
vt 0.560317 0.047661
vt 0.559105 0.032204
vt 0.503384 0.053600
vt 0.501518 0.038208
vt 0.562623 0.047796
vt 0.560673 0.032354
vt 0.615058 0.045841
vt 0.615580 0.030290
vt 0.617179 0.045463
vt 0.616908 0.029966
vt 0.619147 0.045751
vt 0.618267 0.030211
vt 0.671599 0.047140
vt 0.673299 0.031672
vt 0.673825 0.047094
vt 0.674632 0.031626
vt 0.676163 0.047379
vt 0.676184 0.031811
vt 0.728612 0.052056
vt 0.731432 0.036739
vt 0.732790 0.036661
vt 0.730461 0.051990
vt 0.110284 0.094271
vt 0.110208 0.098561
vt 0.109693 0.091828
vt 0.113943 0.098034
vt 0.110605 0.089582
vt 0.117471 0.099895
vt 0.110871 0.085990
vt 0.118208 0.101249
vt 0.048328 0.124786
vt 0.106758 0.080266
vt 0.111693 0.082938
vt 0.120315 0.103104
vt 0.118987 0.107060
vt 0.074240 0.142432
vt 0.045787 0.126757
vt 0.072635 0.144609
vt 0.109398 0.078689
vt 0.120787 0.105239
vt 0.044026 0.130308
vt 0.072213 0.147336
vt 0.017846 0.197902
vt 0.049709 0.199337
vt 0.017265 0.200579
vt 0.049241 0.201536
vt 0.101033 0.309052
vt 0.100671 0.313476
vt 0.017815 0.203234
vt 0.049679 0.203576
vt 0.100306 0.315947
vt 0.104763 0.309641
vt 0.038939 0.271968
vt 0.068205 0.257181
vt 0.100904 0.318282
vt 0.108331 0.308103
vt 0.040274 0.275416
vt 0.068563 0.259836
vt 0.100603 0.321859
vt 0.109164 0.306907
vt 0.042991 0.277772
vt 0.069974 0.262060
vt 0.101057 0.324978
vt 0.111454 0.305380
vt 0.096018 0.327003
vt 0.110965 0.301619
vt 0.098028 0.328755
vt 0.112188 0.303354
vt 0.619621 0.204209
vt 0.616808 0.213087
vt 0.604393 0.201702
vt 0.618615 0.199851
vt 0.611680 0.226158
vt 0.609395 0.226921
vt 0.542623 0.228819
vt 0.557491 0.250033
vt 0.531495 0.238935
vt 0.554823 0.251546
vt 0.529205 0.254751
vt 0.555185 0.255257
vt 0.541656 0.320608
vt 0.565763 0.310804
vt 0.549221 0.333652
vt 0.566731 0.313611
vt 0.562568 0.339071
vt 0.569608 0.314124
vt 0.627476 0.345574
vt 0.625404 0.319814
vt 0.642819 0.342444
vt 0.628887 0.320042
vt 0.652626 0.329931
vt 0.630275 0.316960
vt 0.662553 0.256721
vt 0.671325 0.253557
vt 0.674270 0.267695
vt 0.648880 0.264126
vt 0.675713 0.254430
vt 0.649593 0.262151
vt 0.441184 0.147284
vt 0.440012 0.154778
vt 0.424463 0.140457
vt 0.442180 0.134935
vt 0.439119 0.158847
vt 0.426295 0.161805
vt 0.354519 0.181195
vt 0.372050 0.193588
vt 0.340801 0.193095
vt 0.362785 0.202722
vt 0.341021 0.212361
vt 0.362132 0.216603
vt 0.358602 0.290648
vt 0.375783 0.277490
vt 0.366624 0.307113
vt 0.382284 0.288890
vt 0.384478 0.310203
vt 0.394156 0.292987
vt 0.460795 0.319849
vt 0.454628 0.299525
vt 0.479663 0.318711
vt 0.468161 0.297894
vt 0.490701 0.302906
vt 0.476971 0.287267
vt 0.509105 0.218478
vt 0.516546 0.216907
vt 0.524123 0.231612
vt 0.502700 0.231493
vt 0.528812 0.215085
vt 0.505042 0.219453
vt 0.325815 0.321148
vt 0.314859 0.321628
vt 0.328510 0.319994
vt 0.312264 0.320562
vt 0.309683 0.318124
vt 0.292618 0.261724
vt 0.291914 0.258049
vt 0.323697 0.257814
vt 0.337464 0.306302
vt 0.332091 0.317387
vt 0.309411 0.319948
vt 0.291466 0.253975
vt 0.322548 0.253070
vt 0.337851 0.307766
vt 0.287001 0.194743
vt 0.322288 0.248111
vt 0.286792 0.191193
vt 0.318256 0.196141
vt 0.286939 0.187162
vt 0.318064 0.190981
vt 0.291018 0.127519
vt 0.318170 0.185817
vt 0.291282 0.124123
vt 0.321443 0.133724
vt 0.313896 0.060560
vt 0.324774 0.061253
vt 0.291936 0.120750
vt 0.321935 0.128973
vt 0.327476 0.062345
vt 0.311207 0.061251
vt 0.308478 0.064567
vt 0.322932 0.124199
vt 0.331128 0.064741
vt 0.308307 0.061847
vt 0.337027 0.075465
vt 0.337346 0.073984
vt 0.579900 0.540630
vt 0.576265 0.536304
vt 0.595157 0.500265
vt 0.598189 0.500996
vt 0.579742 0.541619
vt 0.594640 0.538664
vt 0.663418 0.478707
vt 0.690354 0.506556
vt 0.665093 0.475705
vt 0.701968 0.497672
vt 0.666811 0.472870
vt 0.704065 0.483408
vt 0.655231 0.403736
vt 0.687467 0.382725
vt 0.652228 0.400442
vt 0.681143 0.368590
vt 0.649320 0.397835
vt 0.667361 0.363641
vt 0.579844 0.393167
vt 0.566258 0.357189
vt 0.576146 0.394993
vt 0.550659 0.360431
vt 0.573321 0.397485
vt 0.542847 0.373759
vt 0.557558 0.465048
vt 0.524766 0.489183
vt 0.520058 0.486145
vt 0.520210 0.472860
vt 0.558715 0.466788
vt 0.519103 0.486468
vt 0.246661 0.048563
vt 0.239186 0.042604
vt 0.259877 0.048943
vt 0.336437 0.044766
vt 0.239325 0.019894
vt 0.248724 0.025819
vt 0.229205 0.026162
vt 0.231725 0.048811
vt 0.217566 0.049641
vt 0.345061 0.019327
vt 0.368661 0.047219
vt 0.133109 0.024583
vt 0.139158 0.048773
vt 0.356771 0.013027
vt 0.442502 0.060743
vt 0.126481 0.016710
vt 0.366549 0.021280
vt 0.458969 0.059973
vt 0.453546 0.063805
vt 0.117182 0.020548
vt 0.102014 0.045562
vt 0.463380 0.042115
vt 0.468226 0.054042
vt 0.039453 0.024433
vt 0.020702 0.042070
vt 0.016940 0.021430
vt 0.029039 0.019662
vt 0.476517 0.045147
vt 0.037331 0.016907
vt 0.012213 0.029422
vt 0.352250 0.042100
vt 0.354405 0.042337
vt 0.122289 0.045148
vt 0.120145 0.044835
vt 0.507695 0.715138
vt 0.472113 0.715138
vt 0.466301 0.709646
vt 0.466302 0.674316
vt 0.472114 0.668346
vt 0.507696 0.668346
vt 0.513093 0.674317
vt 0.513094 0.709647
vt 0.513093 0.715138
vt 0.466300 0.715138
vt 0.466302 0.668346
vt 0.513094 0.668347
vt 0.447621 0.753434
vt 0.464080 0.736880
vt 0.469861 0.726842
vt 0.505443 0.726724
vt 0.510873 0.736728
vt 0.527428 0.753191
vt 0.527435 0.756484
vt 0.447628 0.756717
vt 0.464049 0.726860
vt 0.510841 0.726708
vt 0.524914 0.759016
vt 0.450159 0.759237
vt 0.524918 0.761486
vt 0.450164 0.761703
vt 0.522398 0.764016
vt 0.452694 0.764225
vt 0.524765 0.767427
vt 0.450341 0.767644
vt 0.525490 0.769995
vt 0.449626 0.770217
vt 0.526563 0.771067
vt 0.448558 0.771296
vt 0.527699 0.773643
vt 0.447431 0.773881
vt 0.528480 0.776084
vt 0.446659 0.776330
vt 0.530860 0.778456
vt 0.524353 0.785409
vt 0.451673 0.785659
vt 0.444289 0.778716
vt 0.535374 0.785396
vt 0.439798 0.785675
vt 0.546439 0.734494
vt 0.529956 0.717965
vt 0.519943 0.712465
vt 0.519970 0.677136
vt 0.529997 0.671174
vt 0.546527 0.654687
vt 0.549818 0.654693
vt 0.549721 0.734501
vt 0.519937 0.717956
vt 0.519976 0.671164
vt 0.552339 0.657225
vt 0.552251 0.731981
vt 0.554808 0.657231
vt 0.554716 0.731987
vt 0.557328 0.659763
vt 0.557249 0.729467
vt 0.560748 0.657410
vt 0.560657 0.731835
vt 0.563320 0.656696
vt 0.563225 0.732561
vt 0.564397 0.655628
vt 0.564298 0.733633
vt 0.566978 0.654504
vt 0.566876 0.734772
vt 0.569422 0.653734
vt 0.569321 0.735555
vt 0.571805 0.651364
vt 0.578728 0.659070
vt 0.578669 0.731235
vt 0.571696 0.737936
vt 0.578764 0.646878
vt 0.578636 0.742456
vt 0.456691 0.675919
vt 0.456565 0.711248
vt 0.446689 0.669913
vt 0.456710 0.669947
vt 0.456548 0.716739
vt 0.446528 0.716706
vt 0.430226 0.653356
vt 0.429972 0.733163
vt 0.426689 0.733156
vt 0.426934 0.653348
vt 0.424171 0.730625
vt 0.424401 0.655869
vt 0.421703 0.730620
vt 0.421932 0.655864
vt 0.419181 0.728088
vt 0.419402 0.658384
vt 0.415762 0.730441
vt 0.415990 0.656017
vt 0.413189 0.731156
vt 0.413421 0.655292
vt 0.412110 0.732223
vt 0.412348 0.654219
vt 0.409526 0.733350
vt 0.409772 0.653083
vt 0.407077 0.734123
vt 0.407331 0.652301
vt 0.404691 0.736492
vt 0.397748 0.729760
vt 0.398002 0.657598
vt 0.404959 0.649921
vt 0.397731 0.740982
vt 0.398018 0.645406
vt 0.527513 0.634132
vt 0.511138 0.650770
vt 0.505821 0.660832
vt 0.470240 0.661124
vt 0.464348 0.651149
vt 0.447708 0.634774
vt 0.447682 0.631485
vt 0.527487 0.630847
vt 0.511219 0.660789
vt 0.464429 0.661170
vt 0.450189 0.628938
vt 0.524943 0.628343
vt 0.450170 0.626469
vt 0.524924 0.625878
vt 0.452677 0.623924
vt 0.522379 0.623374
vt 0.450292 0.620526
vt 0.524714 0.619944
vt 0.449553 0.617962
vt 0.525415 0.617371
vt 0.448475 0.616895
vt 0.526478 0.616291
vt 0.447325 0.614324
vt 0.527591 0.613704
vt 0.446529 0.611886
vt 0.528349 0.611255
vt 0.444137 0.609526
vt 0.451451 0.602518
vt 0.524129 0.601961
vt 0.530706 0.608858
vt 0.439580 0.602611
vt 0.535154 0.601873
vt 0.245415 0.546908
vt 0.245413 0.540287
vt 0.252862 0.540287
vt 0.252860 0.546908
vt 0.245414 0.594980
vt 0.231634 0.594976
vt 0.231651 0.546905
vt 0.259473 0.546905
vt 0.259498 0.594976
vt 0.252868 0.594980
vt 0.245417 0.601600
vt 0.252866 0.601600
vt 0.225003 0.594973
vt 0.225038 0.546901
vt 0.266957 0.594971
vt 0.266915 0.546899
vt 0.211273 0.546890
vt 0.271866 0.546893
vt 0.271924 0.594966
vt 0.211230 0.594962
vt 0.192162 0.594944
vt 0.192213 0.546872
vt 0.211226 0.601581
vt 0.224995 0.601593
vt 0.277630 0.546883
vt 0.185536 0.594938
vt 0.185597 0.546865
vt 0.309064 0.546834
vt 0.309141 0.594906
vt 0.277697 0.594955
vt 0.277777 0.626391
vt 0.272014 0.626406
vt 0.271985 0.619786
vt 0.271973 0.613166
vt 0.271956 0.606545
vt 0.271939 0.599925
vt 0.166541 0.546839
vt 0.166467 0.594911
vt 0.314914 0.594896
vt 0.314829 0.546824
vt 0.247032 0.626567
vt 0.246990 0.619947
vt 0.141473 0.594871
vt 0.141556 0.546799
vt 0.339816 0.546778
vt 0.339905 0.594850
vt 0.134849 0.594858
vt 0.134939 0.546787
vt 0.643087 0.876912
vt 0.643087 0.872219
vt 0.652847 0.872219
vt 0.652847 0.876912
vt 0.643087 0.886176
vt 0.643087 0.881484
vt 0.656598 0.881484
vt 0.656598 0.886176
vt 0.651424 0.850045
vt 0.651424 0.845353
vt 0.664936 0.845353
vt 0.664936 0.850045
vt 0.647232 0.862929
vt 0.664950 0.862880
vt 0.664963 0.867572
vt 0.647256 0.867622
vt 0.647100 0.845338
vt 0.647126 0.848853
vt 0.647160 0.853545
vt 0.647193 0.858237
vt 0.643171 0.867651
vt 0.643012 0.845368
vt 0.564702 0.879993
vt 0.558338 0.879864
vt 0.559197 0.837640
vt 0.565560 0.837740
vt 0.559321 0.826485
vt 0.565681 0.826533
vt 0.548142 0.818759
vt 0.559341 0.818765
vt 0.548154 0.826485
vt 0.565779 0.807626
vt 0.565710 0.818803
vt 0.559414 0.807577
vt 0.576863 0.826570
vt 0.576895 0.818846
vt 0.522816 0.792684
vt 0.536260 0.793029
vt 0.566029 0.779292
vt 0.559664 0.779234
vt 0.588806 0.793129
vt 0.602250 0.792802
vt 0.566151 0.765846
vt 0.559787 0.765786
vt 0.719895 0.796748
vt 0.713532 0.796626
vt 0.714351 0.754400
vt 0.720715 0.754496
vt 0.714471 0.743244
vt 0.720832 0.743287
vt 0.703297 0.735516
vt 0.714492 0.735526
vt 0.703302 0.743239
vt 0.720908 0.724377
vt 0.720863 0.735557
vt 0.714545 0.724344
vt 0.732014 0.743329
vt 0.732047 0.735604
vt 0.678011 0.709403
vt 0.691454 0.709768
vt 0.721081 0.696040
vt 0.714716 0.696002
vt 0.743966 0.709893
vt 0.757411 0.709570
vt 0.721158 0.682590
vt 0.714794 0.682554
vt 0.039320 0.544741
vt 0.914168 0.793125
vt 0.908700 0.793125
vt 0.908700 0.781753
vt 0.914168 0.781753
vt 0.923566 0.799698
vt 0.918099 0.799708
vt 0.918070 0.783964
vt 0.923538 0.783954
vt 0.306533 0.423632
vt 0.306442 0.417012
vt 0.320210 0.416820
vt 0.320303 0.423440
vt 0.320962 0.471508
vt 0.307198 0.471698
vt 0.288140 0.471963
vt 0.287471 0.423896
vt 0.327577 0.471417
vt 0.326924 0.423349
vt 0.281523 0.472056
vt 0.280850 0.423989
vt 0.341341 0.471230
vt 0.340695 0.423163
vt 0.348144 0.423063
vt 0.348788 0.471131
vt 0.340606 0.416544
vt 0.348055 0.416444
vt 0.341429 0.477850
vt 0.348877 0.477751
vt 0.154352 0.532924
vt 0.154358 0.539544
vt 0.135297 0.539563
vt 0.135289 0.532943
vt 0.135240 0.484871
vt 0.154302 0.484852
vt 0.179288 0.484825
vt 0.179343 0.532897
vt 0.185907 0.484817
vt 0.185965 0.532890
vt 0.078239 0.500300
vt 0.101509 0.500081
vt 0.101938 0.544823
vt 0.078674 0.545044
vt 0.073290 0.545090
vt 0.072839 0.500348
vt 0.043526 0.500551
vt 0.044018 0.545475
vt 0.033432 0.501319
vt 0.038104 0.500665
vt 0.038100 0.495991
vt 0.038055 0.489830
vt 0.038010 0.483668
vt 0.037928 0.477497
vt 0.037960 0.471335
vt 0.043291 0.471305
vt 0.030263 0.571856
vt 0.025513 0.569410
vt 0.028290 0.563910
vt 0.031152 0.558442
vt 0.033980 0.552968
vt 0.036123 0.546498
vt 0.029178 0.546652
vt 0.026517 0.501986
vt 0.014633 0.477083
vt 0.014741 0.470922
vt 0.004670 0.559145
vt 0.007396 0.553619
vt 0.020362 0.502353
vt 0.023024 0.547018
vt 0.676834 0.650320
vt 0.690273 0.649828
vt 0.665302 0.683901
vt 0.665233 0.676177
vt 0.654131 0.684013
vt 0.654036 0.676300
vt 0.647996 0.695323
vt 0.647772 0.684116
vt 0.654359 0.695166
vt 0.636476 0.676553
vt 0.647666 0.676380
vt 0.636600 0.684275
vt 0.653916 0.665130
vt 0.647552 0.665184
vt 0.655615 0.737377
vt 0.649252 0.737567
vt 0.610790 0.650833
vt 0.624237 0.650989
vt 0.653719 0.636796
vt 0.647355 0.636839
vt 0.653629 0.623348
vt 0.647266 0.623390
vt 0.780976 0.712107
vt 0.794425 0.712276
vt 0.806641 0.737849
vt 0.806758 0.745572
vt 0.817833 0.737689
vt 0.817930 0.745421
vt 0.818151 0.756633
vt 0.824288 0.745323
vt 0.824513 0.756473
vt 0.824084 0.726439
vt 0.824205 0.737609
vt 0.817721 0.726495
vt 0.835453 0.745241
vt 0.835407 0.737516
vt 0.825757 0.798689
vt 0.819396 0.798877
vt 0.823868 0.698103
vt 0.817505 0.698151
vt 0.847108 0.711702
vt 0.860548 0.711261
vt 0.823774 0.684657
vt 0.817410 0.684702
vt 0.841337 0.783362
vt 0.846804 0.783362
vt 0.846804 0.789514
vt 0.841337 0.789514
vt 0.831978 0.781555
vt 0.837445 0.781555
vt 0.837445 0.802193
vt 0.831978 0.802193
vt 0.853366 0.783362
vt 0.858832 0.783362
vt 0.858832 0.799106
vt 0.853366 0.799106
vt 0.285629 0.478115
vt 0.285596 0.484734
vt 0.266533 0.484640
vt 0.266567 0.478019
vt 0.285362 0.532805
vt 0.266304 0.532712
vt 0.310588 0.484860
vt 0.310347 0.532932
vt 0.259909 0.484607
vt 0.259688 0.532679
vt 0.317209 0.484895
vt 0.316965 0.532966
vt 0.240627 0.532592
vt 0.240846 0.484520
vt 0.869810 0.781810
vt 0.875277 0.781874
vt 0.875145 0.793244
vt 0.869678 0.793182
vt 0.862883 0.782852
vt 0.868350 0.782773
vt 0.868513 0.794144
vt 0.863046 0.794223
vt 0.226579 0.532515
vt 0.212806 0.532488
vt 0.212907 0.484415
vt 0.226673 0.484444
vt 0.234122 0.484458
vt 0.234030 0.532529
vt 0.206183 0.532473
vt 0.206292 0.484402
vt 0.226683 0.477824
vt 0.234133 0.477838
vt 0.192411 0.532441
vt 0.192524 0.484368
vt 0.026724 0.373778
vt 0.019794 0.373726
vt 0.020127 0.328982
vt 0.027064 0.329034
vt 0.031683 0.329066
vt 0.031336 0.373818
vt 0.013962 0.328936
vt 0.013634 0.373681
vt 0.031754 0.324441
vt 0.031846 0.318279
vt 0.031938 0.312118
vt 0.032025 0.305956
vt 0.032130 0.299796
vt 0.037491 0.299876
vt 0.037053 0.329124
vt 0.066313 0.329350
vt 0.065968 0.374094
vt 0.036704 0.373862
vt 0.036486 0.403122
vt 0.031117 0.403081
vt 0.031163 0.396920
vt 0.031209 0.390759
vt 0.031255 0.384596
vt 0.031301 0.378435
vt 0.008763 0.305523
vt 0.008879 0.299362
vt 0.071340 0.374134
vt 0.071677 0.329391
vt 0.094934 0.329563
vt 0.094602 0.374307
vt 0.643756 0.922089
vt 0.630323 0.921460
vt 0.618989 0.895483
vt 0.619134 0.887761
vt 0.607800 0.895268
vt 0.607960 0.887536
vt 0.608119 0.876326
vt 0.601603 0.887422
vt 0.601756 0.876270
vt 0.601179 0.906307
vt 0.601431 0.895136
vt 0.607542 0.906458
vt 0.590439 0.887140
vt 0.590234 0.894861
vt 0.601933 0.834037
vt 0.608298 0.834064
vt 0.600466 0.934632
vt 0.606829 0.934794
vt 0.577711 0.920285
vt 0.564262 0.920294
vt 0.600122 0.948076
vt 0.606485 0.948238
vt 0.752855 0.742882
vt 0.764022 0.743162
vt 0.763845 0.750877
vt 0.752652 0.750604
vt 0.740140 0.776034
vt 0.726691 0.776047
vt 0.770544 0.732072
vt 0.770382 0.743280
vt 0.764181 0.732008
vt 0.781399 0.751242
vt 0.770215 0.751009
vt 0.781558 0.743518
vt 0.763612 0.762061
vt 0.769974 0.762189
vt 0.764413 0.689776
vt 0.770776 0.689811
vt 0.806110 0.777898
vt 0.792675 0.777241
vt 0.763059 0.790396
vt 0.769423 0.790522
vt 0.762787 0.803841
vt 0.769150 0.803970
vt 0.330041 0.484203
vt 0.336658 0.484117
vt 0.337281 0.532187
vt 0.330661 0.532270
vt 0.344106 0.484021
vt 0.344731 0.532089
vt 0.323212 0.532365
vt 0.322592 0.484297
vt 0.322510 0.477677
vt 0.329959 0.477584
vt 0.323295 0.538984
vt 0.330743 0.538890
vt 0.929167 0.776936
vt 0.894353 0.777924
vt 0.894070 0.767952
vt 0.928883 0.766964
vt 0.090252 0.417313
vt 0.096415 0.417318
vt 0.096374 0.462063
vt 0.090213 0.462058
vt 0.109232 0.417330
vt 0.109190 0.462075
vt 0.893417 0.794129
vt 0.887950 0.794167
vt 0.887871 0.782795
vt 0.893338 0.782757
vt 0.904162 0.797725
vt 0.898697 0.797893
vt 0.898216 0.782157
vt 0.903681 0.781990
vt 0.883748 0.794056
vt 0.878281 0.794154
vt 0.878079 0.782783
vt 0.883546 0.782686
vt 0.198515 0.468360
vt 0.198002 0.420291
vt 0.217061 0.420088
vt 0.217578 0.468158
vt 0.223676 0.420016
vt 0.224202 0.468085
vt 0.242732 0.419805
vt 0.267717 0.419525
vt 0.268258 0.467594
vt 0.243265 0.467874
vt 0.243337 0.474493
vt 0.224277 0.474704
vt 0.274334 0.419451
vt 0.274878 0.467519
vt 0.039715 0.462164
vt 0.016457 0.462172
vt 0.016442 0.417427
vt 0.039703 0.417418
vt 0.045073 0.417418
vt 0.045083 0.462163
vt 0.074345 0.462151
vt 0.074333 0.417415
vt 0.084331 0.462152
vt 0.079715 0.462159
vt 0.079702 0.417403
vt 0.084316 0.417406
vt 0.079692 0.466783
vt 0.079662 0.472945
vt 0.079632 0.479107
vt 0.079608 0.485269
vt 0.079565 0.491431
vt 0.074203 0.491405
vt 0.074154 0.388163
vt 0.079518 0.388130
vt 0.079567 0.394292
vt 0.079599 0.400454
vt 0.079636 0.406616
vt 0.079673 0.412777
vt 0.102873 0.485478
vt 0.102818 0.491640
vt 0.102771 0.387898
vt 0.102832 0.394060
vt 0.620113 0.843641
vt 0.619662 0.815314
vt 0.626026 0.815196
vt 0.626477 0.843541
vt 0.620338 0.858621
vt 0.626702 0.858524
vt 0.619458 0.805684
vt 0.625820 0.805531
vt 0.625386 0.787943
vt 0.625602 0.797810
vt 0.619239 0.797963
vt 0.619023 0.788062
vt 0.635474 0.805200
vt 0.635475 0.797479
vt 0.609348 0.798218
vt 0.609819 0.805925
vt 0.618345 0.744994
vt 0.624708 0.744894
vt 0.663063 0.830540
vt 0.648081 0.830582
vt 0.598856 0.832056
vt 0.583900 0.832964
vt 0.664184 0.700425
vt 0.670547 0.700295
vt 0.671417 0.742545
vt 0.665053 0.742653
vt 0.671567 0.753748
vt 0.665203 0.753814
vt 0.682783 0.761424
vt 0.671612 0.761471
vt 0.682759 0.753700
vt 0.665395 0.772738
vt 0.665248 0.761539
vt 0.671759 0.772636
vt 0.654030 0.753862
vt 0.654055 0.761587
vt 0.708066 0.787532
vt 0.694623 0.787170
vt 0.665912 0.801081
vt 0.672274 0.800962
vt 0.642308 0.787379
vt 0.628866 0.787795
vt 0.666165 0.814527
vt 0.672527 0.814408
vt 0.939205 0.698965
vt 0.934811 0.698967
vt 0.934801 0.690473
vt 0.939206 0.690472
vt 0.934816 0.718851
vt 0.930418 0.718853
vt 0.930413 0.698974
vt 0.924974 0.698986
vt 0.924960 0.690496
vt 0.930401 0.690488
vt 0.930228 0.661851
vt 0.934626 0.661824
vt 0.939362 0.661823
vt 0.943760 0.661847
vt 0.943607 0.690484
vt 0.952477 0.690491
vt 0.952469 0.698980
vt 0.943600 0.698970
vt 0.943585 0.718850
vt 0.939187 0.718845
vt 0.964056 0.690520
vt 0.963733 0.661881
vt 0.968131 0.661832
vt 0.968456 0.690475
vt 0.968527 0.698967
vt 0.968726 0.718844
vt 0.964328 0.718889
vt 0.964132 0.699009
vt 0.955263 0.699091
vt 0.955185 0.690602
vt 0.972864 0.690442
vt 0.972918 0.698935
vt 0.972824 0.661793
vt 0.977222 0.661787
vt 0.977263 0.690425
vt 0.982703 0.690392
vt 0.982754 0.698883
vt 0.977314 0.698913
vt 0.977416 0.718793
vt 0.973018 0.718814
vt 0.716086 0.940151
vt 0.712237 0.939901
vt 0.712578 0.934969
vt 0.716379 0.935216
vt 0.687329 0.938066
vt 0.687694 0.933135
vt 0.741269 0.936561
vt 0.741051 0.941500
vt 0.683506 0.937783
vt 0.683871 0.932851
vt 0.745050 0.936692
vt 0.744929 0.941634
vt 0.769936 0.942009
vt 0.769968 0.937064
vt 0.777659 0.937048
vt 0.777703 0.941992
vt 0.785132 0.941868
vt 0.785025 0.936925
vt 0.792877 0.941657
vt 0.792732 0.936714
vt 0.810053 0.936155
vt 0.810189 0.941097
vt 0.813993 0.941003
vt 0.813908 0.936060
vt 0.831279 0.940803
vt 0.831272 0.935860
vt 0.835154 0.935893
vt 0.835058 0.940836
vt 0.852527 0.936421
vt 0.852323 0.941362
vt 0.856407 0.936625
vt 0.856097 0.941560
vt 0.873330 0.942833
vt 0.873733 0.937904
vt 0.878490 0.938335
vt 0.878016 0.943255
vt 0.885877 0.939096
vt 0.885350 0.944012
vt 0.890041 0.944539
vt 0.890609 0.939628
vt 0.915407 0.942601
vt 0.914818 0.947510
vt 0.884728 0.690790
vt 0.890071 0.690807
vt 0.890019 0.699146
vt 0.884674 0.699093
vt 0.880407 0.690732
vt 0.881219 0.662577
vt 0.885537 0.662703
vt 0.885111 0.718573
vt 0.880794 0.718669
vt 0.880349 0.699107
vt 0.876077 0.690684
vt 0.876005 0.699078
vt 0.875091 0.718639
vt 0.870777 0.718438
vt 0.871680 0.698986
vt 0.862968 0.698931
vt 0.863047 0.690591
vt 0.871755 0.690704
vt 0.870881 0.662640
vt 0.875198 0.662506
vt 0.906713 0.690719
vt 0.906981 0.662577
vt 0.911300 0.662619
vt 0.911036 0.690740
vt 0.919748 0.690747
vt 0.919738 0.699085
vt 0.911027 0.699072
vt 0.911020 0.718594
vt 0.906701 0.718594
vt 0.906710 0.699064
vt 0.902396 0.699067
vt 0.902381 0.690722
vt 0.902402 0.718597
vt 0.898083 0.718598
vt 0.898077 0.699076
vt 0.892735 0.699093
vt 0.892716 0.690753
vt 0.898058 0.690744
vt 0.897794 0.662622
vt 0.902113 0.662581
vt 0.686652 0.926480
vt 0.685817 0.921606
vt 0.710426 0.917388
vt 0.711257 0.922264
vt 0.714211 0.916748
vt 0.715027 0.921625
vt 0.739633 0.917538
vt 0.738860 0.912654
vt 0.746541 0.911492
vt 0.747234 0.916387
vt 0.754517 0.915422
vt 0.753927 0.910514
vt 0.762138 0.914595
vt 0.761672 0.909673
vt 0.779011 0.908267
vt 0.779334 0.913200
vt 0.783085 0.913012
vt 0.782912 0.908071
vt 0.800336 0.912678
vt 0.800306 0.907735
vt 0.804202 0.907766
vt 0.804099 0.912708
vt 0.821571 0.908354
vt 0.821360 0.913294
vt 0.825440 0.908558
vt 0.825145 0.913494
vt 0.842410 0.914667
vt 0.842749 0.909734
vt 0.847479 0.910067
vt 0.847138 0.914999
vt 0.854851 0.910574
vt 0.854528 0.915509
vt 0.859277 0.915805
vt 0.859567 0.910871
vt 0.884475 0.912242
vt 0.884223 0.917179
vt 0.888069 0.917360
vt 0.888286 0.912419
vt 0.913025 0.918356
vt 0.913221 0.913417
vt 0.916855 0.918509
vt 0.917050 0.913569
vt 0.875194 0.625416
vt 0.875287 0.605018
vt 0.879182 0.605035
vt 0.879089 0.625422
vt 0.886947 0.625419
vt 0.886947 0.632940
vt 0.879089 0.632937
vt 0.879182 0.655526
vt 0.875285 0.655542
vt 0.875192 0.632943
vt 0.871293 0.632943
vt 0.871296 0.625415
vt 0.871178 0.655544
vt 0.867282 0.655523
vt 0.867396 0.632934
vt 0.862578 0.632936
vt 0.862581 0.625415
vt 0.867399 0.625421
vt 0.867306 0.605035
vt 0.871201 0.605017
vt 0.683384 0.894840
vt 0.688114 0.894517
vt 0.688453 0.899449
vt 0.683723 0.899774
vt 0.695836 0.898941
vt 0.695495 0.894008
vt 0.700564 0.898616
vt 0.700225 0.893683
vt 0.722405 0.892148
vt 0.722735 0.897083
vt 0.726546 0.896836
vt 0.726240 0.891901
vt 0.748712 0.895531
vt 0.748453 0.890593
vt 0.752507 0.895356
vt 0.752313 0.890415
vt 0.774561 0.889682
vt 0.774691 0.894625
vt 0.778424 0.889606
vt 0.778489 0.894550
vt 0.800692 0.894392
vt 0.800675 0.889446
vt 0.808418 0.889448
vt 0.808408 0.894393
vt 0.815821 0.889482
vt 0.815800 0.894427
vt 0.823534 0.894467
vt 0.823546 0.889521
vt 0.843589 0.889535
vt 0.843614 0.894480
vt 0.847476 0.894439
vt 0.847389 0.889495
vt 0.867563 0.893963
vt 0.867417 0.889020
vt 0.871218 0.888884
vt 0.871422 0.893825
vt 0.891240 0.887950
vt 0.891483 0.892888
vt 0.895058 0.887753
vt 0.895322 0.892690
vt 0.915085 0.886644
vt 0.915360 0.891583
vt 0.914460 0.625422
vt 0.919279 0.625419
vt 0.919279 0.632940
vt 0.914459 0.632937
vt 0.910563 0.625416
vt 0.910658 0.605018
vt 0.914553 0.605035
vt 0.914562 0.655526
vt 0.910665 0.655544
vt 0.910562 0.632943
vt 0.906667 0.625415
vt 0.906664 0.632942
vt 0.906562 0.655541
vt 0.902665 0.655523
vt 0.902767 0.632934
vt 0.894909 0.632933
vt 0.894914 0.625412
vt 0.902770 0.625419
vt 0.902682 0.605033
vt 0.906577 0.605015
vt 0.943066 0.619728
vt 0.943075 0.602967
vt 0.947051 0.602968
vt 0.947040 0.619733
vt 0.955058 0.619751
vt 0.955040 0.627424
vt 0.947022 0.627406
vt 0.947066 0.654505
vt 0.943090 0.654511
vt 0.943045 0.627405
vt 0.939060 0.627390
vt 0.939096 0.619713
vt 0.938814 0.654495
vt 0.934838 0.654459
vt 0.935082 0.627362
vt 0.930165 0.627335
vt 0.930205 0.619661
vt 0.935123 0.619688
vt 0.935239 0.602923
vt 0.939214 0.602950
vt 0.969512 0.619721
vt 0.973479 0.619712
vt 0.973503 0.627391
vt 0.969519 0.627396
vt 0.973398 0.602949
vt 0.977373 0.602929
vt 0.977453 0.619694
vt 0.982369 0.619676
vt 0.982398 0.627351
vt 0.977480 0.627367
vt 0.977723 0.654463
vt 0.973748 0.654498
vt 0.969437 0.654504
vt 0.965461 0.654492
vt 0.965542 0.627391
vt 0.957523 0.627396
vt 0.957520 0.619721
vt 0.965537 0.619718
vt 0.965560 0.602952
vt 0.969536 0.602958
vt 0.880180 0.822851
vt 0.896264 0.821483
vt 0.896693 0.826408
vt 0.880569 0.827778
vt 0.876390 0.823130
vt 0.876715 0.828065
vt 0.900071 0.821140
vt 0.900520 0.826065
vt 0.860538 0.829011
vt 0.860300 0.824073
vt 0.916161 0.819649
vt 0.916617 0.824573
vt 0.856659 0.829161
vt 0.856520 0.824219
vt 0.840410 0.824503
vt 0.840451 0.829445
vt 0.832675 0.829432
vt 0.832726 0.824489
vt 0.825368 0.824348
vt 0.825238 0.829289
vt 0.817672 0.824084
vt 0.817483 0.829025
vt 0.791384 0.827893
vt 0.791561 0.822952
vt 0.787688 0.822842
vt 0.787595 0.827785
vt 0.761508 0.822573
vt 0.761520 0.827516
vt 0.757752 0.827574
vt 0.757615 0.822631
vt 0.731701 0.828629
vt 0.731449 0.823692
vt 0.727929 0.828866
vt 0.727574 0.823935
vt 0.701500 0.826082
vt 0.701919 0.831008
vt 0.697205 0.831425
vt 0.696769 0.826499
vt 0.689840 0.832089
vt 0.689396 0.827165
vt 0.684674 0.827593
vt 0.685120 0.832518
vt 0.981406 0.507978
vt 0.981539 0.481243
vt 0.985678 0.481266
vt 0.985548 0.507989
vt 0.993898 0.507995
vt 0.993889 0.515986
vt 0.985540 0.515977
vt 0.985566 0.535273
vt 0.981428 0.535279
vt 0.981401 0.515977
vt 0.977265 0.515977
vt 0.977260 0.507977
vt 0.977240 0.535281
vt 0.973102 0.535273
vt 0.973126 0.515977
vt 0.968005 0.515986
vt 0.967999 0.507995
vt 0.973118 0.507990
vt 0.972948 0.481270
vt 0.977085 0.481242
vt 0.949476 0.507980
vt 0.949644 0.481246
vt 0.953780 0.481272
vt 0.953618 0.507995
vt 0.958738 0.508001
vt 0.958726 0.515995
vt 0.953606 0.515981
vt 0.953602 0.535281
vt 0.949460 0.535279
vt 0.949466 0.515977
vt 0.945330 0.507977
vt 0.945331 0.515974
vt 0.945333 0.535273
vt 0.941194 0.535273
vt 0.941194 0.515977
vt 0.932845 0.515986
vt 0.932839 0.507995
vt 0.941188 0.507989
vt 0.941043 0.481269
vt 0.945182 0.481243
vt 0.687399 0.847863
vt 0.683569 0.847688
vt 0.683791 0.842750
vt 0.687621 0.842925
vt 0.705471 0.843730
vt 0.705255 0.848668
vt 0.709289 0.843890
vt 0.709091 0.848831
vt 0.726966 0.849513
vt 0.727129 0.844572
vt 0.734827 0.844790
vt 0.734721 0.849732
vt 0.742188 0.844902
vt 0.742153 0.849845
vt 0.749918 0.849847
vt 0.749880 0.844903
vt 0.774587 0.844506
vt 0.774703 0.849450
vt 0.778567 0.849328
vt 0.778381 0.844386
vt 0.803314 0.848224
vt 0.803083 0.843285
vt 0.806901 0.843094
vt 0.807149 0.848033
vt 0.831626 0.841812
vt 0.831853 0.846750
vt 0.835483 0.841655
vt 0.835651 0.846596
vt 0.860354 0.845902
vt 0.860259 0.840960
vt 0.865042 0.840909
vt 0.865050 0.845853
vt 0.872408 0.845908
vt 0.872483 0.840964
vt 0.877109 0.846017
vt 0.877258 0.841076
vt 0.895141 0.841752
vt 0.894944 0.846691
vt 0.898759 0.846858
vt 0.898981 0.841917
vt 0.916838 0.842754
vt 0.916606 0.847694
vt 0.909938 0.580256
vt 0.905802 0.580254
vt 0.905799 0.572260
vt 0.909947 0.572262
vt 0.905820 0.599556
vt 0.901681 0.599561
vt 0.901666 0.580260
vt 0.896543 0.580265
vt 0.896537 0.572275
vt 0.901658 0.572272
vt 0.901507 0.545548
vt 0.905643 0.545527
vt 0.910102 0.545528
vt 0.914243 0.545554
vt 0.914089 0.572278
vt 0.922436 0.572292
vt 0.922423 0.580284
vt 0.914074 0.580265
vt 0.914064 0.599562
vt 0.909926 0.599561
vt 0.876164 0.580253
vt 0.876170 0.599556
vt 0.872031 0.599556
vt 0.872026 0.580256
vt 0.863677 0.580263
vt 0.863673 0.572272
vt 0.872023 0.572269
vt 0.871891 0.545546
vt 0.876029 0.545527
vt 0.876164 0.572260
vt 0.880310 0.572262
vt 0.880297 0.580256
vt 0.880485 0.545528
vt 0.884626 0.545555
vt 0.884452 0.572278
vt 0.889572 0.572286
vt 0.889555 0.580277
vt 0.884437 0.580265
vt 0.884424 0.599562
vt 0.880285 0.599561
vt 0.914492 0.873270
vt 0.914730 0.878209
vt 0.890001 0.879397
vt 0.889780 0.874458
vt 0.885966 0.874618
vt 0.886155 0.879560
vt 0.861261 0.875479
vt 0.861388 0.880422
vt 0.857473 0.875544
vt 0.857512 0.880489
vt 0.832715 0.880457
vt 0.832772 0.875513
vt 0.828835 0.880372
vt 0.828990 0.875430
vt 0.804300 0.874402
vt 0.804067 0.879340
vt 0.796324 0.878925
vt 0.796604 0.873990
vt 0.789229 0.873540
vt 0.788927 0.878475
vt 0.781512 0.873054
vt 0.781215 0.877990
vt 0.763397 0.876951
vt 0.763647 0.872013
vt 0.759781 0.871843
vt 0.759606 0.876784
vt 0.741871 0.871352
vt 0.741786 0.876295
vt 0.738002 0.876268
vt 0.737990 0.871324
vt 0.720175 0.876486
vt 0.720076 0.871542
vt 0.716381 0.876595
vt 0.716204 0.871655
vt 0.698325 0.872424
vt 0.698549 0.877363
vt 0.693822 0.877590
vt 0.693580 0.872652
vt 0.686436 0.877964
vt 0.686186 0.873026
vt 0.681449 0.873267
vt 0.681701 0.878204
vt 0.910770 0.510079
vt 0.910583 0.537322
vt 0.906445 0.537295
vt 0.906629 0.510063
vt 0.898282 0.510045
vt 0.898296 0.502056
vt 0.906646 0.502074
vt 0.906691 0.483283
vt 0.910828 0.483292
vt 0.910785 0.502085
vt 0.914919 0.502088
vt 0.914918 0.510082
vt 0.914933 0.483296
vt 0.919071 0.483296
vt 0.919060 0.502088
vt 0.924179 0.502087
vt 0.924179 0.510076
vt 0.919062 0.510076
vt 0.919169 0.537310
vt 0.915030 0.537326
vt 0.874456 0.510078
vt 0.874118 0.537326
vt 0.869980 0.537277
vt 0.870314 0.510055
vt 0.865193 0.510051
vt 0.865207 0.502059
vt 0.870328 0.502071
vt 0.870316 0.483283
vt 0.874456 0.483283
vt 0.874464 0.502081
vt 0.878609 0.510076
vt 0.878597 0.502077
vt 0.878613 0.483281
vt 0.882752 0.483283
vt 0.882737 0.502071
vt 0.891086 0.502053
vt 0.891102 0.510042
vt 0.882754 0.510055
vt 0.883026 0.537281
vt 0.878884 0.537323
vt 0.681175 0.856291
vt 0.685914 0.856335
vt 0.685868 0.861279
vt 0.681129 0.861236
vt 0.693264 0.861353
vt 0.693317 0.856409
vt 0.697997 0.861406
vt 0.698061 0.856462
vt 0.723295 0.856822
vt 0.723199 0.861766
vt 0.727001 0.861857
vt 0.727154 0.856916
vt 0.752177 0.862764
vt 0.752383 0.857824
vt 0.755976 0.862945
vt 0.756237 0.858008
vt 0.781426 0.859470
vt 0.781141 0.864405
vt 0.785248 0.859692
vt 0.784970 0.864628
vt 0.810172 0.866028
vt 0.810406 0.861090
vt 0.818087 0.861400
vt 0.817936 0.866341
vt 0.825436 0.861557
vt 0.825382 0.866500
vt 0.833163 0.866504
vt 0.833111 0.861560
vt 0.850454 0.861184
vt 0.850611 0.866125
vt 0.854488 0.865962
vt 0.854233 0.861024
vt 0.871894 0.864894
vt 0.871561 0.859960
vt 0.875354 0.859679
vt 0.875743 0.864608
vt 0.892675 0.858219
vt 0.893099 0.863144
vt 0.896485 0.857881
vt 0.896926 0.862806
vt 0.913811 0.856301
vt 0.914260 0.861224
vt 0.975745 0.557693
vt 0.975736 0.538993
vt 0.979875 0.538992
vt 0.979882 0.557685
vt 0.988232 0.557673
vt 0.988243 0.565663
vt 0.979894 0.565674
vt 0.980038 0.593002
vt 0.975900 0.593023
vt 0.975754 0.565688
vt 0.971605 0.565688
vt 0.971608 0.557693
vt 0.971462 0.593026
vt 0.967323 0.593004
vt 0.967463 0.565674
vt 0.962344 0.565674
vt 0.962352 0.557682
vt 0.967469 0.557687
vt 0.967489 0.538992
vt 0.971629 0.538995
vt 0.315577 0.831454
vt 0.314864 0.830110
vt 0.316597 0.829190
vt 0.317311 0.830534
vt 0.322022 0.839405
vt 0.320289 0.840327
vt 0.322736 0.840748
vt 0.321003 0.841671
vt 0.325737 0.850540
vt 0.327462 0.849604
vt 0.328934 0.852278
vt 0.327224 0.853241
vt 0.330387 0.854807
vt 0.328697 0.855805
vt 0.330299 0.858452
vt 0.331962 0.857409
vt 0.335676 0.863149
vt 0.334052 0.864249
vt 0.334954 0.865525
vt 0.336530 0.864357
vt 0.339190 0.870992
vt 0.340711 0.869752
vt 0.341669 0.870869
vt 0.340211 0.872183
vt 0.346361 0.875823
vt 0.344969 0.877207
vt 0.347426 0.876845
vt 0.346100 0.878291
vt 0.351301 0.882842
vt 0.352566 0.881342
vt 0.354001 0.882505
vt 0.352790 0.884049
vt 0.355156 0.885839
vt 0.356319 0.884259
vt 0.356710 0.886946
vt 0.357830 0.885336
vt 0.366131 0.890966
vt 0.365036 0.892594
vt 0.366308 0.893443
vt 0.367392 0.891807
vt 0.375782 0.897325
vt 0.374704 0.898964
vt 0.939772 0.557694
vt 0.943907 0.557693
vt 0.943920 0.565688
vt 0.939772 0.565689
vt 0.943902 0.538992
vt 0.948041 0.538990
vt 0.948047 0.557685
vt 0.953167 0.557673
vt 0.953182 0.565664
vt 0.948059 0.565673
vt 0.948234 0.593001
vt 0.944095 0.593026
vt 0.939636 0.593028
vt 0.935497 0.593007
vt 0.935631 0.565677
vt 0.927281 0.565676
vt 0.927286 0.557685
vt 0.935633 0.557693
vt 0.935642 0.538993
vt 0.939783 0.538998
vt 0.008719 0.622653
vt 0.008314 0.623057
vt 0.006248 0.618066
vt 0.006819 0.618065
vt 0.006248 0.618064
vt 0.008314 0.613074
vt 0.008719 0.613478
vt 0.008316 0.613074
vt 0.013306 0.611008
vt 0.013307 0.611579
vt 0.013308 0.611007
vt 0.018297 0.613074
vt 0.017894 0.613479
vt 0.018298 0.613074
vt 0.020365 0.618065
vt 0.019794 0.618065
vt 0.020364 0.618066
vt 0.018297 0.623056
vt 0.017894 0.622653
vt 0.018297 0.623057
vt 0.013306 0.625123
vt 0.013306 0.624553
vt 0.013306 0.625124
vt 0.008316 0.623057
vt 0.004828 0.618654
vt 0.006894 0.623645
vt 0.006894 0.612485
vt 0.004828 0.617477
vt 0.012718 0.609588
vt 0.007728 0.611654
vt 0.018886 0.611654
vt 0.013896 0.609587
vt 0.021785 0.617477
vt 0.019718 0.612486
vt 0.019717 0.623644
vt 0.021784 0.618654
vt 0.013894 0.626543
vt 0.018884 0.624477
vt 0.007728 0.624477
vt 0.012718 0.626543
vt 0.006324 0.623645
vt 0.004425 0.619057
vt 0.004425 0.617073
vt 0.006323 0.612485
vt 0.007728 0.611084
vt 0.012314 0.609184
vt 0.014300 0.609183
vt 0.018886 0.611084
vt 0.020289 0.612486
vt 0.022189 0.617073
vt 0.022187 0.619057
vt 0.020287 0.623644
vt 0.018884 0.625048
vt 0.014297 0.626947
vt 0.012314 0.626947
vt 0.007728 0.625048
vt 0.987767 0.955263
vt 0.981861 0.955314
vt 0.981406 0.903134
vt 0.987310 0.903082
vt 0.975959 0.955365
vt 0.975505 0.903185
vt 0.970054 0.955417
vt 0.969599 0.903237
vt 0.964152 0.955468
vt 0.963699 0.903289
vt 0.958252 0.955521
vt 0.957796 0.903340
vt 0.952347 0.955572
vt 0.951893 0.903391
vt 0.946445 0.955622
vt 0.945991 0.903443
vt 0.940540 0.955675
vt 0.940085 0.903495
vt 0.017573 0.601049
vt 0.018142 0.602423
vt 0.012702 0.604677
vt 0.012132 0.603303
vt 0.011561 0.604679
vt 0.006121 0.602425
vt 0.006691 0.601049
vt 0.005317 0.601619
vt 0.003064 0.596179
vt 0.004437 0.595608
vt 0.003062 0.595038
vt 0.005316 0.589598
vt 0.006691 0.590167
vt 0.006121 0.588792
vt 0.011561 0.586538
vt 0.012132 0.587913
vt 0.012702 0.586539
vt 0.018142 0.588792
vt 0.017573 0.590167
vt 0.018948 0.589598
vt 0.021202 0.595038
vt 0.019827 0.595608
vt 0.021202 0.596178
vt 0.018948 0.601618
vt 0.018143 0.603027
vt 0.013130 0.605105
vt 0.011133 0.605108
vt 0.006120 0.603030
vt 0.004713 0.601619
vt 0.002637 0.596606
vt 0.002634 0.594610
vt 0.004712 0.589597
vt 0.006120 0.588187
vt 0.011133 0.586110
vt 0.013129 0.586110
vt 0.018142 0.588187
vt 0.019553 0.589597
vt 0.021629 0.594610
vt 0.021629 0.596605
vt 0.019553 0.601619
vt 0.018485 0.603853
vt 0.013472 0.605931
vt 0.010790 0.605935
vt 0.005776 0.603858
vt 0.003887 0.601962
vt 0.001810 0.596948
vt 0.001808 0.594267
vt 0.003885 0.589254
vt 0.005778 0.587361
vt 0.010791 0.585283
vt 0.013472 0.585284
vt 0.018485 0.587361
vt 0.020379 0.589254
vt 0.022455 0.594268
vt 0.022455 0.596947
vt 0.020379 0.601961
vt 0.018485 0.604457
vt 0.013899 0.606358
vt 0.010363 0.606362
vt 0.005776 0.604461
vt 0.003283 0.601962
vt 0.001384 0.597375
vt 0.001381 0.593840
vt 0.003282 0.589254
vt 0.005778 0.586758
vt 0.010364 0.584857
vt 0.013898 0.584857
vt 0.018485 0.586758
vt 0.020983 0.589254
vt 0.022882 0.593841
vt 0.022882 0.597374
vt 0.020983 0.601961
vt 0.980998 0.848820
vt 0.986903 0.848769
vt 0.987358 0.900952
vt 0.981454 0.901002
vt 0.975095 0.848873
vt 0.975551 0.901051
vt 0.969193 0.848923
vt 0.969648 0.901105
vt 0.963290 0.848974
vt 0.963746 0.901155
vt 0.957389 0.849028
vt 0.957845 0.901207
vt 0.951485 0.849079
vt 0.951940 0.901259
vt 0.945583 0.849131
vt 0.946038 0.901310
vt 0.939679 0.849182
vt 0.940134 0.901362
vt 0.027868 0.622394
vt 0.027464 0.622797
vt 0.025397 0.617807
vt 0.025968 0.617807
vt 0.025398 0.617807
vt 0.027464 0.612816
vt 0.027868 0.613219
vt 0.027465 0.612815
vt 0.032456 0.610749
vt 0.032456 0.611319
vt 0.032456 0.610749
vt 0.037447 0.612816
vt 0.037043 0.613219
vt 0.037448 0.612816
vt 0.039514 0.617806
vt 0.038943 0.617806
vt 0.039515 0.617807
vt 0.037448 0.622797
vt 0.037043 0.622393
vt 0.037446 0.622798
vt 0.032456 0.624866
vt 0.032456 0.624294
vt 0.032455 0.624865
vt 0.027465 0.622798
vt 0.023978 0.618395
vt 0.026044 0.623384
vt 0.026044 0.612228
vt 0.023978 0.617219
vt 0.031868 0.609329
vt 0.026878 0.611395
vt 0.038034 0.611395
vt 0.033044 0.609329
vt 0.040933 0.617218
vt 0.038867 0.612228
vt 0.038866 0.623385
vt 0.040935 0.618395
vt 0.033045 0.626285
vt 0.038034 0.624217
vt 0.026877 0.624217
vt 0.031867 0.626285
vt 0.025475 0.623384
vt 0.023574 0.618798
vt 0.023574 0.616816
vt 0.025474 0.612228
vt 0.026877 0.610824
vt 0.031464 0.608925
vt 0.033446 0.608926
vt 0.038034 0.610824
vt 0.039437 0.612228
vt 0.041337 0.616814
vt 0.041339 0.618799
vt 0.039437 0.623385
vt 0.038034 0.624788
vt 0.033448 0.626689
vt 0.031464 0.626689
vt 0.026877 0.624789
vt 0.041681 0.599552
vt 0.042250 0.600928
vt 0.036810 0.603180
vt 0.036240 0.601805
vt 0.035670 0.603180
vt 0.030230 0.600928
vt 0.030798 0.599552
vt 0.029423 0.600121
vt 0.027170 0.594680
vt 0.028545 0.594111
vt 0.027171 0.593541
vt 0.029424 0.588101
vt 0.030799 0.588670
vt 0.030230 0.587295
vt 0.035669 0.585041
vt 0.036239 0.586415
vt 0.036810 0.585041
vt 0.042250 0.587294
vt 0.041681 0.588670
vt 0.043056 0.588100
vt 0.045309 0.593541
vt 0.043935 0.594111
vt 0.045311 0.594680
vt 0.043058 0.600121
vt 0.042251 0.601533
vt 0.037236 0.603608
vt 0.035243 0.603608
vt 0.030230 0.601531
vt 0.028818 0.600121
vt 0.026742 0.595108
vt 0.026744 0.593114
vt 0.028820 0.588100
vt 0.030230 0.586690
vt 0.035243 0.584613
vt 0.037236 0.584612
vt 0.042250 0.586689
vt 0.043660 0.588100
vt 0.045736 0.593114
vt 0.045740 0.595107
vt 0.043664 0.600122
vt 0.042593 0.602360
vt 0.037578 0.604435
vt 0.034901 0.604435
vt 0.029887 0.602358
vt 0.027991 0.600463
vt 0.025915 0.595450
vt 0.025916 0.592772
vt 0.027993 0.587759
vt 0.029888 0.585864
vt 0.034901 0.583787
vt 0.037578 0.583786
vt 0.042591 0.585863
vt 0.044487 0.587758
vt 0.046563 0.592772
vt 0.046567 0.595450
vt 0.044491 0.600463
vt 0.042592 0.602963
vt 0.038004 0.604861
vt 0.034474 0.604862
vt 0.029887 0.602962
vt 0.027388 0.600463
vt 0.025489 0.595876
vt 0.025490 0.592345
vt 0.027390 0.587759
vt 0.029887 0.585260
vt 0.034474 0.583360
vt 0.038004 0.583360
vt 0.042592 0.585260
vt 0.045091 0.587759
vt 0.046990 0.592345
vt 0.046994 0.595876
vt 0.045095 0.600464
vt 0.980611 0.794169
vt 0.986517 0.794117
vt 0.986971 0.846297
vt 0.981066 0.846349
vt 0.974710 0.794220
vt 0.975163 0.846398
vt 0.968805 0.794271
vt 0.969261 0.846451
vt 0.962903 0.794323
vt 0.963358 0.846502
vt 0.957003 0.794374
vt 0.957458 0.846553
vt 0.951097 0.794425
vt 0.951552 0.846606
vt 0.945196 0.794477
vt 0.945650 0.846657
vt 0.939291 0.794528
vt 0.939747 0.846707
vt 0.061999 0.616991
vt 0.060580 0.617579
vt 0.058511 0.612589
vt 0.059931 0.612001
vt 0.060501 0.612001
vt 0.062402 0.616587
vt 0.058108 0.612993
vt 0.060009 0.617580
vt 0.048933 0.622167
vt 0.048529 0.622571
vt 0.046463 0.617580
vt 0.047034 0.617580
vt 0.046463 0.617579
vt 0.048530 0.612589
vt 0.048934 0.612993
vt 0.048530 0.612588
vt 0.053520 0.610521
vt 0.053521 0.611093
vt 0.053522 0.610521
vt 0.058512 0.612589
vt 0.060581 0.617581
vt 0.058514 0.622571
vt 0.058109 0.622168
vt 0.058513 0.622573
vt 0.053522 0.624638
vt 0.053521 0.624067
vt 0.053521 0.624638
vt 0.048530 0.622571
vt 0.045043 0.618168
vt 0.047109 0.623159
vt 0.047110 0.612001
vt 0.045043 0.616991
vt 0.052932 0.609101
vt 0.047942 0.611169
vt 0.059100 0.611170
vt 0.054111 0.609102
vt 0.059935 0.623159
vt 0.062001 0.618169
vt 0.054110 0.626058
vt 0.059101 0.623993
vt 0.047942 0.623991
vt 0.052932 0.626058
vt 0.046538 0.623159
vt 0.044639 0.618571
vt 0.044640 0.616588
vt 0.046540 0.612001
vt 0.047941 0.610598
vt 0.052528 0.608698
vt 0.054515 0.608698
vt 0.059100 0.610600
vt 0.062405 0.618573
vt 0.060505 0.623159
vt 0.059101 0.624563
vt 0.054513 0.626462
vt 0.052529 0.626462
vt 0.047942 0.624562
vt 0.066534 0.599041
vt 0.067102 0.600417
vt 0.061662 0.602670
vt 0.061092 0.601295
vt 0.060522 0.602669
vt 0.055082 0.600416
vt 0.055651 0.599041
vt 0.054275 0.599610
vt 0.052022 0.594169
vt 0.053397 0.593599
vt 0.052021 0.593030
vt 0.054274 0.587590
vt 0.055651 0.588158
vt 0.055082 0.586782
vt 0.060523 0.584529
vt 0.061092 0.585904
vt 0.061663 0.584529
vt 0.067102 0.586782
vt 0.066533 0.588158
vt 0.067908 0.587590
vt 0.070162 0.593030
vt 0.068787 0.593600
vt 0.070163 0.594170
vt 0.067909 0.599610
vt 0.067103 0.601022
vt 0.062089 0.603099
vt 0.060095 0.603097
vt 0.055082 0.601022
vt 0.053670 0.599610
vt 0.051594 0.594597
vt 0.051592 0.592603
vt 0.053669 0.587589
vt 0.055081 0.586176
vt 0.060095 0.584101
vt 0.062090 0.584101
vt 0.067102 0.586177
vt 0.068513 0.587590
vt 0.070591 0.592603
vt 0.070591 0.594597
vt 0.068515 0.599610
vt 0.067445 0.601849
vt 0.062432 0.603926
vt 0.059753 0.603924
vt 0.054739 0.601849
vt 0.052842 0.599953
vt 0.050766 0.594939
vt 0.050766 0.592260
vt 0.052843 0.587247
vt 0.054739 0.585349
vt 0.059752 0.583273
vt 0.062432 0.583273
vt 0.067445 0.585351
vt 0.069340 0.587247
vt 0.071417 0.592260
vt 0.071418 0.594940
vt 0.069341 0.599953
vt 0.067445 0.602452
vt 0.062859 0.604353
vt 0.059326 0.604352
vt 0.054739 0.602452
vt 0.052239 0.599953
vt 0.050340 0.595366
vt 0.050338 0.591833
vt 0.052240 0.587246
vt 0.054739 0.584746
vt 0.059326 0.582846
vt 0.062859 0.582846
vt 0.067445 0.584746
vt 0.069943 0.587247
vt 0.071844 0.591834
vt 0.071846 0.595367
vt 0.069944 0.599953
vt 0.940299 0.739021
vt 0.946204 0.738912
vt 0.947153 0.791085
vt 0.941251 0.791191
vt 0.952106 0.738806
vt 0.953060 0.790978
vt 0.958009 0.738698
vt 0.958962 0.790870
vt 0.963912 0.738589
vt 0.964865 0.790763
vt 0.969816 0.738483
vt 0.970765 0.790657
vt 0.975719 0.738375
vt 0.976668 0.790546
vt 0.981621 0.738268
vt 0.982574 0.790441
vt 0.987525 0.738160
vt 0.988480 0.790333
vt 0.074272 0.623198
vt 0.073868 0.623601
vt 0.071802 0.618611
vt 0.072372 0.618611
vt 0.071801 0.618610
vt 0.073868 0.613619
vt 0.074272 0.614023
vt 0.073869 0.613619
vt 0.078860 0.611553
vt 0.078860 0.612123
vt 0.078860 0.611552
vt 0.083850 0.613619
vt 0.083446 0.614023
vt 0.083851 0.613619
vt 0.085918 0.618609
vt 0.085347 0.618610
vt 0.085918 0.618610
vt 0.083851 0.623601
vt 0.083447 0.623198
vt 0.083851 0.623602
vt 0.078860 0.625669
vt 0.078860 0.625098
vt 0.078860 0.625668
vt 0.073868 0.623603
vt 0.070382 0.619198
vt 0.072448 0.624189
vt 0.072448 0.613031
vt 0.070382 0.618022
vt 0.078271 0.610133
vt 0.073281 0.612200
vt 0.084438 0.612200
vt 0.079448 0.610133
vt 0.087338 0.618021
vt 0.085270 0.613031
vt 0.085271 0.624189
vt 0.087338 0.619198
vt 0.079448 0.627088
vt 0.084439 0.625022
vt 0.073281 0.625023
vt 0.078272 0.627088
vt 0.071877 0.624189
vt 0.069978 0.619602
vt 0.069978 0.617618
vt 0.071878 0.613031
vt 0.073281 0.611630
vt 0.077868 0.609730
vt 0.079852 0.609729
vt 0.084438 0.611630
vt 0.085841 0.613031
vt 0.087742 0.617618
vt 0.087741 0.619602
vt 0.085841 0.624189
vt 0.084439 0.625592
vt 0.079851 0.627491
vt 0.077869 0.627492
vt 0.073282 0.625594
vt 0.090243 0.600130
vt 0.090813 0.601505
vt 0.085373 0.603760
vt 0.084802 0.602385
vt 0.084232 0.603760
vt 0.078792 0.601506
vt 0.079361 0.600131
vt 0.077986 0.600700
vt 0.075733 0.595260
vt 0.077107 0.594690
vt 0.075732 0.594119
vt 0.077986 0.588680
vt 0.079361 0.589249
vt 0.078792 0.587875
vt 0.084232 0.585621
vt 0.084802 0.586995
vt 0.085372 0.585621
vt 0.090813 0.587874
vt 0.090244 0.589249
vt 0.091619 0.588680
vt 0.093871 0.594120
vt 0.092497 0.594690
vt 0.093871 0.595259
vt 0.091617 0.600699
vt 0.090813 0.602109
vt 0.085800 0.604187
vt 0.083805 0.604188
vt 0.078791 0.602111
vt 0.077382 0.600701
vt 0.075305 0.595687
vt 0.075304 0.593692
vt 0.077381 0.588679
vt 0.078791 0.587271
vt 0.083805 0.585193
vt 0.085800 0.585193
vt 0.090813 0.587269
vt 0.092223 0.588679
vt 0.094299 0.593693
vt 0.094299 0.595686
vt 0.092222 0.600700
vt 0.091156 0.602935
vt 0.086143 0.605013
vt 0.083462 0.605014
vt 0.078449 0.602937
vt 0.076555 0.601043
vt 0.074479 0.596030
vt 0.074478 0.593350
vt 0.076554 0.588336
vt 0.078449 0.586445
vt 0.083462 0.584367
vt 0.086142 0.584366
vt 0.091156 0.586443
vt 0.093050 0.588336
vt 0.095126 0.593350
vt 0.095125 0.596028
vt 0.093048 0.601042
vt 0.091156 0.603539
vt 0.086570 0.605440
vt 0.083036 0.605441
vt 0.078449 0.603540
vt 0.075951 0.601043
vt 0.074052 0.596456
vt 0.074051 0.592923
vt 0.075950 0.588336
vt 0.078449 0.585841
vt 0.083035 0.583940
vt 0.086569 0.583940
vt 0.091156 0.585839
vt 0.093654 0.588336
vt 0.095553 0.592923
vt 0.095552 0.596455
vt 0.093652 0.601042
vt 0.204741 0.907153
vt 0.200411 0.903064
vt 0.201113 0.902321
vt 0.205445 0.906413
vt 0.200239 0.902676
vt 0.200711 0.902172
vt 0.206439 0.906658
vt 0.212173 0.905032
vt 0.212452 0.906015
vt 0.206723 0.907639
vt 0.206879 0.900630
vt 0.207871 0.900875
vt 0.212810 0.905734
vt 0.212633 0.905085
vt 0.211048 0.911733
vt 0.210346 0.912475
vt 0.206018 0.908378
vt 0.204606 0.914165
vt 0.203614 0.913924
vt 0.205024 0.908136
vt 0.199293 0.909769
vt 0.199013 0.908786
vt 0.207805 0.900417
vt 0.207108 0.900268
vt 0.211240 0.912146
vt 0.210777 0.912644
vt 0.204333 0.914539
vt 0.203687 0.914357
vt 0.198854 0.909744
vt 0.198661 0.909024
vt 0.222221 0.908152
vt 0.227389 0.905185
vt 0.227898 0.906071
vt 0.222732 0.909036
vt 0.227811 0.905133
vt 0.228157 0.905730
vt 0.222223 0.909921
vt 0.222256 0.915877
vt 0.221234 0.915882
vt 0.221202 0.909924
vt 0.227890 0.912018
vt 0.227379 0.912903
vt 0.221408 0.916303
vt 0.222082 0.916305
vt 0.216045 0.912907
vt 0.215534 0.912022
vt 0.220691 0.909040
vt 0.215519 0.906083
vt 0.216026 0.905196
vt 0.221199 0.908154
vt 0.221180 0.902196
vt 0.222202 0.902193
vt 0.227837 0.912967
vt 0.228174 0.912338
vt 0.215595 0.912973
vt 0.215249 0.912387
vt 0.215236 0.905718
vt 0.215589 0.905148
vt 0.221323 0.901780
vt 0.222067 0.901790
vt 0.237675 0.909402
vt 0.237721 0.915358
vt 0.236699 0.915365
vt 0.236654 0.909407
vt 0.236874 0.915786
vt 0.237548 0.915787
vt 0.237672 0.907632
vt 0.242843 0.904670
vt 0.243351 0.905557
vt 0.238184 0.908517
vt 0.243347 0.911489
vt 0.242837 0.912374
vt 0.231489 0.912377
vt 0.230979 0.911491
vt 0.236143 0.908523
vt 0.230970 0.905570
vt 0.231477 0.904683
vt 0.236650 0.907638
vt 0.236599 0.901682
vt 0.237620 0.901673
vt 0.243265 0.904619
vt 0.243610 0.905217
vt 0.243295 0.912438
vt 0.243632 0.911809
vt 0.231037 0.912442
vt 0.230694 0.911855
vt 0.230687 0.905204
vt 0.231040 0.904634
vt 0.236739 0.901266
vt 0.237484 0.901270
vt 0.206582 0.891370
vt 0.206633 0.897325
vt 0.205611 0.897334
vt 0.205561 0.891376
vt 0.206578 0.889600
vt 0.211751 0.886641
vt 0.212258 0.887528
vt 0.207089 0.890485
vt 0.212254 0.893454
vt 0.211745 0.894340
vt 0.205787 0.897754
vt 0.206461 0.897754
vt 0.200394 0.894344
vt 0.199884 0.893458
vt 0.205049 0.890491
vt 0.199875 0.887540
vt 0.200382 0.886653
vt 0.205556 0.889606
vt 0.205500 0.883651
vt 0.206521 0.883641
vt 0.212174 0.886590
vt 0.212518 0.887188
vt 0.212203 0.894403
vt 0.212539 0.893774
vt 0.199942 0.894409
vt 0.199599 0.893822
vt 0.199592 0.887175
vt 0.199945 0.886604
vt 0.205640 0.883233
vt 0.206384 0.883238
vt 0.222699 0.892543
vt 0.217534 0.895513
vt 0.217024 0.894627
vt 0.222188 0.891658
vt 0.217014 0.888707
vt 0.217520 0.887821
vt 0.222695 0.890773
vt 0.222645 0.884817
vt 0.223666 0.884809
vt 0.223717 0.890768
vt 0.217083 0.895578
vt 0.216739 0.894991
vt 0.216730 0.888343
vt 0.217083 0.887772
vt 0.222785 0.884400
vt 0.223529 0.884406
vt 0.223721 0.892536
vt 0.223780 0.898491
vt 0.222758 0.898502
vt 0.228891 0.887811
vt 0.229398 0.888698
vt 0.224228 0.891652
vt 0.229393 0.894623
vt 0.228883 0.895508
vt 0.222936 0.898922
vt 0.223609 0.898921
vt 0.229313 0.887759
vt 0.229658 0.888357
vt 0.229341 0.895571
vt 0.229677 0.894942
vt 0.239618 0.892588
vt 0.239601 0.898545
vt 0.238579 0.898542
vt 0.238597 0.892584
vt 0.239625 0.890818
vt 0.244809 0.887879
vt 0.245312 0.888769
vt 0.240131 0.891706
vt 0.245279 0.894705
vt 0.244764 0.895587
vt 0.238750 0.898965
vt 0.239423 0.898972
vt 0.233412 0.895521
vt 0.233419 0.887869
vt 0.238601 0.890812
vt 0.238645 0.884854
vt 0.239667 0.884861
vt 0.245231 0.887830
vt 0.245573 0.888429
vt 0.245223 0.895653
vt 0.245562 0.895026
vt 0.232960 0.895583
vt 0.232982 0.887821
vt 0.238792 0.884440
vt 0.239537 0.884457
vt 0.232620 0.894993
vt 0.232630 0.888393
vt 0.232908 0.894632
vt 0.232915 0.888757
vt 0.267419 0.908396
vt 0.267385 0.902439
vt 0.268407 0.902434
vt 0.268441 0.908391
vt 0.267527 0.902023
vt 0.268272 0.902031
vt 0.267422 0.910165
vt 0.262260 0.913140
vt 0.261750 0.912254
vt 0.266911 0.909281
vt 0.261738 0.906326
vt 0.262246 0.905440
vt 0.261809 0.913205
vt 0.261464 0.912618
vt 0.261455 0.905961
vt 0.261808 0.905391
vt 0.268443 0.910161
vt 0.268484 0.916116
vt 0.267462 0.916123
vt 0.273610 0.905428
vt 0.274118 0.906314
vt 0.268952 0.909277
vt 0.274114 0.912251
vt 0.273604 0.913137
vt 0.267637 0.916544
vt 0.268311 0.916546
vt 0.274032 0.905376
vt 0.274377 0.905973
vt 0.274062 0.913200
vt 0.274398 0.912572
vt 0.252578 0.909255
vt 0.247406 0.906298
vt 0.247913 0.905411
vt 0.253086 0.908369
vt 0.247123 0.905932
vt 0.247476 0.905363
vt 0.253089 0.910139
vt 0.247932 0.913120
vt 0.247421 0.912236
vt 0.253065 0.902412
vt 0.254086 0.902408
vt 0.254108 0.908366
vt 0.247482 0.913187
vt 0.247136 0.912600
vt 0.253206 0.901996
vt 0.253951 0.902005
vt 0.254110 0.910135
vt 0.254139 0.916091
vt 0.253117 0.916097
vt 0.259276 0.905400
vt 0.259785 0.906286
vt 0.254619 0.909251
vt 0.259778 0.912232
vt 0.259266 0.913117
vt 0.253291 0.916517
vt 0.253965 0.916520
vt 0.259698 0.905348
vt 0.260043 0.905944
vt 0.259725 0.913180
vt 0.260062 0.912552
vt 0.277801 0.913934
vt 0.277457 0.913347
vt 0.277743 0.912984
vt 0.278252 0.913870
vt 0.283420 0.910904
vt 0.282910 0.910020
vt 0.277737 0.907066
vt 0.278243 0.906180
vt 0.283416 0.909135
vt 0.283349 0.903180
vt 0.284371 0.903169
vt 0.284438 0.909129
vt 0.277453 0.906702
vt 0.277806 0.906131
vt 0.283488 0.902764
vt 0.284233 0.902767
vt 0.284441 0.910898
vt 0.284500 0.916853
vt 0.283478 0.916863
vt 0.289610 0.906169
vt 0.290118 0.907056
vt 0.284949 0.910013
vt 0.290116 0.912980
vt 0.289607 0.913866
vt 0.283655 0.917284
vt 0.284329 0.917283
vt 0.290033 0.906118
vt 0.290377 0.906715
vt 0.290064 0.913929
vt 0.290400 0.913300
vt 0.254386 0.892442
vt 0.249217 0.895408
vt 0.248708 0.894522
vt 0.253875 0.891558
vt 0.248766 0.895473
vt 0.248422 0.894885
vt 0.248702 0.888604
vt 0.249208 0.887717
vt 0.254381 0.890673
vt 0.254315 0.884718
vt 0.255336 0.884707
vt 0.255403 0.890666
vt 0.248418 0.888238
vt 0.248771 0.887668
vt 0.254454 0.884301
vt 0.255198 0.884305
vt 0.255407 0.892435
vt 0.255465 0.898390
vt 0.254444 0.898401
vt 0.260575 0.887707
vt 0.261083 0.888594
vt 0.255914 0.891551
vt 0.261080 0.894518
vt 0.260571 0.895403
vt 0.254621 0.898821
vt 0.255294 0.898821
vt 0.260997 0.887655
vt 0.261342 0.888252
vt 0.261029 0.895467
vt 0.261365 0.894837
vt 0.269430 0.892275
vt 0.264258 0.889320
vt 0.264765 0.888433
vt 0.269937 0.891390
vt 0.263975 0.888955
vt 0.264328 0.888384
vt 0.269941 0.893159
vt 0.264774 0.896126
vt 0.264265 0.895241
vt 0.269872 0.885436
vt 0.270894 0.885424
vt 0.270959 0.891383
vt 0.264323 0.896192
vt 0.263979 0.895604
vt 0.270011 0.885018
vt 0.270756 0.885022
vt 0.270962 0.893153
vt 0.271009 0.899110
vt 0.269987 0.899117
vt 0.276132 0.888426
vt 0.276639 0.889313
vt 0.271470 0.892269
vt 0.276636 0.895234
vt 0.276129 0.896119
vt 0.270163 0.899538
vt 0.270837 0.899539
vt 0.276554 0.888374
vt 0.276899 0.888972
vt 0.276587 0.896182
vt 0.276922 0.895553
vt 0.285936 0.900264
vt 0.285760 0.899844
vt 0.286782 0.899834
vt 0.286610 0.900264
vt 0.286725 0.893879
vt 0.285704 0.893885
vt 0.286722 0.892109
vt 0.291893 0.889148
vt 0.292400 0.890034
vt 0.287233 0.892994
vt 0.292399 0.895962
vt 0.291890 0.896847
vt 0.280536 0.896851
vt 0.280027 0.895965
vt 0.285193 0.893001
vt 0.280021 0.890046
vt 0.280528 0.889158
vt 0.285700 0.892116
vt 0.285632 0.886161
vt 0.286654 0.886150
vt 0.292315 0.889096
vt 0.292659 0.889693
vt 0.292348 0.896910
vt 0.292684 0.896281
vt 0.280085 0.896916
vt 0.279741 0.896329
vt 0.279738 0.889680
vt 0.280091 0.889110
vt 0.285771 0.885745
vt 0.286515 0.885748
vt 0.356822 0.860235
vt 0.356809 0.860902
vt 0.356664 0.860975
vt 0.356140 0.860542
vt 0.357422 0.860517
vt 0.356940 0.860974
vt 0.356807 0.860238
vt 0.357543 0.861407
vt 0.356939 0.861129
vt 0.357546 0.860723
vt 0.356812 0.858964
vt 0.355169 0.859700
vt 0.358311 0.859633
vt 0.356834 0.858967
vt 0.358708 0.861912
vt 0.358714 0.860268
vt 0.356843 0.861851
vt 0.356805 0.861202
vt 0.357454 0.861557
vt 0.356105 0.861502
vt 0.356666 0.861127
vt 0.356729 0.861854
vt 0.356034 0.860725
vt 0.356057 0.861418
vt 0.356677 0.858205
vt 0.354684 0.859097
vt 0.358767 0.859016
vt 0.356975 0.858210
vt 0.359454 0.862097
vt 0.359462 0.860103
vt 0.356940 0.863094
vt 0.358410 0.862391
vt 0.355055 0.862243
vt 0.356554 0.863091
vt 0.354831 0.860276
vt 0.354886 0.861942
vt 0.356418 0.857630
vt 0.354426 0.858520
vt 0.359028 0.858441
vt 0.357234 0.857634
vt 0.360085 0.862100
vt 0.360092 0.860105
vt 0.357116 0.863839
vt 0.358899 0.862987
vt 0.354512 0.862793
vt 0.356330 0.863824
vt 0.354073 0.860124
vt 0.354140 0.862145
vt 0.354445 0.857824
vt 0.355901 0.857173
vt 0.357747 0.857173
vt 0.359058 0.857763
vt 0.360719 0.860364
vt 0.360714 0.861823
vt 0.357388 0.864409
vt 0.359171 0.863556
vt 0.354201 0.863342
vt 0.356018 0.864373
vt 0.353442 0.860146
vt 0.353508 0.862167
vt 0.359189 0.864244
vt 0.357885 0.864867
vt 0.355487 0.864790
vt 0.354158 0.864037
vt 0.352858 0.861916
vt 0.352810 0.860438
vt 0.351970 0.852265
vt 0.352313 0.852842
vt 0.352213 0.852976
vt 0.351548 0.852882
vt 0.351292 0.851187
vt 0.350282 0.852677
vt 0.350778 0.850614
vt 0.349553 0.852419
vt 0.352858 0.852357
vt 0.352461 0.852877
vt 0.352208 0.852180
vt 0.353191 0.853010
vt 0.352524 0.853016
vt 0.352901 0.852390
vt 0.350256 0.850259
vt 0.349032 0.852066
vt 0.353600 0.851348
vt 0.352036 0.850919
vt 0.354458 0.852970
vt 0.353762 0.851478
vt 0.352768 0.853700
vt 0.352433 0.853137
vt 0.353175 0.853158
vt 0.352553 0.853788
vt 0.351534 0.853035
vt 0.348680 0.851463
vt 0.349576 0.850143
vt 0.353956 0.850670
vt 0.352061 0.850149
vt 0.355213 0.852818
vt 0.354368 0.851012
vt 0.353429 0.854758
vt 0.354407 0.853457
vt 0.351062 0.854642
vt 0.352742 0.855024
vt 0.350257 0.853185
vt 0.351066 0.854644
vt 0.354124 0.850062
vt 0.352229 0.849539
vt 0.355784 0.852551
vt 0.354940 0.850744
vt 0.353927 0.855338
vt 0.355116 0.853761
vt 0.350701 0.855323
vt 0.352738 0.855791
vt 0.349512 0.853399
vt 0.350497 0.855164
vt 0.352665 0.849006
vt 0.354050 0.849388
vt 0.355618 0.850711
vt 0.356235 0.852032
vt 0.354431 0.855717
vt 0.355620 0.854142
vt 0.350559 0.855937
vt 0.352595 0.856408
vt 0.348962 0.853707
vt 0.349947 0.855472
vt 0.355952 0.854743
vt 0.355083 0.855896
vt 0.352205 0.856959
vt 0.350717 0.856616
vt 0.349254 0.855547
vt 0.348533 0.854257
vt 0.344233 0.855525
vt 0.344690 0.856713
vt 0.344153 0.857236
vt 0.342954 0.856790
vt 0.343837 0.854862
vt 0.342289 0.856399
vt 0.344915 0.857358
vt 0.344778 0.857455
vt 0.343391 0.854414
vt 0.341844 0.855954
vt 0.341615 0.855296
vt 0.342746 0.854171
vt 0.345604 0.857116
vt 0.345041 0.857447
vt 0.345070 0.856705
vt 0.345667 0.857850
vt 0.345053 0.857600
vt 0.345638 0.857166
vt 0.346674 0.856465
vt 0.345392 0.855474
vt 0.346851 0.858302
vt 0.346783 0.856659
vt 0.345532 0.858078
vt 0.344243 0.858015
vt 0.344782 0.857603
vt 0.344141 0.857220
vt 0.344183 0.857912
vt 0.347261 0.855974
vt 0.345707 0.854770
vt 0.347604 0.858454
vt 0.347524 0.856462
vt 0.344878 0.859561
vt 0.346405 0.859001
vt 0.343250 0.858827
vt 0.344805 0.859566
vt 0.342920 0.856813
vt 0.343031 0.858476
vt 0.347647 0.855476
vt 0.346093 0.854271
vt 0.348234 0.858429
vt 0.348154 0.856437
vt 0.344980 0.860320
vt 0.346835 0.859638
vt 0.342748 0.859414
vt 0.344636 0.860311
vt 0.342158 0.856687
vt 0.342294 0.858705
vt 0.346701 0.853943
vt 0.347836 0.854823
vt 0.348793 0.856669
vt 0.348851 0.858125
vt 0.345198 0.860913
vt 0.347052 0.860230
vt 0.342477 0.859985
vt 0.344364 0.860881
vt 0.341528 0.856729
vt 0.341664 0.858746
vt 0.347005 0.860918
vt 0.345651 0.861415
vt 0.343866 0.861336
vt 0.342486 0.860680
vt 0.341007 0.858519
vt 0.340905 0.857044
vt 0.344897 0.858316
vt 0.344890 0.858322
vt 0.351854 0.853633
vt 0.351866 0.853644
vt 0.360416 0.850987
vt 0.360317 0.849742
vt 0.360928 0.849450
vt 0.361884 0.850283
vt 0.360591 0.851731
vt 0.362372 0.850879
vt 0.360278 0.849091
vt 0.360412 0.849021
vt 0.360862 0.852301
vt 0.362645 0.851449
vt 0.362662 0.852137
vt 0.361358 0.852759
vt 0.359578 0.849394
vt 0.360140 0.849018
vt 0.360201 0.849746
vt 0.359507 0.848616
vt 0.360137 0.848867
vt 0.359528 0.849310
vt 0.360295 0.848127
vt 0.360283 0.848793
vt 0.359612 0.848433
vt 0.360896 0.848409
vt 0.360413 0.848864
vt 0.360281 0.848128
vt 0.361017 0.849298
vt 0.361021 0.848613
vt 0.358528 0.850134
vt 0.360028 0.850982
vt 0.358302 0.848168
vt 0.358358 0.849835
vt 0.360285 0.846855
vt 0.358643 0.847589
vt 0.361785 0.847524
vt 0.360308 0.846858
vt 0.362180 0.849803
vt 0.362187 0.848158
vt 0.357985 0.850685
vt 0.359803 0.851715
vt 0.357544 0.848017
vt 0.357613 0.850037
vt 0.360151 0.846096
vt 0.358160 0.846988
vt 0.362241 0.846910
vt 0.360449 0.846101
vt 0.362928 0.849989
vt 0.362935 0.847994
vt 0.357674 0.851235
vt 0.359493 0.852264
vt 0.356913 0.848037
vt 0.356980 0.850058
vt 0.359894 0.845520
vt 0.357901 0.846411
vt 0.362501 0.846333
vt 0.360708 0.845526
vt 0.363559 0.849991
vt 0.363566 0.847997
vt 0.358962 0.852682
vt 0.357632 0.851930
vt 0.356330 0.849808
vt 0.356281 0.848329
vt 0.357920 0.845714
vt 0.359377 0.845064
vt 0.361222 0.845065
vt 0.362532 0.845655
vt 0.364193 0.848256
vt 0.364187 0.849714
vt 0.364717 0.857797
vt 0.364677 0.857146
vt 0.364810 0.857075
vt 0.365327 0.857504
vt 0.363976 0.857447
vt 0.364537 0.857073
vt 0.364601 0.857800
vt 0.363906 0.856669
vt 0.364536 0.856919
vt 0.363927 0.857362
vt 0.364695 0.856181
vt 0.364682 0.856847
vt 0.364011 0.856488
vt 0.365295 0.856462
vt 0.364813 0.856919
vt 0.364683 0.856183
vt 0.365418 0.857352
vt 0.365421 0.856668
vt 0.364813 0.859040
vt 0.366282 0.858339
vt 0.362927 0.858187
vt 0.364427 0.859036
vt 0.362701 0.856222
vt 0.362756 0.857889
vt 0.364685 0.854910
vt 0.363042 0.855645
vt 0.366185 0.855580
vt 0.364707 0.854911
vt 0.366581 0.857857
vt 0.366588 0.856213
vt 0.364986 0.859786
vt 0.366769 0.858937
vt 0.362386 0.858740
vt 0.364205 0.859768
vt 0.361943 0.856071
vt 0.362009 0.858092
vt 0.364549 0.854151
vt 0.362557 0.855041
vt 0.366642 0.854963
vt 0.364851 0.854154
vt 0.367330 0.858043
vt 0.367337 0.856048
vt 0.365257 0.860356
vt 0.367040 0.859506
vt 0.362075 0.859289
vt 0.363894 0.860316
vt 0.361311 0.856092
vt 0.361379 0.858114
vt 0.364292 0.853576
vt 0.362299 0.854467
vt 0.366902 0.854388
vt 0.365110 0.853580
vt 0.367961 0.858045
vt 0.367970 0.856051
vt 0.367057 0.860193
vt 0.365753 0.860814
vt 0.363363 0.860737
vt 0.362034 0.859982
vt 0.360729 0.857863
vt 0.360679 0.856386
vt 0.362320 0.853769
vt 0.363776 0.853119
vt 0.365624 0.853119
vt 0.366935 0.853711
vt 0.368596 0.856309
vt 0.368589 0.857768
vt 0.338957 0.847004
vt 0.339202 0.848254
vt 0.338586 0.848679
vt 0.337478 0.848031
vt 0.338683 0.846285
vt 0.336892 0.847530
vt 0.339314 0.848918
vt 0.339172 0.849005
vt 0.338323 0.845767
vt 0.336530 0.847012
vt 0.336419 0.846324
vt 0.337731 0.845414
vt 0.339996 0.848658
vt 0.339439 0.849003
vt 0.339452 0.848261
vt 0.340073 0.849386
vt 0.339448 0.849154
vt 0.340023 0.848704
vt 0.341048 0.847981
vt 0.339741 0.847021
vt 0.341271 0.849800
vt 0.341152 0.848160
vt 0.339432 0.849879
vt 0.339320 0.849235
vt 0.340007 0.849520
vt 0.339200 0.849885
vt 0.338517 0.848820
vt 0.341623 0.847475
vt 0.340038 0.846311
vt 0.342028 0.849928
vt 0.341884 0.847939
vt 0.339669 0.851104
vt 0.341050 0.850242
vt 0.337501 0.850147
vt 0.338934 0.851105
vt 0.337269 0.848509
vt 0.337509 0.850159
vt 0.341997 0.846967
vt 0.340412 0.845802
vt 0.342659 0.849882
vt 0.342513 0.847892
vt 0.339927 0.851825
vt 0.341602 0.850779
vt 0.336920 0.850654
vt 0.338654 0.851819
vt 0.336498 0.848444
vt 0.336791 0.850443
vt 0.341009 0.845460
vt 0.342168 0.846310
vt 0.343158 0.848103
vt 0.343264 0.849557
vt 0.340260 0.852360
vt 0.341935 0.851315
vt 0.336568 0.851177
vt 0.338302 0.852343
vt 0.335872 0.848536
vt 0.336169 0.850536
vt 0.342030 0.851995
vt 0.340805 0.852760
vt 0.337741 0.852720
vt 0.336473 0.851868
vt 0.335495 0.850361
vt 0.335278 0.848899
vt 0.338601 0.849490
vt 0.338612 0.849508
vt 0.356860 0.838029
vt 0.356868 0.838966
vt 0.356364 0.839193
vt 0.355648 0.838571
vt 0.356761 0.837468
vt 0.355291 0.838126
vt 0.356858 0.839459
vt 0.356752 0.839512
vt 0.356570 0.837043
vt 0.355101 0.837702
vt 0.355114 0.837188
vt 0.356189 0.836707
vt 0.357310 0.839174
vt 0.356954 0.839512
vt 0.356857 0.838968
vt 0.357401 0.839831
vt 0.356954 0.839626
vt 0.357403 0.839326
vt 0.357967 0.838523
vt 0.356875 0.838030
vt 0.358260 0.840204
vt 0.358264 0.838990
vt 0.356885 0.840159
vt 0.356855 0.839680
vt 0.357334 0.839942
vt 0.356338 0.839901
vt 0.356753 0.839624
vt 0.356798 0.840161
vt 0.356286 0.839327
vt 0.356303 0.839839
vt 0.358302 0.838068
vt 0.356980 0.837472
vt 0.358811 0.840341
vt 0.358815 0.838869
vt 0.356956 0.841076
vt 0.358040 0.840557
vt 0.355563 0.840447
vt 0.356670 0.841074
vt 0.355397 0.838998
vt 0.355438 0.840227
vt 0.358494 0.837644
vt 0.357171 0.837047
vt 0.359276 0.840342
vt 0.359282 0.838871
vt 0.357085 0.841626
vt 0.358400 0.840996
vt 0.355163 0.840853
vt 0.356504 0.841615
vt 0.354838 0.838886
vt 0.354887 0.840377
vt 0.357550 0.836708
vt 0.358516 0.837143
vt 0.359745 0.839062
vt 0.359740 0.840139
vt 0.357286 0.842045
vt 0.358601 0.841417
vt 0.354932 0.841258
vt 0.356274 0.842019
vt 0.354373 0.838900
vt 0.354422 0.840392
vt 0.358614 0.841923
vt 0.357653 0.842383
vt 0.355882 0.842328
vt 0.354901 0.841771
vt 0.353943 0.840208
vt 0.353907 0.839117
vt 0.344021 0.844498
vt 0.343972 0.843020
vt 0.344604 0.842727
vt 0.344672 0.844749
vt 0.345234 0.842705
vt 0.345303 0.844727
vt 0.345993 0.842858
vt 0.346049 0.844525
vt 0.347198 0.843304
vt 0.347221 0.843996
vt 0.347828 0.843555
vt 0.347831 0.843707
vt 0.348007 0.844432
vt 0.347969 0.843781
vt 0.348102 0.843710
vt 0.348618 0.844137
vt 0.347268 0.844083
vt 0.347893 0.844435
vt 0.347986 0.842816
vt 0.347974 0.843482
vt 0.347303 0.843123
vt 0.348587 0.843097
vt 0.348103 0.843554
vt 0.347972 0.842818
vt 0.348709 0.843987
vt 0.348711 0.843303
vt 0.348105 0.845675
vt 0.349574 0.844973
vt 0.346219 0.844822
vt 0.347720 0.845670
vt 0.347977 0.841545
vt 0.346334 0.842279
vt 0.349476 0.842214
vt 0.347999 0.841546
vt 0.349870 0.844492
vt 0.349878 0.842848
vt 0.348281 0.846420
vt 0.350062 0.845567
vt 0.345677 0.845374
vt 0.347497 0.846403
vt 0.347841 0.840786
vt 0.345850 0.841676
vt 0.349933 0.841598
vt 0.348141 0.840788
vt 0.350617 0.844678
vt 0.350626 0.842683
vt 0.348551 0.846989
vt 0.350334 0.846136
vt 0.345366 0.845923
vt 0.347185 0.846952
vt 0.347585 0.840210
vt 0.345592 0.841100
vt 0.350192 0.841021
vt 0.348400 0.840214
vt 0.351249 0.844681
vt 0.351257 0.842687
vt 0.350351 0.846824
vt 0.349049 0.847447
vt 0.346656 0.847372
vt 0.345326 0.846618
vt 0.345612 0.840404
vt 0.347069 0.839753
vt 0.348914 0.839753
vt 0.350225 0.840346
vt 0.351884 0.842946
vt 0.351878 0.844403
vt 0.352745 0.864203
vt 0.352741 0.865661
vt 0.352112 0.865940
vt 0.352119 0.863945
vt 0.351481 0.865937
vt 0.351488 0.863942
vt 0.350734 0.865751
vt 0.350741 0.864107
vt 0.349571 0.865245
vt 0.349573 0.864562
vt 0.348964 0.864968
vt 0.348966 0.864812
vt 0.348847 0.864075
vt 0.348835 0.864741
vt 0.348689 0.864814
vt 0.348164 0.864382
vt 0.349447 0.864357
vt 0.348834 0.864077
vt 0.348837 0.862803
vt 0.347195 0.863539
vt 0.350337 0.863472
vt 0.348860 0.862806
vt 0.348869 0.865690
vt 0.348831 0.865040
vt 0.349480 0.865396
vt 0.348129 0.865341
vt 0.348692 0.864966
vt 0.348754 0.865693
vt 0.348059 0.864562
vt 0.348081 0.865256
vt 0.348701 0.862046
vt 0.346710 0.862937
vt 0.350792 0.862856
vt 0.349001 0.862048
vt 0.348969 0.866933
vt 0.350437 0.866231
vt 0.347081 0.866081
vt 0.348580 0.866930
vt 0.346855 0.864117
vt 0.346909 0.865783
vt 0.348444 0.861469
vt 0.346451 0.862361
vt 0.351052 0.862281
vt 0.349261 0.861472
vt 0.349145 0.867678
vt 0.350925 0.866826
vt 0.346538 0.866633
vt 0.348356 0.867662
vt 0.346097 0.863965
vt 0.346164 0.865986
vt 0.346471 0.861664
vt 0.347928 0.861013
vt 0.349773 0.861012
vt 0.351084 0.861603
vt 0.349415 0.868248
vt 0.351196 0.867395
vt 0.346226 0.867180
vt 0.348045 0.868212
vt 0.345467 0.863985
vt 0.345535 0.866006
vt 0.351214 0.868082
vt 0.349911 0.868705
vt 0.347514 0.868630
vt 0.346185 0.867876
vt 0.344885 0.865755
vt 0.344835 0.864277
vt 0.351512 0.828635
vt 0.352718 0.829080
vt 0.352740 0.829772
vt 0.351569 0.830301
vt 0.350753 0.828484
vt 0.350823 0.830504
vt 0.353348 0.829329
vt 0.353350 0.829482
vt 0.350123 0.828505
vt 0.350191 0.830526
vt 0.349542 0.830276
vt 0.349491 0.828799
vt 0.353527 0.830207
vt 0.353488 0.829555
vt 0.353625 0.829485
vt 0.354138 0.829912
vt 0.352789 0.829856
vt 0.353413 0.830208
vt 0.353507 0.828590
vt 0.353494 0.829256
vt 0.352823 0.828896
vt 0.354106 0.828872
vt 0.353625 0.829328
vt 0.353493 0.828593
vt 0.354229 0.829761
vt 0.354232 0.829076
vt 0.353624 0.831450
vt 0.355093 0.830749
vt 0.351739 0.830595
vt 0.353239 0.831444
vt 0.353499 0.827318
vt 0.351856 0.828052
vt 0.354997 0.827990
vt 0.353519 0.827321
vt 0.355394 0.830266
vt 0.355399 0.828620
vt 0.353798 0.832196
vt 0.355580 0.831345
vt 0.351196 0.831148
vt 0.353015 0.832177
vt 0.353364 0.826560
vt 0.351372 0.827449
vt 0.355453 0.827375
vt 0.353662 0.826563
vt 0.356141 0.830450
vt 0.356148 0.828456
vt 0.354068 0.832764
vt 0.355850 0.831915
vt 0.350886 0.831696
vt 0.352705 0.832726
vt 0.353109 0.825984
vt 0.351115 0.826871
vt 0.355713 0.826800
vt 0.353922 0.825988
vt 0.356773 0.830453
vt 0.356779 0.828458
vt 0.355867 0.832602
vt 0.354563 0.833223
vt 0.352175 0.833144
vt 0.350845 0.832392
vt 0.351135 0.826175
vt 0.352593 0.825527
vt 0.354436 0.825529
vt 0.355746 0.826122
vt 0.357405 0.828716
vt 0.357402 0.830174
vt 0.344824 0.832854
vt 0.344832 0.834126
vt 0.344150 0.834433
vt 0.343181 0.833586
vt 0.344689 0.832095
vt 0.342696 0.832985
vt 0.344819 0.834794
vt 0.344674 0.834865
vt 0.344432 0.831519
vt 0.342440 0.832408
vt 0.342459 0.831712
vt 0.343916 0.831061
vt 0.345432 0.834410
vt 0.344950 0.834865
vt 0.344817 0.834130
vt 0.345554 0.835299
vt 0.344950 0.835020
vt 0.345557 0.834614
vt 0.346321 0.833528
vt 0.344843 0.832860
vt 0.346719 0.835804
vt 0.346725 0.834159
vt 0.344852 0.835744
vt 0.344814 0.835092
vt 0.345464 0.835449
vt 0.344115 0.835392
vt 0.344676 0.835018
vt 0.344738 0.835745
vt 0.344043 0.834615
vt 0.344066 0.835307
vt 0.346776 0.832913
vt 0.344984 0.832103
vt 0.347466 0.835987
vt 0.347473 0.833994
vt 0.344950 0.836987
vt 0.346420 0.836285
vt 0.343064 0.836132
vt 0.344563 0.836981
vt 0.342838 0.834168
vt 0.342895 0.835835
vt 0.347035 0.832337
vt 0.345243 0.831530
vt 0.348098 0.835990
vt 0.348104 0.833995
vt 0.345124 0.837732
vt 0.346907 0.836882
vt 0.342524 0.836683
vt 0.344340 0.837714
vt 0.342079 0.834017
vt 0.342148 0.836037
vt 0.345755 0.831069
vt 0.347066 0.831660
vt 0.348731 0.834256
vt 0.348726 0.835713
vt 0.345395 0.838301
vt 0.347178 0.837453
vt 0.342211 0.837233
vt 0.344028 0.838263
vt 0.341449 0.834038
vt 0.341517 0.836060
vt 0.347194 0.838139
vt 0.345890 0.838760
vt 0.343498 0.838681
vt 0.342168 0.837927
vt 0.340866 0.835809
vt 0.340816 0.834332
vt 0.337203 0.843567
vt 0.335899 0.844187
vt 0.335404 0.843728
vt 0.337187 0.842880
vt 0.335132 0.843159
vt 0.336917 0.842310
vt 0.334959 0.842414
vt 0.336428 0.841713
vt 0.334862 0.841170
vt 0.335472 0.840877
vt 0.334824 0.840520
vt 0.334958 0.840448
vt 0.334124 0.840821
vt 0.334685 0.840446
vt 0.334748 0.841172
vt 0.334052 0.840042
vt 0.334683 0.840292
vt 0.334075 0.840736
vt 0.334843 0.839554
vt 0.334829 0.840220
vt 0.334158 0.839861
vt 0.335440 0.839836
vt 0.334959 0.840292
vt 0.334828 0.839556
vt 0.335565 0.840725
vt 0.335567 0.840040
vt 0.333073 0.841561
vt 0.334572 0.842410
vt 0.332847 0.839597
vt 0.332904 0.841263
vt 0.334834 0.838282
vt 0.333191 0.839016
vt 0.336332 0.838952
vt 0.334854 0.838284
vt 0.336728 0.841231
vt 0.336734 0.839585
vt 0.332531 0.842111
vt 0.334349 0.843142
vt 0.332089 0.839446
vt 0.332157 0.841466
vt 0.334700 0.837524
vt 0.332707 0.838413
vt 0.336789 0.838336
vt 0.334996 0.837528
vt 0.337476 0.841416
vt 0.337483 0.839420
vt 0.332219 0.842662
vt 0.334038 0.843691
vt 0.331458 0.839468
vt 0.331527 0.841488
vt 0.334443 0.836949
vt 0.332450 0.837837
vt 0.337047 0.837761
vt 0.335255 0.836953
vt 0.338107 0.841418
vt 0.338113 0.839423
vt 0.333507 0.844110
vt 0.332177 0.843357
vt 0.330878 0.841239
vt 0.330828 0.839762
vt 0.332470 0.837142
vt 0.333927 0.836492
vt 0.335770 0.836493
vt 0.337080 0.837084
vt 0.338739 0.839682
vt 0.338736 0.841141
vt 0.218237 0.843901
vt 0.218238 0.839569
vt 0.222569 0.839571
vt 0.222568 0.843902
vt 0.213910 0.835237
vt 0.218240 0.835239
vt 0.213908 0.839567
vt 0.218242 0.830907
vt 0.222573 0.830908
vt 0.222571 0.835241
vt 0.226901 0.835241
vt 0.226901 0.839571
vt 0.226898 0.848236
vt 0.222565 0.848233
vt 0.226899 0.843903
vt 0.222565 0.852562
vt 0.218235 0.852562
vt 0.218235 0.848232
vt 0.213904 0.848229
vt 0.213906 0.843898
vt 0.205247 0.839564
vt 0.205247 0.835233
vt 0.209578 0.835234
vt 0.209577 0.839566
vt 0.209579 0.830905
vt 0.213910 0.830906
vt 0.209576 0.843897
vt 0.213912 0.826575
vt 0.218242 0.826576
vt 0.218245 0.822246
vt 0.222575 0.822248
vt 0.222573 0.826578
vt 0.226905 0.826580
vt 0.226904 0.830911
vt 0.231234 0.830912
vt 0.231234 0.835243
vt 0.235564 0.835244
vt 0.235563 0.839577
vt 0.231232 0.839573
vt 0.231230 0.843905
vt 0.235560 0.848238
vt 0.231230 0.848236
vt 0.235560 0.843907
vt 0.231226 0.852568
vt 0.226896 0.852566
vt 0.226895 0.856897
vt 0.222563 0.856895
vt 0.222561 0.861225
vt 0.218229 0.861224
vt 0.218232 0.856893
vt 0.213900 0.856891
vt 0.213902 0.852560
vt 0.209572 0.852559
vt 0.209573 0.848228
vt 0.205243 0.848226
vt 0.205245 0.843896
vt 0.205249 0.830902
vt 0.205251 0.826571
vt 0.209581 0.826574
vt 0.209582 0.822244
vt 0.213912 0.822244
vt 0.226907 0.822249
vt 0.231237 0.822251
vt 0.231236 0.826582
vt 0.235566 0.826583
vt 0.235564 0.830914
vt 0.239896 0.830915
vt 0.239895 0.835246
vt 0.244226 0.835248
vt 0.244223 0.839578
vt 0.239894 0.839577
vt 0.239893 0.843907
vt 0.244223 0.843911
vt 0.244221 0.848241
vt 0.239891 0.848239
vt 0.239889 0.852572
vt 0.235558 0.852569
vt 0.235557 0.856899
vt 0.231224 0.856899
vt 0.231223 0.861229
vt 0.226894 0.861227
vt 0.213899 0.861221
vt 0.209566 0.861219
vt 0.209570 0.856889
vt 0.205240 0.856887
vt 0.205241 0.852556
vt 0.235570 0.822252
vt 0.239899 0.822255
vt 0.239896 0.826584
vt 0.244227 0.826585
vt 0.244227 0.830915
vt 0.244219 0.852574
vt 0.244217 0.856904
vt 0.239886 0.856902
vt 0.239885 0.861232
vt 0.235554 0.861231
vt 0.174547 0.905396
vt 0.170177 0.909478
vt 0.165807 0.913556
vt 0.161056 0.913392
vt 0.163676 0.906350
vt 0.168586 0.901767
vt 0.178914 0.901296
vt 0.158761 0.910935
vt 0.173479 0.897181
vt 0.183265 0.897165
vt 0.178337 0.892577
vt 0.187589 0.892980
vt 0.183131 0.887934
vt 0.191864 0.888722
vt 0.187839 0.883227
vt 0.196082 0.884394
vt 0.192419 0.878418
vt 0.200322 0.880009
vt 0.196849 0.873382
vt 0.204562 0.875099
vt 0.202173 0.868274
vt 0.210971 0.876320
vt 0.209495 0.868985
vt 0.217129 0.877021
vt 0.216028 0.870104
vt 0.223323 0.877464
vt 0.222487 0.870713
vt 0.229588 0.877460
vt 0.228921 0.870776
vt 0.235864 0.876910
vt 0.235296 0.870222
vt 0.242074 0.875776
vt 0.241561 0.869004
vt 0.248141 0.874078
vt 0.247665 0.867104
vt 0.254089 0.871950
vt 0.253622 0.864487
vt 0.260112 0.869049
vt 0.260337 0.861793
vt 0.265950 0.872323
vt 0.266862 0.864903
vt 0.271791 0.874799
vt 0.272632 0.867863
vt 0.277811 0.876792
vt 0.278597 0.870052
vt 0.284036 0.878141
vt 0.284764 0.871479
vt 0.290367 0.878797
vt 0.291066 0.872128
vt 0.296699 0.878784
vt 0.297433 0.872029
vt 0.302950 0.878198
vt 0.303811 0.871252
vt 0.309138 0.877242
vt 0.310229 0.869842
vt 0.315532 0.875662
vt 0.317449 0.868678
vt 0.320212 0.880240
vt 0.323113 0.873342
vt 0.324888 0.884235
vt 0.327945 0.877930
vt 0.329585 0.888113
vt 0.332971 0.882202
vt 0.334371 0.891850
vt 0.338174 0.886296
vt 0.339223 0.895462
vt 0.343505 0.890265
vt 0.344115 0.898976
vt 0.348931 0.894152
vt 0.349025 0.902429
vt 0.354413 0.897996
vt 0.353937 0.905849
vt 0.359924 0.901826
vt 0.363525 0.908419
vt 0.358846 0.909261
vt 0.365445 0.905658
vt 0.112897 0.982914
vt 0.112895 0.975313
vt 0.112897 0.968711
vt 0.117170 0.968711
vt 0.112895 0.989515
vt 0.117170 0.989517
vt 0.117173 0.964437
vt 0.123773 0.964438
vt 0.123773 0.993792
vt 0.117173 0.993792
vt 0.131372 0.964437
vt 0.142251 0.975313
vt 0.142251 0.982914
vt 0.131374 0.993792
vt 0.137976 0.964437
vt 0.137976 0.968713
vt 0.142251 0.968711
vt 0.142251 0.989517
vt 0.137976 0.989517
vt 0.137976 0.993792
vt 0.173948 0.843345
vt 0.169788 0.837744
vt 0.169931 0.836770
vt 0.170798 0.836126
vt 0.178776 0.849768
vt 0.170871 0.835623
vt 0.175659 0.842070
vt 0.183276 0.855307
vt 0.180499 0.848487
vt 0.182311 0.862375
vt 0.185501 0.854689
vt 0.181437 0.870360
vt 0.184448 0.862589
vt 0.180918 0.877486
vt 0.183572 0.870588
vt 0.175496 0.882140
vt 0.182987 0.878528
vt 0.169594 0.887594
vt 0.176951 0.883719
vt 0.164497 0.892590
vt 0.171042 0.889182
vt 0.157362 0.892355
vt 0.165337 0.894744
vt 0.149326 0.892367
vt 0.157375 0.894503
vt 0.141658 0.893113
vt 0.142349 0.892412
vt 0.149337 0.894501
vt 0.141665 0.894191
vt 0.141307 0.894554
vt 0.294577 0.836038
vt 0.290800 0.836038
vt 0.294577 0.839815
vt 0.287023 0.836038
vt 0.294011 0.820455
vt 0.297410 0.820455
vt 0.294577 0.843592
vt 0.283246 0.836038
vt 0.290612 0.820455
vt 0.300810 0.820455
vt 0.305910 0.822154
vt 0.305910 0.824704
vt 0.308460 0.824704
vt 0.310159 0.829804
vt 0.310159 0.833204
vt 0.294577 0.847369
vt 0.287211 0.820455
vt 0.304210 0.820455
vt 0.310159 0.826405
vt 0.310160 0.836603
vt 0.283245 0.839815
vt 0.283811 0.820455
vt 0.310160 0.840003
vt 0.290799 0.847369
vt 0.280412 0.820455
vt 0.283245 0.843591
vt 0.310160 0.843404
vt 0.287023 0.847369
vt 0.267663 0.833204
vt 0.267663 0.829805
vt 0.269362 0.824705
vt 0.271912 0.824704
vt 0.271912 0.822154
vt 0.277012 0.820455
vt 0.283245 0.847369
vt 0.310160 0.846803
vt 0.267663 0.826405
vt 0.267663 0.836603
vt 0.273612 0.820455
vt 0.310160 0.850202
vt 0.297411 0.862951
vt 0.294011 0.862952
vt 0.267663 0.840003
vt 0.310159 0.853603
vt 0.308460 0.858702
vt 0.305910 0.858702
vt 0.305910 0.861252
vt 0.300810 0.862951
vt 0.290611 0.862952
vt 0.267663 0.843403
vt 0.310159 0.857002
vt 0.304210 0.862951
vt 0.287210 0.862952
vt 0.267663 0.846802
vt 0.283811 0.862952
vt 0.267663 0.850202
vt 0.280411 0.862951
vt 0.267663 0.853602
vt 0.271912 0.858702
vt 0.269362 0.858702
vt 0.271911 0.861252
vt 0.277011 0.862951
vt 0.267663 0.857001
vt 0.273611 0.862951
vt 0.159877 0.941233
vt 0.152931 0.941160
vt 0.153004 0.934213
vt 0.159950 0.934287
vt 0.163527 0.934324
vt 0.163454 0.941271
vt 0.149355 0.941121
vt 0.149428 0.934175
vt 0.158803 0.922264
vt 0.162373 0.922046
vt 0.162796 0.928980
vt 0.159226 0.929198
vt 0.151870 0.922689
vt 0.152293 0.929621
vt 0.148722 0.929838
vt 0.148300 0.922906
vt 0.154248 0.952658
vt 0.150672 0.952626
vt 0.150734 0.945681
vt 0.154311 0.945713
vt 0.161194 0.952720
vt 0.161256 0.945774
vt 0.164833 0.945806
vt 0.164771 0.952752
vt 0.161102 0.968673
vt 0.164678 0.968735
vt 0.164556 0.975680
vt 0.160980 0.975618
vt 0.154157 0.968551
vt 0.154035 0.975495
vt 0.150458 0.975432
vt 0.150581 0.968487
vt 0.457604 0.966183
vt 0.457630 0.970833
vt 0.451484 0.970868
vt 0.451455 0.966218
vt 0.457580 0.962276
vt 0.463723 0.962227
vt 0.463756 0.966135
vt 0.445298 0.966233
vt 0.445296 0.962325
vt 0.451436 0.962309
vt 0.451418 0.959144
vt 0.457564 0.959111
vt 0.469869 0.962170
vt 0.471597 0.962156
vt 0.471631 0.966063
vt 0.469903 0.966078
vt 0.469945 0.970729
vt 0.463799 0.970785
vt 0.463695 0.959062
vt 0.469841 0.959005
vt 0.445292 0.970882
vt 0.439146 0.970880
vt 0.439146 0.966230
vt 0.432991 0.966206
vt 0.433012 0.962299
vt 0.439153 0.962320
vt 0.439153 0.959155
vt 0.445300 0.959160
vt 0.432957 0.970857
vt 0.426810 0.970817
vt 0.426840 0.966166
vt 0.420725 0.962203
vt 0.426868 0.962258
vt 0.420688 0.966111
vt 0.426888 0.959092
vt 0.433034 0.959134
vt 0.420640 0.970761
vt 0.414494 0.970698
vt 0.414541 0.966049
vt 0.412813 0.966031
vt 0.412851 0.962124
vt 0.414579 0.962140
vt 0.414612 0.958976
vt 0.420758 0.959038
vt 0.469868 0.983264
vt 0.469838 0.986429
vt 0.463691 0.986370
vt 0.463723 0.983204
vt 0.457605 0.979248
vt 0.463757 0.979297
vt 0.457580 0.983155
vt 0.463802 0.974647
vt 0.469948 0.974705
vt 0.469904 0.979355
vt 0.471632 0.979372
vt 0.471596 0.983280
vt 0.451437 0.983122
vt 0.445297 0.983106
vt 0.445298 0.979198
vt 0.451455 0.979213
vt 0.451484 0.974563
vt 0.457630 0.974598
vt 0.457565 0.986321
vt 0.451418 0.986287
vt 0.439153 0.983111
vt 0.433013 0.983136
vt 0.432991 0.979229
vt 0.439146 0.979203
vt 0.439146 0.974553
vt 0.445292 0.974548
vt 0.445301 0.986272
vt 0.439155 0.986276
vt 0.420688 0.979330
vt 0.426840 0.979272
vt 0.426870 0.983179
vt 0.420727 0.983237
vt 0.426809 0.974622
vt 0.432955 0.974579
vt 0.433037 0.986302
vt 0.426891 0.986345
vt 0.414581 0.983304
vt 0.412853 0.983323
vt 0.412813 0.979416
vt 0.414541 0.979396
vt 0.414491 0.974746
vt 0.420637 0.974679
vt 0.420762 0.986403
vt 0.414616 0.986470
vt 0.296502 0.982769
vt 0.302183 0.982836
vt 0.302096 0.990340
vt 0.296421 0.990274
vt 0.309686 0.982927
vt 0.309601 0.990431
vt 0.288922 0.990195
vt 0.288992 0.982690
vt 0.315284 0.990494
vt 0.315359 0.982990
vt 0.283253 0.990147
vt 0.283306 0.982642
vt 0.322797 0.990563
vt 0.322855 0.983059
vt 0.275791 0.982598
vt 0.275758 0.990103
vt 0.328522 0.983096
vt 0.328485 0.990601
vt 0.270102 0.982582
vt 0.270090 0.990087
vt 0.336015 0.983121
vt 0.336002 0.990627
vt 0.262586 0.982581
vt 0.262595 0.990086
vt 0.341691 0.990628
vt 0.341681 0.983123
vt 0.256925 0.990102
vt 0.256898 0.982596
vt 0.349175 0.983100
vt 0.349208 0.990604
vt 0.249385 0.982633
vt 0.249427 0.990138
vt 0.354842 0.983064
vt 0.354897 0.990569
vt 0.243701 0.982671
vt 0.243754 0.990176
vt 0.362339 0.983000
vt 0.362409 0.990505
vt 0.241647 0.990193
vt 0.241586 0.982689
vt 0.368092 0.990446
vt 0.368011 0.982941
vt 0.236813 0.982731
vt 0.236878 0.990235
vt 0.370117 0.982917
vt 0.370205 0.990421
vt 0.234700 0.982750
vt 0.234768 0.990255
vt 0.374978 0.990363
vt 0.374886 0.982859
vt 0.230904 0.990291
vt 0.230834 0.982786
vt 0.377089 0.990337
vt 0.376995 0.982832
vt 0.380860 0.982783
vt 0.380955 0.990288
vt 0.176862 0.922552
vt 0.180439 0.922553
vt 0.180437 0.929499
vt 0.176860 0.929499
vt 0.169914 0.929497
vt 0.169916 0.922551
vt 0.166337 0.929495
vt 0.166339 0.922549
vt 0.178360 0.934859
vt 0.181938 0.934891
vt 0.181876 0.941836
vt 0.178298 0.941804
vt 0.171352 0.941742
vt 0.171415 0.934796
vt 0.167775 0.941709
vt 0.167839 0.934764
vt 0.180901 0.947476
vt 0.184475 0.947633
vt 0.184170 0.954572
vt 0.180597 0.954415
vt 0.173962 0.947171
vt 0.173657 0.954111
vt 0.170083 0.953953
vt 0.170389 0.947014
vt 0.162150 0.956867
vt 0.165727 0.956836
vt 0.165785 0.963782
vt 0.162208 0.963812
vt 0.155263 0.963869
vt 0.155205 0.956924
vt 0.151686 0.963899
vt 0.151628 0.956954
vt 0.502670 0.966653
vt 0.496530 0.966736
vt 0.496470 0.962828
vt 0.502627 0.962745
vt 0.502587 0.958094
vt 0.508732 0.958037
vt 0.508780 0.962686
vt 0.514939 0.962650
vt 0.514952 0.966557
vt 0.508813 0.966594
vt 0.508845 0.969759
vt 0.502699 0.969818
vt 0.484168 0.963051
vt 0.490319 0.962932
vt 0.490387 0.966839
vt 0.484245 0.966958
vt 0.490244 0.958283
vt 0.496389 0.958180
vt 0.496585 0.969901
vt 0.490440 0.970005
vt 0.514930 0.958000
vt 0.521078 0.957986
vt 0.521089 0.962637
vt 0.527242 0.962640
vt 0.527238 0.966548
vt 0.521095 0.966545
vt 0.521103 0.969710
vt 0.514957 0.969723
vt 0.478101 0.967086
vt 0.476374 0.967121
vt 0.476293 0.963214
vt 0.478021 0.963178
vt 0.477926 0.958528
vt 0.484070 0.958402
vt 0.484312 0.970122
vt 0.478167 0.970250
vt 0.527252 0.957989
vt 0.533398 0.958002
vt 0.533389 0.962652
vt 0.535119 0.962656
vt 0.535111 0.966564
vt 0.533383 0.966561
vt 0.533377 0.969726
vt 0.527231 0.969713
vt 0.533249 0.978424
vt 0.534978 0.978437
vt 0.534948 0.982345
vt 0.533221 0.982333
vt 0.533186 0.986983
vt 0.527040 0.986939
vt 0.527072 0.982289
vt 0.520961 0.978329
vt 0.527103 0.978380
vt 0.520922 0.982236
vt 0.527126 0.975216
vt 0.533272 0.975258
vt 0.520872 0.986886
vt 0.514726 0.986823
vt 0.514772 0.982173
vt 0.508677 0.978183
vt 0.514817 0.978265
vt 0.508617 0.982090
vt 0.514848 0.975100
vt 0.520994 0.975164
vt 0.508537 0.986740
vt 0.502391 0.986636
vt 0.502466 0.981988
vt 0.496310 0.981864
vt 0.496396 0.977957
vt 0.502535 0.978080
vt 0.502586 0.974914
vt 0.508732 0.975018
vt 0.496200 0.986513
vt 0.490055 0.986370
vt 0.490161 0.981721
vt 0.484113 0.977658
vt 0.490254 0.977815
vt 0.484011 0.981564
vt 0.490327 0.974650
vt 0.496471 0.974793
vt 0.483885 0.986213
vt 0.477740 0.986046
vt 0.477865 0.981397
vt 0.476137 0.981351
vt 0.476242 0.977445
vt 0.477970 0.977491
vt 0.478055 0.974327
vt 0.484199 0.974493
vt 0.322607 0.971653
vt 0.328294 0.971639
vt 0.328302 0.979144
vt 0.322632 0.979158
vt 0.335796 0.979146
vt 0.335811 0.971641
vt 0.315096 0.971689
vt 0.315133 0.979194
vt 0.341462 0.979165
vt 0.341501 0.971660
vt 0.309457 0.979227
vt 0.309416 0.971722
vt 0.349018 0.971712
vt 0.348954 0.979217
vt 0.301950 0.979272
vt 0.301913 0.971767
vt 0.354708 0.971770
vt 0.354621 0.979275
vt 0.296242 0.971793
vt 0.296266 0.979298
vt 0.362115 0.979374
vt 0.362222 0.971870
vt 0.288751 0.979316
vt 0.288748 0.971811
vt 0.367785 0.979463
vt 0.367906 0.971959
vt 0.283060 0.979310
vt 0.283084 0.971805
vt 0.370022 0.971996
vt 0.369890 0.979500
vt 0.275541 0.979273
vt 0.275595 0.971768
vt 0.374658 0.979588
vt 0.374795 0.972084
vt 0.269932 0.971715
vt 0.269846 0.979220
vt 0.376766 0.979629
vt 0.376908 0.972125
vt 0.262443 0.971613
vt 0.262327 0.979118
vt 0.380773 0.972198
vt 0.380630 0.979702
vt 0.256637 0.979018
vt 0.256778 0.971514
vt 0.249123 0.978862
vt 0.249286 0.971359
vt 0.243615 0.971227
vt 0.243439 0.978731
vt 0.241324 0.978678
vt 0.241509 0.971175
vt 0.236741 0.971054
vt 0.236552 0.978558
vt 0.234632 0.971000
vt 0.234440 0.978503
vt 0.230576 0.978403
vt 0.230768 0.970901
vt 0.178730 0.975529
vt 0.171784 0.975563
vt 0.171750 0.968617
vt 0.178695 0.968583
vt 0.182273 0.968566
vt 0.182308 0.975511
vt 0.168207 0.975581
vt 0.168173 0.968635
vt 0.178114 0.987769
vt 0.171173 0.988046
vt 0.170897 0.981106
vt 0.177837 0.980829
vt 0.181411 0.980686
vt 0.181689 0.987626
vt 0.167599 0.988188
vt 0.167322 0.981248
vt 0.152863 0.980893
vt 0.159806 0.981041
vt 0.159659 0.987984
vt 0.152715 0.987837
vt 0.149139 0.987761
vt 0.149286 0.980816
vt 0.163383 0.981115
vt 0.163236 0.988060
vt 0.180450 0.965287
vt 0.173506 0.965140
vt 0.173654 0.958196
vt 0.180597 0.958343
vt 0.184174 0.958419
vt 0.184027 0.965363
vt 0.169929 0.965064
vt 0.170077 0.958119
vt 0.547258 0.983378
vt 0.547214 0.988028
vt 0.541068 0.987971
vt 0.541112 0.983321
vt 0.547292 0.979470
vt 0.553435 0.979522
vt 0.553410 0.983429
vt 0.539382 0.983305
vt 0.539418 0.979397
vt 0.541146 0.979413
vt 0.541176 0.976246
vt 0.547322 0.976305
vt 0.565717 0.983485
vt 0.559560 0.983466
vt 0.559580 0.979559
vt 0.565721 0.979577
vt 0.559528 0.988117
vt 0.553382 0.988079
vt 0.553454 0.976356
vt 0.559600 0.976394
vt 0.571864 0.979576
vt 0.578005 0.979555
vt 0.578025 0.983463
vt 0.571869 0.983485
vt 0.571868 0.988135
vt 0.565722 0.988136
vt 0.565718 0.976412
vt 0.571866 0.976412
vt 0.584147 0.979514
vt 0.590289 0.979460
vt 0.590328 0.983367
vt 0.584176 0.983422
vt 0.584205 0.988073
vt 0.578059 0.988114
vt 0.577982 0.976390
vt 0.584128 0.976349
vt 0.596436 0.979397
vt 0.598165 0.979380
vt 0.598203 0.983287
vt 0.596475 0.983305
vt 0.596521 0.987955
vt 0.590375 0.988017
vt 0.590257 0.976294
vt 0.596404 0.976232
vt 0.583148 0.964685
vt 0.589300 0.964740
vt 0.589264 0.968648
vt 0.583121 0.968593
vt 0.570843 0.964627
vt 0.576998 0.964647
vt 0.576977 0.968554
vt 0.570838 0.968534
vt 0.577031 0.959996
vt 0.583177 0.960035
vt 0.583103 0.971758
vt 0.576957 0.971720
vt 0.589348 0.960090
vt 0.595494 0.960153
vt 0.595448 0.964804
vt 0.597176 0.964821
vt 0.597138 0.968728
vt 0.595408 0.968711
vt 0.595377 0.971877
vt 0.589231 0.971813
vt 0.564696 0.968534
vt 0.558555 0.968555
vt 0.558533 0.964648
vt 0.564691 0.964627
vt 0.564694 0.959975
vt 0.570840 0.959975
vt 0.570841 0.971699
vt 0.564695 0.971700
vt 0.546232 0.964742
vt 0.552383 0.964687
vt 0.552411 0.968596
vt 0.546269 0.968650
vt 0.552354 0.960037
vt 0.558501 0.959998
vt 0.558577 0.971721
vt 0.552431 0.971761
vt 0.540123 0.968715
vt 0.538394 0.968732
vt 0.538355 0.964824
vt 0.540084 0.964808
vt 0.540035 0.960158
vt 0.546182 0.960092
vt 0.546303 0.971815
vt 0.540156 0.971880
vt 0.346833 0.959179
vt 0.352520 0.959195
vt 0.352490 0.966700
vt 0.346822 0.966684
vt 0.359987 0.966741
vt 0.360033 0.959235
vt 0.339317 0.959179
vt 0.339328 0.966684
vt 0.365660 0.966781
vt 0.365716 0.959276
vt 0.333662 0.966701
vt 0.333628 0.959196
vt 0.367829 0.959294
vt 0.367767 0.966799
vt 0.326169 0.966746
vt 0.326113 0.959242
vt 0.372536 0.966842
vt 0.372602 0.959337
vt 0.320426 0.959293
vt 0.320500 0.966798
vt 0.374645 0.966861
vt 0.374714 0.959356
vt 0.312915 0.959376
vt 0.313001 0.966880
vt 0.378580 0.959392
vt 0.378509 0.966897
vt 0.307326 0.966950
vt 0.307235 0.959446
vt 0.299820 0.967044
vt 0.299732 0.959540
vt 0.294059 0.959605
vt 0.294136 0.967109
vt 0.286623 0.967181
vt 0.286563 0.959676
vt 0.280934 0.967220
vt 0.280896 0.959715
vt 0.273403 0.959741
vt 0.273417 0.967246
vt 0.267737 0.959742
vt 0.267726 0.967247
vt 0.260243 0.959719
vt 0.260208 0.967224
vt 0.254519 0.967187
vt 0.254575 0.959682
vt 0.247079 0.959615
vt 0.247006 0.967119
vt 0.241406 0.959553
vt 0.241323 0.967058
vt 0.239209 0.967032
vt 0.239298 0.959527
vt 0.234529 0.959467
vt 0.234435 0.966972
vt 0.232419 0.959440
vt 0.232323 0.966945
vt 0.228457 0.966895
vt 0.228554 0.959390
vt 0.196501 0.975552
vt 0.189562 0.975240
vt 0.189874 0.968301
vt 0.196814 0.968613
vt 0.200387 0.968774
vt 0.200074 0.975713
vt 0.185988 0.975078
vt 0.186301 0.968139
vt 0.191219 0.957221
vt 0.198166 0.957292
vt 0.198095 0.964237
vt 0.191149 0.964167
vt 0.187572 0.964130
vt 0.187643 0.957185
vt 0.201743 0.957328
vt 0.201673 0.964274
vt 0.191333 0.945523
vt 0.198279 0.945473
vt 0.198330 0.952419
vt 0.191384 0.952469
vt 0.187807 0.952495
vt 0.187755 0.945550
vt 0.201856 0.945446
vt 0.201907 0.952392
vt 0.196549 0.987446
vt 0.189607 0.987681
vt 0.189373 0.980739
vt 0.196314 0.980504
vt 0.199888 0.980382
vt 0.200124 0.987324
vt 0.186031 0.987801
vt 0.185797 0.980859
vt 0.658577 0.964274
vt 0.660305 0.964259
vt 0.660341 0.968166
vt 0.658611 0.968182
vt 0.658657 0.972832
vt 0.652511 0.972892
vt 0.652465 0.968242
vt 0.646289 0.964386
vt 0.652430 0.964334
vt 0.646314 0.968294
vt 0.652400 0.961168
vt 0.658546 0.961110
vt 0.646342 0.972944
vt 0.640195 0.972982
vt 0.640165 0.968330
vt 0.634009 0.968348
vt 0.634006 0.964441
vt 0.640144 0.964422
vt 0.640125 0.961257
vt 0.646271 0.961220
vt 0.634006 0.972998
vt 0.627860 0.972998
vt 0.627857 0.968347
vt 0.621701 0.968327
vt 0.621722 0.964419
vt 0.627862 0.964440
vt 0.627861 0.961274
vt 0.634007 0.961275
vt 0.621669 0.972978
vt 0.615523 0.972936
vt 0.615552 0.968286
vt 0.609436 0.964327
vt 0.615579 0.964379
vt 0.609401 0.968234
vt 0.615597 0.961214
vt 0.621744 0.961254
vt 0.609356 0.972885
vt 0.603209 0.972826
vt 0.603254 0.968176
vt 0.601526 0.968158
vt 0.601562 0.964251
vt 0.603291 0.964267
vt 0.603321 0.961103
vt 0.609467 0.961162
vt 0.603291 0.985426
vt 0.601562 0.985444
vt 0.601521 0.981537
vt 0.603250 0.981519
vt 0.603202 0.976869
vt 0.609348 0.976802
vt 0.609398 0.981452
vt 0.615551 0.981397
vt 0.615579 0.985305
vt 0.609436 0.985359
vt 0.609470 0.988525
vt 0.603324 0.988591
vt 0.615522 0.976747
vt 0.621668 0.976707
vt 0.621701 0.981358
vt 0.627864 0.985245
vt 0.621723 0.985265
vt 0.627860 0.981337
vt 0.621744 0.988430
vt 0.615597 0.988470
vt 0.627862 0.976687
vt 0.634008 0.976685
vt 0.634011 0.981337
vt 0.640147 0.985263
vt 0.634007 0.985244
vt 0.640168 0.981356
vt 0.634009 0.988410
vt 0.627863 0.988410
vt 0.640199 0.976706
vt 0.646345 0.976744
vt 0.646318 0.981395
vt 0.652470 0.981449
vt 0.652434 0.985356
vt 0.646291 0.985303
vt 0.646271 0.988468
vt 0.640125 0.988429
vt 0.652516 0.976797
vt 0.658664 0.976860
vt 0.658617 0.981510
vt 0.660345 0.981527
vt 0.660307 0.985435
vt 0.658579 0.985418
vt 0.658548 0.988584
vt 0.652402 0.988522
vt 0.259515 0.951482
vt 0.253845 0.951482
vt 0.253837 0.943978
vt 0.259523 0.943976
vt 0.246324 0.943995
vt 0.246347 0.951500
vt 0.267038 0.943993
vt 0.267012 0.951498
vt 0.240641 0.944017
vt 0.240672 0.951522
vt 0.272725 0.944020
vt 0.272681 0.951525
vt 0.238564 0.951534
vt 0.238526 0.944028
vt 0.280239 0.944073
vt 0.280178 0.951578
vt 0.233752 0.944055
vt 0.233794 0.951560
vt 0.285850 0.951630
vt 0.285923 0.944125
vt 0.231641 0.944067
vt 0.231683 0.951572
vt 0.293349 0.951711
vt 0.293432 0.944206
vt 0.227819 0.951595
vt 0.227776 0.944090
vt 0.299111 0.944274
vt 0.299027 0.951779
vt 0.306612 0.944358
vt 0.306535 0.951863
vt 0.312221 0.951918
vt 0.312283 0.944413
vt 0.319735 0.951972
vt 0.319777 0.944467
vt 0.325445 0.944491
vt 0.325425 0.951996
vt 0.332937 0.944499
vt 0.332941 0.952004
vt 0.338630 0.951992
vt 0.338604 0.944487
vt 0.346097 0.944449
vt 0.346145 0.951954
vt 0.351766 0.944404
vt 0.351832 0.951909
vt 0.359263 0.944328
vt 0.359344 0.951833
vt 0.365026 0.951766
vt 0.364936 0.944261
vt 0.367043 0.944234
vt 0.367139 0.951739
vt 0.371912 0.951675
vt 0.371812 0.944171
vt 0.374024 0.951646
vt 0.373922 0.944142
vt 0.377786 0.944088
vt 0.377889 0.951592
vt 0.217206 0.965394
vt 0.210262 0.965263
vt 0.210391 0.958318
vt 0.217336 0.958449
vt 0.220912 0.958516
vt 0.220782 0.965461
vt 0.206684 0.965196
vt 0.206815 0.958251
vt 0.215569 0.955061
vt 0.208625 0.954930
vt 0.208755 0.947986
vt 0.215700 0.948116
vt 0.219276 0.948183
vt 0.219146 0.955128
vt 0.205048 0.954863
vt 0.205179 0.947918
vt 0.190427 0.921363
vt 0.197372 0.921492
vt 0.197243 0.928436
vt 0.190298 0.928308
vt 0.186722 0.928242
vt 0.186851 0.921297
vt 0.200949 0.921559
vt 0.200818 0.928503
vt 0.198564 0.942081
vt 0.191618 0.941952
vt 0.191748 0.935006
vt 0.198692 0.935136
vt 0.202269 0.935203
vt 0.202139 0.942148
vt 0.188042 0.941886
vt 0.188172 0.934941
vt 0.708797 0.963573
vt 0.714939 0.963523
vt 0.714975 0.967431
vt 0.708823 0.967482
vt 0.708850 0.972132
vt 0.702704 0.972170
vt 0.702672 0.967520
vt 0.696513 0.963632
vt 0.702653 0.963612
vt 0.696517 0.967539
vt 0.702633 0.960447
vt 0.708779 0.960409
vt 0.721085 0.963463
vt 0.722815 0.963447
vt 0.722850 0.967354
vt 0.721122 0.967371
vt 0.721166 0.972021
vt 0.715020 0.972081
vt 0.714908 0.960358
vt 0.721055 0.960297
vt 0.696514 0.972189
vt 0.690368 0.972189
vt 0.690366 0.967539
vt 0.684209 0.967520
vt 0.684228 0.963612
vt 0.690370 0.963630
vt 0.690368 0.960465
vt 0.696515 0.960466
vt 0.684178 0.972170
vt 0.678032 0.972132
vt 0.678058 0.967481
vt 0.671942 0.963524
vt 0.678085 0.963573
vt 0.671908 0.967432
vt 0.678103 0.960408
vt 0.684249 0.960447
vt 0.671865 0.972082
vt 0.665719 0.972026
vt 0.665760 0.967376
vt 0.664032 0.967360
vt 0.664068 0.963452
vt 0.665796 0.963467
vt 0.665825 0.960302
vt 0.671971 0.960359
vt 0.671906 0.980649
vt 0.678058 0.980592
vt 0.678088 0.984499
vt 0.671946 0.984556
vt 0.665801 0.984622
vt 0.664073 0.984639
vt 0.664031 0.980732
vt 0.665759 0.980713
vt 0.665710 0.976063
vt 0.671856 0.975999
vt 0.671980 0.987721
vt 0.665834 0.987786
vt 0.678028 0.975940
vt 0.684174 0.975897
vt 0.684209 0.980547
vt 0.690371 0.984432
vt 0.684232 0.984456
vt 0.690367 0.980523
vt 0.684254 0.987621
vt 0.678108 0.987666
vt 0.690369 0.975873
vt 0.696515 0.975872
vt 0.696518 0.980523
vt 0.702676 0.980545
vt 0.702653 0.984452
vt 0.696514 0.984431
vt 0.696516 0.987597
vt 0.690370 0.987597
vt 0.702710 0.975895
vt 0.708856 0.975937
vt 0.708827 0.980587
vt 0.714977 0.980644
vt 0.714938 0.984551
vt 0.708797 0.984494
vt 0.708777 0.987660
vt 0.702631 0.987617
vt 0.715027 0.975994
vt 0.721173 0.976059
vt 0.721125 0.980709
vt 0.722853 0.980728
vt 0.722811 0.984636
vt 0.721083 0.984618
vt 0.721051 0.987783
vt 0.714904 0.987717
vt 0.267053 0.927868
vt 0.272742 0.927891
vt 0.272701 0.935396
vt 0.267033 0.935373
vt 0.280197 0.935446
vt 0.280255 0.927941
vt 0.259539 0.927857
vt 0.259538 0.935362
vt 0.285868 0.935497
vt 0.285940 0.927992
vt 0.253868 0.935369
vt 0.253851 0.927864
vt 0.293368 0.935576
vt 0.293449 0.928071
vt 0.246370 0.935395
vt 0.246339 0.927890
vt 0.299127 0.928137
vt 0.299044 0.935641
vt 0.240655 0.927920
vt 0.240697 0.935425
vt 0.306552 0.935724
vt 0.306629 0.928219
vt 0.238590 0.935440
vt 0.238540 0.927935
vt 0.312236 0.935781
vt 0.312301 0.928276
vt 0.233765 0.927969
vt 0.233821 0.935474
vt 0.319798 0.928336
vt 0.319748 0.935841
vt 0.231653 0.927986
vt 0.231712 0.935491
vt 0.325466 0.928367
vt 0.325437 0.935872
vt 0.227847 0.935522
vt 0.227788 0.928017
vt 0.332953 0.935891
vt 0.332959 0.928386
vt 0.338643 0.935886
vt 0.338626 0.928381
vt 0.346119 0.928351
vt 0.346159 0.935856
vt 0.351787 0.928313
vt 0.351847 0.935818
vt 0.359358 0.935749
vt 0.359284 0.928244
vt 0.365041 0.935686
vt 0.364956 0.928181
vt 0.367063 0.928156
vt 0.367154 0.935660
vt 0.371928 0.935599
vt 0.371832 0.928095
vt 0.374040 0.935571
vt 0.373941 0.928066
vt 0.377806 0.928014
vt 0.377906 0.935519
vt 0.433643 -0.001698
vt 0.432640 -0.004629
vt 0.098049 0.917941
# 4208 polygons
usemtl wire_177148027
s 2
g pagoda
f 1/2811/1 2/2804/2 3/2490/3 4/2803/4
s 8
f 5/2814/5 6/2477/6 7/2469/7 8/2821/8
s 16
f 9/2846/9 10/2463/2 11/2455/10 12/2853/11
s 32
f 13/2910/1 14/2500/4 15/2502/12 16/2917/13
s 64
f 17/2884/14 18/2494/15 19/2488/16 20/2887/17
s off
f 5/2885/5 21/2489/15 22/2495/2 23/2883/18
f 17/2915/14 24/2503/4 25/2501/6 26/2914/19
f 13/2851/1 27/2464/2 28/2472/15 29/2850/20
f 9/2819/9 30/2470/6 31/2478/4 32/2818/21
f 23/2883/18 22/2495/2 2/2879/2 1/2882/1
f 26/2914/19 25/2501/6 33/2913/6 34/2919/9
f 29/2850/20 28/2472/15 35/2849/15 36/2855/5
f 32/2818/21 31/2478/4 37/2817/4 38/2823/14
f 8/2821/8 7/2469/7 39/2461/7 40/2825/22
f 12/2853/11 11/2455/10 41/2447/10 42/2857/23
f 16/2917/13 15/2502/12 43/2497/12 44/2921/24
f 20/2887/17 19/2488/16 45/2481/16 46/2889/25
f 40/2825/22 39/2461/7 47/2453/7 48/2827/8
f 42/2857/23 41/2447/10 49/2439/10 50/2859/11
f 44/2921/24 43/2497/12 51/2492/12 52/2923/13
f 46/2889/25 45/2481/16 53/2475/16 54/2891/17
f 48/2827/8 47/2453/7 55/2445/26 56/2829/27
f 50/2859/11 49/2439/10 57/2432/28 58/2861/29
f 52/2923/13 51/2492/12 59/2486/30 60/2925/31
f 54/2891/17 53/2475/16 61/2467/32 62/2893/33
f 56/2829/27 55/2445/26 63/2437/34 64/2831/35
f 58/2861/29 57/2432/28 65/2425/36 66/2863/37
f 60/2925/31 59/2486/30 67/2479/38 68/2927/39
f 62/2893/33 61/2467/32 69/2459/40 70/2895/41
f 64/2831/35 63/2437/34 71/2430/42 72/2833/43
f 66/2863/37 65/2425/36 73/2417/44 74/2865/45
f 68/2927/39 67/2479/38 75/2473/46 76/2929/47
f 70/2895/41 69/2459/40 77/2451/48 78/2897/49
f 72/2833/43 71/2430/42 79/2423/50 80/2835/51
f 74/2865/45 73/2417/44 81/2410/52 82/2867/53
f 76/2929/47 75/2473/46 83/2465/54 84/2931/55
f 78/2897/49 77/2451/48 85/2443/56 86/2899/57
f 80/2835/51 79/2423/50 87/2415/58 88/2837/59
f 82/2867/53 81/2410/52 89/2403/60 90/2869/61
f 84/2931/55 83/2465/54 91/2457/62 92/2933/63
f 86/2899/57 85/2443/56 93/2435/64 94/2901/65
f 88/2837/59 87/2415/58 95/2408/66 96/2839/67
f 90/2869/61 89/2403/60 97/2395/68 98/2871/69
f 92/2933/63 91/2457/62 99/2449/70 100/2935/71
f 94/2901/65 93/2435/64 101/2428/72 102/2903/73
f 96/2839/67 95/2408/66 103/2401/74 104/2843/75
f 98/2871/69 97/2395/68 105/2389/76 106/2875/77
f 100/2935/71 99/2449/70 107/2441/78 108/2939/79
f 102/2903/73 101/2428/72 109/2421/80 110/2907/81
f 104/2843/75 103/2401/74 111/2842/82 112/2845/83
f 106/2875/77 105/2389/76 113/2874/84 114/2877/85
f 108/2939/79 107/2441/78 115/2938/86 116/2941/87
f 110/2907/81 109/2421/80 117/2906/88 118/2909/89
f 114/2800/85 119/2375/90 120/2383/91 121/2780/82
f 116/2797/87 122/2793/92 123/2377/93 124/2792/84
f 118/2799/89 125/2413/94 126/2420/95 127/2778/86
f 112/2768/83 128/2769/96 129/2400/97 130/2770/98
f 119/2375/90 131/2366/99 132/2374/100 120/2383/91
f 122/2793/92 133/2794/101 134/2368/102 123/2377/93
f 125/2413/94 135/2406/103 136/2412/104 126/2420/95
f 128/2769/96 137/2387/105 138/2393/106 129/2400/97
f 131/2366/99 139/2783/107 140/2779/108 132/2374/100
f 133/2794/101 141/2796/109 142/2791/110 134/2368/102
f 135/2406/103 143/2781/111 144/2784/112 136/2412/104
f 137/2387/105 145/2772/113 146/2773/114 138/2393/106
f 139/2747/107 147/2351/115 148/2359/116 140/2749/108
f 141/2742/109 149/2738/117 150/2352/118 142/2743/110
f 143/2759/111 151/2392/119 152/2398/120 144/2761/112
f 145/2753/113 153/2373/121 154/2381/122 146/2755/114
s 2
f 2/2804/2 155/2805/2 156/2491/3 3/2490/3
s 16
f 10/2463/2 27/2464/2 157/2456/10 11/2455/10
s 64
f 21/2489/15 5/2885/5 8/2886/8 158/2482/16
s off
f 21/2489/15 18/2494/15 159/2499/2 22/2495/2
f 10/2463/2 9/2846/9 32/2847/21 160/2471/15
f 22/2495/2 159/2499/2 155/2878/2 2/2879/2
f 160/2471/15 32/2847/21 38/2854/14 161/2848/15
f 11/2455/10 157/2456/10 162/2448/10 41/2447/10
f 158/2482/16 8/2886/8 40/2888/22 163/2476/16
f 41/2447/10 162/2448/10 164/2440/10 49/2439/10
f 163/2476/16 40/2888/22 48/2890/8 165/2468/16
f 49/2439/10 164/2440/10 166/2433/28 57/2432/28
f 165/2468/16 48/2890/8 56/2892/27 167/2460/32
f 57/2432/28 166/2433/28 168/2426/36 65/2425/36
f 167/2460/32 56/2892/27 64/2894/35 169/2452/40
f 65/2425/36 168/2426/36 170/2418/123 73/2417/44
f 169/2452/40 64/2894/35 72/2896/43 171/2444/124
f 73/2417/44 170/2418/123 172/2411/52 81/2410/52
f 171/2444/124 72/2896/43 80/2898/51 173/2436/56
f 81/2410/52 172/2411/52 174/2404/125 89/2403/60
f 173/2436/56 80/2898/51 88/2900/59 175/2429/126
f 89/2403/60 174/2404/125 176/2396/127 97/2395/68
f 175/2429/126 88/2900/59 96/2902/67 177/2422/128
f 97/2395/68 176/2396/127 178/2390/76 105/2389/76
f 177/2422/128 96/2902/67 104/2904/75 179/2414/80
f 105/2389/76 178/2390/76 124/2873/84 113/2874/84
f 179/2414/80 104/2904/75 112/2908/83 130/2905/98
f 180/2376/93 119/2375/90 114/2801/85 113/2788/84
f 129/2400/97 181/2407/97 117/2771/88 130/2770/98
f 182/2367/102 131/2366/99 119/2375/90 180/2376/93
f 138/2393/106 183/2399/106 181/2407/97 129/2400/97
f 184/2787/129 139/2783/107 131/2366/99 182/2367/102
f 146/2773/114 185/2777/130 183/2399/106 138/2393/106
f 147/2351/115 139/2747/107 184/2745/129 186/2350/131
f 187/2386/132 185/2757/130 146/2755/114 154/2381/122
s 2
f 3/2490/3 188/2484/3 37/2802/4 4/2803/4
s 8
f 6/2477/6 30/2470/6 189/2462/7 7/2469/7
s 32
f 24/2503/4 17/2915/14 20/2916/17 190/2498/12
s off
f 24/2503/4 14/2500/4 191/2496/6 25/2501/6
f 6/2477/6 5/2814/5 23/2815/18 192/2483/4
f 25/2501/6 191/2496/6 193/2912/6 33/2913/6
f 192/2483/4 23/2815/18 1/2822/1 4/2816/4
f 7/2469/7 189/2462/7 194/2454/7 39/2461/7
f 190/2498/12 20/2916/17 46/2920/25 195/2493/12
f 39/2461/7 194/2454/7 196/2446/7 47/2453/7
f 195/2493/12 46/2920/25 54/2922/17 197/2487/12
f 47/2453/7 196/2446/7 198/2438/26 55/2445/26
f 197/2487/12 54/2922/17 62/2924/33 199/2480/30
f 55/2445/26 198/2438/26 200/2431/34 63/2437/34
f 199/2480/30 62/2924/33 70/2926/41 201/2474/38
f 63/2437/34 200/2431/34 202/2424/133 71/2430/42
f 201/2474/38 70/2926/41 78/2928/49 203/2466/134
f 71/2430/42 202/2424/133 204/2416/50 79/2423/50
f 203/2466/134 78/2928/49 86/2930/57 205/2458/54
f 79/2423/50 204/2416/50 206/2409/58 87/2415/58
f 205/2458/54 86/2930/57 94/2932/65 207/2450/62
f 87/2415/58 206/2409/58 208/2402/66 95/2408/66
f 207/2450/62 94/2932/65 102/2934/73 209/2442/70
f 95/2408/66 208/2402/66 210/2394/74 103/2401/74
f 209/2442/70 102/2934/73 110/2936/81 211/2434/78
f 103/2401/74 210/2394/74 121/2841/82 111/2842/82
f 211/2434/78 110/2936/81 118/2940/89 127/2937/86
f 212/2388/91 128/2769/96 112/2775/83 111/2776/82
f 126/2420/95 213/2427/95 115/2782/86 127/2778/86
f 214/2382/100 137/2387/105 128/2769/96 212/2388/91
f 136/2412/104 215/2419/104 213/2427/95 126/2420/95
f 216/2774/135 145/2772/113 137/2387/105 214/2382/100
f 144/2784/112 217/2789/136 215/2419/104 136/2412/104
f 153/2373/121 145/2753/113 216/2751/135 218/2365/137
f 219/2405/138 217/2765/136 144/2761/112 152/2398/120
s 2
f 33/2806/6 193/2807/6 220/2485/3 156/2491/3
s 64
f 18/2494/15 21/2489/15 158/2482/16 19/2488/16
s off
f 27/2464/2 10/2463/2 160/2471/15 28/2472/15
f 28/2472/15 160/2471/15 161/2848/15 35/2849/15
f 19/2488/16 158/2482/16 163/2476/16 45/2481/16
f 45/2481/16 163/2476/16 165/2468/16 53/2475/16
f 53/2475/16 165/2468/16 167/2460/32 61/2467/32
f 61/2467/32 167/2460/32 169/2452/40 69/2459/40
f 69/2459/40 169/2452/40 171/2444/124 77/2451/48
f 77/2451/48 171/2444/124 173/2436/56 85/2443/56
f 85/2443/56 173/2436/56 175/2429/126 93/2435/64
f 93/2435/64 175/2429/126 177/2422/128 101/2428/72
f 101/2428/72 177/2422/128 179/2414/80 109/2421/80
f 109/2421/80 179/2414/80 130/2905/98 117/2906/88
f 123/2377/93 180/2376/93 113/2788/84 124/2792/84
f 134/2368/102 182/2367/102 180/2376/93 123/2377/93
f 142/2791/110 184/2787/129 182/2367/102 134/2368/102
f 186/2350/131 184/2745/129 142/2743/110 150/2352/118
s 2
f 155/2805/2 34/2812/9 33/2806/6 156/2491/3
s 16
f 27/2464/2 13/2851/1 16/2852/13 157/2456/10
s off
f 18/2494/15 17/2884/14 26/2880/19 159/2499/2
f 159/2499/2 26/2880/19 34/2881/9 155/2878/2
f 157/2456/10 16/2852/13 44/2856/24 162/2448/10
f 162/2448/10 44/2856/24 52/2858/13 164/2440/10
f 164/2440/10 52/2858/13 60/2860/31 166/2433/28
f 166/2433/28 60/2860/31 68/2862/39 168/2426/36
f 168/2426/36 68/2862/39 76/2864/47 170/2418/123
f 170/2418/123 76/2864/47 84/2866/55 172/2411/52
f 172/2411/52 84/2866/55 92/2868/63 174/2404/125
f 174/2404/125 92/2868/63 100/2870/71 176/2396/127
f 176/2396/127 100/2870/71 108/2872/79 178/2390/76
f 178/2390/76 108/2872/79 116/2876/87 124/2873/84
f 181/2407/97 125/2413/94 118/2798/89 117/2771/88
f 183/2399/106 135/2406/103 125/2413/94 181/2407/97
f 185/2777/130 143/2781/111 135/2406/103 183/2399/106
f 151/2392/119 143/2759/111 185/2757/130 187/2386/132
s 2
f 35/2808/15 161/2809/15 188/2484/3 220/2485/3
s 32
f 14/2500/4 24/2503/4 190/2498/12 15/2502/12
s off
f 30/2470/6 6/2477/6 192/2483/4 31/2478/4
f 31/2478/4 192/2483/4 4/2816/4 37/2817/4
f 15/2502/12 190/2498/12 195/2493/12 43/2497/12
f 43/2497/12 195/2493/12 197/2487/12 51/2492/12
f 51/2492/12 197/2487/12 199/2480/30 59/2486/30
f 59/2486/30 199/2480/30 201/2474/38 67/2479/38
f 67/2479/38 201/2474/38 203/2466/134 75/2473/46
f 75/2473/46 203/2466/134 205/2458/54 83/2465/54
f 83/2465/54 205/2458/54 207/2450/62 91/2457/62
f 91/2457/62 207/2450/62 209/2442/70 99/2449/70
f 99/2449/70 209/2442/70 211/2434/78 107/2441/78
f 107/2441/78 211/2434/78 127/2937/86 115/2938/86
f 120/2383/91 212/2388/91 111/2776/82 121/2780/82
f 132/2374/100 214/2382/100 212/2388/91 120/2383/91
f 140/2779/108 216/2774/135 214/2382/100 132/2374/100
f 218/2365/137 216/2751/135 140/2749/108 148/2359/116
s 2
f 188/2484/3 161/2809/15 38/2810/14 37/2802/4
s 8
f 30/2470/6 9/2819/9 12/2820/11 189/2462/7
s off
f 14/2500/4 13/2910/1 29/2911/20 191/2496/6
f 191/2496/6 29/2911/20 36/2918/5 193/2912/6
f 189/2462/7 12/2820/11 42/2824/23 194/2454/7
f 194/2454/7 42/2824/23 50/2826/11 196/2446/7
f 196/2446/7 50/2826/11 58/2828/29 198/2438/26
f 198/2438/26 58/2828/29 66/2830/37 200/2431/34
f 200/2431/34 66/2830/37 74/2832/45 202/2424/133
f 202/2424/133 74/2832/45 82/2834/53 204/2416/50
f 204/2416/50 82/2834/53 90/2836/61 206/2409/58
f 206/2409/58 90/2836/61 98/2838/69 208/2402/66
f 208/2402/66 98/2838/69 106/2840/77 210/2394/74
f 210/2394/74 106/2840/77 114/2844/85 121/2841/82
f 213/2427/95 122/2785/92 116/2786/87 115/2782/86
f 215/2419/104 133/2790/101 122/2785/92 213/2427/95
f 217/2789/136 141/2795/109 133/2790/101 215/2419/104
f 149/2764/117 141/2767/109 217/2765/136 219/2405/138
s 2
f 193/2807/6 36/2813/5 35/2808/15 220/2485/3
f 188/2484/3 3/2490/3 156/2491/3 220/2485/3
s off
f 147/2351/115 221/2342/139 222/2349/140 148/2359/116
f 149/2738/117 223/2739/141 224/2343/142 150/2352/118
f 151/2392/119 225/2385/143 226/2391/144 152/2398/120
f 153/2373/121 227/2364/145 228/2372/146 154/2381/122
f 186/2350/131 229/2341/147 221/2342/139 147/2351/115
f 154/2381/122 228/2372/146 230/2380/148 187/2386/132
f 218/2365/137 231/2358/149 227/2364/145 153/2373/121
f 152/2398/120 226/2391/144 232/2397/150 219/2405/138
f 150/2352/118 224/2343/142 229/2341/147 186/2350/131
f 187/2386/132 230/2380/148 225/2385/143 151/2392/119
f 148/2359/116 222/2349/140 231/2358/149 218/2365/137
f 219/2405/138 232/2397/150 223/2763/141 149/2764/117
f 221/2342/139 233/2746/151 234/2748/152 222/2349/140
f 223/2739/141 235/2740/153 236/2741/154 224/2343/142
f 225/2385/143 237/2758/155 238/2760/156 226/2391/144
f 227/2364/145 239/2752/157 240/2754/158 228/2372/146
f 229/2341/147 241/2744/159 233/2746/151 221/2342/139
f 228/2372/146 240/2754/158 242/2756/160 230/2380/148
f 231/2358/149 243/2750/161 239/2752/157 227/2364/145
f 226/2391/144 238/2760/156 244/2762/162 232/2397/150
f 224/2343/142 236/2741/154 241/2744/159 229/2341/147
f 230/2380/148 242/2756/160 237/2758/155 225/2385/143
f 222/2349/140 234/2748/152 243/2750/161 231/2358/149
f 232/2397/150 244/2762/162 235/2766/153 223/2763/141
f 233/2724/151 245/2328/163 246/2335/164 234/2722/152
f 235/2735/153 247/2731/165 248/2329/166 236/2732/154
f 237/2708/155 249/2371/167 250/2379/168 238/2707/156
f 239/2718/157 251/2348/169 252/2357/170 240/2716/158
f 241/2728/159 253/2327/171 245/2328/163 233/2724/151
f 240/2716/158 252/2357/170 254/2363/172 242/2713/160
f 243/2720/161 255/2340/173 251/2348/169 239/2718/157
f 238/2707/156 250/2379/168 256/2384/174 244/2706/162
f 236/2732/154 248/2329/166 253/2327/171 241/2728/159
f 242/2713/160 254/2363/172 249/2371/167 237/2708/155
f 234/2722/152 246/2335/164 255/2340/173 243/2720/161
f 244/2706/162 256/2384/174 247/2705/165 235/2712/153
f 245/2328/163 257/2319/175 258/2326/176 246/2335/164
f 247/2731/165 259/2726/177 260/2320/178 248/2329/166
f 249/2371/167 261/2362/179 262/2370/180 250/2379/168
f 251/2348/169 263/2339/181 264/2347/182 252/2357/170
f 253/2327/171 265/2318/183 257/2319/175 245/2328/163
f 252/2357/170 264/2347/182 266/2356/184 254/2363/172
f 255/2340/173 267/2334/185 263/2339/181 251/2348/169
f 250/2379/168 262/2370/180 268/2378/186 256/2384/174
f 248/2329/166 260/2320/178 265/2318/183 253/2327/171
f 254/2363/172 266/2356/184 261/2362/179 249/2371/167
f 246/2335/164 258/2326/176 267/2334/185 255/2340/173
f 256/2384/174 268/2378/186 259/2703/177 247/2705/165
f 257/2319/175 269/2310/187 270/2317/188 258/2326/176
f 259/2726/177 271/2727/189 272/2311/190 260/2320/178
f 261/2362/179 273/2355/191 274/2361/192 262/2370/180
f 263/2339/181 275/2333/193 276/2338/194 264/2347/182
f 265/2318/183 277/2309/195 269/2310/187 257/2319/175
f 264/2347/182 276/2338/194 278/2346/196 266/2356/184
f 267/2334/185 279/2325/197 275/2333/193 263/2339/181
f 262/2370/180 274/2361/192 280/2369/198 268/2378/186
f 260/2320/178 272/2311/190 277/2309/195 265/2318/183
f 266/2356/184 278/2346/196 273/2355/191 261/2362/179
f 258/2326/176 270/2317/188 279/2325/197 267/2334/185
f 268/2378/186 280/2369/198 271/2702/189 259/2703/177
f 269/2310/187 281/2301/199 282/2308/200 270/2317/188
f 271/2727/189 283/2730/201 284/2302/202 272/2311/190
f 273/2355/191 285/2345/203 286/2354/204 274/2361/192
f 275/2333/193 287/2324/205 288/2332/206 276/2338/194
f 277/2309/195 289/2300/207 281/2301/199 269/2310/187
f 276/2338/194 288/2332/206 290/2337/208 278/2346/196
f 279/2325/197 291/2316/209 287/2324/205 275/2333/193
f 274/2361/192 286/2354/204 292/2360/210 280/2369/198
f 272/2311/190 284/2302/202 289/2300/207 277/2309/195
f 278/2346/196 290/2337/208 285/2345/203 273/2355/191
f 270/2317/188 282/2308/200 291/2316/209 279/2325/197
f 280/2369/198 292/2360/210 283/2704/201 271/2702/189
f 281/2301/199 293/2292/211 294/2299/212 282/2308/200
f 283/2730/201 295/2734/213 296/2293/214 284/2302/202
f 285/2345/203 297/2336/215 298/2344/216 286/2354/204
f 287/2324/205 299/2315/217 300/2323/218 288/2332/206
f 289/2300/207 301/2291/219 293/2292/211 281/2301/199
f 288/2332/206 300/2323/218 302/2331/220 290/2337/208
f 291/2316/209 303/2307/221 299/2315/217 287/2324/205
f 286/2354/204 298/2344/216 304/2353/222 292/2360/210
f 284/2302/202 296/2293/214 301/2291/219 289/2300/207
f 290/2337/208 302/2331/220 297/2336/215 285/2345/203
f 282/2308/200 294/2299/212 303/2307/221 291/2316/209
f 292/2360/210 304/2353/222 295/2711/213 283/2704/201
f 293/2292/211 305/2729/223 306/2725/224 294/2299/212
f 295/2734/213 307/2737/225 308/2736/226 296/2293/214
f 297/2336/215 309/2714/227 310/2709/228 298/2344/216
f 299/2315/217 311/2721/229 312/2719/230 300/2323/218
f 301/2291/219 313/2733/231 305/2729/223 293/2292/211
f 300/2323/218 312/2719/230 314/2717/232 302/2331/220
f 303/2307/221 315/2723/233 311/2721/229 299/2315/217
f 298/2344/216 310/2709/228 316/2710/234 304/2353/222
f 296/2293/214 308/2736/226 313/2733/231 301/2291/219
f 302/2331/220 314/2717/232 309/2714/227 297/2336/215
f 294/2299/212 306/2725/224 315/2723/233 303/2307/221
f 304/2353/222 316/2710/234 307/2715/225 295/2711/213
f 305/2589/223 317/2588/235 318/2586/236 306/2587/224
f 307/2594/225 319/2595/237 320/2592/238 308/2593/226
f 309/2575/227 321/2574/239 322/2570/240 310/2573/228
f 311/2583/229 323/2582/241 324/2580/242 312/2581/230
f 313/2591/231 325/2590/243 317/2588/235 305/2589/223
f 312/2581/230 324/2580/242 326/2578/244 314/2579/232
f 315/2585/233 327/2584/245 323/2582/241 311/2583/229
f 310/2573/228 322/2570/240 328/2571/246 316/2572/234
f 308/2593/226 320/2592/238 325/2590/243 313/2591/231
f 314/2579/232 326/2578/244 321/2574/239 309/2575/227
f 306/2587/224 318/2586/236 327/2584/245 315/2585/233
f 316/2572/234 328/2571/246 319/2576/237 307/2577/225
f 317/2631/235 329/2268/247 330/2277/248 318/2627/236
f 319/2641/237 331/2637/249 332/2269/250 320/2639/238
f 321/2611/239 333/2314/251 334/2322/252 322/2609/240
f 323/2619/241 335/2290/253 336/2298/254 324/2617/242
f 325/2635/243 337/2267/255 329/2268/247 317/2631/235
f 324/2617/242 336/2298/254 338/2306/256 326/2615/244
f 327/2623/245 339/2284/257 335/2290/253 323/2619/241
f 322/2609/240 334/2322/252 340/2330/258 328/2608/246
f 320/2639/238 332/2269/250 337/2267/255 325/2635/243
f 326/2615/244 338/2306/256 333/2314/251 321/2611/239
f 318/2627/236 330/2277/248 339/2284/257 327/2623/245
f 328/2608/246 340/2330/258 331/2607/249 319/2613/237
f 329/2268/247 341/2257/259 342/2266/260 330/2277/248
f 331/2637/249 343/2633/261 344/2258/262 332/2269/250
f 333/2314/251 345/2305/263 346/2313/264 334/2322/252
f 335/2290/253 347/2283/265 348/2289/266 336/2298/254
f 337/2267/255 349/2256/267 341/2257/259 329/2268/247
f 336/2298/254 348/2289/266 350/2297/268 338/2306/256
f 339/2284/257 351/2276/269 347/2283/265 335/2290/253
f 334/2322/252 346/2313/264 352/2321/270 340/2330/258
f 332/2269/250 344/2258/262 349/2256/267 337/2267/255
f 338/2306/256 350/2297/268 345/2305/263 333/2314/251
f 330/2277/248 342/2266/260 351/2276/269 339/2284/257
f 340/2330/258 352/2321/270 343/2603/261 331/2607/249
f 341/2257/259 353/2246/271 354/2255/272 342/2266/260
f 343/2633/261 355/2629/273 356/2247/274 344/2258/262
f 345/2305/263 357/2296/275 358/2304/276 346/2313/264
f 347/2283/265 359/2275/277 360/2282/278 348/2289/266
f 349/2256/267 361/2245/279 353/2246/271 341/2257/259
f 348/2289/266 360/2282/278 362/2288/280 350/2297/268
f 351/2276/269 363/2265/281 359/2275/277 347/2283/265
f 346/2313/264 358/2304/276 364/2312/282 352/2321/270
f 344/2258/262 356/2247/274 361/2245/279 349/2256/267
f 350/2297/268 362/2288/280 357/2296/275 345/2305/263
f 342/2266/260 354/2255/272 363/2265/281 351/2276/269
f 352/2321/270 364/2312/282 355/2601/273 343/2603/261
f 353/2246/271 365/2235/283 366/2244/284 354/2255/272
f 355/2629/273 367/2625/285 368/2236/286 356/2247/274
f 357/2296/275 369/2287/287 370/2295/288 358/2304/276
f 359/2275/277 371/2264/289 372/2274/290 360/2282/278
f 361/2245/279 373/2234/291 365/2235/283 353/2246/271
f 360/2282/278 372/2274/290 374/2281/292 362/2288/280
f 363/2265/281 375/2254/293 371/2264/289 359/2275/277
f 358/2304/276 370/2295/288 376/2303/294 364/2312/282
f 356/2247/274 368/2236/286 373/2234/291 361/2245/279
f 362/2288/280 374/2281/292 369/2287/287 357/2296/275
f 354/2255/272 366/2244/284 375/2254/293 363/2265/281
f 364/2312/282 376/2303/294 367/2599/285 355/2601/273
f 365/2235/283 377/2223/295 378/2233/296 366/2244/284
f 367/2625/285 379/2620/297 380/2224/298 368/2236/286
f 369/2287/287 381/2280/299 382/2286/300 370/2295/288
f 371/2264/289 383/2253/301 384/2263/302 372/2274/290
f 373/2234/291 385/2222/303 377/2223/295 365/2235/283
f 372/2274/290 384/2263/302 386/2273/304 374/2281/292
f 375/2254/293 387/2243/305 383/2253/301 371/2264/289
f 370/2295/288 382/2286/300 388/2294/306 376/2303/294
f 368/2236/286 380/2224/298 385/2222/303 373/2234/291
f 374/2281/292 386/2273/304 381/2280/299 369/2287/287
f 366/2244/284 378/2233/296 387/2243/305 375/2254/293
f 376/2303/294 388/2294/306 379/2597/297 367/2599/285
f 377/2223/295 389/2210/307 390/2221/308 378/2233/296
f 379/2620/297 391/2621/309 392/2211/310 380/2224/298
f 381/2280/299 393/2272/311 394/2279/312 382/2286/300
f 383/2253/301 395/2242/313 396/2252/314 384/2263/302
f 385/2222/303 397/2209/315 389/2210/307 377/2223/295
f 384/2263/302 396/2252/314 398/2262/316 386/2273/304
f 387/2243/305 399/2232/317 395/2242/313 383/2253/301
f 382/2286/300 394/2279/312 400/2285/318 388/2294/306
f 380/2224/298 392/2211/310 397/2209/315 385/2222/303
f 386/2273/304 398/2262/316 393/2272/311 381/2280/299
f 378/2233/296 390/2221/308 399/2232/317 387/2243/305
f 388/2294/306 400/2285/318 391/2596/309 379/2597/297
f 389/2210/307 401/2198/319 402/2208/320 390/2221/308
f 391/2621/309 403/2624/321 404/2199/322 392/2211/310
f 393/2272/311 405/2261/323 406/2271/324 394/2279/312
f 395/2242/313 407/2231/325 408/2241/326 396/2252/314
f 397/2209/315 409/2197/327 401/2198/319 389/2210/307
f 396/2252/314 408/2241/326 410/2251/328 398/2262/316
f 399/2232/317 411/2220/329 407/2231/325 395/2242/313
f 394/2279/312 406/2271/324 412/2278/330 400/2285/318
f 392/2211/310 404/2199/322 409/2197/327 397/2209/315
f 398/2262/316 410/2251/328 405/2261/323 393/2272/311
f 390/2221/308 402/2208/320 411/2220/329 399/2232/317
f 400/2285/318 412/2278/330 403/2598/321 391/2596/309
f 401/2198/319 413/2185/331 414/2196/332 402/2208/320
f 403/2624/321 415/2628/333 416/2186/334 404/2199/322
f 405/2261/323 417/2250/335 418/2260/336 406/2271/324
f 407/2231/325 419/2219/337 420/2230/338 408/2241/326
f 409/2197/327 421/2184/339 413/2185/331 401/2198/319
f 408/2241/326 420/2230/338 422/2240/340 410/2251/328
f 411/2220/329 423/2207/341 419/2219/337 407/2231/325
f 406/2271/324 418/2260/336 424/2270/342 412/2278/330
f 404/2199/322 416/2186/334 421/2184/339 409/2197/327
f 410/2251/328 422/2240/340 417/2250/335 405/2261/323
f 402/2208/320 414/2196/332 423/2207/341 411/2220/329
f 412/2278/330 424/2270/342 415/2600/333 403/2598/321
f 413/2185/331 425/2173/343 426/2183/344 414/2196/332
f 415/2628/333 427/2632/345 428/2174/346 416/2186/334
f 417/2250/335 429/2239/347 430/2249/348 418/2260/336
f 419/2219/337 431/2206/349 432/2218/350 420/2230/338
f 421/2184/339 433/2172/351 425/2173/343 413/2185/331
f 420/2230/338 432/2218/350 434/2229/352 422/2240/340
f 423/2207/341 435/2195/353 431/2206/349 419/2219/337
f 418/2260/336 430/2249/348 436/2259/354 424/2270/342
f 416/2186/334 428/2174/346 433/2172/351 421/2184/339
f 422/2240/340 434/2229/352 429/2239/347 417/2250/335
f 414/2196/332 426/2183/344 435/2195/353 423/2207/341
f 424/2270/342 436/2259/354 427/2602/345 415/2600/333
f 425/2173/343 437/2162/355 438/2171/356 426/2183/344
f 427/2632/345 439/2636/357 440/2163/358 428/2174/346
f 429/2239/347 441/2228/359 442/2238/360 430/2249/348
f 431/2206/349 443/2194/361 444/2205/362 432/2218/350
f 433/2172/351 445/2161/363 437/2162/355 425/2173/343
f 432/2218/350 444/2205/362 446/2217/364 434/2229/352
f 435/2195/353 447/2182/365 443/2194/361 431/2206/349
f 430/2249/348 442/2238/360 448/2248/366 436/2259/354
f 428/2174/346 440/2163/358 445/2161/363 433/2172/351
f 434/2229/352 446/2217/364 441/2228/359 429/2239/347
f 426/2183/344 438/2171/356 447/2182/365 435/2195/353
f 436/2259/354 448/2248/366 439/2606/357 427/2602/345
f 437/2162/355 449/2630/367 450/2626/368 438/2171/356
f 439/2636/357 451/2640/369 452/2638/370 440/2163/358
f 441/2228/359 453/2610/371 454/2604/372 442/2238/360
f 443/2194/361 455/2618/373 456/2616/374 444/2205/362
f 445/2161/363 457/2634/375 449/2630/367 437/2162/355
f 444/2205/362 456/2616/374 458/2614/376 446/2217/364
f 447/2182/365 459/2622/377 455/2618/373 443/2194/361
f 442/2238/360 454/2604/372 460/2605/378 448/2248/366
f 440/2163/358 452/2638/370 457/2634/375 445/2161/363
f 446/2217/364 458/2614/376 453/2610/371 441/2228/359
f 438/2171/356 450/2626/368 459/2622/377 447/2182/365
f 448/2248/366 460/2605/378 451/2612/369 439/2606/357
f 449/2663/367 461/2142/379 462/2152/380 450/2661/368
f 451/2671/369 463/2666/381 464/2144/382 452/2669/370
f 453/2651/371 465/2204/383 466/2216/384 454/2649/372
f 455/2657/373 467/2170/385 468/2181/386 456/2655/374
f 457/2665/375 469/2141/387 461/2142/379 449/2663/367
f 456/2655/374 468/2181/386 470/2193/388 458/2653/376
f 459/2659/377 471/2160/389 467/2170/385 455/2657/373
f 454/2649/372 466/2216/384 472/2227/390 460/2647/378
f 452/2669/370 464/2144/382 469/2141/387 457/2665/375
f 458/2653/376 470/2193/388 465/2204/383 453/2651/371
f 450/2661/368 462/2152/380 471/2160/389 459/2659/377
f 460/2647/378 472/2227/390 463/2643/381 451/2646/369
f 461/2142/379 473/2132/391 474/2140/392 462/2152/380
f 463/2666/381 475/2667/393 476/2134/394 464/2144/382
f 465/2204/383 477/2192/395 478/2203/396 466/2216/384
f 467/2170/385 479/2159/397 480/2169/398 468/2181/386
f 469/2141/387 481/2131/399 473/2132/391 461/2142/379
f 468/2181/386 480/2169/398 482/2180/400 470/2193/388
f 471/2160/389 483/2151/401 479/2159/397 467/2170/385
f 466/2216/384 478/2203/396 484/2215/402 472/2227/390
f 464/2144/382 476/2134/394 481/2131/399 469/2141/387
f 470/2193/388 482/2180/400 477/2192/395 465/2204/383
f 462/2152/380 474/2140/392 483/2151/401 471/2160/389
f 472/2227/390 484/2215/402 475/2642/393 463/2643/381
f 473/2132/391 485/2662/403 486/2660/404 474/2140/392
f 475/2667/393 487/2670/405 488/2668/406 476/2134/394
f 477/2192/395 489/2650/407 490/2648/408 478/2203/396
f 479/2159/397 491/2656/409 492/2654/410 480/2169/398
f 481/2131/399 493/2664/411 485/2662/403 473/2132/391
f 480/2169/398 492/2654/410 494/2652/412 482/2180/400
f 483/2151/401 495/2658/413 491/2656/409 479/2159/397
f 478/2203/396 490/2648/408 496/2644/414 484/2215/402
f 476/2134/394 488/2668/406 493/2664/411 481/2131/399
f 482/2180/400 494/2652/412 489/2650/407 477/2192/395
f 474/2140/392 486/2660/404 495/2658/413 483/2151/401
f 484/2215/402 496/2644/414 487/2645/405 475/2642/393
f 485/2693/403 497/2122/415 498/2126/416 486/2691/404
f 487/2701/405 499/2696/417 500/2123/418 488/2699/406
f 489/2681/407 501/2168/419 502/2179/420 490/2679/408
f 491/2687/409 503/2139/421 504/2150/422 492/2685/410
f 493/2695/411 505/2119/423 497/2122/415 485/2693/403
f 492/2685/410 504/2150/422 506/2158/424 494/2683/412
f 495/2689/413 507/2130/425 503/2139/421 491/2687/409
f 490/2679/408 502/2179/420 508/2191/426 496/2677/414
f 488/2699/406 500/2123/418 505/2119/423 493/2695/411
f 494/2683/412 506/2158/424 501/2168/419 489/2681/407
f 486/2691/404 498/2126/416 507/2130/425 495/2689/413
f 496/2677/414 508/2191/426 499/2673/417 487/2676/405
f 497/2122/415 509/2121/427 510/2125/428 498/2126/416
f 499/2696/417 511/2697/429 512/2124/430 500/2123/418
f 501/2168/419 513/2167/431 514/2178/432 502/2179/420
f 503/2139/421 515/2138/433 516/2149/434 504/2150/422
f 505/2119/423 517/2120/435 509/2121/427 497/2122/415
f 504/2150/422 516/2149/434 518/2157/436 506/2158/424
f 507/2130/425 519/2129/437 515/2138/433 503/2139/421
f 502/2179/420 514/2178/432 520/2190/438 508/2191/426
f 500/2123/418 512/2124/430 517/2120/435 505/2119/423
f 506/2158/424 518/2157/436 513/2167/431 501/2168/419
f 498/2126/416 510/2125/428 519/2129/437 507/2130/425
f 508/2191/426 520/2190/438 511/2672/429 499/2673/417
f 509/2121/427 521/2692/439 522/2690/440 510/2125/428
f 511/2697/429 523/2700/441 524/2698/442 512/2124/430
f 513/2167/431 525/2680/443 526/2678/444 514/2178/432
f 515/2138/433 527/2686/445 528/2684/446 516/2149/434
f 517/2120/435 529/2694/447 521/2692/439 509/2121/427
f 516/2149/434 528/2684/446 530/2682/448 518/2157/436
f 519/2129/437 531/2688/449 527/2686/445 515/2138/433
f 514/2178/432 526/2678/444 532/2674/450 520/2190/438
f 512/2124/430 524/2698/442 529/2694/447 517/2120/435
f 518/2157/436 530/2682/448 525/2680/443 513/2167/431
f 510/2125/428 522/2690/440 531/2688/449 519/2129/437
f 520/2190/438 532/2674/450 523/2675/441 511/2672/429
f 521/2558/439 533/2128/451 534/2137/452 522/2556/440
f 523/2567/441 535/2562/453 536/2133/454 524/2564/442
f 525/2542/443 537/2189/455 538/2202/456 526/2541/444
f 527/2552/445 539/2156/457 540/2166/458 528/2550/446
f 529/2560/447 541/2127/459 533/2128/451 521/2558/439
f 528/2550/446 540/2166/458 542/2177/460 530/2547/448
f 531/2554/449 543/2148/461 539/2156/457 527/2552/445
f 526/2541/444 538/2202/456 544/2214/462 532/2540/450
f 524/2564/442 536/2133/454 541/2127/459 529/2560/447
f 530/2547/448 542/2177/460 537/2189/455 525/2542/443
f 522/2556/440 534/2137/452 543/2148/461 531/2554/449
f 532/2540/450 544/2214/462 535/2539/453 523/2546/441
f 533/2128/451 545/2136/463 546/2147/464 534/2137/452
f 535/2562/453 547/2563/465 548/2143/466 536/2133/454
f 537/2189/455 549/2201/467 550/2213/468 538/2202/456
f 539/2156/457 551/2165/469 552/2176/470 540/2166/458
f 541/2127/459 553/2135/471 545/2136/463 533/2128/451
f 540/2166/458 552/2176/470 554/2188/472 542/2177/460
f 543/2148/461 555/2155/473 551/2165/469 539/2156/457
f 538/2202/456 550/2213/468 556/2226/474 544/2214/462
f 536/2133/454 548/2143/466 553/2135/471 541/2127/459
f 542/2177/460 554/2188/472 549/2201/467 537/2189/455
f 534/2137/452 546/2147/464 555/2155/473 543/2148/461
f 544/2214/462 556/2226/474 547/2538/465 535/2539/453
f 545/2136/463 557/2146/475 558/2154/476 546/2147/464
f 547/2563/465 559/2566/477 560/2153/478 548/2143/466
f 549/2201/467 561/2212/479 562/2225/480 550/2213/468
f 551/2165/469 563/2175/481 564/2187/482 552/2176/470
f 553/2135/471 565/2145/483 557/2146/475 545/2136/463
f 552/2176/470 564/2187/482 566/2200/484 554/2188/472
f 555/2155/473 567/2164/485 563/2175/481 551/2165/469
f 550/2213/468 562/2225/480 568/2237/486 556/2226/474
f 548/2143/466 560/2153/478 565/2145/483 553/2135/471
f 554/2188/472 566/2200/484 561/2212/479 549/2201/467
f 546/2147/464 558/2154/476 567/2164/485 555/2155/473
f 556/2226/474 568/2237/486 559/2545/477 547/2538/465
f 557/2146/475 569/2561/487 570/2559/488 558/2154/476
f 559/2566/477 571/2569/489 572/2568/490 560/2153/478
f 561/2212/479 573/2548/491 574/2543/492 562/2225/480
f 563/2175/481 575/2555/493 576/2553/494 564/2187/482
f 565/2145/483 577/2565/495 569/2561/487 557/2146/475
f 564/2187/482 576/2553/494 578/2551/496 566/2200/484
f 567/2164/485 579/2557/497 575/2555/493 563/2175/481
f 562/2225/480 574/2543/492 580/2544/498 568/2237/486
f 560/2153/478 572/2568/490 577/2565/495 565/2145/483
f 566/2200/484 578/2551/496 573/2548/491 561/2212/479
f 558/2154/476 570/2559/488 579/2557/497 567/2164/485
f 568/2237/486 580/2544/498 571/2549/489 559/2545/477
f 569/2524/487 581/2104/499 582/2100/500 570/2522/488
f 571/2533/489 583/2528/501 584/2112/502 572/2530/490
f 573/2511/491 585/2079/503 586/2075/504 574/2509/492
f 575/2518/493 587/2092/505 588/2088/506 576/2516/494
f 577/2526/495 589/2108/507 581/2104/499 569/2524/487
f 576/2516/494 588/2088/506 590/2083/508 578/2514/496
f 579/2520/497 591/2096/509 587/2092/505 575/2518/493
f 574/2509/492 586/2075/504 592/2078/510 580/2508/498
f 572/2530/490 584/2112/502 589/2108/507 577/2526/495
f 578/2514/496 590/2083/508 585/2079/503 573/2511/491
f 570/2522/488 582/2100/500 591/2096/509 579/2520/497
f 580/2508/498 592/2078/510 583/2505/501 571/2507/489
f 581/2104/499 593/2105/187 594/2101/188 582/2100/500
f 583/2528/501 595/2529/189 596/2113/190 584/2112/502
f 585/2079/503 597/2080/191 598/2076/192 586/2075/504
f 587/2092/505 599/2093/193 600/2089/194 588/2088/506
f 589/2108/507 601/2109/195 593/2105/187 581/2104/499
f 588/2088/506 600/2089/194 602/2084/196 590/2083/508
f 591/2096/509 603/2097/197 599/2093/193 587/2092/505
f 586/2075/504 598/2076/192 604/2077/198 592/2078/510
f 584/2112/502 596/2113/190 601/2109/195 589/2108/507
f 590/2083/508 602/2084/196 597/2080/191 585/2079/503
f 582/2100/500 594/2101/188 603/2097/197 591/2096/509
f 592/2078/510 604/2077/198 595/2504/189 583/2505/501
f 593/2105/187 605/2110/199 606/2106/200 594/2101/188
f 595/2529/189 607/2532/201 608/2116/202 596/2113/190
f 597/2080/191 609/2085/203 610/2081/204 598/2076/192
f 599/2093/193 611/2098/205 612/2094/206 600/2089/194
f 601/2109/195 613/2114/207 605/2110/199 593/2105/187
f 600/2089/194 612/2094/206 614/2090/208 602/2084/196
f 603/2097/197 615/2102/209 611/2098/205 599/2093/193
f 598/2076/192 610/2081/204 616/2082/210 604/2077/198
f 596/2113/190 608/2116/202 613/2114/207 601/2109/195
f 602/2084/196 614/2090/208 609/2085/203 597/2080/191
f 594/2101/188 606/2106/200 615/2102/209 603/2097/197
f 604/2077/198 616/2082/210 607/2506/201 595/2504/189
f 605/2110/199 617/2115/211 618/2111/212 606/2106/200
f 607/2532/201 619/2535/213 620/2118/214 608/2116/202
f 609/2085/203 621/2091/215 622/2086/216 610/2081/204
f 611/2098/205 623/2103/217 624/2099/218 612/2094/206
f 613/2114/207 625/2117/219 617/2115/211 605/2110/199
f 612/2094/206 624/2099/218 626/2095/220 614/2090/208
f 615/2102/209 627/2107/221 623/2103/217 611/2098/205
f 610/2081/204 622/2086/216 628/2087/222 616/2082/210
f 608/2116/202 620/2118/214 625/2117/219 613/2114/207
f 614/2090/208 626/2095/220 621/2091/215 609/2085/203
f 606/2106/200 618/2111/212 627/2107/221 615/2102/209
f 616/2082/210 628/2087/222 619/2510/213 607/2506/201
f 617/2115/211 629/2531/223 630/2527/224 618/2111/212
f 619/2535/213 631/2537/225 632/2536/226 620/2118/214
f 621/2091/215 633/2517/227 634/2515/228 622/2086/216
f 623/2103/217 635/2523/511 636/2521/230 624/2099/218
f 625/2117/219 637/2534/231 629/2531/223 617/2115/211
f 624/2099/218 636/2521/230 638/2519/232 626/2095/220
f 627/2107/221 639/2525/233 635/2523/511 623/2103/217
f 622/2086/216 634/2515/228 640/2512/234 628/2087/222
f 620/2118/214 632/2536/226 637/2534/231 625/2117/219
f 626/2095/220 638/2519/232 633/2517/227 621/2091/215
f 618/2111/212 630/2527/224 639/2525/233 627/2107/221
f 628/2087/222 640/2512/234 631/2513/225 619/2510/213
f 629/2068/223 641/2067/235 642/2065/236 630/2066/224
f 631/2073/225 643/2074/237 644/2071/238 632/2072/226
f 633/2054/227 645/2053/239 646/2049/512 634/2052/228
f 635/2062/511 647/2061/513 648/2059/242 636/2060/230
f 637/2070/231 649/2069/243 641/2067/235 629/2068/223
f 636/2060/230 648/2059/242 650/2057/244 638/2058/232
f 639/2064/233 651/2063/245 647/2061/513 635/2062/511
f 634/2052/228 646/2049/512 652/2050/246 640/2051/234
f 632/2072/226 644/2071/238 649/2069/243 637/2070/231
f 638/2058/232 650/2057/244 645/2053/239 633/2054/227
f 630/2066/224 642/2065/236 651/2063/245 639/2064/233
f 640/2051/234 652/2050/246 643/2055/237 631/2056/225
f 641/2029/235 653/1201/247 654/1193/248 642/2025/236
f 643/2040/237 655/2036/249 656/1210/250 644/2037/238
f 645/2011/239 657/1198/251 658/1199/252 646/2010/512
f 647/2018/513 659/1187/253 660/1188/254 648/2016/242
f 649/2033/243 661/1200/514 653/1201/247 641/2029/235
f 648/2016/242 660/1188/254 662/1192/256 650/2014/244
f 651/2022/245 663/1189/257 659/1187/253 647/2018/513
f 646/2010/512 658/1199/252 664/1209/258 652/2009/246
f 644/2037/238 656/1210/250 661/1200/514 649/2033/243
f 650/2014/244 662/1192/256 657/1198/251 645/2011/239
f 642/2025/236 654/1193/248 663/1189/257 651/2022/245
f 652/2009/246 664/1209/258 655/2008/249 643/2013/237
f 653/1201/247 665/1212/259 666/1202/260 654/1193/248
f 655/2036/249 667/2032/261 668/1221/262 656/1210/250
f 657/1198/251 669/1207/263 670/1208/264 658/1199/252
f 659/1187/253 671/1190/265 672/1191/266 660/1188/254
f 661/1200/514 673/1211/267 665/1212/259 653/1201/247
f 660/1188/254 672/1191/266 674/1197/268 662/1192/256
f 663/1189/257 675/1194/269 671/1190/265 659/1187/253
f 658/1199/252 670/1208/264 676/1220/270 664/1209/258
f 656/1210/250 668/1221/262 673/1211/267 661/1200/514
f 662/1192/256 674/1197/268 669/1207/263 657/1198/251
f 654/1193/248 666/1202/260 675/1194/269 663/1189/257
f 664/1209/258 676/1220/270 667/2006/261 655/2008/249
f 665/1212/259 677/1223/271 678/1213/272 666/1202/260
f 667/2032/261 679/2027/273 680/1232/274 668/1221/262
f 669/1207/263 681/1218/515 682/1219/276 670/1208/264
f 671/1190/265 683/1195/277 684/1196/278 672/1191/266
f 673/1211/267 685/1222/279 677/1223/271 665/1212/259
f 672/1191/266 684/1196/278 686/1206/280 674/1197/268
f 675/1194/269 687/1203/281 683/1195/277 671/1190/265
f 670/1208/264 682/1219/276 688/1231/282 676/1220/270
f 668/1221/262 680/1232/274 685/1222/279 673/1211/267
f 674/1197/268 686/1206/280 681/1218/515 669/1207/263
f 666/1202/260 678/1213/272 687/1203/281 675/1194/269
f 676/1220/270 688/1231/282 679/2004/273 667/2006/261
f 677/1223/271 689/1234/283 690/1224/284 678/1213/272
f 679/2027/273 691/2028/285 692/1243/286 680/1232/274
f 681/1218/515 693/1229/516 694/1230/288 682/1219/276
f 683/1195/277 695/1204/289 696/1205/290 684/1196/278
f 685/1222/279 697/1233/291 689/1234/283 677/1223/271
f 684/1196/278 696/1205/290 698/1217/292 686/1206/280
f 687/1203/281 699/1214/293 695/1204/289 683/1195/277
f 682/1219/276 694/1230/288 700/1242/294 688/1231/282
f 680/1232/274 692/1243/286 697/1233/291 685/1222/279
f 686/1206/280 698/1217/292 693/1229/516 681/1218/515
f 678/1213/272 690/1224/284 699/1214/293 687/1203/281
f 688/1231/282 700/1242/294 691/2003/285 679/2004/273
f 689/1234/283 701/1245/295 702/1235/296 690/1224/284
f 691/2028/285 703/2031/517 704/1254/298 692/1243/286
f 693/1229/516 705/1240/299 706/1241/300 694/1230/288
f 695/1204/289 707/1215/301 708/1216/302 696/1205/290
f 697/1233/291 709/1244/303 701/1245/295 689/1234/283
f 696/1205/290 708/1216/302 710/1228/304 698/1217/292
f 699/1214/293 711/1225/305 707/1215/301 695/1204/289
f 694/1230/288 706/1241/300 712/1253/306 700/1242/294
f 692/1243/286 704/1254/298 709/1244/303 697/1233/291
f 698/1217/292 710/1228/304 705/1240/299 693/1229/516
f 690/1224/284 702/1235/296 711/1225/305 699/1214/293
f 700/1242/294 712/1253/306 703/2005/517 691/2003/285
f 701/1245/295 713/1256/307 714/1246/308 702/1235/296
f 703/2031/517 715/2035/309 716/1265/310 704/1254/298
f 705/1240/299 717/1251/311 718/1252/518 706/1241/300
f 707/1215/301 719/1226/313 720/1227/314 708/1216/302
f 709/1244/303 721/1255/315 713/1256/307 701/1245/295
f 708/1216/302 720/1227/314 722/1239/316 710/1228/304
f 711/1225/305 723/1236/317 719/1226/313 707/1215/301
f 706/1241/300 718/1252/518 724/1264/318 712/1253/306
f 704/1254/298 716/1265/310 721/1255/315 709/1244/303
f 710/1228/304 722/1239/316 717/1251/311 705/1240/299
f 702/1235/296 714/1246/308 723/1236/317 711/1225/305
f 712/1253/306 724/1264/318 715/2007/309 703/2005/517
f 713/1256/307 725/1267/319 726/1257/320 714/1246/308
f 715/2035/309 727/2039/321 728/1276/322 716/1265/310
f 717/1251/311 729/1262/323 730/1263/324 718/1252/518
f 719/1226/313 731/1237/325 732/1238/326 720/1227/314
f 721/1255/315 733/1266/327 725/1267/319 713/1256/307
f 720/1227/314 732/1238/326 734/1250/328 722/1239/316
f 723/1236/317 735/1247/329 731/1237/325 719/1226/313
f 718/1252/518 730/1263/324 736/1275/330 724/1264/318
f 716/1265/310 728/1276/322 733/1266/327 721/1255/315
f 722/1239/316 734/1250/328 729/1262/323 717/1251/311
f 714/1246/308 726/1257/320 735/1247/329 723/1236/317
f 724/1264/318 736/1275/330 727/2012/321 715/2007/309
f 725/1267/319 737/1278/331 738/1268/332 726/1257/320
f 727/2039/321 739/2042/333 740/1285/519 728/1276/322
f 729/1262/323 741/1273/335 742/1274/336 730/1263/324
f 731/1237/325 743/1248/337 744/1249/338 732/1238/326
f 733/1266/327 745/1277/339 737/1278/331 725/1267/319
f 732/1238/326 744/1249/338 746/1261/340 734/1250/328
f 735/1247/329 747/1258/341 743/1248/337 731/1237/325
f 730/1263/324 742/1274/336 748/1284/342 736/1275/330
f 728/1276/322 740/1285/519 745/1277/339 733/1266/327
f 734/1250/328 746/1261/340 741/1273/335 729/1262/323
f 726/1257/320 738/1268/332 747/1258/341 735/1247/329
f 736/1275/330 748/1284/342 739/2015/333 727/2012/321
f 737/1278/331 749/1287/343 750/1279/344 738/1268/332
f 739/2042/333 751/2044/345 752/1294/346 740/1285/519
f 741/1273/335 753/1282/347 754/1283/348 742/1274/336
f 743/1248/337 755/1259/349 756/1260/350 744/1249/338
f 745/1277/339 757/1286/351 749/1287/343 737/1278/331
f 744/1249/338 756/1260/350 758/1272/352 746/1261/340
f 747/1258/341 759/1269/353 755/1259/349 743/1248/337
f 742/1274/336 754/1283/348 760/1293/354 748/1284/342
f 740/1285/519 752/1294/346 757/1286/351 745/1277/339
f 746/1261/340 758/1272/352 753/1282/347 741/1273/335
f 738/1268/332 750/1279/344 759/1269/353 747/1258/341
f 748/1284/342 760/1293/354 751/2017/345 739/2015/333
f 749/1287/343 761/1296/355 762/1288/356 750/1279/344
f 751/2044/345 763/2046/357 764/1302/358 752/1294/346
f 753/1282/347 765/1291/520 766/1292/360 754/1283/348
f 755/1259/349 767/1270/361 768/1271/362 756/1260/350
f 757/1286/351 769/1295/363 761/1296/355 749/1287/343
f 756/1260/350 768/1271/362 770/1281/364 758/1272/352
f 759/1269/353 771/1280/365 767/1270/361 755/1259/349
f 754/1283/348 766/1292/360 772/1301/366 760/1293/354
f 752/1294/346 764/1302/358 769/1295/363 757/1286/351
f 758/1272/352 770/1281/364 765/1291/520 753/1282/347
f 750/1279/344 762/1288/356 771/1280/365 759/1269/353
f 760/1293/354 772/1301/366 763/2021/357 751/2017/345
f 761/1296/355 773/2043/367 774/2041/368 762/1288/356
f 763/2046/357 775/2048/369 776/2047/370 764/1302/358
f 765/1291/520 777/2023/371 778/2019/372 766/1292/360
f 767/1270/361 779/2034/373 780/2030/374 768/1271/362
f 769/1295/363 781/2045/375 773/2043/367 761/1296/355
f 768/1271/362 780/2030/374 782/2026/376 770/1281/364
f 771/1280/365 783/2038/377 779/2034/373 767/1270/361
f 766/1292/360 778/2019/372 784/2020/378 772/1301/366
f 764/1302/358 776/2047/370 781/2045/375 769/1295/363
f 770/1281/364 782/2026/376 777/2023/371 765/1291/520
f 762/1288/356 774/2041/368 783/2038/377 771/1280/365
f 772/1301/366 784/2020/378 775/2024/369 763/2021/357
f 773/1991/367 785/1309/379 786/1303/380 774/1989/368
f 775/1997/369 787/1998/381 788/1316/382 776/1995/370
f 777/1978/371 789/1306/383 790/1307/384 778/1976/372
f 779/1985/373 791/1289/385 792/1290/386 780/1983/374
f 781/1993/375 793/1308/387 785/1309/379 773/1991/367
f 780/1983/374 792/1290/386 794/1300/388 782/1981/376
f 783/1987/377 795/1297/389 791/1289/385 779/1985/373
f 778/1976/372 790/1307/384 796/1315/390 784/1975/378
f 776/1995/370 788/1316/382 793/1308/387 781/1993/375
f 782/1981/376 794/1300/388 789/1306/383 777/1978/371
f 774/1989/368 786/1303/380 795/1297/389 783/1987/377
f 784/1975/378 796/1315/390 787/1973/381 775/1974/369
f 785/1309/379 797/1318/391 798/1310/392 786/1303/380
f 787/1998/381 799/2000/393 800/1324/521 788/1316/382
f 789/1306/383 801/1313/395 802/1314/396 790/1307/384
f 791/1289/385 803/1298/397 804/1299/398 792/1290/386
f 793/1308/387 805/1317/399 797/1318/391 785/1309/379
f 792/1290/386 804/1299/398 806/1305/400 794/1300/388
f 795/1297/389 807/1304/401 803/1298/397 791/1289/385
f 790/1307/384 802/1314/396 808/1323/402 796/1315/390
f 788/1316/382 800/1324/521 805/1317/399 793/1308/387
f 794/1300/388 806/1305/400 801/1313/395 789/1306/383
f 786/1303/380 798/1310/392 807/1304/401 795/1297/389
f 796/1315/390 808/1323/402 799/1977/393 787/1973/381
f 797/1318/391 809/1996/403 810/1994/404 798/1310/392
f 799/2000/393 811/2002/405 812/2001/406 800/1324/521
f 801/1313/395 813/1984/407 814/1982/408 802/1314/396
f 803/1298/397 815/1990/409 816/1988/410 804/1299/398
f 805/1317/399 817/1999/411 809/1996/403 797/1318/391
f 804/1299/398 816/1988/410 818/1986/412 806/1305/400
f 807/1304/401 819/1992/413 815/1990/409 803/1298/397
f 802/1314/396 814/1982/408 820/1979/414 808/1323/402
f 800/1324/521 812/2001/406 817/1999/411 805/1317/399
f 806/1305/400 818/1986/412 813/1984/407 801/1313/395
f 798/1310/392 810/1994/404 819/1992/413 807/1304/401
f 808/1323/402 820/1979/414 811/1980/405 799/1977/393
f 809/1936/403 821/1331/415 822/1325/416 810/1934/404
f 811/1942/405 823/1940/417 824/1338/418 812/1941/406
f 813/1924/407 825/1328/419 826/1329/420 814/1922/408
f 815/1930/409 827/1311/421 828/1312/422 816/1928/410
f 817/1939/411 829/1330/423 821/1331/415 809/1936/403
f 816/1928/410 828/1312/422 830/1322/424 818/1926/412
f 819/1932/413 831/1319/425 827/1311/421 815/1930/409
f 814/1922/408 826/1329/420 832/1337/426 820/1920/414
f 812/1941/406 824/1338/418 829/1330/423 817/1939/411
f 818/1926/412 830/1322/424 825/1328/419 813/1924/407
f 810/1934/404 822/1325/416 831/1319/425 819/1932/413
f 820/1920/414 832/1337/426 823/1917/417 811/1919/405
f 821/1331/415 833/1340/522 834/1332/523 822/1325/416
f 823/1940/417 835/1937/524 836/1346/525 824/1338/418
f 825/1328/419 837/1335/526 838/1336/527 826/1329/420
f 827/1311/421 839/1320/528 840/1321/529 828/1312/422
f 829/1330/423 841/1339/530 833/1340/522 821/1331/415
f 828/1312/422 840/1321/529 842/1327/531 830/1322/424
f 831/1319/425 843/1326/532 839/1320/528 827/1311/421
f 826/1329/420 838/1336/527 844/1345/533 832/1337/426
f 824/1338/418 836/1346/525 841/1339/530 829/1330/423
f 830/1322/424 842/1327/531 837/1335/526 825/1328/419
f 822/1325/416 834/1332/523 843/1326/532 831/1319/425
f 832/1337/426 844/1345/533 835/1915/524 823/1917/417
f 833/1340/522 845/1931/534 846/1929/535 834/1332/523
f 835/1937/524 847/1938/536 848/1935/537 836/1346/525
f 837/1335/526 849/1918/538 850/1916/539 838/1336/527
f 839/1320/528 851/1925/540 852/1923/541 840/1321/529
f 841/1339/530 853/1933/542 845/1931/534 833/1340/522
f 840/1321/529 852/1923/541 854/1921/543 842/1327/531
f 843/1326/532 855/1927/544 851/1925/540 839/1320/528
f 838/1336/527 850/1916/539 856/1913/545 844/1345/533
f 836/1346/525 848/1935/537 853/1933/542 841/1339/530
f 842/1327/531 854/1921/543 849/1918/538 837/1335/526
f 834/1332/523 846/1929/535 855/1927/544 843/1326/532
f 844/1345/533 856/1913/545 847/1914/536 835/1915/524
f 845/1964/534 857/1353/546 858/1347/547 846/1962/535
f 847/1972/536 859/1967/548 860/1360/549 848/1970/537
f 849/1952/538 861/1350/550 862/1351/551 850/1950/539
f 851/1958/540 863/1333/552 864/1334/553 852/1956/541
f 853/1966/542 865/1352/554 857/1353/546 845/1964/534
f 852/1956/541 864/1334/553 866/1344/555 854/1954/543
f 855/1960/544 867/1341/556 863/1333/552 851/1958/540
f 850/1950/539 862/1351/551 868/1359/557 856/1948/545
f 848/1970/537 860/1360/549 865/1352/554 853/1966/542
f 854/1954/543 866/1344/555 861/1350/550 849/1952/538
f 846/1962/535 858/1347/547 867/1341/556 855/1960/544
f 856/1948/545 868/1359/557 859/1944/548 847/1947/536
f 857/1353/546 869/1362/463 870/1354/464 858/1347/547
f 859/1967/548 871/1968/465 872/1368/466 860/1360/549
f 861/1350/550 873/1357/467 874/1358/468 862/1351/551
f 863/1333/552 875/1342/469 876/1343/470 864/1334/553
f 865/1352/554 877/1361/471 869/1362/463 857/1353/546
f 864/1334/553 876/1343/470 878/1349/472 866/1344/555
f 867/1341/556 879/1348/473 875/1342/469 863/1333/552
f 862/1351/551 874/1358/468 880/1367/474 868/1359/557
f 860/1360/549 872/1368/466 877/1361/471 865/1352/554
f 866/1344/555 878/1349/472 873/1357/467 861/1350/550
f 858/1347/547 870/1354/464 879/1348/473 867/1341/556
f 868/1359/557 880/1367/474 871/1943/465 859/1944/548
f 869/1362/463 881/1963/558 882/1961/559 870/1354/464
f 871/1968/465 883/1971/560 884/1969/561 872/1368/466
f 873/1357/467 885/1951/562 886/1949/563 874/1358/468
f 875/1342/469 887/1957/564 888/1955/565 876/1343/470
f 877/1361/471 889/1965/566 881/1963/558 869/1362/463
f 876/1343/470 888/1955/565 890/1953/567 878/1349/472
f 879/1348/473 891/1959/568 887/1957/564 875/1342/469
f 874/1358/468 886/1949/563 892/1945/569 880/1367/474
f 872/1368/466 884/1969/561 889/1965/566 877/1361/471
f 878/1349/472 890/1953/567 885/1951/562 873/1357/467
f 870/1354/464 882/1961/559 891/1959/568 879/1348/473
f 880/1367/474 892/1945/569 883/1946/560 871/1943/465
f 881/1899/558 893/1377/570 894/1369/571 882/1897/559
f 883/1910/560 895/1906/572 896/1386/573 884/1907/561
f 885/1883/562 897/1374/574 898/1375/575 886/1882/563
f 887/1893/564 899/1355/576 900/1356/577 888/1891/565
f 889/1903/566 901/1376/578 893/1377/570 881/1899/558
f 888/1891/565 900/1356/577 902/1366/579 890/1888/567
f 891/1895/568 903/1363/580 899/1355/576 887/1893/564
f 886/1882/563 898/1375/575 904/1385/581 892/1881/569
f 884/1907/561 896/1386/573 901/1376/578 889/1903/566
f 890/1888/567 902/1366/579 897/1374/574 885/1883/562
f 882/1897/559 894/1369/571 903/1363/580 891/1895/568
f 892/1881/569 904/1385/581 895/1880/572 883/1887/560
f 893/1377/570 905/1388/499 906/1378/500 894/1369/571
f 895/1906/572 907/1901/501 908/1397/502 896/1386/573
f 897/1374/574 909/1383/503 910/1384/504 898/1375/575
f 899/1355/576 911/1364/505 912/1365/506 900/1356/577
f 901/1376/578 913/1387/507 905/1388/499 893/1377/570
f 900/1356/577 912/1365/506 914/1373/508 902/1366/579
f 903/1363/580 915/1370/509 911/1364/505 899/1355/576
f 898/1375/575 910/1384/504 916/1396/510 904/1385/581
f 896/1386/573 908/1397/502 913/1387/507 901/1376/578
f 902/1366/579 914/1373/508 909/1383/503 897/1374/574
f 894/1369/571 906/1378/500 915/1370/509 903/1363/580
f 904/1385/581 916/1396/510 907/1878/501 895/1880/572
f 905/1388/499 917/1399/187 918/1389/188 906/1378/500
f 907/1901/501 919/1902/189 920/1406/190 908/1397/502
f 909/1383/503 921/1394/191 922/1395/192 910/1384/504
f 911/1364/505 923/1371/193 924/1372/194 912/1365/506
f 913/1387/507 925/1398/195 917/1399/187 905/1388/499
f 912/1365/506 924/1372/194 926/1382/196 914/1373/508
f 915/1370/509 927/1379/197 923/1371/193 911/1364/505
f 910/1384/504 922/1395/192 928/1405/198 916/1396/510
f 908/1397/502 920/1406/190 925/1398/195 913/1387/507
f 914/1373/508 926/1382/196 921/1394/191 909/1383/503
f 906/1378/500 918/1389/188 927/1379/197 915/1370/509
f 916/1396/510 928/1405/198 919/1877/189 907/1878/501
f 917/1399/187 929/1408/199 930/1400/200 918/1389/188
f 919/1902/189 931/1905/201 932/1413/202 920/1406/190
f 921/1394/191 933/1403/203 934/1404/204 922/1395/192
f 923/1371/193 935/1380/205 936/1381/206 924/1372/194
f 925/1398/195 937/1407/207 929/1408/199 917/1399/187
f 924/1372/194 936/1381/206 938/1393/208 926/1382/196
f 927/1379/197 939/1390/209 935/1380/205 923/1371/193
f 922/1395/192 934/1404/204 940/1412/210 928/1405/198
f 920/1406/190 932/1413/202 937/1407/207 925/1398/195
f 926/1382/196 938/1393/208 933/1403/203 921/1394/191
f 918/1389/188 930/1400/200 939/1390/209 927/1379/197
f 928/1405/198 940/1412/210 931/1879/201 919/1877/189
f 929/1408/199 941/1415/211 942/1409/212 930/1400/200
f 931/1905/201 943/1909/213 944/1419/214 932/1413/202
f 933/1403/203 945/1410/215 946/1411/216 934/1404/204
f 935/1380/205 947/1391/217 948/1392/218 936/1381/206
f 937/1407/207 949/1414/219 941/1415/211 929/1408/199
f 936/1381/206 948/1392/218 950/1402/220 938/1393/208
f 939/1390/209 951/1401/221 947/1391/217 935/1380/205
f 934/1404/204 946/1411/216 952/1418/222 940/1412/210
f 932/1413/202 944/1419/214 949/1414/219 937/1407/207
f 938/1393/208 950/1402/220 945/1410/215 933/1403/203
f 930/1400/200 942/1409/212 951/1401/221 939/1390/209
f 940/1412/210 952/1418/222 943/1886/213 931/1879/201
f 941/1415/211 953/1904/223 954/1900/224 942/1409/212
f 943/1909/213 955/1912/225 956/1911/226 944/1419/214
f 945/1410/215 957/1889/227 958/1884/228 946/1411/216
f 947/1391/217 959/1896/229 960/1894/230 948/1392/218
f 949/1414/219 961/1908/231 953/1904/223 941/1415/211
f 948/1392/218 960/1894/230 962/1892/232 950/1402/220
f 951/1401/221 963/1898/233 959/1896/229 947/1391/217
f 946/1411/216 958/1884/228 964/1885/234 952/1418/222
f 944/1419/214 956/1911/226 961/1908/231 949/1414/219
f 950/1402/220 962/1892/232 957/1889/227 945/1410/215
f 942/1409/212 954/1900/224 963/1898/233 951/1401/221
f 952/1418/222 964/1885/234 955/1890/225 943/1886/213
f 953/1858/223 965/1857/235 966/1859/236 954/1860/224
f 955/1855/225 967/1856/237 968/1851/238 956/1854/226
f 957/1870/227 969/1869/582 970/1871/583 958/1872/228
f 959/1864/229 971/1863/513 972/1865/242 960/1866/230
f 961/1853/231 973/1852/243 965/1857/235 953/1858/223
f 960/1866/230 972/1865/242 974/1867/244 962/1868/232
f 963/1862/233 975/1861/245 971/1863/513 959/1864/229
f 958/1872/228 970/1871/583 976/1873/246 964/1874/234
f 956/1854/226 968/1851/238 973/1852/243 961/1853/231
f 962/1868/232 974/1867/244 969/1869/582 957/1870/227
f 954/1860/224 966/1859/236 975/1861/245 963/1862/233
f 964/1874/234 976/1873/246 967/1875/237 955/1876/225
f 965/1831/235 977/1432/247 978/1424/248 966/1827/236
f 967/1842/237 979/1838/249 980/1441/250 968/1839/238
f 969/1813/582 981/1429/251 982/1430/252 970/1812/583
f 971/1820/513 983/1416/253 984/1417/254 972/1818/242
f 973/1835/243 985/1431/514 977/1432/247 965/1831/235
f 972/1818/242 984/1417/254 986/1423/256 974/1816/244
f 975/1824/245 987/1420/257 983/1416/253 971/1820/513
f 970/1812/583 982/1430/252 988/1440/258 976/1811/246
f 968/1839/238 980/1441/250 985/1431/514 973/1835/243
f 974/1816/244 986/1423/256 981/1429/251 969/1813/582
f 966/1827/236 978/1424/248 987/1420/257 975/1824/245
f 976/1811/246 988/1440/258 979/1810/249 967/1815/237
f 977/1432/247 989/1443/584 990/1433/260 978/1424/248
f 979/1838/249 991/1834/261 992/1452/262 980/1441/250
f 981/1429/251 993/1438/263 994/1439/264 982/1430/252
f 983/1416/253 995/1421/265 996/1422/266 984/1417/254
f 985/1431/514 997/1442/267 989/1443/584 977/1432/247
f 984/1417/254 996/1422/266 998/1428/268 986/1423/256
f 987/1420/257 999/1425/269 995/1421/265 983/1416/253
f 982/1430/252 994/1439/264 1000/1451/270 988/1440/258
f 980/1441/250 992/1452/262 997/1442/267 985/1431/514
f 986/1423/256 998/1428/268 993/1438/263 981/1429/251
f 978/1424/248 990/1433/260 999/1425/269 987/1420/257
f 988/1440/258 1000/1451/270 991/1808/261 979/1810/249
f 989/1443/584 1001/1454/271 1002/1444/272 990/1433/260
f 991/1834/261 1003/1829/273 1004/1463/274 992/1452/262
f 993/1438/263 1005/1449/515 1006/1450/276 994/1439/264
f 995/1421/265 1007/1426/277 1008/1427/278 996/1422/266
f 997/1442/267 1009/1453/279 1001/1454/271 989/1443/584
f 996/1422/266 1008/1427/278 1010/1437/280 998/1428/268
f 999/1425/269 1011/1434/281 1007/1426/277 995/1421/265
f 994/1439/264 1006/1450/276 1012/1462/282 1000/1451/270
f 992/1452/262 1004/1463/274 1009/1453/279 997/1442/267
f 998/1428/268 1010/1437/280 1005/1449/515 993/1438/263
f 990/1433/260 1002/1444/272 1011/1434/281 999/1425/269
f 1000/1451/270 1012/1462/282 1003/1806/273 991/1808/261
f 1001/1454/271 1013/1465/585 1014/1455/284 1002/1444/272
f 1003/1829/273 1015/1830/285 1016/1474/286 1004/1463/274
f 1005/1449/515 1017/1460/516 1018/1461/586 1006/1450/276
f 1007/1426/277 1019/1435/289 1020/1436/587 1008/1427/278
f 1009/1453/279 1021/1464/291 1013/1465/585 1001/1454/271
f 1008/1427/278 1020/1436/587 1022/1448/292 1010/1437/280
f 1011/1434/281 1023/1445/293 1019/1435/289 1007/1426/277
f 1006/1450/276 1018/1461/586 1024/1473/294 1012/1462/282
f 1004/1463/274 1016/1474/286 1021/1464/291 1009/1453/279
f 1010/1437/280 1022/1448/292 1017/1460/516 1005/1449/515
f 1002/1444/272 1014/1455/284 1023/1445/293 1011/1434/281
f 1012/1462/282 1024/1473/294 1015/1805/285 1003/1806/273
f 1013/1465/585 1025/1476/295 1026/1466/296 1014/1455/284
f 1015/1830/285 1027/1833/517 1028/1485/298 1016/1474/286
f 1017/1460/516 1029/1471/299 1030/1472/300 1018/1461/586
f 1019/1435/289 1031/1446/301 1032/1447/302 1020/1436/587
f 1021/1464/291 1033/1475/588 1025/1476/295 1013/1465/585
f 1020/1436/587 1032/1447/302 1034/1459/304 1022/1448/292
f 1023/1445/293 1035/1456/305 1031/1446/301 1019/1435/289
f 1018/1461/586 1030/1472/300 1036/1484/306 1024/1473/294
f 1016/1474/286 1028/1485/298 1033/1475/588 1021/1464/291
f 1022/1448/292 1034/1459/304 1029/1471/299 1017/1460/516
f 1014/1455/284 1026/1466/296 1035/1456/305 1023/1445/293
f 1024/1473/294 1036/1484/306 1027/1807/517 1015/1805/285
f 1025/1476/295 1037/1487/307 1038/1477/308 1026/1466/296
f 1027/1833/517 1039/1837/309 1040/1496/310 1028/1485/298
f 1029/1471/299 1041/1482/311 1042/1483/518 1030/1472/300
f 1031/1446/301 1043/1457/313 1044/1458/314 1032/1447/302
f 1033/1475/588 1045/1486/315 1037/1487/307 1025/1476/295
f 1032/1447/302 1044/1458/314 1046/1470/316 1034/1459/304
f 1035/1456/305 1047/1467/317 1043/1457/313 1031/1446/301
f 1030/1472/300 1042/1483/518 1048/1495/318 1036/1484/306
f 1028/1485/298 1040/1496/310 1045/1486/315 1033/1475/588
f 1034/1459/304 1046/1470/316 1041/1482/311 1029/1471/299
f 1026/1466/296 1038/1477/308 1047/1467/317 1035/1456/305
f 1036/1484/306 1048/1495/318 1039/1809/309 1027/1807/517
f 1037/1487/307 1049/1498/319 1050/1488/320 1038/1477/308
f 1039/1837/309 1051/1841/321 1052/1507/322 1040/1496/310
f 1041/1482/311 1053/1493/323 1054/1494/324 1042/1483/518
f 1043/1457/313 1055/1468/325 1056/1469/326 1044/1458/314
f 1045/1486/315 1057/1497/327 1049/1498/319 1037/1487/307
f 1044/1458/314 1056/1469/326 1058/1481/328 1046/1470/316
f 1047/1467/317 1059/1478/329 1055/1468/325 1043/1457/313
f 1042/1483/518 1054/1494/324 1060/1506/330 1048/1495/318
f 1040/1496/310 1052/1507/322 1057/1497/327 1045/1486/315
f 1046/1470/316 1058/1481/328 1053/1493/323 1041/1482/311
f 1038/1477/308 1050/1488/320 1059/1478/329 1047/1467/317
f 1048/1495/318 1060/1506/330 1051/1814/321 1039/1809/309
f 1049/1498/319 1061/1509/331 1062/1499/332 1050/1488/320
f 1051/1841/321 1063/1844/333 1064/1516/334 1052/1507/322
f 1053/1493/323 1065/1504/335 1066/1505/336 1054/1494/324
f 1055/1468/325 1067/1479/337 1068/1480/338 1056/1469/326
f 1057/1497/327 1069/1508/589 1061/1509/331 1049/1498/319
f 1056/1469/326 1068/1480/338 1070/1492/340 1058/1481/328
f 1059/1478/329 1071/1489/341 1067/1479/337 1055/1468/325
f 1054/1494/324 1066/1505/336 1072/1515/342 1060/1506/330
f 1052/1507/322 1064/1516/334 1069/1508/589 1057/1497/327
f 1058/1481/328 1070/1492/340 1065/1504/335 1053/1493/323
f 1050/1488/320 1062/1499/332 1071/1489/341 1059/1478/329
f 1060/1506/330 1072/1515/342 1063/1817/333 1051/1814/321
f 1061/1509/331 1073/1518/343 1074/1510/344 1062/1499/332
f 1063/1844/333 1075/1846/345 1076/1525/346 1064/1516/334
f 1065/1504/335 1077/1513/347 1078/1514/348 1066/1505/336
f 1067/1479/337 1079/1490/349 1080/1491/350 1068/1480/338
f 1069/1508/589 1081/1517/351 1073/1518/343 1061/1509/331
f 1068/1480/338 1080/1491/350 1082/1503/352 1070/1492/340
f 1071/1489/341 1083/1500/353 1079/1490/349 1067/1479/337
f 1066/1505/336 1078/1514/348 1084/1524/354 1072/1515/342
f 1064/1516/334 1076/1525/346 1081/1517/351 1069/1508/589
f 1070/1492/340 1082/1503/352 1077/1513/347 1065/1504/335
f 1062/1499/332 1074/1510/344 1083/1500/353 1071/1489/341
f 1072/1515/342 1084/1524/354 1075/1819/345 1063/1817/333
f 1073/1518/343 1085/1527/355 1086/1519/356 1074/1510/344
f 1075/1846/345 1087/1848/357 1088/1533/358 1076/1525/346
f 1077/1513/347 1089/1522/359 1090/1523/360 1078/1514/348
f 1079/1490/349 1091/1501/361 1092/1502/590 1080/1491/350
f 1081/1517/351 1093/1526/363 1085/1527/355 1073/1518/343
f 1080/1491/350 1092/1502/590 1094/1512/364 1082/1503/352
f 1083/1500/353 1095/1511/365 1091/1501/361 1079/1490/349
f 1078/1514/348 1090/1523/360 1096/1532/366 1084/1524/354
f 1076/1525/346 1088/1533/358 1093/1526/363 1081/1517/351
f 1082/1503/352 1094/1512/364 1089/1522/359 1077/1513/347
f 1074/1510/344 1086/1519/356 1095/1511/365 1083/1500/353
f 1084/1524/354 1096/1532/366 1087/1823/357 1075/1819/345
f 1085/1527/355 1097/1845/367 1098/1843/368 1086/1519/356
f 1087/1848/357 1099/1850/369 1100/1849/370 1088/1533/358
f 1089/1522/359 1101/1825/371 1102/1821/372 1090/1523/360
f 1091/1501/361 1103/1836/373 1104/1832/374 1092/1502/590
f 1093/1526/363 1105/1847/375 1097/1845/367 1085/1527/355
f 1092/1502/590 1104/1832/374 1106/1828/376 1094/1512/364
f 1095/1511/365 1107/1840/377 1103/1836/373 1091/1501/361
f 1090/1523/360 1102/1821/372 1108/1822/378 1096/1532/366
f 1088/1533/358 1100/1849/370 1105/1847/375 1093/1526/363
f 1094/1512/364 1106/1828/376 1101/1825/371 1089/1522/359
f 1086/1519/356 1098/1843/368 1107/1840/377 1095/1511/365
f 1096/1532/366 1108/1822/378 1099/1826/369 1087/1823/357
f 1097/1782/367 1109/1540/379 1110/1534/380 1098/1784/368
f 1099/1775/369 1111/1776/381 1112/1547/382 1100/1777/370
f 1101/1794/371 1113/1537/383 1114/1538/384 1102/1796/372
f 1103/1788/373 1115/1520/385 1116/1521/386 1104/1790/374
f 1105/1779/375 1117/1539/387 1109/1540/379 1097/1782/367
f 1104/1790/374 1116/1521/386 1118/1531/388 1106/1792/376
f 1107/1786/377 1119/1528/389 1115/1520/385 1103/1788/373
f 1102/1796/372 1114/1538/384 1120/1546/390 1108/1798/378
f 1100/1777/370 1112/1547/382 1117/1539/387 1105/1779/375
f 1106/1792/376 1118/1531/388 1113/1537/383 1101/1794/371
f 1098/1784/368 1110/1534/380 1119/1528/389 1107/1786/377
f 1108/1798/378 1120/1546/390 1111/1800/381 1099/1801/369
f 1109/1540/379 1121/1549/391 1122/1541/392 1110/1534/380
f 1111/1776/381 1123/1778/393 1124/1555/521 1112/1547/382
f 1113/1537/383 1125/1544/395 1126/1545/396 1114/1538/384
f 1115/1520/385 1127/1529/397 1128/1530/398 1116/1521/386
f 1117/1539/387 1129/1548/399 1121/1549/391 1109/1540/379
f 1116/1521/386 1128/1530/398 1130/1536/400 1118/1531/388
f 1119/1528/389 1131/1535/401 1127/1529/397 1115/1520/385
f 1114/1538/384 1126/1545/396 1132/1554/402 1120/1546/390
f 1112/1547/382 1124/1555/521 1129/1548/399 1117/1539/387
f 1118/1531/388 1130/1536/400 1125/1544/395 1113/1537/383
f 1110/1534/380 1122/1541/392 1131/1535/401 1119/1528/389
f 1120/1546/390 1132/1554/402 1123/1803/393 1111/1800/381
f 1121/1549/391 1133/1785/403 1134/1787/404 1122/1541/392
f 1123/1778/393 1135/1780/405 1136/1781/406 1124/1555/521
f 1125/1544/395 1137/1797/407 1138/1799/408 1126/1545/396
f 1127/1529/397 1139/1791/409 1140/1793/410 1128/1530/398
f 1129/1548/399 1141/1783/411 1133/1785/403 1121/1549/391
f 1128/1530/398 1140/1793/410 1142/1795/412 1130/1536/400
f 1131/1535/401 1143/1789/413 1139/1791/409 1127/1529/397
f 1126/1545/396 1138/1799/408 1144/1802/414 1132/1554/402
f 1124/1555/521 1136/1781/406 1141/1783/411 1129/1548/399
f 1130/1536/400 1142/1795/412 1137/1797/407 1125/1544/395
f 1122/1541/392 1134/1787/404 1143/1789/413 1131/1535/401
f 1132/1554/402 1144/1802/414 1135/1804/405 1123/1803/393
f 1133/1754/403 1145/1562/415 1146/1556/416 1134/1756/404
f 1135/1749/405 1147/1745/417 1148/1569/418 1136/1750/406
f 1137/1766/407 1149/1559/419 1150/1560/420 1138/1768/408
f 1139/1760/409 1151/1542/421 1152/1543/422 1140/1762/410
f 1141/1752/411 1153/1561/423 1145/1562/415 1133/1754/403
f 1140/1762/410 1152/1543/422 1154/1553/424 1142/1764/412
f 1143/1758/413 1155/1550/425 1151/1542/421 1139/1760/409
f 1138/1768/408 1150/1560/420 1156/1568/591 1144/1772/414
f 1136/1750/406 1148/1569/418 1153/1561/423 1141/1752/411
f 1142/1764/412 1154/1553/424 1149/1559/419 1137/1766/407
f 1134/1756/404 1146/1556/416 1155/1550/425 1143/1758/413
f 1144/1772/414 1156/1568/591 1147/1771/417 1135/1774/405
f 1145/1562/415 1157/1571/592 1158/1563/593 1146/1556/416
f 1147/1745/417 1159/1746/594 1160/1575/595 1148/1569/418
f 1149/1559/419 1161/1566/596 1162/1567/597 1150/1560/420
f 1151/1542/421 1163/1551/598 1164/1552/599 1152/1543/422
f 1153/1561/423 1165/1570/600 1157/1571/592 1145/1562/415
f 1152/1543/422 1164/1552/599 1166/1558/601 1154/1553/424
f 1155/1550/425 1167/1557/602 1163/1551/598 1151/1542/421
f 1150/1560/420 1162/1567/597 1168/1574/603 1156/1568/591
f 1148/1569/418 1160/1575/595 1165/1570/600 1153/1561/423
f 1154/1553/424 1166/1558/601 1161/1566/596 1149/1559/419
f 1146/1556/416 1158/1563/593 1167/1557/602 1155/1550/425
f 1156/1568/591 1168/1574/603 1159/1770/594 1147/1771/417
f 1157/1571/592 1169/1753/604 1170/1755/605 1158/1563/593
f 1159/1746/594 1171/1747/606 1172/1748/607 1160/1575/595
f 1161/1566/596 1173/1765/608 1174/1767/609 1162/1567/597
f 1163/1551/598 1175/1759/610 1176/1761/611 1164/1552/599
f 1165/1570/600 1177/1751/612 1169/1753/604 1157/1571/592
f 1164/1552/599 1176/1761/611 1178/1763/613 1166/1558/601
f 1167/1557/602 1179/1757/614 1175/1759/610 1163/1551/598
f 1162/1567/597 1174/1767/609 1180/1769/615 1168/1574/603
f 1160/1575/595 1172/1748/607 1177/1751/612 1165/1570/600
f 1166/1558/601 1178/1763/613 1173/1765/608 1161/1566/596
f 1158/1563/593 1170/1755/605 1179/1757/614 1167/1557/602
f 1168/1574/603 1180/1769/615 1171/1773/606 1159/1770/594
f 1169/1661/604 1181/1579/616 1182/1576/617 1170/1663/605
f 1171/1655/606 1183/1582/618 1184/1581/619 1172/1657/607
f 1173/1653/608 1185/1649/620 1186/1577/621 1174/1652/609
f 1175/1667/610 1187/1564/622 1188/1565/623 1176/1671/611
f 1177/1659/612 1189/1578/624 1181/1579/616 1169/1661/604
f 1176/1671/611 1188/1565/623 1190/1573/625 1178/1674/613
f 1179/1665/614 1191/1572/626 1187/1564/622 1175/1667/610
f 1174/1652/609 1186/1577/621 1192/1580/627 1180/1651/615
f 1172/1657/607 1184/1581/619 1189/1578/624 1177/1659/612
f 1178/1674/613 1190/1573/625 1185/1673/620 1173/1675/608
f 1170/1663/605 1182/1576/617 1191/1572/626 1179/1665/614
f 1180/1651/615 1192/1580/627 1183/1582/618 1171/1655/606
f 1181/1579/616 1193/1634/628 1194/1632/629 1182/1576/617
f 1183/1582/618 1195/1640/630 1196/1638/631 1184/1581/619
f 1185/1649/620 1197/1644/632 1198/1643/633 1186/1577/621
f 1187/1564/622 1199/1628/634 1200/1626/635 1188/1565/623
f 1189/1578/624 1201/1636/636 1193/1634/628 1181/1579/616
f 1188/1565/623 1200/1626/635 1202/1624/637 1190/1573/625
f 1191/1572/626 1203/1630/638 1199/1628/634 1187/1564/622
f 1186/1577/621 1198/1643/633 1204/1642/639 1192/1580/627
f 1184/1581/619 1196/1638/631 1201/1636/636 1189/1578/624
f 1190/1573/625 1202/1624/637 1197/1670/632 1185/1673/620
f 1182/1576/617 1194/1632/629 1203/1630/638 1191/1572/626
f 1192/1580/627 1204/1642/639 1195/1640/630 1183/1582/618
f 1193/1634/628 1205/1631/640 1206/1629/641 1194/1632/629
f 1195/1640/630 1207/1637/642 1208/1635/643 1196/1638/631
f 1197/1644/632 1209/1645/644 1210/1641/645 1198/1643/633
f 1199/1628/634 1211/1625/646 1212/1623/647 1200/1626/635
f 1201/1636/636 1213/1633/648 1205/1631/640 1193/1634/628
f 1200/1626/635 1212/1623/647 1214/1622/649 1202/1624/637
f 1203/1630/638 1215/1627/650 1211/1625/646 1199/1628/634
f 1198/1643/633 1210/1641/645 1216/1639/651 1204/1642/639
f 1196/1638/631 1208/1635/643 1213/1633/648 1201/1636/636
f 1202/1624/637 1214/1622/649 1209/1669/644 1197/1670/632
f 1194/1632/629 1206/1629/641 1215/1627/650 1203/1630/638
f 1204/1642/639 1216/1639/651 1207/1637/642 1195/1640/630
f 1205/1631/640 1217/1658/652 1218/1660/653 1206/1629/641
f 1207/1637/642 1219/1650/654 1220/1654/655 1208/1635/643
f 1209/1645/644 1221/1648/656 1222/1646/657 1210/1641/645
f 1211/1625/646 1223/1664/658 1224/1666/659 1212/1623/647
f 1213/1633/648 1225/1656/660 1217/1658/652 1205/1631/640
f 1212/1623/647 1224/1666/659 1226/1668/661 1214/1622/649
f 1215/1627/650 1227/1662/662 1223/1664/658 1211/1625/646
f 1210/1641/645 1222/1646/657 1228/1647/663 1216/1639/651
f 1208/1635/643 1220/1654/655 1225/1656/660 1213/1633/648
f 1214/1622/649 1226/1668/661 1221/1672/656 1209/1669/644
f 1206/1629/641 1218/1660/653 1227/1662/662 1215/1627/650
f 1216/1639/651 1228/1647/663 1219/1650/654 1207/1637/642
f 1229/1693/664 1230/1616/665 1231/1690/666 1232/1620/667
f 1233/1697/668 1234/1619/669 1232/1620/667 1231/1690/666
f 1235/1615/670 1236/1710/671 1234/1619/669 1233/1697/668
f 1237/1611/672 1238/1692/673 1239/1600/674 1240/1689/675
f 1240/1689/675 1239/1600/674 1241/1599/676 1242/1696/677
f 1242/1696/677 1241/1599/676 1243/1707/678 1244/1676/679
f 1230/1616/665 1237/1611/672 1240/1689/675 1231/1690/666
f 1245/1680/680 1246/1679/681 1247/1683/682 1248/1686/683
f 1233/1697/668 1242/1696/677 1244/1676/679 1235/1615/670
f 1218/1731/653 1217/1732/652 1249/1722/684 1250/1608/685
f 1217/1724/652 1225/1713/660 1251/1596/686 1249/1716/684
f 1225/1713/660 1220/1714/655 1252/1590/687 1251/1596/686
f 1220/1714/655 1219/1723/654 1253/1715/688 1252/1590/687
f 1219/1725/654 1228/1726/663 1254/1584/689 1253/1717/688
f 1228/1726/663 1222/1733/657 1255/1583/690 1254/1584/689
f 1222/1733/657 1221/1739/656 1256/1734/691 1255/1583/690
f 1221/1740/656 1226/1741/661 1257/1587/692 1256/1735/691
f 1226/1741/661 1224/1742/659 1258/1591/693 1257/1587/692
f 1224/1742/659 1223/1743/658 1259/1736/694 1258/1591/693
f 1223/1744/658 1227/1738/662 1260/1603/695 1259/1737/694
f 1227/1738/662 1218/1731/653 1250/1608/685 1260/1603/695
f 1250/1608/685 1249/1722/684 1261/1712/696 1262/1613/697
f 1249/1716/684 1251/1596/686 1263/1602/698 1261/1704/696
f 1251/1596/686 1252/1590/687 1264/1595/699 1263/1602/698
f 1252/1590/687 1253/1715/688 1265/1703/700 1264/1595/699
f 1253/1717/688 1254/1584/689 1266/1586/701 1265/1705/700
f 1254/1584/689 1255/1583/690 1267/1585/702 1266/1586/701
f 1255/1583/690 1256/1734/691 1268/1727/703 1267/1585/702
f 1256/1735/691 1257/1587/692 1269/1592/704 1268/1728/703
f 1257/1587/692 1258/1591/693 1270/1597/705 1269/1592/704
f 1258/1591/693 1259/1736/694 1271/1729/706 1270/1597/705
f 1259/1737/694 1260/1603/695 1272/1609/707 1271/1730/706
f 1260/1603/695 1250/1608/685 1262/1613/697 1272/1609/707
f 1262/1613/697 1261/1712/696 1273/1702/708 1274/1617/709
f 1261/1704/696 1263/1602/698 1275/1607/710 1273/1700/708
f 1263/1602/698 1264/1595/699 1276/1601/711 1275/1607/710
f 1264/1595/699 1265/1703/700 1277/1699/712 1276/1601/711
f 1265/1705/700 1266/1586/701 1278/1589/713 1277/1701/712
f 1266/1586/701 1267/1585/702 1279/1588/714 1278/1589/713
f 1267/1585/702 1268/1727/703 1280/1718/715 1279/1588/714
f 1268/1728/703 1269/1592/704 1281/1598/716 1280/1719/715
f 1269/1592/704 1270/1597/705 1282/1604/717 1281/1598/716
f 1270/1597/705 1271/1729/706 1283/1720/718 1282/1604/717
f 1271/1730/706 1272/1609/707 1284/1614/719 1283/1721/718
f 1272/1609/707 1262/1613/697 1274/1617/709 1284/1614/719
f 1274/1617/709 1273/1702/708 1285/1698/720 1286/1621/721
f 1273/1700/708 1275/1607/710 1287/1612/722 1285/1694/720
f 1275/1607/710 1276/1601/711 1288/1606/723 1287/1612/722
f 1276/1601/711 1277/1699/712 1289/1691/724 1288/1606/723
f 1277/1701/712 1278/1589/713 1290/1594/725 1289/1695/724
f 1278/1589/713 1279/1588/714 1291/1593/726 1290/1594/725
f 1279/1588/714 1280/1718/715 1292/1706/727 1291/1593/726
f 1280/1719/715 1281/1598/716 1293/1605/728 1292/1708/727
f 1281/1598/716 1282/1604/717 1294/1610/729 1293/1605/728
f 1282/1604/717 1283/1720/718 1295/1709/730 1294/1610/729
f 1283/1721/718 1284/1614/719 1296/1618/731 1295/1711/730
f 1284/1614/719 1274/1617/709 1286/1621/721 1296/1618/731
f 1286/1621/721 1285/1698/720 1229/1693/664 1232/1620/667
f 1285/1694/720 1287/1612/722 1230/1616/665 1229/1693/664
f 1287/1612/722 1288/1606/723 1237/1611/672 1230/1616/665
f 1288/1606/723 1289/1691/724 1238/1692/673 1237/1611/672
f 1289/1695/724 1290/1594/725 1239/1600/674 1238/1692/673
f 1290/1594/725 1291/1593/726 1241/1599/676 1239/1600/674
f 1291/1593/726 1292/1706/727 1243/1707/678 1241/1599/676
f 1292/1708/727 1293/1605/728 1244/1676/679 1243/1707/678
f 1293/1605/728 1294/1610/729 1235/1615/670 1244/1676/679
f 1294/1610/729 1295/1709/730 1236/1710/671 1235/1615/670
f 1295/1711/730 1296/1618/731 1234/1619/669 1236/1710/671
f 1296/1618/731 1286/1621/721 1232/1620/667 1234/1619/669
f 1231/1677/666 1240/1678/675 1246/1679/681 1245/1680/680
f 1240/1681/675 1242/1682/677 1247/1683/682 1246/1679/681
f 1242/1684/677 1233/1685/668 1248/1686/683 1247/1683/682
f 1233/1687/668 1231/1688/666 1245/1680/680 1248/1686/683
s 2
f 1297/3265/732 1298/3261/733 1299/3262/734 1300/3266/735
s 4
f 1301/3252/736 1302/3250/737 1303/3249/738 1304/3255/739
s 8
f 1297/3259/732 1300/3260/735 1305/3251/740 1306/3253/741
s 16
f 1300/3245/735 1299/3246/734 1307/3247/742 1305/3248/740
s 32
f 1299/3262/734 1298/3261/733 1308/3254/743 1307/3256/742
s 64
f 1298/3263/733 1297/3264/732 1306/3257/741 1308/3258/743
s off
f 1306/3253/741 1305/3251/740 1302/3250/737 1301/3252/736
f 1305/3248/740 1307/3247/742 1303/3249/738 1302/3250/737
f 1307/3256/742 1308/3254/743 1304/3255/739 1303/3249/738
f 1308/3258/743 1306/3257/741 1301/3252/736 1304/3255/739
s 2
f 1309/3287/732 1310/3285/733 1311/3286/734 1312/3288/735
s 4
f 1313/3268/736 1314/3274/737 1315/3277/738 1316/3269/739
s 8
f 1309/3281/732 1312/3282/735 1317/3273/740 1318/3275/741
s 16
f 1312/3283/735 1311/3284/734 1319/3276/742 1317/3278/740
s 32
f 1311/3286/734 1310/3285/733 1320/3279/743 1319/3280/742
s 64
f 1310/3271/733 1309/3272/732 1318/3267/741 1320/3270/743
s off
f 1318/3275/741 1317/3273/740 1314/3274/737 1313/3268/736
f 1317/3278/740 1319/3276/742 1315/3277/738 1314/3274/737
f 1319/3280/742 1320/3279/743 1316/3269/739 1315/3277/738
f 1320/3270/743 1318/3267/741 1313/3268/736 1316/3269/739
s 2
f 1321/3220/8 1322/3219/11 1323/3229/13 1324/3232/17
s 4
f 1325/3241/15 1326/3231/14 1327/3230/1 1328/3242/2
s 8
f 1329/3204/8 1330/3209/5 1331/3210/9 1332/3205/11
s 16
f 1322/3219/11 1333/3223/744 1334/3224/745 1335/3225/745 1336/3226/745 1328/3227/2 1327/3228/1 1323/3229/13
s 32
f 1323/3229/13 1327/3230/1 1326/3231/14 1324/3232/17
s 64
f 1324/3232/17 1326/3233/14 1325/3234/15 1337/3235/746 1338/3236/746 1339/3237/746 1340/3238/747 1321/3220/8
s 8
f 1341/3187/8 1342/3191/5 1343/3192/9 1344/3188/11
f 1345/3189/8 1346/3183/5 1347/3186/9 1348/3190/11
f 1333/3218/744 1322/3219/11 1321/3220/8 1340/3215/747
f 1349/3221/9 1350/3217/11 1351/3216/8 1352/3222/5
s off
f 1325/3241/15 1328/3242/2 1343/3243/9 1342/3244/5
f 1328/3227/2 1336/3226/745 1344/3239/11 1343/3240/9
f 1336/3185/745 1337/3182/746 1341/3187/8 1344/3188/11
f 1337/3173/746 1325/3174/15 1342/3175/5 1341/3176/8
f 1338/3181/746 1337/3182/746 1346/3183/5 1345/3184/8
f 1337/3182/746 1336/3185/745 1347/3186/9 1346/3183/5
f 1336/3177/745 1335/3178/745 1348/3179/11 1347/3180/9
f 1335/3193/745 1338/3194/746 1345/3189/8 1348/3190/11
f 1339/3195/746 1338/3196/746 1330/3197/5 1329/3198/8
f 1338/3213/746 1335/3214/745 1331/3210/9 1330/3209/5
f 1335/3199/745 1334/3200/745 1332/3201/11 1331/3202/9
f 1334/3206/745 1339/3203/746 1329/3204/8 1332/3205/11
f 1340/3169/747 1339/3170/746 1352/3171/5 1351/3172/8
f 1339/3203/746 1334/3206/745 1349/3207/9 1352/3208/5
f 1334/3206/745 1333/3211/744 1350/3212/11 1349/3207/9
f 1333/3218/744 1340/3215/747 1351/3216/8 1350/3217/11
s 2
f 1353/3032/748 1354/3028/749 1355/3029/750 1356/3033/751
s 4
f 1357/3017/752 1358/3016/753 1359/3019/754 1360/3022/755
s 8
f 1353/3012/748 1356/3013/751 1361/3014/756 1362/3015/757
s 16
f 1356/3026/751 1355/3027/750 1363/3018/758 1361/3020/756
s 32
f 1355/3029/750 1354/3028/749 1364/3021/759 1363/3023/758
s 64
f 1354/3030/749 1353/3031/748 1362/3024/757 1364/3025/759
s off
f 1362/3015/757 1361/3014/756 1358/3016/753 1357/3017/752
f 1361/3020/756 1363/3018/758 1359/3019/754 1358/3016/753
f 1363/3023/758 1364/3021/759 1360/3022/755 1359/3019/754
f 1364/3025/759 1362/3024/757 1357/3017/752 1360/3022/755
s 2
f 1365/3054/748 1366/3050/749 1367/3051/750 1368/3055/751
s 4
f 1369/3039/752 1370/3038/753 1371/3041/754 1372/3044/760
s 8
f 1365/3034/748 1368/3035/751 1373/3036/756 1374/3037/757
s 16
f 1368/3048/751 1367/3049/750 1375/3040/761 1373/3042/756
s 32
f 1367/3051/750 1366/3050/749 1376/3043/759 1375/3045/761
s 64
f 1366/3052/749 1365/3053/748 1374/3046/757 1376/3047/759
s off
f 1374/3037/757 1373/3036/756 1370/3038/753 1369/3039/752
f 1373/3042/756 1375/3040/761 1371/3041/754 1370/3038/753
f 1375/3045/761 1376/3043/759 1372/3044/760 1371/3041/754
f 1376/3047/759 1374/3046/757 1369/3039/752 1372/3044/760
s 2
f 1377/3056/13 1378/3104/17 1379/3101/8 1380/3102/11
s 4
f 1381/3098/2 1382/3099/9 1383/3100/5 1384/3095/15
s 8
f 1385/3073/13 1386/3069/1 1387/3068/14 1388/3074/17
s 16
f 1378/3104/17 1389/3105/762 1390/3106/746 1391/3107/746 1392/3108/746 1384/3109/15 1383/3110/5 1379/3101/8
s 32
f 1379/3101/8 1383/3100/5 1382/3099/9 1380/3102/11
s 64
f 1380/3102/11 1382/3111/9 1381/3112/2 1393/3113/745 1394/3114/745 1395/3115/745 1396/3116/763 1377/3056/13
s 8
f 1397/3091/13 1398/3093/1 1399/3094/14 1400/3092/17
f 1401/3071/13 1402/3075/1 1403/3076/14 1404/3072/17
f 1389/3103/762 1378/3104/17 1377/3056/13 1396/3116/763
f 1405/3123/14 1406/3118/17 1407/3117/13 1408/3124/1
s off
f 1381/3098/2 1384/3095/15 1399/3096/14 1398/3097/1
f 1384/3109/15 1392/3108/746 1400/3119/17 1399/3120/14
f 1392/3085/746 1393/3090/745 1397/3091/13 1400/3092/17
f 1393/3113/745 1381/3112/2 1398/3121/1 1397/3122/13
f 1394/3061/745 1393/3062/745 1402/3063/1 1401/3064/13
f 1393/3090/745 1392/3085/746 1403/3088/14 1402/3089/1
f 1392/3085/746 1391/3086/746 1404/3087/17 1403/3088/14
f 1391/3065/746 1394/3070/745 1401/3071/13 1404/3072/17
f 1395/3057/745 1394/3058/745 1386/3059/1 1385/3060/13
f 1394/3070/745 1391/3065/746 1387/3068/14 1386/3069/1
f 1391/3065/746 1390/3066/746 1388/3067/17 1387/3068/14
f 1390/3078/746 1395/3077/745 1385/3073/13 1388/3074/17
f 1396/3083/763 1395/3077/745 1408/3080/1 1407/3084/13
f 1395/3077/745 1390/3078/746 1405/3079/14 1408/3080/1
f 1390/3078/746 1389/3081/762 1406/3082/17 1405/3079/14
f 1389/3103/762 1396/3116/763 1407/3117/13 1406/3118/17
s 2
f 1409/3167/764 1410/3163/765 1411/3164/766 1412/3168/767
s 4
f 1413/3154/768 1414/3152/769 1415/3151/770 1416/3157/771
s 8
f 1409/3161/764 1412/3162/767 1417/3153/772 1418/3155/773
s 16
f 1412/3147/767 1411/3148/766 1419/3149/774 1417/3150/772
s 32
f 1411/3164/766 1410/3163/765 1420/3156/775 1419/3158/774
s 64
f 1410/3165/765 1409/3166/764 1418/3159/773 1420/3160/775
s off
f 1418/3155/773 1417/3153/772 1414/3152/769 1413/3154/768
f 1417/3150/772 1419/3149/774 1415/3151/770 1414/3152/769
f 1419/3158/774 1420/3156/775 1416/3157/771 1415/3151/770
f 1420/3160/775 1418/3159/773 1413/3154/768 1416/3157/771
s 2
f 1421/3145/764 1422/3143/765 1423/3144/766 1424/3146/767
s 4
f 1425/3129/768 1426/3132/769 1427/3135/770 1428/3130/771
s 8
f 1421/3139/764 1424/3140/767 1429/3131/772 1430/3133/773
s 16
f 1424/3141/767 1423/3142/766 1431/3134/774 1429/3136/772
s 32
f 1423/3144/766 1422/3143/765 1432/3137/775 1431/3138/774
s 64
f 1422/3125/765 1421/3126/764 1430/3127/773 1432/3128/775
s off
f 1430/3133/773 1429/3131/772 1426/3132/769 1425/3129/768
f 1429/3136/772 1431/3134/774 1427/3135/770 1426/3132/769
f 1431/3138/774 1432/3137/775 1428/3130/771 1427/3135/770
f 1432/3128/775 1430/3127/773 1425/3129/768 1428/3130/771
s 2
f 1433/2960/11 1434/2959/13 1435/2966/17 1436/2971/8
s 4
f 1437/2980/6 1438/2970/5 1439/2969/14 1440/2981/4
s 8
f 1441/2947/11 1442/2954/9 1443/2955/1 1444/2948/13
s 16
f 1434/3006/13 1445/3007/776 1446/3008/777 1447/3009/777 1448/3002/777 1440/3005/4 1439/3010/14 1435/3011/17
s 32
f 1435/2966/17 1439/2969/14 1438/2970/5 1436/2971/8
s 64
f 1436/2971/8 1438/2972/5 1437/2973/6 1449/2974/778 1450/2975/778 1451/2976/778 1452/2977/779 1433/2960/11
s 8
f 1453/2984/11 1454/2988/9 1455/2989/1 1456/2985/13
f 1457/2962/11 1458/2967/9 1459/2968/1 1460/2963/13
f 1445/2957/776 1434/2959/13 1433/2960/11 1452/2956/779
f 1461/2945/1 1462/2949/13 1463/2950/11 1464/2951/9
s off
f 1437/2980/6 1440/2981/4 1455/2986/1 1454/2987/9
f 1440/3005/4 1448/3002/777 1456/3003/13 1455/3004/1
f 1448/2978/777 1449/2979/778 1453/2984/11 1456/2985/13
f 1449/2974/778 1437/2973/6 1454/2982/9 1453/2983/11
f 1450/2994/778 1449/2995/778 1458/2996/9 1457/2997/11
f 1449/2979/778 1448/2978/777 1459/2968/1 1458/2967/9
f 1448/2998/777 1447/2999/777 1460/3000/13 1459/3001/1
f 1447/2958/777 1450/2961/778 1457/2962/11 1460/2963/13
f 1451/2964/778 1450/2961/778 1442/2954/9 1441/2965/11
f 1450/2961/778 1447/2958/777 1443/2955/1 1442/2954/9
f 1447/2990/777 1446/2991/777 1444/2992/13 1443/2993/1
f 1446/2942/777 1451/2946/778 1441/2947/11 1444/2948/13
f 1452/2952/779 1451/2946/778 1464/2951/9 1463/2953/11
f 1451/2946/778 1446/2942/777 1461/2945/1 1464/2951/9
f 1446/2942/777 1445/2943/776 1462/2944/13 1461/2945/1
f 1445/2957/776 1452/2956/779 1463/2950/11 1462/2949/13
s 2
f 1465/3369/780 1466/3365/781 1467/3368/782 1468/3370/783
s 4
f 1469/3375/784 1470/3374/785 1471/3372/786 1472/3371/787
s 8
f 1465/3381/780 1468/3382/783 1473/3373/788 1474/3376/789
s 16
f 1468/3383/783 1467/3384/782 1475/3377/790 1473/3378/788
s 32
f 1467/3368/782 1466/3365/781 1476/3366/791 1475/3367/790
s 64
f 1466/3385/781 1465/3386/780 1474/3379/789 1476/3380/791
s off
f 1474/3376/789 1473/3373/788 1470/3374/785 1469/3375/784
f 1473/3378/788 1475/3377/790 1471/3372/786 1470/3374/785
f 1475/3367/790 1476/3366/791 1472/3371/787 1471/3372/786
f 1476/3380/791 1474/3379/789 1469/3375/784 1472/3371/787
s 2
f 1477/3407/792 1478/3403/781 1479/3404/782 1480/3408/793
s 4
f 1481/3392/794 1482/3391/795 1483/3394/796 1484/3397/797
s 8
f 1477/3387/792 1480/3388/793 1485/3389/798 1486/3390/799
s 16
f 1480/3401/793 1479/3402/782 1487/3393/800 1485/3395/798
s 32
f 1479/3404/782 1478/3403/781 1488/3396/801 1487/3398/800
s 64
f 1478/3405/781 1477/3406/792 1486/3399/799 1488/3400/801
s off
f 1486/3390/799 1485/3389/798 1482/3391/795 1481/3392/794
f 1485/3395/798 1487/3393/800 1483/3394/796 1482/3391/795
f 1487/3398/800 1488/3396/801 1484/3397/797 1483/3394/796
f 1488/3400/801 1486/3399/799 1481/3392/794 1484/3397/797
s 2
f 1489/3347/17 1490/3346/8 1491/3343/11 1492/3344/13
s 4
f 1493/3340/4 1494/3341/1 1495/3342/9 1496/3337/6
s 8
f 1497/3305/17 1498/3306/14 1499/3307/5 1500/3308/8
s 16
f 1490/3346/8 1501/3349/802 1502/3350/778 1503/3351/778 1504/3352/778 1496/3353/6 1495/3354/9 1491/3343/11
s 32
f 1491/3343/11 1495/3342/9 1494/3341/1 1492/3344/13
s 64
f 1492/3344/13 1494/3355/1 1493/3356/4 1505/3357/777 1506/3358/777 1507/3359/777 1508/3360/803 1489/3347/17
s 8
f 1509/3330/17 1510/3335/14 1511/3336/5 1512/3331/8
f 1513/3325/17 1514/3327/14 1515/3328/5 1516/3326/8
f 1501/3345/802 1490/3346/8 1489/3347/17 1508/3348/803
f 1517/3289/5 1518/3290/8 1519/3291/17 1520/3292/14
s off
f 1493/3340/4 1496/3337/6 1511/3338/5 1510/3339/14
f 1496/3353/6 1504/3352/778 1512/3361/8 1511/3362/5
f 1504/3332/778 1505/3329/777 1509/3330/17 1512/3331/8
f 1505/3357/777 1493/3356/4 1510/3363/14 1509/3364/17
f 1506/3315/777 1505/3316/777 1514/3317/14 1513/3318/17
f 1505/3329/777 1504/3332/778 1515/3328/5 1514/3327/14
f 1504/3332/778 1503/3333/778 1516/3334/8 1515/3328/5
f 1503/3323/778 1506/3324/777 1513/3325/17 1516/3326/8
f 1507/3311/777 1506/3312/777 1498/3313/14 1497/3314/17
f 1506/3309/777 1503/3310/778 1499/3307/5 1498/3306/14
f 1503/3319/778 1502/3320/778 1500/3321/8 1499/3322/5
f 1502/3301/778 1507/3302/777 1497/3303/17 1500/3304/8
f 1508/3299/803 1507/3295/777 1520/3292/14 1519/3300/17
f 1507/3295/777 1502/3296/778 1517/3289/5 1520/3292/14
f 1502/3296/778 1501/3297/802 1518/3298/8 1517/3289/5
f 1501/3293/802 1508/3294/803 1519/3291/17 1518/3290/8
s 1
f 1521/1169/804 1522/1170/805 1523/1171/806 1524/1172/807
f 1525/1157/808 1526/1158/809 1527/1159/810 1528/1160/811
s 2
f 1529/1/812 1530/2/813 1531/3/814 1532/4/815
s 4
f 1533/5/816 1534/6/817 1535/7/818 1536/8/819
s 2
f 1537/9/820 1538/10/821 1539/11/822 1540/12/823
s 4
f 1541/1166/824 1542/1165/825 1543/1163/826 1544/1164/827
s 1
f 1521/1174/804 1545/13/828 1546/14/5 1547/1176/829
f 1522/1173/805 1548/1175/830 1549/15/14 1550/16/831
f 1523/1171/806 1551/17/832 1552/18/1 1553/19/833
f 1524/1172/807 1554/20/834 1555/21/9 1556/22/835
f 1525/1185/808 1557/1186/836 1558/23/8 1559/24/837
f 1526/1179/809 1560/25/838 1561/26/11 1562/27/839
f 1527/1178/810 1563/28/840 1564/29/13 1565/30/841
f 1528/1184/811 1566/31/842 1567/32/17 1568/1183/843
s 2
f 1529/1/812 1569/33/844 1546/14/5 1545/13/828
f 1530/2/813 1556/22/835 1555/21/9 1570/34/845
f 1531/3/814 1571/35/846 1561/26/11 1560/25/838
f 1532/4/815 1559/24/837 1558/23/8 1572/36/847
s 4
f 1533/5/816 1570/34/845 1555/21/9 1554/20/834
f 1534/6/817 1553/19/833 1552/18/1 1573/37/848
f 1535/7/818 1574/38/849 1564/29/13 1563/28/840
f 1536/8/819 1562/27/839 1561/26/11 1571/35/846
s 2
f 1537/9/820 1573/37/848 1552/18/1 1551/17/832
f 1538/10/821 1550/16/831 1549/15/14 1575/39/850
f 1539/11/822 1576/40/851 1567/32/17 1566/31/842
f 1540/12/823 1565/30/841 1564/29/13 1574/38/849
s 4
f 1541/1177/824 1575/39/850 1549/15/14 1548/1175/830
f 1542/1180/825 1547/1176/829 1546/14/5 1569/33/844
f 1543/1182/826 1572/36/847 1558/23/8 1557/1186/836
f 1544/1181/827 1568/1183/843 1567/32/17 1576/40/851
s 1
f 1522/1170/805 1521/1169/804 1547/1168/829 1548/1167/830
f 1523/1171/806 1522/1173/805 1550/16/831 1551/17/832
f 1524/1172/807 1523/1171/806 1553/19/833 1554/20/834
f 1521/1174/804 1524/1172/807 1556/22/835 1545/13/828
f 1526/1179/809 1525/1185/808 1559/24/837 1560/25/838
f 1527/1178/810 1526/1179/809 1562/27/839 1563/28/840
f 1528/1184/811 1527/1178/810 1565/30/841 1566/31/842
f 1525/1157/808 1528/1160/811 1568/1161/843 1557/1162/836
s 2
f 1530/2/813 1529/1/812 1545/13/828 1556/22/835
f 1531/3/814 1530/2/813 1570/34/845 1571/35/846
f 1532/4/815 1531/3/814 1560/25/838 1559/24/837
f 1529/1/812 1532/4/815 1572/36/847 1569/33/844
s 4
f 1534/6/817 1533/5/816 1554/20/834 1553/19/833
f 1535/7/818 1534/6/817 1573/37/848 1574/38/849
f 1536/8/819 1535/7/818 1563/28/840 1562/27/839
f 1533/5/816 1536/8/819 1571/35/846 1570/34/845
s 2
f 1538/10/821 1537/9/820 1551/17/832 1550/16/831
f 1539/11/822 1538/10/821 1575/39/850 1576/40/851
f 1540/12/823 1539/11/822 1566/31/842 1565/30/841
f 1537/9/820 1540/12/823 1574/38/849 1573/37/848
s 4
f 1542/1165/825 1541/1166/824 1548/1167/830 1547/1168/829
f 1543/1182/826 1542/1180/825 1569/33/844 1572/36/847
f 1544/1164/827 1543/1163/826 1557/1162/836 1568/1161/843
f 1541/1177/824 1544/1181/827 1576/40/851 1575/39/850
s 2
f 1577/6582/1 1578/6581/9 1579/6583/5 1580/6584/14
s 4
f 1581/41/852 1582/42/852 1583/43/852 1584/44/852
s 8
f 1585/45/6 1586/46/6 1587/47/7 1588/48/7
s 16
f 1589/49/2 1590/50/2 1591/51/10 1592/52/10
s 32
f 1593/53/4 1594/54/4 1595/55/12 1596/56/12
s 64
f 1597/57/15 1598/58/15 1599/59/16 1600/60/16
s off
f 1598/58/15 1597/57/15 1601/6041/15 1602/6045/15
f 1594/54/4 1593/53/4 1603/6035/4 1604/6027/4
f 1590/50/2 1589/49/2 1605/6068/2 1606/6061/2
f 1586/46/6 1585/45/6 1607/6067/6 1608/6071/6
f 1602/5903/15 1601/5905/15 1609/61/15 1610/62/15
f 1604/5921/4 1603/5923/4 1611/63/4 1612/64/4
f 1606/5939/2 1605/5941/2 1613/65/2 1614/66/2
f 1608/5957/6 1607/5959/6 1615/67/6 1616/68/6
f 1610/62/15 1609/61/15 1617/5904/21 1618/5902/20
f 1612/64/4 1611/63/4 1619/5922/18 1620/5920/21
f 1614/66/2 1613/65/2 1621/5940/19 1622/5938/18
f 1616/68/6 1615/67/6 1623/5958/20 1624/5956/19
s 2
f 1625/6560/1 1626/6559/9 1627/6557/5 1628/6556/14
f 1629/5867/21 1630/5868/20 1631/5839/19 1632/5834/18
f 1633/6566/1 1634/6565/9 1635/6569/5 1636/6570/14
f 1637/5835/21 1638/5836/20 1639/5811/19 1640/5808/18
f 1641/6600/5 1642/6599/14 1643/6598/1 1644/6597/9
f 1645/5823/19 1646/5820/18 1647/5803/21 1648/5816/20
f 1649/6592/5 1650/6591/14 1651/6590/1 1652/6589/9
f 1653/5797/19 1654/5798/18 1655/5799/21 1656/5800/20
s 4
f 1592/52/10 1591/51/10 1657/69/852 1658/70/852
f 1658/70/852 1657/69/852 1659/71/852 1660/72/852
f 1660/72/852 1659/71/852 1661/6039/852 1662/6044/852
f 1663/73/853 1664/74/853 1582/42/852 1581/41/852
f 1600/60/16 1599/59/16 1665/75/852 1666/76/852
f 1666/76/852 1665/75/852 1667/77/852 1668/78/852
f 1668/78/852 1667/77/852 1669/6025/852 1670/6021/852
f 1671/79/16 1672/80/16 1584/44/852 1583/43/852
s 8
f 1673/81/6 1674/6079/9 1675/6077/11 1676/82/7
f 1677/83/6 1673/81/6 1676/82/7 1678/84/7
f 1679/85/6 1677/83/6 1678/84/7 1680/86/7
f 1586/46/6 1679/85/6 1680/86/7 1587/47/7
f 1681/87/7 1682/6064/8 1683/6065/5 1684/88/6
f 1685/89/7 1681/87/7 1684/88/6 1686/90/6
f 1687/91/7 1685/89/7 1686/90/6 1688/92/6
f 1588/48/7 1687/91/7 1688/92/6 1585/45/6
s 32
f 1689/93/4 1690/6029/14 1691/6030/17 1692/94/12
f 1693/95/4 1689/93/4 1692/94/12 1694/96/12
f 1695/97/4 1693/95/4 1694/96/12 1696/98/12
f 1594/54/4 1695/97/4 1696/98/12 1595/55/12
f 1697/99/12 1698/6050/13 1699/6051/1 1700/100/4
f 1701/101/12 1697/99/12 1700/100/4 1702/102/4
f 1703/103/12 1701/101/12 1702/102/4 1704/104/4
f 1596/56/12 1703/103/12 1704/104/4 1593/53/4
s off
f 1700/100/4 1699/6051/1 1705/6057/18 1706/6052/4
f 1702/102/4 1700/100/4 1706/6052/4 1707/6043/4
f 1704/104/4 1702/102/4 1707/6043/4 1708/6040/4
f 1593/53/4 1704/104/4 1708/6040/4 1603/6035/4
f 1709/6028/4 1710/6036/21 1690/6029/14 1689/93/4
f 1711/6024/4 1709/6028/4 1689/93/4 1693/95/4
f 1712/6023/4 1711/6024/4 1693/95/4 1695/97/4
f 1604/6027/4 1712/6023/4 1695/97/4 1594/54/4
f 1684/88/6 1683/6065/5 1713/6070/20 1714/6066/6
f 1686/90/6 1684/88/6 1714/6066/6 1715/6059/6
f 1688/92/6 1686/90/6 1715/6059/6 1716/6060/6
f 1585/45/6 1688/92/6 1716/6060/6 1607/6067/6
f 1717/6080/6 1718/6082/19 1674/6079/9 1673/81/6
f 1719/6075/6 1717/6080/6 1673/81/6 1677/83/6
f 1720/6073/6 1719/6075/6 1677/83/6 1679/85/6
f 1608/6071/6 1720/6073/6 1679/85/6 1586/46/6
f 1706/5929/4 1705/5931/18 1721/105/1 1722/106/4
f 1707/5927/4 1706/5929/4 1722/106/4 1723/107/4
f 1708/5925/4 1707/5927/4 1723/107/4 1724/108/4
f 1603/5923/4 1708/5925/4 1724/108/4 1611/63/4
f 1725/109/4 1726/110/14 1710/5913/21 1709/5915/4
f 1727/111/4 1725/109/4 1709/5915/4 1711/5917/4
f 1728/112/4 1727/111/4 1711/5917/4 1712/5919/4
f 1612/64/4 1728/112/4 1712/5919/4 1604/5921/4
f 1714/5965/6 1713/5968/20 1729/5966/5 1730/113/6
f 1715/5963/6 1714/5965/6 1730/113/6 1731/114/6
f 1716/5961/6 1715/5963/6 1731/114/6 1732/115/6
f 1607/5959/6 1716/5961/6 1732/115/6 1615/67/6
f 1733/116/6 1734/117/9 1718/5949/19 1717/5951/6
f 1735/118/6 1733/116/6 1717/5951/6 1719/5953/6
f 1736/119/6 1735/118/6 1719/5953/6 1720/5955/6
f 1616/68/6 1736/119/6 1720/5955/6 1608/5957/6
f 1722/106/4 1721/105/1 1737/5930/18 1738/5928/21
f 1723/107/4 1722/106/4 1738/5928/21 1739/5926/18
f 1724/108/4 1723/107/4 1739/5926/18 1740/5924/21
f 1611/63/4 1724/108/4 1740/5924/21 1619/5922/18
f 1741/5914/18 1742/5912/21 1726/110/14 1725/109/4
f 1743/5916/21 1741/5914/18 1725/109/4 1727/111/4
f 1744/5918/18 1743/5916/21 1727/111/4 1728/112/4
f 1620/5920/21 1744/5918/18 1728/112/4 1612/64/4
f 1730/113/6 1729/5966/5 1745/5967/20 1746/5964/19
f 1731/114/6 1730/113/6 1746/5964/19 1747/5962/20
f 1732/115/6 1731/114/6 1747/5962/20 1748/5960/19
f 1615/67/6 1732/115/6 1748/5960/19 1623/5958/20
f 1749/5950/20 1750/5948/19 1734/117/9 1733/116/6
f 1751/5952/19 1749/5950/20 1733/116/6 1735/118/6
f 1752/5954/20 1751/5952/19 1735/118/6 1736/119/6
f 1624/5956/19 1752/5954/20 1736/119/6 1616/68/6
s 2
f 1753/6390/1 1754/6389/9 1755/6393/5 1756/6394/14
f 1757/5841/19 1758/5842/18 1759/5843/21 1760/5812/20
f 1761/6928/1 1762/6927/9 1763/6924/5 1764/6923/14
f 1639/5811/19 1765/5809/18 1766/5810/21 1656/5800/20
f 1767/6205/5 1768/6204/14 1769/6207/1 1770/6208/9
f 1771/5805/21 1772/5828/20 1773/5829/19 1774/5830/18
f 1775/6758/5 1776/6757/14 1777/6759/1 1778/6760/9
f 1655/5799/21 1779/5806/20 1780/5807/19 1640/5808/18
s 4
f 1781/120/852 1596/56/12 1595/55/12 1782/121/852
f 1783/122/852 1781/120/852 1782/121/852 1784/123/852
f 1785/6022/852 1783/122/852 1784/123/852 1786/6020/852
f 1582/42/852 1787/124/12 1788/125/12 1583/43/852
f 1789/126/852 1588/48/7 1587/47/7 1790/127/852
f 1791/128/852 1789/126/852 1790/127/852 1792/129/852
f 1793/6042/852 1791/128/852 1792/129/852 1794/6046/852
f 1584/44/852 1795/130/854 1796/131/854 1581/41/852
s 16
f 1797/132/2 1699/6049/1 1698/6050/13 1798/133/10
f 1799/134/2 1797/132/2 1798/133/10 1800/135/10
f 1801/136/2 1799/134/2 1800/135/10 1802/137/10
f 1590/50/2 1801/136/2 1802/137/10 1591/51/10
f 1803/138/10 1675/6077/11 1674/6078/9 1804/139/2
f 1805/140/10 1803/138/10 1804/139/2 1806/141/2
f 1807/142/10 1805/140/10 1806/141/2 1808/143/2
f 1592/52/10 1807/142/10 1808/143/2 1589/49/2
s 64
f 1809/144/15 1683/6063/5 1682/6064/8 1810/145/16
f 1811/146/15 1809/144/15 1810/145/16 1812/147/16
f 1813/148/15 1811/146/15 1812/147/16 1814/149/16
f 1598/58/15 1813/148/15 1814/149/16 1599/59/16
f 1815/150/16 1691/6030/17 1690/6031/14 1816/151/15
f 1817/152/16 1815/150/16 1816/151/15 1818/153/15
f 1819/154/16 1817/152/16 1818/153/15 1820/155/15
f 1600/60/16 1819/154/16 1820/155/15 1597/57/15
s off
f 1816/151/15 1690/6031/14 1710/6037/21 1821/6032/15
f 1818/153/15 1816/151/15 1821/6032/15 1822/6033/15
f 1820/155/15 1818/153/15 1822/6033/15 1823/6038/15
f 1597/57/15 1820/155/15 1823/6038/15 1601/6041/15
f 1824/6062/15 1713/6069/20 1683/6063/5 1809/144/15
f 1825/6058/15 1824/6062/15 1809/144/15 1811/146/15
f 1826/6054/15 1825/6058/15 1811/146/15 1813/148/15
f 1602/6045/15 1826/6054/15 1813/148/15 1598/58/15
f 1804/139/2 1674/6078/9 1718/6081/19 1827/6076/2
f 1806/141/2 1804/139/2 1827/6076/2 1828/6074/2
f 1808/143/2 1806/141/2 1828/6074/2 1829/6072/2
f 1589/49/2 1808/143/2 1829/6072/2 1605/6068/2
f 1830/6048/2 1705/6055/18 1699/6049/1 1797/132/2
f 1831/6047/2 1830/6048/2 1797/132/2 1799/134/2
f 1832/6056/2 1831/6047/2 1799/134/2 1801/136/2
f 1606/6061/2 1832/6056/2 1801/136/2 1590/50/2
f 1821/5911/15 1710/5913/21 1726/110/14 1833/156/15
f 1822/5909/15 1821/5911/15 1833/156/15 1834/157/15
f 1823/5907/15 1822/5909/15 1834/157/15 1835/158/15
f 1601/5905/15 1823/5907/15 1835/158/15 1609/61/15
f 1836/159/15 1729/5896/5 1713/5900/20 1824/5897/15
f 1837/160/15 1836/159/15 1824/5897/15 1825/5898/15
f 1838/161/15 1837/160/15 1825/5898/15 1826/5901/15
f 1610/62/15 1838/161/15 1826/5901/15 1602/5903/15
f 1827/5947/2 1718/5949/19 1734/117/9 1839/162/2
f 1828/5945/2 1827/5947/2 1839/162/2 1840/163/2
f 1829/5943/2 1828/5945/2 1840/163/2 1841/164/2
f 1605/5941/2 1829/5943/2 1841/164/2 1613/65/2
f 1842/165/2 1721/105/1 1705/5931/18 1830/5933/2
f 1843/166/2 1842/165/2 1830/5933/2 1831/5935/2
f 1844/167/2 1843/166/2 1831/5935/2 1832/5937/2
f 1614/66/2 1844/167/2 1832/5937/2 1606/5939/2
f 1833/156/15 1726/110/14 1742/5912/21 1845/5910/20
f 1834/157/15 1833/156/15 1845/5910/20 1846/5908/21
f 1835/158/15 1834/157/15 1846/5908/21 1847/5906/20
f 1609/61/15 1835/158/15 1847/5906/20 1617/5904/21
f 1848/5894/21 1745/5895/20 1729/5896/5 1836/159/15
f 1849/5893/20 1848/5894/21 1836/159/15 1837/160/15
f 1850/5899/21 1849/5893/20 1837/160/15 1838/161/15
f 1618/5902/20 1850/5899/21 1838/161/15 1610/62/15
f 1839/162/2 1734/117/9 1750/5948/19 1851/5946/18
f 1840/163/2 1839/162/2 1851/5946/18 1852/5944/19
f 1841/164/2 1840/163/2 1852/5944/19 1853/5942/18
f 1613/65/2 1841/164/2 1853/5942/18 1621/5940/19
f 1854/5932/19 1737/5930/18 1721/105/1 1842/165/2
f 1855/5934/18 1854/5932/19 1842/165/2 1843/166/2
f 1856/5936/19 1855/5934/18 1843/166/2 1844/167/2
f 1622/5938/18 1856/5936/19 1844/167/2 1614/66/2
s 2
f 1857/6400/1 1858/6399/9 1859/6396/5 1860/6395/14
f 1852/5888/19 1851/5889/18 1861/5890/21 1862/5872/20
f 1863/6952/1 1864/6951/9 1865/6950/5 1866/6949/14
f 1621/5869/19 1853/5870/18 1867/5871/21 1630/5868/20
f 1868/6236/5 1869/6235/14 1870/6239/1 1871/6240/9
f 1872/5863/21 1873/5885/20 1854/5886/19 1855/5887/18
f 1874/6774/5 1875/6773/14 1876/6775/1 1877/6776/9
f 1629/5867/21 1878/5864/20 1856/5865/19 1622/5866/18
f 1861/5890/21 1749/5891/20 1751/5892/19 1879/5874/18
f 1862/5872/20 1861/5890/21 1879/5874/18 1880/5873/19
f 1867/5871/21 1862/5872/20 1880/5873/19 1881/5837/18
f 1630/5868/20 1867/5871/21 1881/5837/18 1631/5839/19
f 1882/5861/19 1739/5883/18 1738/5884/21 1873/5885/20
f 1883/5862/18 1882/5861/19 1873/5885/20 1872/5863/21
f 1884/5833/19 1883/5862/18 1872/5863/21 1878/5864/20
f 1632/5834/18 1884/5833/19 1878/5864/20 1629/5867/21
f 1885/6384/1 1886/6383/9 1887/6381/5 1888/6380/14
f 1880/5873/19 1879/5874/18 1889/5875/21 1890/5840/20
f 1891/6944/1 1892/6943/9 1893/6940/5 1894/6939/14
f 1631/5839/19 1881/5837/18 1895/5838/21 1638/5836/20
f 1896/6220/5 1897/6219/14 1898/6223/1 1899/6224/9
f 1900/5831/21 1901/5860/20 1882/5861/19 1883/5862/18
f 1902/6766/5 1903/6765/14 1904/6767/1 1905/6768/9
f 1637/5835/21 1906/5832/20 1884/5833/19 1632/5834/18
f 1889/5875/21 1752/5876/20 1624/5877/19 1758/5842/18
f 1890/5840/20 1889/5875/21 1758/5842/18 1757/5841/19
f 1895/5838/21 1890/5840/20 1757/5841/19 1765/5809/18
f 1638/5836/20 1895/5838/21 1765/5809/18 1639/5811/19
f 1773/5829/19 1619/5858/18 1740/5859/21 1901/5860/20
f 1774/5830/18 1773/5829/19 1901/5860/20 1900/5831/21
f 1780/5807/19 1774/5830/18 1900/5831/21 1906/5832/20
f 1640/5808/18 1780/5807/19 1906/5832/20 1637/5835/21
f 1907/6234/5 1908/6233/14 1909/6230/1 1910/6229/9
f 1846/5853/21 1845/5854/20 1911/5855/19 1912/5821/18
f 1913/6736/5 1914/6735/14 1915/6733/1 1916/6732/9
f 1617/5817/21 1847/5818/20 1917/5819/19 1646/5820/18
f 1918/6422/1 1919/6421/9 1920/6423/5 1921/6424/14
f 1922/5849/19 1923/5880/18 1848/5881/21 1849/5882/20
f 1924/6918/1 1925/6917/9 1926/6921/5 1927/6922/14
f 1645/5823/19 1928/5850/18 1850/5851/21 1618/5852/20
f 1911/5855/19 1741/5856/18 1743/5857/21 1929/5824/20
f 1912/5821/18 1911/5855/19 1929/5824/20 1930/5822/21
f 1917/5819/19 1912/5821/18 1930/5822/21 1931/5801/20
f 1646/5820/18 1917/5819/19 1931/5801/20 1647/5803/21
f 1932/5847/21 1747/5878/20 1746/5879/19 1923/5880/18
f 1933/5848/20 1932/5847/21 1923/5880/18 1922/5849/19
f 1934/5815/21 1933/5848/20 1922/5849/19 1928/5850/18
f 1648/5816/20 1934/5815/21 1928/5850/18 1645/5823/19
f 1935/6218/5 1936/6217/14 1937/6214/1 1938/6213/9
f 1930/5822/21 1929/5824/20 1939/5825/19 1940/5804/18
f 1941/6742/5 1942/6741/14 1943/6745/1 1944/6746/9
f 1647/5803/21 1931/5801/20 1945/5802/19 1654/5798/18
f 1946/6406/1 1947/6405/9 1948/6409/5 1949/6410/14
f 1950/5813/19 1951/5846/18 1932/5847/21 1933/5848/20
f 1952/6912/1 1953/6911/9 1954/6909/5 1955/6908/14
f 1653/5797/19 1956/5814/18 1934/5815/21 1648/5816/20
f 1939/5825/19 1744/5826/18 1620/5827/21 1772/5828/20
f 1940/5804/18 1939/5825/19 1772/5828/20 1771/5805/21
f 1945/5802/19 1940/5804/18 1771/5805/21 1779/5806/20
f 1654/5798/18 1945/5802/19 1779/5806/20 1655/5799/21
f 1759/5843/21 1623/5844/20 1748/5845/19 1951/5846/18
f 1760/5812/20 1759/5843/21 1951/5846/18 1950/5813/19
f 1766/5810/21 1760/5812/20 1950/5813/19 1956/5814/18
f 1656/5800/20 1766/5810/21 1956/5814/18 1653/5797/19
s 4
f 1798/133/10 1698/6050/13 1697/99/12 1957/168/852
f 1800/135/10 1798/133/10 1957/168/852 1958/169/852
f 1802/137/10 1800/135/10 1958/169/852 1959/170/852
f 1591/51/10 1802/137/10 1959/170/852 1657/69/852
f 1960/171/852 1676/82/7 1675/6077/11 1803/138/10
f 1961/172/852 1960/171/852 1803/138/10 1805/140/10
f 1962/173/852 1961/172/852 1805/140/10 1807/142/10
f 1658/70/852 1962/173/852 1807/142/10 1592/52/10
f 1957/168/852 1697/99/12 1701/101/12 1963/174/852
f 1958/169/852 1957/168/852 1963/174/852 1964/175/852
f 1959/170/852 1958/169/852 1964/175/852 1965/176/852
f 1657/69/852 1959/170/852 1965/176/852 1659/71/852
f 1966/177/852 1678/84/7 1676/82/7 1960/171/852
f 1967/178/852 1966/177/852 1960/171/852 1961/172/852
f 1968/179/852 1967/178/852 1961/172/852 1962/173/852
f 1660/72/852 1968/179/852 1962/173/852 1658/70/852
f 1963/174/852 1701/101/12 1703/103/12 1969/180/852
f 1964/175/852 1963/174/852 1969/180/852 1970/181/852
f 1965/176/852 1964/175/852 1970/181/852 1971/6026/852
f 1659/71/852 1965/176/852 1971/6026/852 1661/6039/852
f 1972/182/852 1680/86/7 1678/84/7 1966/177/852
f 1973/183/852 1972/182/852 1966/177/852 1967/178/852
f 1974/6053/852 1973/183/852 1967/178/852 1968/179/852
f 1662/6044/852 1974/6053/852 1968/179/852 1660/72/852
f 1969/180/852 1703/103/12 1596/56/12 1781/120/852
f 1970/181/852 1969/180/852 1781/120/852 1783/122/852
f 1971/6026/852 1970/181/852 1783/122/852 1785/6022/852
f 1664/74/853 1975/5972/13 1787/124/12 1582/42/852
f 1790/127/852 1587/47/7 1680/86/7 1972/182/852
f 1792/129/852 1790/127/852 1972/182/852 1973/183/852
f 1794/6046/852 1792/129/852 1973/183/852 1974/6053/852
f 1581/41/852 1796/131/854 1976/5974/11 1663/73/853
f 1810/145/16 1682/6064/8 1681/87/7 1977/184/852
f 1812/147/16 1810/145/16 1977/184/852 1978/185/852
f 1814/149/16 1812/147/16 1978/185/852 1979/186/852
f 1599/59/16 1814/149/16 1979/186/852 1665/75/852
f 1980/187/852 1692/94/12 1691/6030/17 1815/150/16
f 1981/188/852 1980/187/852 1815/150/16 1817/152/16
f 1982/189/852 1981/188/852 1817/152/16 1819/154/16
f 1666/76/852 1982/189/852 1819/154/16 1600/60/16
f 1977/184/852 1681/87/7 1685/89/7 1983/190/852
f 1978/185/852 1977/184/852 1983/190/852 1984/191/852
f 1979/186/852 1978/185/852 1984/191/852 1985/192/852
f 1665/75/852 1979/186/852 1985/192/852 1667/77/852
f 1986/193/852 1694/96/12 1692/94/12 1980/187/852
f 1987/194/852 1986/193/852 1980/187/852 1981/188/852
f 1988/195/852 1987/194/852 1981/188/852 1982/189/852
f 1668/78/852 1988/195/852 1982/189/852 1666/76/852
f 1983/190/852 1685/89/7 1687/91/7 1989/196/852
f 1984/191/852 1983/190/852 1989/196/852 1990/197/852
f 1985/192/852 1984/191/852 1990/197/852 1991/6034/852
f 1667/77/852 1985/192/852 1991/6034/852 1669/6025/852
f 1992/198/852 1696/98/12 1694/96/12 1986/193/852
f 1993/199/852 1992/198/852 1986/193/852 1987/194/852
f 1994/6019/852 1993/199/852 1987/194/852 1988/195/852
f 1670/6021/852 1994/6019/852 1988/195/852 1668/78/852
f 1989/196/852 1687/91/7 1588/48/7 1789/126/852
f 1990/197/852 1989/196/852 1789/126/852 1791/128/852
f 1991/6034/852 1990/197/852 1791/128/852 1793/6042/852
f 1672/80/16 1995/5987/8 1795/130/854 1584/44/852
f 1782/121/852 1595/55/12 1696/98/12 1992/198/852
f 1784/123/852 1782/121/852 1992/198/852 1993/199/852
f 1786/6020/852 1784/123/852 1993/199/852 1994/6019/852
f 1583/43/852 1788/125/12 1996/5984/17 1671/79/16
s off
f 1997/6531/802 1998/6534/855 1999/6515/856 2000/6518/779
f 2001/6487/776 2002/6490/857 2003/6479/858 2004/6482/803
f 2005/6571/11 2006/6568/9 2007/6567/1 2008/6572/13
f 2009/6513/802 2010/6512/855 2011/6525/856 2012/6528/779
f 2013/6503/776 2014/6506/857 2015/6497/858 2016/6496/803
f 2017/6517/802 2018/6516/855 2019/6511/856 2020/6514/779
f 2021/6495/776 2022/6498/857 2023/6489/858 2024/6488/803
f 2025/6605/17 2026/6604/14 2027/6603/5 2028/6606/8
f 2029/6471/776 2030/6467/857 2031/6470/858 2032/6476/803
f 2033/6547/802 2034/6550/855 2035/6539/856 2036/6542/779
f 2037/6481/776 2038/6480/857 2039/6473/858 2040/6472/803
f 2041/6541/802 2042/6540/855 2043/6533/856 2044/6532/779
f 2045/6291/802 2046/6294/855 2047/6297/856 2048/6300/779
f 2049/6350/776 2050/6352/857 2051/6357/858 2052/6360/803
f 2053/6878/802 2054/6880/855 2055/6885/856 2056/6888/779
f 2057/6826/776 2058/6828/857 2059/6841/858 2060/6844/803
f 2061/6123/776 2062/6122/857 2063/6137/858 2064/6140/803
f 2065/6179/802 2066/6182/855 2067/6173/856 2068/6172/779
f 2069/6702/802 2070/6704/855 2071/6709/856 2072/6711/779
f 2073/6659/776 2074/6658/857 2075/6665/858 2076/6668/803
f 2077/6315/802 2078/6314/855 2079/6329/856 2080/6332/779
f 2081/6335/776 2082/6338/857 2083/6341/858 2084/6343/803
f 2085/6411/11 2086/6408/9 2087/6407/1 2088/6412/13
f 2089/6957/11 2090/6956/9 2091/6955/1 2092/6958/13
f 2093/6895/802 2094/6894/855 2095/6901/856 2096/6904/779
f 2097/6831/776 2098/6834/857 2099/6821/858 2100/6820/803
f 2101/6251/11 2102/6248/9 2103/6247/1 2104/6252/13
f 2105/6162/802 2106/6164/855 2107/6168/856 2108/6159/779
f 2109/6127/776 2110/6130/857 2111/6121/858 2112/6120/803
f 2113/6781/11 2114/6780/9 2115/6779/1 2116/6782/13
f 2117/6719/802 2118/6718/855 2119/6725/856 2120/6728/779
f 2121/6643/776 2122/6646/857 2123/6649/858 2124/6651/803
f 2125/6299/802 2126/6298/855 2127/6313/856 2128/6316/779
f 2129/6342/776 2130/6344/857 2131/6349/858 2132/6351/803
f 2133/6887/802 2134/6886/855 2135/6893/856 2136/6896/779
f 2137/6819/776 2138/6822/857 2139/6825/858 2140/6827/803
f 2141/6119/776 2142/6115/857 2143/6118/858 2144/6124/803
f 2145/6171/802 2146/6174/855 2147/6163/856 2148/6165/779
f 2149/6710/802 2150/6712/855 2151/6717/856 2152/6720/779
f 2153/6650/776 2154/6652/857 2155/6657/858 2156/6660/803
f 2157/6146/776 2158/6148/857 2159/6153/858 2160/6156/803
f 2161/6195/802 2162/6198/855 2163/6187/856 2164/6190/779
f 2165/6245/17 2166/6242/14 2167/6241/5 2168/6246/8
f 2169/6747/17 2170/6744/14 2171/6743/5 2172/6748/8
f 2173/6674/776 2174/6676/857 2175/6681/858 2176/6684/803
f 2177/6687/802 2178/6690/855 2179/6693/856 2180/6696/779
f 2181/6429/17 2182/6428/14 2183/6427/5 2184/6430/8
f 2185/6366/776 2186/6368/857 2187/6373/858 2188/6376/803
f 2189/6319/802 2190/6322/855 2191/6303/856 2192/6306/779
f 2193/6933/17 2194/6930/14 2195/6929/5 2196/6934/8
f 2197/6850/776 2198/6852/857 2199/6857/858 2200/6860/803
f 2201/6867/802 2202/6870/855 2203/6863/856 2204/6866/779
f 2205/6139/776 2206/6138/857 2207/6145/858 2208/6147/803
f 2209/6189/802 2210/6188/855 2211/6181/856 2212/6180/779
f 2213/6667/776 2214/6666/857 2215/6673/858 2216/6675/803
f 2217/6695/802 2218/6694/855 2219/6701/856 2220/6703/779
f 2221/6305/802 2222/6304/855 2223/6293/856 2224/6292/779
f 2225/6359/776 2226/6358/857 2227/6365/858 2228/6367/803
f 2229/6843/776 2230/6842/857 2231/6849/858 2232/6851/803
f 2233/6865/802 2234/6864/855 2235/6877/856 2236/6879/779
f 2175/6739/858 1914/6735/14 1913/6736/5 2178/6740/855
f 2177/6752/802 1847/6755/20 1846/6756/21 2176/6751/803
f 2174/6676/857 1915/6679/1 1914/6680/14 2175/6681/858
f 2176/6684/803 1846/6685/21 1912/6686/18 2173/6674/776
f 2179/6731/856 1916/6732/9 1915/6733/1 2174/6734/857
f 2173/6638/776 1912/6639/18 1917/6640/19 2180/6635/779
f 2178/6690/855 1913/6691/5 1916/6692/9 2179/6693/856
f 2180/6696/779 1917/6697/19 1847/6698/20 2177/6687/802
f 2158/6148/857 1909/6151/1 1908/6152/14 2159/6153/858
f 2160/6156/803 1742/6157/21 1741/6158/18 2157/6146/776
f 2163/6226/856 1910/6229/9 1909/6230/1 2158/6225/857
f 2157/6104/776 1741/6105/18 1911/6106/19 2164/6103/779
f 2162/6198/855 1907/6199/5 1910/6200/9 2163/6187/856
f 2164/6190/779 1911/6201/19 1845/6202/20 2161/6195/802
f 2159/6237/858 1908/6233/14 1907/6234/5 2162/6238/855
f 2161/6250/802 1845/6253/20 1742/6254/21 2160/6249/803
f 2031/6601/858 1642/6599/14 1641/6600/5 2034/6602/855
f 2033/6608/802 1618/6609/20 1617/6610/21 2032/6607/803
f 2030/6467/857 1643/6468/1 1642/6469/14 2031/6470/858
f 2032/6476/803 1617/6477/21 1646/6478/18 2029/6471/776
f 2035/6596/856 1644/6597/9 1643/6598/1 2030/6595/857
f 2029/6462/776 1646/6463/18 1645/6464/19 2036/6459/779
f 2034/6550/855 1641/6551/5 1644/6552/9 2035/6539/856
f 2036/6542/779 1645/6553/19 1618/6554/20 2033/6547/802
f 2187/6425/858 1921/6424/14 1920/6423/5 2190/6426/855
f 2189/6432/802 1745/6433/20 1848/6434/21 2188/6431/803
f 2186/6368/857 1918/6371/1 1921/6372/14 2187/6373/858
f 2188/6376/803 1848/6377/21 1923/6378/18 2185/6366/776
f 2191/6418/856 1919/6421/9 1918/6422/1 2186/6417/857
f 2185/6283/776 1923/6284/18 1746/6285/19 2192/6286/779
f 2190/6322/855 1920/6323/5 1919/6324/9 2191/6303/856
f 2192/6306/779 1746/6325/19 1745/6326/20 2189/6319/802
f 2199/6925/858 1927/6922/14 1926/6921/5 2202/6926/855
f 2201/6938/802 1849/6941/20 1850/6942/21 2200/6937/803
f 2198/6852/857 1924/6855/1 1927/6856/14 2199/6857/858
f 2200/6860/803 1850/6861/21 1928/6862/18 2197/6850/776
f 2203/6914/856 1925/6917/9 1924/6918/1 2198/6913/857
f 2197/6814/776 1928/6815/18 1922/6816/19 2204/6811/779
f 2202/6870/855 1926/6871/5 1925/6872/9 2203/6863/856
f 2204/6866/779 1922/6873/19 1849/6874/20 2201/6867/802
f 2034/6550/855 2033/6547/802 2028/6548/8 2027/6549/5
f 2033/6608/802 2032/6607/803 2025/6605/17 2028/6606/8
f 2032/6476/803 2031/6470/858 2026/6474/14 2025/6475/17
f 2031/6601/858 2034/6602/855 2027/6603/5 2026/6604/14
f 2160/6156/803 2159/6153/858 2166/6154/14 2165/6155/17
f 2159/6237/858 2162/6238/855 2167/6241/5 2166/6242/14
f 2162/6198/855 2161/6195/802 2168/6196/8 2167/6197/5
f 2161/6250/802 2160/6249/803 2165/6245/17 2168/6246/8
f 2178/6690/855 2177/6687/802 2172/6688/8 2171/6689/5
f 2177/6752/802 2176/6751/803 2169/6747/17 2172/6748/8
f 2176/6684/803 2175/6681/858 2170/6682/14 2169/6683/17
f 2175/6739/858 2178/6740/855 2171/6743/5 2170/6744/14
f 2190/6322/855 2189/6319/802 2184/6320/8 2183/6321/5
f 2189/6432/802 2188/6431/803 2181/6429/17 2184/6430/8
f 2188/6376/803 2187/6373/858 2182/6374/14 2181/6375/17
f 2187/6425/858 2190/6426/855 2183/6427/5 2182/6428/14
f 2202/6870/855 2201/6867/802 2196/6868/8 2195/6869/5
f 2201/6938/802 2200/6937/803 2193/6933/17 2196/6934/8
f 2200/6860/803 2199/6857/858 2194/6858/14 2193/6859/17
f 2199/6925/858 2202/6926/855 2195/6929/5 2194/6930/14
f 1999/6578/856 1578/6581/9 1577/6582/1 2002/6577/857
f 2001/6446/776 1640/6447/18 1639/6448/19 2000/6443/779
f 1998/6534/855 1579/6535/5 1578/6536/9 1999/6515/856
f 2000/6518/779 1639/6537/19 1656/6538/20 1997/6531/802
f 2003/6585/858 1580/6584/14 1579/6583/5 1998/6586/855
f 1997/6454/802 1656/6455/20 1655/6456/21 2004/6451/803
f 2002/6490/857 1577/6491/1 1580/6492/14 2003/6479/858
f 2004/6482/803 1655/6493/21 1640/6494/18 2001/6487/776
f 2011/6563/856 1626/6559/9 1625/6560/1 2014/6564/857
f 2013/6576/776 1622/6579/18 1621/6580/19 2012/6575/779
f 2010/6512/855 1627/6523/5 1626/6524/9 2011/6525/856
f 2012/6528/779 1621/6529/19 1630/6530/20 2009/6513/802
f 2015/6555/858 1628/6556/14 1627/6557/5 2010/6558/855
f 2009/6436/802 1630/6441/20 1629/6442/21 2016/6437/803
f 2014/6506/857 1625/6507/1 1628/6508/14 2015/6497/858
f 2016/6496/803 1629/6509/21 1622/6510/18 2013/6503/776
f 2019/6562/856 1634/6565/9 1633/6566/1 2022/6561/857
f 2021/6438/776 1632/6439/18 1631/6440/19 2020/6435/779
f 2018/6516/855 1635/6519/5 1634/6520/9 2019/6511/856
f 2020/6514/779 1631/6521/19 1638/6522/20 2017/6517/802
f 2023/6573/858 1636/6570/14 1635/6569/5 2018/6574/855
f 2017/6444/802 1638/6449/20 1637/6450/21 2024/6445/803
f 2022/6498/857 1633/6499/1 1636/6500/14 2023/6489/858
f 2024/6488/803 1637/6501/21 1632/6502/18 2021/6495/776
f 2039/6593/858 1650/6591/14 1649/6592/5 2042/6594/855
f 2041/6460/802 1648/6465/20 1647/6466/21 2040/6461/803
f 2038/6480/857 1651/6483/1 1650/6484/14 2039/6473/858
f 2040/6472/803 1647/6485/21 1654/6486/18 2037/6481/776
f 2043/6587/856 1652/6589/9 1651/6590/1 2038/6588/857
f 2037/6452/776 1654/6457/18 1653/6458/19 2044/6453/779
f 2042/6540/855 1649/6543/5 1652/6544/9 2043/6533/856
f 2044/6532/779 1653/6545/19 1648/6546/20 2041/6541/802
f 2046/6294/855 1755/6295/5 1754/6296/9 2047/6297/856
f 2048/6300/779 1624/6301/19 1623/6302/20 2045/6291/802
f 2051/6397/858 1756/6394/14 1755/6393/5 2046/6398/855
f 2045/6280/802 1623/6281/20 1759/6282/21 2052/6279/803
f 2050/6352/857 1753/6355/1 1756/6356/14 2051/6357/858
f 2052/6360/803 1759/6361/21 1758/6362/18 2049/6350/776
f 2047/6386/856 1754/6389/9 1753/6390/1 2050/6385/857
f 2049/6267/776 1758/6268/18 1624/6269/19 2048/6270/779
f 2055/6931/856 1762/6927/9 1761/6928/1 2058/6932/857
f 2057/6798/776 1765/6799/18 1757/6800/19 2056/6795/779
f 2054/6880/855 1763/6883/5 1762/6884/9 2055/6885/856
f 2056/6888/779 1757/6889/19 1760/6890/20 2053/6878/802
f 2059/6920/858 1764/6923/14 1763/6924/5 2054/6919/855
f 2053/6806/802 1760/6807/20 1766/6808/21 2060/6803/803
f 2058/6828/857 1761/6839/1 1764/6840/14 2059/6841/858
f 2060/6844/803 1766/6845/21 1765/6846/18 2057/6826/776
f 2062/6122/857 1769/6135/1 1768/6136/14 2063/6137/858
f 2064/6140/803 1620/6141/21 1619/6142/18 2061/6123/776
f 2067/6211/856 1770/6208/9 1769/6207/1 2062/6212/857
f 2061/6107/776 1619/6108/18 1773/6109/19 2068/6110/779
f 2066/6182/855 1767/6183/5 1770/6184/9 2067/6173/856
f 2068/6172/779 1773/6185/19 1772/6186/20 2065/6179/802
f 2063/6203/858 1768/6204/14 1767/6205/5 2066/6206/855
f 2065/6096/802 1772/6097/20 1620/6098/21 2064/6095/803
f 2071/6761/856 1778/6760/9 1777/6759/1 2074/6762/857
f 2073/6620/776 1774/6625/18 1780/6626/19 2072/6621/779
f 2070/6704/855 1775/6707/5 1778/6708/9 2071/6709/856
f 2072/6711/779 1780/6713/19 1779/6714/20 2069/6702/802
f 2075/6754/858 1776/6757/14 1775/6758/5 2070/6753/855
f 2069/6630/802 1779/6631/20 1771/6632/21 2076/6627/803
f 2074/6658/857 1777/6663/1 1776/6664/14 2075/6665/858
f 2076/6668/803 1771/6669/21 1774/6670/18 2073/6659/776
f 2078/6314/855 1859/6327/5 1858/6328/9 2079/6329/856
f 2080/6332/779 1750/6333/19 1749/6334/20 2077/6315/802
f 2083/6391/858 1860/6395/14 1859/6396/5 2078/6392/855
f 2077/6263/802 1749/6265/20 1861/6266/21 2084/6264/803
f 2082/6338/857 1857/6339/1 1860/6340/14 2083/6341/858
f 2084/6343/803 1861/6345/21 1851/6346/18 2081/6335/776
f 2079/6403/856 1858/6399/9 1857/6400/1 2082/6404/857
f 2081/6416/776 1851/6419/18 1750/6420/19 2080/6415/779
f 2095/6953/856 1864/6951/9 1863/6952/1 2098/6954/857
f 2097/6960/776 1853/6961/18 1852/6962/19 2096/6959/779
f 2094/6894/855 1865/6899/5 1864/6900/9 2095/6901/856
f 2096/6904/779 1852/6905/19 1862/6906/20 2093/6895/802
f 2099/6947/858 1866/6949/14 1865/6950/5 2094/6948/855
f 2093/6788/802 1862/6793/20 1867/6794/21 2100/6789/803
f 2098/6834/857 1863/6835/1 1866/6836/14 2099/6821/858
f 2100/6820/803 1867/6837/21 1853/6838/18 2097/6831/776
f 2107/6243/856 1871/6240/9 1870/6239/1 2110/6244/857
f 2109/6256/776 1737/6257/18 1854/6258/19 2108/6255/779
f 2106/6164/855 1868/6166/5 1871/6167/9 2107/6168/856
f 2108/6159/779 1854/6160/19 1873/6161/20 2105/6162/802
f 2111/6231/858 1869/6235/14 1868/6236/5 2106/6232/855
f 2105/6084/802 1873/6089/20 1738/6090/21 2112/6085/803
f 2110/6130/857 1870/6131/1 1869/6132/14 2111/6121/858
f 2112/6120/803 1738/6133/21 1737/6134/18 2109/6127/776
f 2119/6777/856 1877/6776/9 1876/6775/1 2122/6778/857
f 2121/6784/776 1855/6785/18 1856/6786/19 2120/6783/779
f 2118/6718/855 1874/6723/5 1877/6724/9 2119/6725/856
f 2120/6728/779 1856/6729/19 1878/6730/20 2117/6719/802
f 2123/6771/858 1875/6773/14 1874/6774/5 2118/6772/855
f 2117/6612/802 1878/6617/20 1872/6618/21 2124/6613/803
f 2122/6646/857 1876/6647/1 1875/6648/14 2123/6649/858
f 2124/6651/803 1872/6653/21 1855/6654/18 2121/6643/776
f 2126/6298/855 1887/6311/5 1886/6312/9 2127/6313/856
f 2128/6316/779 1751/6317/19 1752/6318/20 2125/6299/802
f 2131/6379/858 1888/6380/14 1887/6381/5 2126/6382/855
f 2125/6271/802 1752/6273/20 1889/6274/21 2132/6272/803
f 2130/6344/857 1885/6347/1 1888/6348/14 2131/6349/858
f 2132/6351/803 1889/6353/21 1879/6354/18 2129/6342/776
f 2127/6387/856 1886/6383/9 1885/6384/1 2130/6388/857
f 2129/6259/776 1879/6260/18 1751/6261/19 2128/6262/779
f 2135/6945/856 1892/6943/9 1891/6944/1 2138/6946/857
f 2137/6790/776 1881/6791/18 1880/6792/19 2136/6787/779
f 2134/6886/855 1893/6891/5 1892/6892/9 2135/6893/856
f 2136/6896/779 1880/6897/19 1890/6898/20 2133/6887/802
f 2139/6935/858 1894/6939/14 1893/6940/5 2134/6936/855
f 2133/6796/802 1890/6801/20 1895/6802/21 2140/6797/803
f 2138/6822/857 1891/6823/1 1894/6824/14 2139/6825/858
f 2140/6827/803 1895/6829/21 1881/6830/18 2137/6819/776
f 2142/6115/857 1898/6116/1 1897/6117/14 2143/6118/858
f 2144/6124/803 1740/6125/21 1739/6126/18 2141/6119/776
f 2147/6227/856 1899/6224/9 1898/6223/1 2142/6228/857
f 2141/6086/776 1739/6087/18 1882/6088/19 2148/6083/779
f 2146/6174/855 1896/6175/5 1899/6176/9 2147/6163/856
f 2148/6165/779 1882/6177/19 1901/6178/20 2145/6171/802
f 2143/6216/858 1897/6219/14 1896/6220/5 2146/6215/855
f 2145/6112/802 1901/6113/20 1740/6114/21 2144/6111/803
f 2151/6769/856 1905/6768/9 1904/6767/1 2154/6770/857
f 2153/6614/776 1883/6615/18 1884/6616/19 2152/6611/779
f 2150/6712/855 1902/6715/5 1905/6716/9 2151/6717/856
f 2152/6720/779 1884/6721/19 1906/6722/20 2149/6710/802
f 2155/6764/858 1903/6765/14 1902/6766/5 2150/6763/855
f 2149/6622/802 1906/6623/20 1900/6624/21 2156/6619/803
f 2154/6652/857 1904/6655/1 1903/6656/14 2155/6657/858
f 2156/6660/803 1900/6661/21 1883/6662/18 2153/6650/776
f 2206/6138/857 1937/6143/1 1936/6144/14 2207/6145/858
f 2208/6147/803 1743/6149/21 1744/6150/18 2205/6139/776
f 2211/6209/856 1938/6213/9 1937/6214/1 2206/6210/857
f 2205/6091/776 1744/6092/18 1939/6093/19 2212/6094/779
f 2210/6188/855 1935/6191/5 1938/6192/9 2211/6181/856
f 2212/6180/779 1939/6193/19 1929/6194/20 2209/6189/802
f 2207/6221/858 1936/6217/14 1935/6218/5 2210/6222/855
f 2209/6099/802 1929/6100/20 1743/6101/21 2208/6102/803
f 2215/6737/858 1942/6741/14 1941/6742/5 2218/6738/855
f 2217/6636/802 1931/6641/20 1930/6642/21 2216/6637/803
f 2214/6666/857 1943/6671/1 1942/6672/14 2215/6673/858
f 2216/6675/803 1930/6677/21 1940/6678/18 2213/6667/776
f 2219/6749/856 1944/6746/9 1943/6745/1 2214/6750/857
f 2213/6628/776 1940/6633/18 1945/6634/19 2220/6629/779
f 2218/6694/855 1941/6699/5 1944/6700/9 2219/6701/856
f 2220/6703/779 1945/6705/19 1931/6706/20 2217/6695/802
f 2222/6304/855 1948/6307/5 1947/6308/9 2223/6293/856
f 2224/6292/779 1748/6309/19 1747/6310/20 2221/6305/802
f 2227/6413/858 1949/6410/14 1948/6409/5 2222/6414/855
f 2221/6287/802 1747/6289/20 1932/6290/21 2228/6288/803
f 2226/6358/857 1946/6363/1 1949/6364/14 2227/6365/858
f 2228/6367/803 1932/6369/21 1951/6370/18 2225/6359/776
f 2223/6401/856 1947/6405/9 1946/6406/1 2226/6402/857
f 2225/6275/776 1951/6276/18 1748/6277/19 2224/6278/779
f 2231/6907/858 1955/6908/14 1954/6909/5 2234/6910/855
f 2233/6812/802 1933/6817/20 1934/6818/21 2232/6813/803
f 2230/6842/857 1952/6847/1 1955/6848/14 2231/6849/858
f 2232/6851/803 1934/6853/21 1956/6854/18 2229/6843/776
f 2235/6915/856 1953/6911/9 1952/6912/1 2230/6916/857
f 2229/6804/776 1956/6809/18 1950/6810/19 2236/6805/779
f 2234/6864/855 1954/6875/5 1953/6876/9 2235/6877/856
f 2236/6879/779 1950/6881/19 1933/6882/20 2233/6865/802
f 2014/6506/857 2013/6503/776 2008/6504/13 2007/6505/1
f 2013/6576/776 2012/6575/779 2005/6571/11 2008/6572/13
f 2012/6528/779 2011/6525/856 2006/6526/9 2005/6527/11
f 2011/6563/856 2014/6564/857 2007/6567/1 2006/6568/9
f 2080/6332/779 2079/6329/856 2086/6330/9 2085/6331/11
f 2079/6403/856 2082/6404/857 2087/6407/1 2086/6408/9
f 2082/6338/857 2081/6335/776 2088/6336/13 2087/6337/1
f 2081/6416/776 2080/6415/779 2085/6411/11 2088/6412/13
f 2098/6834/857 2097/6831/776 2092/6832/13 2091/6833/1
f 2097/6960/776 2096/6959/779 2089/6957/11 2092/6958/13
f 2096/6904/779 2095/6901/856 2090/6902/9 2089/6903/11
f 2095/6953/856 2098/6954/857 2091/6955/1 2090/6956/9
f 2110/6130/857 2109/6127/776 2104/6128/13 2103/6129/1
f 2109/6256/776 2108/6255/779 2101/6251/11 2104/6252/13
f 2108/6159/779 2107/6168/856 2102/6169/9 2101/6170/11
f 2107/6243/856 2110/6244/857 2103/6247/1 2102/6248/9
f 2122/6646/857 2121/6643/776 2116/6644/13 2115/6645/1
f 2121/6784/776 2120/6783/779 2113/6781/11 2116/6782/13
f 2120/6728/779 2119/6725/856 2114/6726/9 2113/6727/11
f 2119/6777/856 2122/6778/857 2115/6779/1 2114/6780/9
s 1
f 2142/6115/857 2141/6119/776 2112/6120/803 2111/6121/858
s 2
f 2141/6086/776 2148/6083/779 2105/6084/802 2112/6085/803
f 2147/6227/856 2142/6228/857 2111/6231/858 2106/6232/855
s 1
f 2148/6165/779 2147/6163/856 2106/6164/855 2105/6162/802
f 2154/6652/857 2153/6650/776 2124/6651/803 2123/6649/858
s 2
f 2153/6614/776 2152/6611/779 2117/6612/802 2124/6613/803
f 2151/6769/856 2154/6770/857 2123/6771/858 2118/6772/855
s 1
f 2152/6720/779 2151/6717/856 2118/6718/855 2117/6719/802
f 2022/6498/857 2021/6495/776 2016/6496/803 2015/6497/858
s 2
f 2021/6438/776 2020/6435/779 2009/6436/802 2016/6437/803
f 2019/6562/856 2022/6561/857 2015/6555/858 2010/6558/855
s 1
f 2020/6514/779 2019/6511/856 2010/6512/855 2009/6513/802
f 2138/6822/857 2137/6819/776 2100/6820/803 2099/6821/858
s 2
f 2137/6790/776 2136/6787/779 2093/6788/802 2100/6789/803
f 2135/6945/856 2138/6946/857 2099/6947/858 2094/6948/855
s 1
f 2136/6896/779 2135/6893/856 2094/6894/855 2093/6895/802
f 2130/6344/857 2129/6342/776 2084/6343/803 2083/6341/858
s 2
f 2129/6259/776 2128/6262/779 2077/6263/802 2084/6264/803
f 2127/6387/856 2130/6388/857 2083/6391/858 2078/6392/855
s 1
f 2128/6316/779 2127/6313/856 2078/6314/855 2077/6315/802
f 2144/6124/803 2143/6118/858 2062/6122/857 2061/6123/776
s 2
f 2145/6112/802 2144/6111/803 2061/6107/776 2068/6110/779
f 2143/6216/858 2146/6215/855 2067/6211/856 2062/6212/857
s 1
f 2146/6174/855 2145/6171/802 2068/6172/779 2067/6173/856
f 2156/6660/803 2155/6657/858 2074/6658/857 2073/6659/776
s 2
f 2149/6622/802 2156/6619/803 2073/6620/776 2072/6621/779
s 4
f 2150/6712/855 2149/6710/802 2072/6711/779 2071/6709/856
s 8
f 2155/6764/858 2150/6763/855 2071/6761/856 2074/6762/857
s 1
f 2002/6490/857 2001/6487/776 2024/6488/803 2023/6489/858
s 2
f 2001/6446/776 2000/6443/779 2017/6444/802 2024/6445/803
s 1
f 2000/6518/779 1999/6515/856 2018/6516/855 2017/6517/802
s 2
f 1999/6578/856 2002/6577/857 2023/6573/858 2018/6574/855
s 1
f 2048/6300/779 2047/6297/856 2126/6298/855 2125/6299/802
s 2
f 2047/6386/856 2050/6385/857 2131/6379/858 2126/6382/855
s 1
f 2050/6352/857 2049/6350/776 2132/6351/803 2131/6349/858
s 2
f 2049/6267/776 2048/6270/779 2125/6271/802 2132/6272/803
s 1
f 2058/6828/857 2057/6826/776 2140/6827/803 2139/6825/858
s 2
f 2057/6798/776 2056/6795/779 2133/6796/802 2140/6797/803
s 1
f 2056/6888/779 2055/6885/856 2134/6886/855 2133/6887/802
s 2
f 2055/6931/856 2058/6932/857 2139/6935/858 2134/6936/855
s 1
f 1998/6534/855 1997/6531/802 2044/6532/779 2043/6533/856
s 2
f 1997/6454/802 2004/6451/803 2037/6452/776 2044/6453/779
s 1
f 2004/6482/803 2003/6479/858 2038/6480/857 2037/6481/776
s 2
f 2003/6585/858 1998/6586/855 2043/6587/856 2038/6588/857
s 1
f 2046/6294/855 2045/6291/802 2224/6292/779 2223/6293/856
s 2
f 2045/6280/802 2052/6279/803 2225/6275/776 2224/6278/779
s 1
f 2052/6360/803 2051/6357/858 2226/6358/857 2225/6359/776
s 2
f 2051/6397/858 2046/6398/855 2223/6401/856 2226/6402/857
s 1
f 2054/6880/855 2053/6878/802 2236/6879/779 2235/6877/856
s 2
f 2053/6806/802 2060/6803/803 2229/6804/776 2236/6805/779
s 1
f 2060/6844/803 2059/6841/858 2230/6842/857 2229/6843/776
s 2
f 2059/6920/858 2054/6919/855 2235/6915/856 2230/6916/857
s 1
f 2064/6140/803 2063/6137/858 2206/6138/857 2205/6139/776
s 2
f 2063/6203/858 2066/6206/855 2211/6209/856 2206/6210/857
s 1
f 2066/6182/855 2065/6179/802 2212/6180/779 2211/6181/856
s 2
f 2065/6096/802 2064/6095/803 2205/6091/776 2212/6094/779
s 1
f 2070/6704/855 2069/6702/802 2220/6703/779 2219/6701/856
s 2
f 2069/6630/802 2076/6627/803 2213/6628/776 2220/6629/779
s 1
f 2076/6668/803 2075/6665/858 2214/6666/857 2213/6667/776
s 2
f 2075/6754/858 2070/6753/855 2219/6749/856 2214/6750/857
s 1
f 2174/6676/857 2173/6674/776 2216/6675/803 2215/6673/858
s 2
f 2173/6638/776 2180/6635/779 2217/6636/802 2216/6637/803
s 1
f 2180/6696/779 2179/6693/856 2218/6694/855 2217/6695/802
s 2
f 2179/6731/856 2174/6734/857 2215/6737/858 2218/6738/855
s 1
f 2158/6148/857 2157/6146/776 2208/6147/803 2207/6145/858
s 2
f 2157/6104/776 2164/6103/779 2209/6099/802 2208/6102/803
s 1
f 2164/6190/779 2163/6187/856 2210/6188/855 2209/6189/802
s 2
f 2163/6226/856 2158/6225/857 2207/6221/858 2210/6222/855
s 1
f 2030/6467/857 2029/6471/776 2040/6472/803 2039/6473/858
s 2
f 2029/6462/776 2036/6459/779 2041/6460/802 2040/6461/803
s 1
f 2036/6542/779 2035/6539/856 2042/6540/855 2041/6541/802
s 2
f 2035/6596/856 2030/6595/857 2039/6593/858 2042/6594/855
s 1
f 2186/6368/857 2185/6366/776 2228/6367/803 2227/6365/858
s 2
f 2185/6283/776 2192/6286/779 2221/6287/802 2228/6288/803
s 1
f 2192/6306/779 2191/6303/856 2222/6304/855 2221/6305/802
s 2
f 2191/6418/856 2186/6417/857 2227/6413/858 2222/6414/855
s 1
f 2198/6852/857 2197/6850/776 2232/6851/803 2231/6849/858
s 2
f 2197/6814/776 2204/6811/779 2233/6812/802 2232/6813/803
s 1
f 2204/6866/779 2203/6863/856 2234/6864/855 2233/6865/802
s 2
f 2203/6914/856 2198/6913/857 2231/6907/858 2234/6910/855
s off
f 1974/5999/852 1662/6001/852 2237/200/16 2238/201/25
f 1662/6001/852 1661/6003/852 2239/202/16 2237/200/16
f 1661/6003/852 1971/6005/852 2240/203/22 2239/202/16
f 1971/6005/852 1785/6007/852 2241/204/854 2240/203/22
f 1785/6007/852 1786/6009/852 2242/205/854 2241/204/854
f 1786/6009/852 1994/6011/852 2243/206/23 2242/205/854
f 1994/6011/852 1670/6013/852 2244/207/853 2243/206/23
f 1670/6013/852 1669/6016/852 2245/208/853 2244/207/853
f 1669/6016/852 1991/6018/852 2246/6017/24 2245/208/853
f 1991/5994/852 1793/5995/852 2247/209/12 2246/5992/24
f 1793/5995/852 1794/5997/852 2248/210/12 2247/209/12
f 1794/5997/852 1974/5999/852 2238/201/25 2248/210/12
f 2238/201/25 2237/200/16 2249/211/16 2250/212/17
f 2237/200/16 2239/202/16 2251/213/16 2249/211/16
f 2239/202/16 2240/203/22 2252/214/8 2251/213/16
f 2240/203/22 2241/204/854 2253/215/854 2252/214/8
f 2241/204/854 2242/205/854 2254/216/854 2253/215/854
f 2242/205/854 2243/206/23 2255/217/11 2254/216/854
f 2243/206/23 2244/207/853 2256/218/853 2255/217/11
f 2244/207/853 2245/208/853 2257/219/853 2256/218/853
f 2245/208/853 2246/6017/24 2258/6014/13 2257/219/853
f 2246/5992/24 2247/209/12 2259/220/12 2258/5991/13
f 2247/209/12 2248/210/12 2260/221/12 2259/220/12
f 2248/210/12 2238/201/25 2250/212/17 2260/221/12
f 2250/212/17 2249/211/16 2261/5998/853 2262/5996/23
f 2249/211/16 2251/213/16 2263/6000/853 2261/5998/853
f 2251/213/16 2252/214/8 2264/6002/24 2263/6000/853
f 2252/214/8 2253/215/854 2265/6004/12 2264/6002/24
f 2253/215/854 2254/216/854 2266/6006/12 2265/6004/12
f 2254/216/854 2255/217/11 2267/6008/25 2266/6006/12
f 2255/217/11 2256/218/853 2268/6010/16 2267/6008/25
f 2256/218/853 2257/219/853 2269/6012/16 2268/6010/16
f 2257/219/853 2258/6014/13 2270/6015/22 2269/6012/16
f 2258/5991/13 2259/220/12 2271/5989/854 2270/5990/22
f 2259/220/12 2260/221/12 2272/5993/854 2271/5989/854
f 2260/221/12 2250/212/17 2262/5996/23 2272/5993/854
f 2262/5973/23 2261/5969/853 1663/73/853 1976/5974/11
f 2261/5969/853 2263/5970/853 1664/74/853 1663/73/853
f 2263/5970/853 2264/5971/24 1975/5972/13 1664/74/853
f 2264/5975/24 2265/5976/12 1787/124/12 1975/5972/13
f 2265/5976/12 2266/5979/12 1788/125/12 1787/124/12
f 2266/5979/12 2267/5983/25 1996/5984/17 1788/125/12
f 2267/5985/25 2268/5980/16 1671/79/16 1996/5984/17
f 2268/5980/16 2269/5981/16 1672/80/16 1671/79/16
f 2269/5981/16 2270/5986/22 1995/5987/8 1672/80/16
f 2270/5988/22 2271/5982/854 1795/130/854 1995/5987/8
f 2271/5982/854 2272/5977/854 1796/131/854 1795/130/854
f 2272/5977/854 2262/5978/23 1976/5974/11 1796/131/854
s 1
f 2273/4874/859 2274/4864/860 2275/4869/861 2276/4879/862
s 8
f 2276/4879/862 2275/4869/861 2277/4877/863 2278/4878/864
f 2275/4869/861 2279/4861/865 2280/4867/866 2277/4868/863
f 2279/4861/865 2281/4858/867 2282/4859/868 2280/4860/866
f 2281/4858/867 2274/4864/860 2283/4865/869 2282/4866/868
f 2274/4864/860 2273/4874/859 2284/4875/870 2283/4876/869
f 2273/4874/859 2276/4879/862 2278/4880/864 2284/4881/870
s 1
f 2285/4884/871 2286/4885/872 2278/4878/864 2277/4877/863
f 2287/4872/873 2285/4873/871 2277/4868/863 2280/4867/866
f 2288/4862/874 2287/4863/873 2280/4860/866 2282/4859/868
f 2289/4870/875 2288/4871/874 2282/4866/868 2283/4865/869
f 2289/4882/875 2283/4876/869 2284/4875/870 2290/4883/876
f 2290/4886/876 2284/4881/870 2278/4880/864 2286/4887/872
s off
f 2286/5467/872 2285/5468/871 2291/5469/877 2292/5470/878
f 2285/5527/871 2287/5528/873 2293/5517/879 2291/5518/877
f 2287/5529/873 2288/5530/874 2294/5519/880 2293/5520/879
f 2288/5531/874 2289/5532/875 2295/5521/881 2294/5522/880
f 2290/5525/876 2286/5526/872 2292/5515/878 2296/5516/882
f 2289/5523/875 2290/5524/876 2296/5513/882 2295/5514/881
f 2292/5470/878 2291/5469/877 2297/5471/883 2298/5472/884
f 2291/5518/877 2293/5517/879 2299/5507/885 2297/5508/883
f 2293/5520/879 2294/5519/880 2300/5509/886 2299/5510/885
f 2294/5522/880 2295/5521/881 2301/5511/887 2300/5512/886
f 2296/5516/882 2292/5515/878 2298/5505/884 2302/5506/888
f 2295/5514/881 2296/5513/882 2302/5503/888 2301/5504/887
f 2298/5472/884 2297/5471/883 2303/5473/889 2304/5474/890
f 2297/5508/883 2299/5507/885 2305/5497/891 2303/5498/889
f 2299/5510/885 2300/5509/886 2306/5499/892 2305/5500/891
f 2300/5512/886 2301/5511/887 2307/5501/893 2306/5502/892
f 2302/5506/888 2298/5505/884 2304/5495/890 2308/5496/894
f 2301/5504/887 2302/5503/888 2308/5493/894 2307/5494/893
f 2304/5474/890 2303/5473/889 2309/5475/895 2310/5476/896
f 2303/5498/889 2305/5497/891 2311/5485/897 2309/5487/895
f 2305/5500/891 2306/5499/892 2312/5488/898 2311/5490/897
f 2306/5502/892 2307/5501/893 2313/5491/899 2312/5492/898
f 2308/5496/894 2304/5495/890 2310/5483/896 2314/5484/900
f 2307/5494/893 2308/5493/894 2314/5479/900 2313/5482/899
f 2310/5476/896 2309/5475/895 2315/5477/901 2316/5478/902
f 2309/5487/895 2311/5485/897 2317/5486/903 2315/5477/901
f 2311/5490/897 2312/5488/898 2318/5489/904 2317/5486/903
f 2312/5492/898 2313/5491/899 2319/5481/905 2318/5489/904
f 2314/5484/900 2310/5483/896 2316/5478/902 2320/5480/906
f 2313/5482/899 2314/5479/900 2320/5480/906 2319/5481/905
f 2315/5477/901 2319/5481/905 2320/5480/906 2316/5478/902
f 2315/5477/901 2317/5486/903 2318/5489/904 2319/5481/905
s 1
f 2274/4864/860 2281/4858/867 2279/4861/865 2275/4869/861
f 2321/4934/859 2322/4918/860 2323/4929/861 2324/4939/907
s 8
f 2324/4939/907 2323/4929/861 2325/4937/863 2326/4938/864
f 2323/4929/861 2327/4926/865 2328/4927/866 2325/4928/863
f 2327/4926/865 2329/4921/867 2330/4924/868 2328/4925/866
f 2329/4921/867 2322/4918/860 2331/4919/869 2330/4920/868
f 2322/4918/860 2321/4934/859 2332/4935/870 2331/4936/869
f 2321/4934/859 2324/4939/907 2326/4940/864 2332/4941/870
s 1
f 2333/4944/871 2334/4945/872 2326/4938/864 2325/4937/863
f 2335/4932/873 2333/4933/871 2325/4928/863 2328/4927/866
f 2336/4930/874 2335/4931/873 2328/4925/866 2330/4924/868
f 2337/4922/875 2336/4923/874 2330/4920/868 2331/4919/869
f 2337/4942/875 2331/4936/869 2332/4935/870 2338/4943/876
f 2338/4946/876 2332/4941/870 2326/4940/864 2334/4947/872
s off
f 2334/5789/872 2333/5790/871 2339/5779/877 2340/5780/878
f 2333/5791/871 2335/5792/873 2341/5781/879 2339/5782/877
f 2335/5793/873 2336/5794/874 2342/5783/880 2341/5784/879
f 2336/5795/874 2337/5796/875 2343/5785/881 2342/5786/880
f 2338/5787/876 2334/5788/872 2340/5777/878 2344/5778/882
f 2337/5731/875 2338/5732/876 2344/5733/882 2343/5734/881
f 2340/5780/878 2339/5779/877 2345/5769/883 2346/5770/884
f 2339/5782/877 2341/5781/879 2347/5771/885 2345/5772/883
f 2341/5784/879 2342/5783/880 2348/5773/886 2347/5774/885
f 2342/5786/880 2343/5785/881 2349/5775/887 2348/5776/886
f 2344/5778/882 2340/5777/878 2346/5767/884 2350/5768/888
f 2343/5734/881 2344/5733/882 2350/5735/888 2349/5736/887
f 2346/5770/884 2345/5769/883 2351/5759/889 2352/5760/890
f 2345/5772/883 2347/5771/885 2353/5761/891 2351/5762/889
f 2347/5774/885 2348/5773/886 2354/5763/892 2353/5764/891
f 2348/5776/886 2349/5775/887 2355/5765/893 2354/5766/892
f 2350/5768/888 2346/5767/884 2352/5757/890 2356/5758/894
f 2349/5736/887 2350/5735/888 2356/5737/894 2355/5738/893
f 2352/5760/890 2351/5759/889 2357/5746/895 2358/5748/896
f 2351/5762/889 2353/5761/891 2359/5749/897 2357/5751/895
f 2353/5764/891 2354/5763/892 2360/5752/898 2359/5754/897
f 2354/5766/892 2355/5765/893 2361/5755/899 2360/5756/898
f 2356/5758/894 2352/5757/890 2358/5743/896 2362/5745/900
f 2355/5738/893 2356/5737/894 2362/5739/900 2361/5740/899
f 2358/5748/896 2357/5746/895 2363/5747/901 2364/5744/902
f 2357/5751/895 2359/5749/897 2365/5750/903 2363/5747/901
f 2359/5754/897 2360/5752/898 2366/5753/904 2365/5750/903
f 2360/5756/898 2361/5755/899 2367/5742/905 2366/5753/904
f 2362/5745/900 2358/5743/896 2364/5744/902 2368/5741/906
f 2361/5740/899 2362/5739/900 2368/5741/906 2367/5742/905
f 2363/5747/901 2367/5742/905 2368/5741/906 2364/5744/902
f 2363/5747/901 2365/5750/903 2366/5753/904 2367/5742/905
s 1
f 2322/4918/860 2329/4921/867 2327/4926/865 2323/4929/861
f 2369/4844/859 2370/4834/860 2371/4831/861 2372/4849/862
s 8
f 2372/4849/862 2371/4831/861 2373/4847/863 2374/4848/864
f 2371/4831/861 2375/4828/865 2376/4829/866 2373/4830/863
f 2375/4828/865 2377/4837/867 2378/4838/868 2376/4839/866
f 2377/4837/867 2370/4834/860 2379/4835/869 2378/4836/868
f 2370/4834/860 2369/4844/859 2380/4845/870 2379/4846/869
f 2369/4844/859 2372/4849/862 2374/4850/864 2380/4851/870
s 1
f 2381/4854/871 2382/4855/872 2374/4848/864 2373/4847/863
f 2383/4832/873 2381/4833/871 2373/4830/863 2376/4829/866
f 2384/4842/874 2383/4843/873 2376/4839/866 2378/4838/868
f 2385/4840/875 2384/4841/874 2378/4836/868 2379/4835/869
f 2385/4852/875 2379/4846/869 2380/4845/870 2386/4853/876
f 2386/4856/876 2380/4851/870 2374/4850/864 2382/4857/872
s off
f 2382/5597/872 2381/5598/871 2387/5591/877 2388/5592/878
f 2381/5583/871 2383/5584/873 2389/5573/908 2387/5574/877
f 2383/5585/873 2384/5586/874 2390/5575/880 2389/5576/908
f 2384/5533/874 2385/5534/875 2391/5535/881 2390/5536/880
f 2386/5595/876 2382/5596/872 2388/5589/878 2392/5590/882
f 2385/5593/875 2386/5594/876 2392/5587/882 2391/5588/881
f 2388/5592/878 2387/5591/877 2393/5581/883 2394/5582/884
f 2387/5574/877 2389/5573/908 2395/5563/885 2393/5564/883
f 2389/5576/908 2390/5575/880 2396/5565/909 2395/5566/885
f 2390/5536/880 2391/5535/881 2397/5537/887 2396/5538/909
f 2392/5590/882 2388/5589/878 2394/5579/884 2398/5580/888
f 2391/5588/881 2392/5587/882 2398/5577/888 2397/5578/887
f 2394/5582/884 2393/5581/883 2399/5571/889 2400/5572/890
f 2393/5564/883 2395/5563/885 2401/5551/891 2399/5552/889
f 2395/5566/885 2396/5565/909 2402/5553/892 2401/5554/891
f 2396/5538/909 2397/5537/887 2403/5539/893 2402/5540/892
f 2398/5580/888 2394/5579/884 2400/5569/890 2404/5570/894
f 2397/5578/887 2398/5577/888 2404/5567/894 2403/5568/893
f 2400/5572/890 2399/5571/889 2405/5561/895 2406/5562/896
f 2399/5552/889 2401/5551/891 2407/5545/897 2405/5548/895
f 2401/5554/891 2402/5553/892 2408/5549/898 2407/5550/897
f 2402/5540/892 2403/5539/893 2409/5541/899 2408/5542/898
f 2404/5570/894 2400/5569/890 2406/5558/896 2410/5560/900
f 2403/5568/893 2404/5567/894 2410/5555/900 2409/5557/899
f 2406/5562/896 2405/5561/895 2411/5547/901 2412/5559/902
f 2405/5548/895 2407/5545/897 2413/5546/903 2411/5547/901
f 2407/5550/897 2408/5549/898 2414/5544/904 2413/5546/903
f 2408/5542/898 2409/5541/899 2415/5543/905 2414/5544/904
f 2410/5560/900 2406/5558/896 2412/5559/902 2416/5556/906
f 2409/5557/899 2410/5555/900 2416/5556/906 2415/5543/905
f 2411/5547/901 2415/5543/905 2416/5556/906 2412/5559/902
f 2411/5547/901 2413/5546/903 2414/5544/904 2415/5543/905
s 1
f 2370/4834/860 2377/4837/867 2375/4828/865 2371/4831/861
f 2417/4904/859 2418/4892/860 2419/4899/861 2420/4909/862
s 8
f 2420/4909/862 2419/4899/861 2421/4907/863 2422/4908/864
f 2419/4899/861 2423/4896/865 2424/4897/866 2421/4898/863
f 2423/4896/865 2425/4893/867 2426/4894/868 2424/4895/866
f 2425/4893/867 2418/4892/860 2427/4891/869 2426/4890/868
f 2418/4892/860 2417/4904/859 2428/4905/870 2427/4906/869
f 2417/4904/859 2420/4909/862 2422/4910/864 2428/4911/870
s 1
f 2429/4914/871 2430/4915/872 2422/4908/864 2421/4907/863
f 2431/4902/873 2429/4903/871 2421/4898/863 2424/4897/866
f 2432/4900/874 2431/4901/873 2424/4895/866 2426/4894/868
f 2433/4888/875 2432/4889/874 2426/4890/868 2427/4891/869
f 2433/4912/875 2427/4906/869 2428/4905/870 2434/4913/876
f 2434/4916/876 2428/4911/870 2422/4910/864 2430/4917/872
s off
f 2430/5729/872 2429/5730/871 2435/5723/877 2436/5724/878
f 2429/5675/871 2431/5676/873 2437/5673/908 2435/5674/877
f 2431/5715/873 2432/5716/874 2438/5705/880 2437/5706/908
f 2432/5717/874 2433/5718/875 2439/5707/881 2438/5708/880
f 2434/5727/876 2430/5728/872 2436/5721/878 2440/5722/882
f 2433/5725/875 2434/5726/876 2440/5719/882 2439/5720/881
f 2436/5724/878 2435/5723/877 2441/5713/883 2442/5714/884
f 2435/5674/877 2437/5673/908 2443/5669/885 2441/5670/883
f 2437/5706/908 2438/5705/880 2444/5695/909 2443/5696/885
f 2438/5708/880 2439/5707/881 2445/5697/887 2444/5698/909
f 2440/5722/882 2436/5721/878 2442/5711/884 2446/5712/910
f 2439/5720/881 2440/5719/882 2446/5709/910 2445/5710/887
f 2442/5714/884 2441/5713/883 2447/5703/889 2448/5704/890
f 2441/5670/883 2443/5669/885 2449/5665/891 2447/5668/889
f 2443/5696/885 2444/5695/909 2450/5683/892 2449/5684/891
f 2444/5698/909 2445/5697/887 2451/5685/893 2450/5686/892
f 2446/5712/910 2442/5711/884 2448/5701/890 2452/5702/894
f 2445/5710/887 2446/5709/910 2452/5699/894 2451/5700/893
f 2448/5704/890 2447/5703/889 2453/5693/895 2454/5694/896
f 2447/5668/889 2449/5665/891 2455/5666/897 2453/5667/895
f 2449/5684/891 2450/5683/892 2456/5677/898 2455/5679/897
f 2450/5686/892 2451/5685/893 2457/5680/899 2456/5682/898
f 2452/5702/894 2448/5701/890 2454/5690/896 2458/5692/900
f 2451/5700/893 2452/5699/894 2458/5687/900 2457/5689/899
f 2454/5694/896 2453/5693/895 2459/5672/911 2460/5691/902
f 2453/5667/895 2455/5666/897 2461/5671/912 2459/5672/911
f 2455/5679/897 2456/5677/898 2462/5678/904 2461/5671/912
f 2456/5682/898 2457/5680/899 2463/5681/905 2462/5678/904
f 2458/5692/900 2454/5690/896 2460/5691/902 2464/5688/913
f 2457/5689/899 2458/5687/900 2464/5688/913 2463/5681/905
f 2459/5672/911 2463/5681/905 2464/5688/913 2460/5691/902
f 2459/5672/911 2461/5671/912 2462/5678/904 2463/5681/905
s 1
f 2418/4892/860 2425/4893/867 2423/4896/865 2419/4899/861
f 2465/4982/859 2466/4983/914 2467/4984/861 2468/4987/862
s 8
f 2468/4987/862 2467/4984/861 2469/4985/863 2470/4986/864
f 2467/4984/861 2471/4995/865 2472/4996/866 2469/4997/863
f 2471/4995/865 2473/4992/915 2474/4993/868 2472/4994/866
f 2473/4992/915 2466/4983/914 2475/4990/916 2474/4991/868
f 2466/4983/914 2465/4982/859 2476/4980/870 2475/4979/916
f 2465/4982/859 2468/4987/862 2470/4988/864 2476/4989/870
s 1
f 2477/4998/871 2478/4999/872 2470/4986/864 2469/4985/863
f 2479/5006/873 2477/5007/871 2469/4997/863 2472/4996/866
f 2480/5004/874 2479/5005/873 2472/4994/866 2474/4993/868
f 2481/5002/875 2480/5003/874 2474/4991/868 2475/4990/916
f 2481/4978/875 2475/4979/916 2476/4980/870 2482/4981/876
f 2482/5000/876 2476/4989/870 2470/4988/864 2478/5001/872
s off
f 2478/5609/872 2477/5610/871 2483/5607/877 2484/5608/878
f 2477/5659/871 2479/5660/873 2485/5649/908 2483/5650/877
f 2479/5661/873 2480/5662/874 2486/5651/880 2485/5652/908
f 2480/5663/874 2481/5664/875 2487/5653/881 2486/5654/880
f 2482/5657/876 2478/5658/872 2484/5647/878 2488/5648/882
f 2481/5655/875 2482/5656/876 2488/5645/882 2487/5646/881
f 2484/5608/878 2483/5607/877 2489/5603/883 2490/5604/884
f 2483/5650/877 2485/5649/908 2491/5639/885 2489/5640/883
f 2485/5652/908 2486/5651/880 2492/5641/909 2491/5642/885
f 2486/5654/880 2487/5653/881 2493/5643/887 2492/5644/909
f 2488/5648/882 2484/5647/878 2490/5637/884 2494/5638/910
f 2487/5646/881 2488/5645/882 2494/5635/910 2493/5636/887
f 2490/5604/884 2489/5603/883 2495/5599/889 2496/5602/890
f 2489/5640/883 2491/5639/885 2497/5629/891 2495/5630/889
f 2491/5642/885 2492/5641/909 2498/5631/892 2497/5632/891
f 2492/5644/909 2493/5643/887 2499/5633/893 2498/5634/892
f 2494/5638/910 2490/5637/884 2496/5627/890 2500/5628/894
f 2493/5636/887 2494/5635/910 2500/5625/894 2499/5626/893
f 2496/5602/890 2495/5599/889 2501/5600/895 2502/5601/896
f 2495/5630/889 2497/5629/891 2503/5617/897 2501/5619/895
f 2497/5632/891 2498/5631/892 2504/5620/898 2503/5622/897
f 2498/5634/892 2499/5633/893 2505/5623/899 2504/5624/898
f 2500/5628/894 2496/5627/890 2502/5615/896 2506/5616/900
f 2499/5626/893 2500/5625/894 2506/5611/900 2505/5614/899
f 2502/5601/896 2501/5600/895 2507/5605/911 2508/5606/902
f 2501/5619/895 2503/5617/897 2509/5618/912 2507/5605/911
f 2503/5622/897 2504/5620/898 2510/5621/904 2509/5618/912
f 2504/5624/898 2505/5623/899 2511/5613/905 2510/5621/904
f 2506/5616/900 2502/5615/896 2508/5606/902 2512/5612/913
f 2505/5614/899 2506/5611/900 2512/5612/913 2511/5613/905
f 2507/5605/911 2511/5613/905 2512/5612/913 2508/5606/902
f 2507/5605/911 2509/5618/912 2510/5621/904 2511/5613/905
s 1
f 2466/4983/914 2473/4992/915 2471/4995/865 2467/4984/861
f 2513/4964/859 2514/4954/860 2515/4959/861 2516/4969/862
s 8
f 2516/4969/862 2515/4959/861 2517/4967/863 2518/4968/864
f 2515/4959/861 2519/4951/865 2520/4957/917 2517/4958/863
f 2519/4951/865 2521/4948/867 2522/4949/868 2520/4950/917
f 2521/4948/867 2514/4954/860 2523/4955/869 2522/4956/868
f 2514/4954/860 2513/4964/859 2524/4965/870 2523/4966/869
f 2513/4964/859 2516/4969/862 2518/4970/864 2524/4971/870
s 1
f 2525/4974/871 2526/4975/872 2518/4968/864 2517/4967/863
f 2527/4962/873 2525/4963/871 2517/4958/863 2520/4957/917
f 2528/4952/874 2527/4953/873 2520/4950/917 2522/4949/868
f 2529/4960/875 2528/4961/874 2522/4956/868 2523/4955/869
f 2529/4972/875 2523/4966/869 2524/4965/870 2530/4973/876
f 2530/4976/876 2524/4971/870 2518/4970/864 2526/4977/872
s off
f 2526/5465/872 2525/5466/871 2531/5459/877 2532/5460/878
f 2525/5411/871 2527/5412/873 2533/5409/908 2531/5410/877
f 2527/5451/873 2528/5452/874 2534/5441/880 2533/5442/908
f 2528/5453/874 2529/5454/875 2535/5443/881 2534/5444/880
f 2530/5463/876 2526/5464/872 2532/5457/878 2536/5458/882
f 2529/5461/875 2530/5462/876 2536/5455/882 2535/5456/881
f 2532/5460/878 2531/5459/877 2537/5449/883 2538/5450/884
f 2531/5410/877 2533/5409/908 2539/5405/885 2537/5406/883
f 2533/5442/908 2534/5441/880 2540/5431/909 2539/5432/885
f 2534/5444/880 2535/5443/881 2541/5433/887 2540/5434/909
f 2536/5458/882 2532/5457/878 2538/5447/884 2542/5448/910
f 2535/5456/881 2536/5455/882 2542/5445/910 2541/5446/887
f 2538/5450/884 2537/5449/883 2543/5439/889 2544/5440/890
f 2537/5406/883 2539/5405/885 2545/5401/891 2543/5404/889
f 2539/5432/885 2540/5431/909 2546/5419/892 2545/5420/891
f 2540/5434/909 2541/5433/887 2547/5421/893 2546/5422/892
f 2542/5448/910 2538/5447/884 2544/5437/890 2548/5438/894
f 2541/5446/887 2542/5445/910 2548/5435/894 2547/5436/893
f 2544/5440/890 2543/5439/889 2549/5429/895 2550/5430/896
f 2543/5404/889 2545/5401/891 2551/5402/897 2549/5403/895
f 2545/5420/891 2546/5419/892 2552/5413/898 2551/5415/897
f 2546/5422/892 2547/5421/893 2553/5416/899 2552/5418/898
f 2548/5438/894 2544/5437/890 2550/5426/896 2554/5428/900
f 2547/5436/893 2548/5435/894 2554/5423/900 2553/5425/899
f 2550/5430/896 2549/5429/895 2555/5408/911 2556/5427/902
f 2549/5403/895 2551/5402/897 2557/5407/903 2555/5408/911
f 2551/5415/897 2552/5413/898 2558/5414/904 2557/5407/903
f 2552/5418/898 2553/5416/899 2559/5417/905 2558/5414/904
f 2554/5428/900 2550/5426/896 2556/5427/902 2560/5424/906
f 2553/5425/899 2554/5423/900 2560/5424/906 2559/5417/905
f 2555/5408/911 2559/5417/905 2560/5424/906 2556/5427/902
f 2555/5408/911 2557/5407/903 2558/5414/904 2559/5417/905
s 1
f 2514/4954/860 2521/4948/867 2519/4951/865 2515/4959/861
f 2561/4655/918 2562/4658/914 2563/4649/861 2564/4652/919
s 8
f 2564/4652/919 2563/4649/861 2565/4650/863 2566/4651/920
f 2563/4649/861 2567/4668/865 2568/4669/917 2565/4670/863
f 2567/4668/865 2569/4665/915 2570/4666/868 2568/4667/917
f 2569/4665/915 2562/4658/914 2571/4663/916 2570/4664/868
f 2562/4658/914 2561/4655/918 2572/4656/921 2571/4657/916
f 2561/4655/918 2564/4652/919 2566/4659/920 2572/4660/921
s 1
f 2573/4653/871 2574/4654/872 2566/4651/920 2565/4650/863
f 2575/4677/873 2573/4678/871 2565/4670/863 2568/4669/917
f 2576/4675/874 2575/4676/873 2568/4667/917 2570/4666/868
f 2577/4673/875 2576/4674/874 2570/4664/868 2571/4663/916
f 2577/4661/875 2571/4657/916 2572/4656/921 2578/4662/876
f 2578/4671/876 2572/4660/921 2566/4659/920 2574/4672/872
s off
f 2574/5072/872 2573/5073/871 2579/5066/877 2580/5067/878
f 2573/5056/871 2575/5057/873 2581/5044/908 2579/5045/877
f 2575/5058/873 2576/5059/874 2582/5046/880 2581/5047/908
f 2576/5060/874 2577/5061/875 2583/5048/881 2582/5049/880
f 2578/5070/876 2574/5071/872 2580/5064/878 2584/5065/882
f 2577/5068/875 2578/5069/876 2584/5062/882 2583/5063/881
f 2580/5067/878 2579/5066/877 2585/5054/883 2586/5055/884
f 2579/5045/877 2581/5044/908 2587/5032/885 2585/5033/883
f 2581/5047/908 2582/5046/880 2588/5034/909 2587/5035/885
f 2582/5049/880 2583/5048/881 2589/5036/887 2588/5037/909
f 2584/5065/882 2580/5064/878 2586/5052/884 2590/5053/910
f 2583/5063/881 2584/5062/882 2590/5050/910 2589/5051/887
f 2586/5055/884 2585/5054/883 2591/5042/889 2592/5043/890
f 2585/5033/883 2587/5032/885 2593/5018/891 2591/5019/889
f 2587/5035/885 2588/5034/909 2594/5020/892 2593/5021/891
f 2588/5037/909 2589/5036/887 2595/5022/893 2594/5023/892
f 2590/5053/910 2586/5052/884 2592/5040/890 2596/5041/922
f 2589/5051/887 2590/5050/910 2596/5038/922 2595/5039/893
f 2592/5043/890 2591/5042/889 2597/5030/895 2598/5031/896
f 2591/5019/889 2593/5018/891 2599/5008/897 2597/5011/895
f 2593/5021/891 2594/5020/892 2600/5012/898 2599/5014/897
f 2594/5023/892 2595/5022/893 2601/5015/899 2600/5017/898
f 2596/5041/922 2592/5040/890 2598/5027/896 2602/5029/900
f 2595/5039/893 2596/5038/922 2602/5024/900 2601/5026/899
f 2598/5031/896 2597/5030/895 2603/5010/911 2604/5028/902
f 2597/5011/895 2599/5008/897 2605/5009/912 2603/5010/911
f 2599/5014/897 2600/5012/898 2606/5013/904 2605/5009/912
f 2600/5017/898 2601/5015/899 2607/5016/905 2606/5013/904
f 2602/5029/900 2598/5027/896 2604/5028/902 2608/5025/913
f 2601/5026/899 2602/5024/900 2608/5025/913 2607/5016/905
f 2603/5010/911 2607/5016/905 2608/5025/913 2604/5028/902
f 2603/5010/911 2605/5009/912 2606/5013/904 2607/5016/905
s 1
f 2562/4658/914 2569/4665/915 2567/4668/865 2563/4649/861
f 2609/4739/918 2610/4742/914 2611/4743/861 2612/4746/919
s 8
f 2612/4746/919 2611/4743/861 2613/4744/863 2614/4745/920
f 2611/4743/861 2615/4756/865 2616/4757/917 2613/4758/863
f 2615/4756/865 2617/4753/915 2618/4754/868 2616/4755/917
f 2617/4753/915 2610/4742/914 2619/4751/916 2618/4752/868
f 2610/4742/914 2609/4739/918 2620/4740/921 2619/4741/916
f 2609/4739/918 2612/4746/919 2614/4747/920 2620/4748/921
s 1
f 2621/4759/871 2622/4760/872 2614/4745/920 2613/4744/863
f 2623/4767/873 2621/4768/871 2613/4758/863 2616/4757/917
f 2624/4765/874 2623/4766/873 2616/4755/917 2618/4754/868
f 2625/4763/875 2624/4764/874 2618/4752/868 2619/4751/916
f 2625/4749/875 2619/4741/916 2620/4740/921 2626/4750/876
f 2626/4761/876 2620/4748/921 2614/4747/920 2622/4762/872
s off
f 2622/5262/872 2621/5263/871 2627/5252/877 2628/5253/878
f 2621/5264/871 2623/5265/873 2629/5254/908 2627/5255/877
f 2623/5266/873 2624/5267/874 2630/5256/880 2629/5257/908
f 2624/5268/874 2625/5269/875 2631/5258/881 2630/5259/880
f 2626/5260/876 2622/5261/872 2628/5250/878 2632/5251/882
f 2625/5214/875 2626/5215/876 2632/5212/882 2631/5213/881
f 2628/5253/878 2627/5252/877 2633/5242/883 2634/5243/884
f 2627/5255/877 2629/5254/908 2635/5244/885 2633/5245/883
f 2629/5257/908 2630/5256/880 2636/5246/909 2635/5247/885
f 2630/5259/880 2631/5258/881 2637/5248/887 2636/5249/909
f 2632/5251/882 2628/5250/878 2634/5240/884 2638/5241/910
f 2631/5213/881 2632/5212/882 2638/5208/910 2637/5209/887
f 2634/5243/884 2633/5242/883 2639/5232/889 2640/5233/890
f 2633/5245/883 2635/5244/885 2641/5234/891 2639/5235/889
f 2635/5247/885 2636/5246/909 2642/5236/892 2641/5237/891
f 2636/5249/909 2637/5248/887 2643/5238/893 2642/5239/892
f 2638/5241/910 2634/5240/884 2640/5230/890 2644/5231/922
f 2637/5209/887 2638/5208/910 2644/5204/922 2643/5207/893
f 2640/5233/890 2639/5232/889 2645/5219/895 2646/5221/896
f 2639/5235/889 2641/5234/891 2647/5222/897 2645/5224/895
f 2641/5237/891 2642/5236/892 2648/5225/898 2647/5227/897
f 2642/5239/892 2643/5238/893 2649/5228/899 2648/5229/898
f 2644/5231/922 2640/5230/890 2646/5216/896 2650/5218/900
f 2643/5207/893 2644/5204/922 2650/5205/900 2649/5206/899
f 2646/5221/896 2645/5219/895 2651/5220/911 2652/5217/902
f 2645/5224/895 2647/5222/897 2653/5223/903 2651/5220/911
f 2647/5227/897 2648/5225/898 2654/5226/904 2653/5223/903
f 2648/5229/898 2649/5228/899 2655/5211/905 2654/5226/904
f 2650/5218/900 2646/5216/896 2652/5217/902 2656/5210/906
f 2649/5206/899 2650/5205/900 2656/5210/906 2655/5211/905
f 2651/5220/911 2655/5211/905 2656/5210/906 2652/5217/902
f 2651/5220/911 2653/5223/903 2654/5226/904 2655/5211/905
s 1
f 2610/4742/914 2617/4753/915 2615/4756/865 2611/4743/861
f 2657/4709/918 2658/4712/914 2659/4715/861 2660/4718/919
s 8
f 2660/4718/919 2659/4715/861 2661/4716/863 2662/4717/920
f 2659/4715/861 2663/4726/865 2664/4727/917 2661/4728/863
f 2663/4726/865 2665/4723/915 2666/4724/868 2664/4725/917
f 2665/4723/915 2658/4712/914 2667/4721/916 2666/4722/868
f 2658/4712/914 2657/4709/918 2668/4710/921 2667/4711/916
f 2657/4709/918 2660/4718/919 2662/4719/920 2668/4720/921
s 1
f 2669/4729/871 2670/4730/872 2662/4717/920 2661/4716/863
f 2671/4737/873 2669/4738/871 2661/4728/863 2664/4727/917
f 2672/4735/874 2671/4736/873 2664/4725/917 2666/4724/868
f 2673/4733/875 2672/4734/874 2666/4722/868 2667/4721/916
f 2673/4713/875 2667/4711/916 2668/4710/921 2674/4714/876
f 2674/4731/876 2668/4720/921 2662/4719/920 2670/4732/872
s off
f 2670/5198/872 2669/5199/871 2675/5192/877 2676/5193/878
f 2669/5147/871 2671/5148/873 2677/5145/908 2675/5146/877
f 2671/5184/873 2672/5185/874 2678/5174/880 2677/5175/908
f 2672/5186/874 2673/5187/875 2679/5176/881 2678/5177/880
f 2674/5196/876 2670/5197/872 2676/5190/878 2680/5191/882
f 2673/5194/875 2674/5195/876 2680/5188/882 2679/5189/881
f 2676/5193/878 2675/5192/877 2681/5182/883 2682/5183/884
f 2675/5146/877 2677/5145/908 2683/5141/885 2681/5142/883
f 2677/5175/908 2678/5174/880 2684/5164/909 2683/5165/885
f 2678/5177/880 2679/5176/881 2685/5166/887 2684/5167/909
f 2680/5191/882 2676/5190/878 2682/5180/884 2686/5181/910
f 2679/5189/881 2680/5188/882 2686/5178/910 2685/5179/887
f 2682/5183/884 2681/5182/883 2687/5172/889 2688/5173/890
f 2681/5142/883 2683/5141/885 2689/5137/891 2687/5140/889
f 2683/5165/885 2684/5164/909 2690/5155/892 2689/5156/891
f 2684/5167/909 2685/5166/887 2691/5157/893 2690/5158/892
f 2686/5181/910 2682/5180/884 2688/5170/890 2692/5171/922
f 2685/5179/887 2686/5178/910 2692/5168/922 2691/5169/893
f 2688/5173/890 2687/5172/889 2693/5162/895 2694/5163/896
f 2687/5140/889 2689/5137/891 2695/5138/897 2693/5139/895
f 2689/5156/891 2690/5155/892 2696/5149/898 2695/5151/897
f 2690/5158/892 2691/5157/893 2697/5152/899 2696/5154/898
f 2692/5171/922 2688/5170/890 2694/5160/896 2698/5201/900
f 2691/5169/893 2692/5168/922 2698/5200/900 2697/5159/899
f 2694/5163/896 2693/5162/895 2699/5144/911 2700/5161/902
f 2693/5139/895 2695/5138/897 2701/5143/912 2699/5144/911
f 2695/5151/897 2696/5149/898 2702/5150/904 2701/5143/912
f 2696/5154/898 2697/5152/899 2703/5153/905 2702/5150/904
f 2698/5201/900 2694/5160/896 2700/5161/902 2704/222/913
f 2697/5159/899 2698/5200/900 2704/222/913 2703/5153/905
f 2699/5144/911 2703/5153/905 2704/222/913 2700/5161/902
f 2699/5144/911 2701/5143/912 2702/5150/904 2703/5153/905
s 1
f 2658/4712/914 2665/4723/915 2663/4726/865 2659/4715/861
f 2705/4685/918 2706/4688/914 2707/4679/861 2708/4682/919
s 8
f 2708/4682/919 2707/4679/861 2709/4680/863 2710/4681/920
f 2707/4679/861 2711/4698/865 2712/4699/917 2709/4700/863
f 2711/4698/865 2713/4695/915 2714/4696/868 2712/4697/917
f 2713/4695/915 2706/4688/914 2715/4693/916 2714/4694/868
f 2706/4688/914 2705/4685/918 2716/4686/921 2715/4687/916
f 2705/4685/918 2708/4682/919 2710/4689/920 2716/4690/921
s 1
f 2717/4683/871 2718/4684/872 2710/4681/920 2709/4680/863
f 2719/4707/873 2717/4708/871 2709/4700/863 2712/4699/917
f 2720/4705/874 2719/4706/873 2712/4697/917 2714/4696/868
f 2721/4703/875 2720/4704/874 2714/4694/868 2715/4693/916
f 2721/4691/875 2715/4687/916 2716/4686/921 2722/4692/876
f 2722/4701/876 2716/4690/921 2710/4689/920 2718/4702/872
s off
f 2718/5135/872 2717/5136/871 2723/5129/877 2724/5130/878
f 2717/5099/871 2719/5100/873 2725/5088/908 2723/5089/877
f 2719/5121/873 2720/5122/874 2726/5111/880 2725/5112/908
f 2720/5123/874 2721/5124/875 2727/5113/881 2726/5114/880
f 2722/5133/876 2718/5134/872 2724/5127/878 2728/5128/882
f 2721/5131/875 2722/5132/876 2728/5125/882 2727/5126/881
f 2724/5130/878 2723/5129/877 2729/5119/883 2730/5120/884
f 2723/5089/877 2725/5088/908 2731/5080/885 2729/5081/883
f 2725/5112/908 2726/5111/880 2732/5101/909 2731/5102/885
f 2726/5114/880 2727/5113/881 2733/5103/887 2732/5104/909
f 2728/5128/882 2724/5127/878 2730/5117/884 2734/5118/910
f 2727/5126/881 2728/5125/882 2734/5115/910 2733/5116/887
f 2730/5120/884 2729/5119/883 2735/5109/889 2736/5110/890
f 2729/5081/883 2731/5080/885 2737/5078/891 2735/5079/889
f 2731/5102/885 2732/5101/909 2738/5090/892 2737/5091/891
f 2732/5104/909 2733/5103/887 2739/5092/893 2738/5093/892
f 2734/5118/910 2730/5117/884 2736/5107/890 2740/5108/922
f 2733/5116/887 2734/5115/910 2740/5105/922 2739/5106/893
f 2736/5110/890 2735/5109/889 2741/5098/895 2742/5203/896
f 2735/5079/889 2737/5078/891 2743/5074/897 2741/5077/895
f 2737/5091/891 2738/5090/892 2744/5082/898 2743/5084/897
f 2738/5093/892 2739/5092/893 2745/5085/899 2744/5087/898
f 2740/5108/922 2736/5107/890 2742/5202/896 2746/5097/900
f 2739/5106/893 2740/5105/922 2746/5094/900 2745/5096/899
f 2742/5203/896 2741/5098/895 2747/5076/911 2748/223/902
f 2741/5077/895 2743/5074/897 2749/5075/903 2747/5076/911
f 2743/5084/897 2744/5082/898 2750/5083/904 2749/5075/903
f 2744/5087/898 2745/5085/899 2751/5086/905 2750/5083/904
f 2746/5097/900 2742/5202/896 2748/223/902 2752/5095/906
f 2745/5096/899 2746/5094/900 2752/5095/906 2751/5086/905
f 2747/5076/911 2751/5086/905 2752/5095/906 2748/223/902
f 2747/5076/911 2749/5075/903 2750/5083/904 2751/5086/905
s 1
f 2706/4688/914 2713/4695/915 2711/4698/865 2707/4679/861
f 2753/4785/918 2754/4769/914 2755/4778/861 2756/4790/919
s 8
f 2756/4790/919 2755/4778/861 2757/4788/863 2758/4789/920
f 2755/4778/861 2759/4775/865 2760/4776/917 2757/4777/863
f 2759/4775/865 2761/4772/915 2762/4773/868 2760/4774/917
f 2761/4772/915 2754/4769/914 2763/4770/916 2762/4771/868
f 2754/4769/914 2753/4785/918 2764/4786/921 2763/4787/916
f 2753/4785/918 2756/4790/919 2758/4791/920 2764/4792/921
s 1
f 2765/4795/871 2766/4796/872 2758/4789/920 2757/4788/863
f 2767/4783/873 2765/4784/871 2757/4777/863 2760/4776/917
f 2768/4781/874 2767/4782/873 2760/4774/917 2762/4773/868
f 2769/4779/875 2768/4780/874 2762/4771/868 2763/4770/916
f 2769/4793/875 2763/4787/916 2764/4786/921 2770/4794/876
f 2770/4797/876 2764/4792/921 2758/4791/920 2766/4798/872
s off
f 2766/5328/872 2765/5329/871 2771/5316/877 2772/5317/878
f 2765/5330/871 2767/5331/873 2773/5318/908 2771/5319/877
f 2767/5332/873 2768/5333/874 2774/5320/880 2773/5321/908
f 2768/5334/874 2769/5335/875 2775/5322/881 2774/5323/880
f 2770/5326/876 2766/5327/872 2772/5314/878 2776/5315/882
f 2769/5324/875 2770/5325/876 2776/5312/882 2775/5313/881
f 2772/5317/878 2771/5316/877 2777/5304/883 2778/5305/884
f 2771/5319/877 2773/5318/908 2779/5306/885 2777/5307/883
f 2773/5321/908 2774/5320/880 2780/5308/909 2779/5309/885
f 2774/5323/880 2775/5322/881 2781/5310/887 2780/5311/909
f 2776/5315/882 2772/5314/878 2778/5302/884 2782/5303/910
f 2775/5313/881 2776/5312/882 2782/5300/910 2781/5301/887
f 2778/5305/884 2777/5304/883 2783/5292/889 2784/5293/890
f 2777/5307/883 2779/5306/885 2785/5294/891 2783/5295/889
f 2779/5309/885 2780/5308/909 2786/5296/892 2785/5297/891
f 2780/5311/909 2781/5310/887 2787/5298/893 2786/5299/892
f 2782/5303/910 2778/5302/884 2784/5290/890 2788/5291/922
f 2781/5301/887 2782/5300/910 2788/5288/922 2787/5289/893
f 2784/5293/890 2783/5292/889 2789/5277/895 2790/5279/896
f 2783/5295/889 2785/5294/891 2791/5280/897 2789/5282/895
f 2785/5297/891 2786/5296/892 2792/5283/898 2791/5285/897
f 2786/5299/892 2787/5298/893 2793/5286/899 2792/5287/898
f 2788/5291/922 2784/5290/890 2790/5274/896 2794/5276/900
f 2787/5289/893 2788/5288/922 2794/5270/900 2793/5273/899
f 2790/5279/896 2789/5277/895 2795/5278/911 2796/5275/902
f 2789/5282/895 2791/5280/897 2797/5281/912 2795/5278/911
f 2791/5285/897 2792/5283/898 2798/5284/904 2797/5281/912
f 2792/5287/898 2793/5286/899 2799/5272/905 2798/5284/904
f 2794/5276/900 2790/5274/896 2796/5275/902 2800/5271/913
f 2793/5273/899 2794/5270/900 2800/5271/913 2799/5272/905
f 2795/5278/911 2799/5272/905 2800/5271/913 2796/5275/902
f 2795/5278/911 2797/5281/912 2798/5284/904 2799/5272/905
s 1
f 2754/4769/914 2761/4772/915 2759/4775/865 2755/4778/861
f 2801/4799/918 2802/4802/914 2803/4803/861 2804/4806/919
s 8
f 2804/4806/919 2803/4803/861 2805/4804/863 2806/4805/920
f 2803/4803/861 2807/4813/865 2808/4814/917 2805/4815/863
f 2807/4813/865 2809/224/915 2810/4827/868 2808/4812/917
f 2809/224/915 2802/4802/914 2811/4811/916 2810/4826/868
f 2802/4802/914 2801/4799/918 2812/4800/921 2811/4801/916
f 2801/4799/918 2804/4806/919 2806/4807/920 2812/4808/921
s 1
f 2813/4816/871 2814/4817/872 2806/4805/920 2805/4804/863
f 2815/4822/873 2813/4823/871 2805/4815/863 2808/4814/917
f 2816/4825/874 2815/4821/873 2808/4812/917 2810/4827/868
f 2817/4820/875 2816/4824/874 2810/4826/868 2811/4811/916
f 2817/4809/875 2811/4801/916 2812/4800/921 2818/4810/876
f 2818/4818/876 2812/4808/921 2806/4807/920 2814/4819/872
s off
f 2814/5397/872 2813/5398/871 2819/5391/877 2820/5392/878
f 2813/5346/871 2815/5347/873 2821/5344/908 2819/5345/877
f 2815/5383/873 2816/5384/874 2822/5373/880 2821/5374/908
f 2816/5385/874 2817/5386/875 2823/5375/881 2822/5376/880
f 2818/5395/876 2814/5396/872 2820/5389/878 2824/5390/882
f 2817/5393/875 2818/5394/876 2824/5387/882 2823/5388/881
f 2820/5392/878 2819/5391/877 2825/5381/883 2826/5382/884
f 2819/5345/877 2821/5344/908 2827/5340/885 2825/5341/883
f 2821/5374/908 2822/5373/880 2828/5363/909 2827/5364/885
f 2822/5376/880 2823/5375/881 2829/5365/887 2828/5366/909
f 2824/5390/882 2820/5389/878 2826/5379/884 2830/5380/910
f 2823/5388/881 2824/5387/882 2830/5377/910 2829/5378/887
f 2826/5382/884 2825/5381/883 2831/5371/889 2832/5372/890
f 2825/5341/883 2827/5340/885 2833/5336/891 2831/5339/889
f 2827/5364/885 2828/5363/909 2834/5354/892 2833/5355/891
f 2828/5366/909 2829/5365/887 2835/5356/893 2834/5357/892
f 2830/5380/910 2826/5379/884 2832/5369/890 2836/5370/922
f 2829/5378/887 2830/5377/910 2836/5367/922 2835/5368/893
f 2832/5372/890 2831/5371/889 2837/5362/895 2838/5400/896
f 2831/5339/889 2833/5336/891 2839/5337/897 2837/5338/895
f 2833/5355/891 2834/5354/892 2840/5348/898 2839/5350/897
f 2834/5357/892 2835/5356/893 2841/5351/899 2840/5353/898
f 2836/5370/922 2832/5369/890 2838/5399/896 2842/5361/900
f 2835/5368/893 2836/5367/922 2842/5358/900 2841/5360/899
f 2838/5400/896 2837/5362/895 2843/5343/911 2844/225/902
f 2837/5338/895 2839/5337/897 2845/5342/903 2843/5343/911
f 2839/5350/897 2840/5348/898 2846/5349/904 2845/5342/903
f 2840/5353/898 2841/5351/899 2847/5352/905 2846/5349/904
f 2842/5361/900 2838/5399/896 2844/225/902 2848/5359/906
f 2841/5360/899 2842/5358/900 2848/5359/906 2847/5352/905
f 2843/5343/911 2847/5352/905 2848/5359/906 2844/225/902
f 2843/5343/911 2845/5342/903 2846/5349/904 2847/5352/905
s 1
f 2802/4802/914 2809/224/915 2807/4813/865 2803/4803/861
s 2
f 2849/3788/5 2850/3787/14 2851/3789/1 2852/3790/9
s 4
f 2853/3809/8 2854/3808/11 2855/3807/13 2856/3810/17
s 8
f 2857/3767/779 2858/3757/856 2859/3766/855 2860/3768/802
s 16
f 2861/3798/776 2862/3799/857 2858/3800/856 2857/3797/779
s 32
f 2863/3746/803 2864/3747/858 2862/3748/857 2861/3737/776
s 64
f 2860/3777/802 2859/3778/855 2864/3779/858 2863/3780/803
s 8
f 2865/3760/779 2854/3761/11 2853/3762/8 2866/3763/802
f 2858/3757/856 2865/3760/779 2866/3763/802 2859/3766/855
f 2867/3771/855 2849/3772/5 2852/3773/9 2868/3774/856
f 2860/3768/802 2867/3771/855 2868/3774/856 2857/3767/779
s 16
f 2869/3806/776 2855/3807/13 2854/3808/11 2865/3805/779
f 2870/3801/1 2871/3803/13 2872/3804/11 2873/3802/9
f 2868/3791/856 2852/3790/9 2851/3789/1 2874/3792/857
f 2875/3795/11 2876/3794/9 2877/3793/1 2878/3796/13
s 32
f 2879/3751/803 2856/3752/17 2855/3753/13 2869/3754/776
f 2864/3747/858 2879/3751/803 2869/3754/776 2862/3748/857
f 2874/3740/857 2851/3741/1 2850/3742/14 2880/3743/858
f 2861/3737/776 2874/3740/857 2880/3743/858 2863/3746/803
s 64
f 2866/3811/802 2853/3809/8 2856/3810/17 2879/3812/803
f 2881/3815/5 2882/3814/8 2883/3813/17 2884/3816/14
f 2880/3786/858 2850/3787/14 2849/3788/5 2867/3785/855
f 2885/3781/17 2886/3783/14 2887/3784/5 2888/3782/8
s off
f 2865/3760/779 2858/3757/856 2873/3758/9 2872/3759/11
f 2858/3800/856 2862/3799/857 2870/3801/1 2873/3802/9
f 2862/3748/857 2869/3754/776 2871/3755/13 2870/3756/1
f 2869/3806/776 2865/3805/779 2872/3804/11 2871/3803/13
f 2857/3767/779 2868/3774/856 2876/3775/9 2875/3776/11
f 2868/3791/856 2874/3792/857 2877/3793/1 2876/3794/9
f 2874/3740/857 2861/3737/776 2878/3738/13 2877/3739/1
f 2861/3798/776 2857/3797/779 2875/3795/11 2878/3796/13
f 2859/3766/855 2866/3763/802 2882/3764/8 2881/3765/5
f 2866/3811/802 2879/3812/803 2883/3813/17 2882/3814/8
f 2879/3751/803 2864/3747/858 2884/3749/14 2883/3750/17
f 2864/3817/858 2859/3818/855 2881/3815/5 2884/3816/14
f 2867/3771/855 2860/3768/802 2888/3769/8 2887/3770/5
f 2860/3777/802 2863/3780/803 2885/3781/17 2888/3782/8
f 2863/3746/803 2880/3743/858 2886/3744/14 2885/3745/17
f 2880/3786/858 2867/3785/855 2887/3784/5 2886/3783/14
s 2
f 2889/3616/9 2890/3615/5 2891/3617/14 2892/3618/1
s 4
f 2893/3597/11 2894/3595/13 2895/3594/17 2896/3598/8
s 8
f 2897/3645/763 2898/3639/923 2899/3644/924 2900/3646/744
s 16
f 2901/3626/762 2902/3627/925 2898/3628/923 2897/3625/763
s 32
f 2903/3582/747 2904/3583/926 2902/3584/925 2901/3573/762
s 64
f 2900/3607/744 2899/3605/924 2904/3606/926 2903/3608/747
s 8
f 2905/3635/763 2894/3636/13 2893/3637/11 2906/3638/744
f 2898/3639/923 2905/3635/763 2906/3638/744 2899/3644/924
f 2907/3649/924 2889/3650/9 2892/3651/1 2908/3652/923
f 2900/3646/744 2907/3649/924 2908/3652/923 2897/3645/763
s 16
f 2909/3593/762 2895/3594/17 2894/3595/13 2905/3596/763
f 2910/3629/14 2911/3631/17 2912/3632/13 2913/3630/1
f 2908/3619/923 2892/3618/1 2891/3617/14 2914/3620/925
f 2915/3623/13 2916/3622/1 2917/3621/14 2918/3624/17
s 32
f 2919/3587/747 2896/3588/8 2895/3589/17 2909/3590/762
f 2904/3583/926 2919/3587/747 2909/3590/762 2902/3584/925
f 2914/3576/925 2891/3577/14 2890/3578/5 2920/3579/926
f 2901/3573/762 2914/3576/925 2920/3579/926 2903/3582/747
s 64
f 2906/3599/744 2893/3597/11 2896/3598/8 2919/3600/747
f 2921/3603/9 2922/3602/11 2923/3601/8 2924/3604/5
f 2920/3614/926 2890/3615/5 2889/3616/9 2907/3613/924
f 2925/3609/8 2926/3611/5 2927/3612/9 2928/3610/11
s off
f 2905/3635/763 2898/3639/923 2913/3640/1 2912/3641/13
f 2898/3628/923 2902/3627/925 2910/3629/14 2913/3630/1
f 2902/3584/925 2909/3590/762 2911/3591/17 2910/3592/14
f 2909/3633/762 2905/3634/763 2912/3632/13 2911/3631/17
f 2897/3645/763 2908/3652/923 2916/3653/1 2915/3654/13
f 2908/3619/923 2914/3620/925 2917/3621/14 2916/3622/1
f 2914/3576/925 2901/3573/762 2918/3574/17 2917/3575/14
f 2901/3626/762 2897/3625/763 2915/3623/13 2918/3624/17
f 2899/3644/924 2906/3638/744 2922/3642/11 2921/3643/9
f 2906/3599/744 2919/3600/747 2923/3601/8 2922/3602/11
f 2919/3587/747 2904/3583/926 2924/3585/5 2923/3586/8
f 2904/3606/926 2899/3605/924 2921/3603/9 2924/3604/5
f 2907/3649/924 2900/3646/744 2928/3647/11 2927/3648/9
f 2900/3607/744 2903/3608/747 2925/3609/8 2928/3610/11
f 2903/3582/747 2920/3579/926 2926/3580/5 2925/3581/8
f 2920/3614/926 2907/3613/924 2927/3612/9 2926/3611/5
s 2
f 2929/3878/5 2930/3877/14 2931/3876/1 2932/3875/9
s 4
f 2933/3895/8 2934/3897/11 2935/3898/13 2936/3896/17
s 8
f 2937/3848/779 2938/3849/856 2939/3850/855 2940/3839/802
s 16
f 2941/3867/776 2942/3865/857 2938/3866/856 2937/3868/779
s 32
f 2943/3819/803 2944/3820/858 2942/3821/857 2941/3822/776
s 64
f 2940/3886/802 2939/3887/855 2944/3888/858 2943/3885/803
s 8
f 2945/3853/779 2934/3854/11 2933/3855/8 2946/3856/802
f 2938/3849/856 2945/3853/779 2946/3856/802 2939/3850/855
f 2947/3842/855 2929/3843/5 2932/3844/9 2948/3845/856
f 2940/3839/802 2947/3842/855 2948/3845/856 2937/3848/779
s 16
f 2949/3899/776 2935/3898/13 2934/3897/11 2945/3900/779
f 2950/3863/1 2951/3862/13 2952/3861/11 2953/3864/9
f 2948/3874/856 2932/3875/9 2931/3876/1 2954/3873/857
f 2955/3869/11 2956/3871/9 2957/3872/1 2958/3870/13
s 32
f 2959/3825/803 2936/3826/17 2935/3827/13 2949/3828/776
f 2944/3820/858 2959/3825/803 2949/3828/776 2942/3821/857
f 2954/3833/857 2931/3834/1 2930/3835/14 2960/3836/858
f 2941/3822/776 2954/3833/857 2960/3836/858 2943/3819/803
s 64
f 2946/3894/802 2933/3895/8 2936/3896/17 2959/3893/803
f 2961/3889/5 2962/3891/8 2963/3892/17 2964/3890/14
f 2960/3879/858 2930/3877/14 2929/3878/5 2947/3880/855
f 2965/3883/17 2966/3882/14 2967/3881/5 2968/3884/8
s off
f 2945/3853/779 2938/3849/856 2953/3851/9 2952/3852/11
f 2938/3866/856 2942/3865/857 2950/3863/1 2953/3864/9
f 2942/3821/857 2949/3828/776 2951/3829/13 2950/3830/1
f 2949/3859/776 2945/3860/779 2952/3861/11 2951/3862/13
f 2937/3848/779 2948/3845/856 2956/3846/9 2955/3847/11
f 2948/3874/856 2954/3873/857 2957/3872/1 2956/3871/9
f 2954/3833/857 2941/3822/776 2958/3831/13 2957/3832/1
f 2941/3867/776 2937/3868/779 2955/3869/11 2958/3870/13
f 2939/3850/855 2946/3856/802 2962/3857/8 2961/3858/5
f 2946/3894/802 2959/3893/803 2963/3892/17 2962/3891/8
f 2959/3825/803 2944/3820/858 2964/3823/14 2963/3824/17
f 2944/3888/858 2939/3887/855 2961/3889/5 2964/3890/14
f 2947/3842/855 2940/3839/802 2968/3840/8 2967/3841/5
f 2940/3886/802 2943/3885/803 2965/3883/17 2968/3884/8
f 2943/3819/803 2960/3836/858 2966/3837/14 2965/3838/17
f 2960/3879/858 2947/3880/855 2967/3881/5 2966/3882/14
s 2
f 2969/3542/9 2970/3541/5 2971/3540/14 2972/3539/1
s 4
f 2973/3559/11 2974/3561/13 2975/3562/17 2976/3560/8
s 8
f 2977/3501/763 2978/3495/923 2979/3500/924 2980/3502/744
s 16
f 2981/3571/762 2982/3569/925 2978/3570/923 2977/3572/763
s 32
f 2983/3520/747 2984/3521/926 2982/3522/925 2981/3511/762
s 64
f 2980/3550/744 2979/3551/924 2984/3552/926 2983/3549/747
s 8
f 2985/3491/763 2974/3492/13 2973/3493/11 2986/3494/744
f 2978/3495/923 2985/3491/763 2986/3494/744 2979/3500/924
f 2987/3505/924 2969/3506/9 2972/3507/1 2988/3508/923
f 2980/3502/744 2987/3505/924 2988/3508/923 2977/3501/763
s 16
f 2989/3563/762 2975/3562/17 2974/3561/13 2985/3564/763
f 2990/3567/14 2991/3566/17 2992/3565/13 2993/3568/1
f 2988/3538/923 2972/3539/1 2971/3540/14 2994/3537/925
f 2995/3533/13 2996/3535/1 2997/3536/14 2998/3534/17
s 32
f 2999/3525/747 2976/3526/8 2975/3527/17 2989/3528/762
f 2984/3521/926 2999/3525/747 2989/3528/762 2982/3522/925
f 2994/3514/925 2971/3515/14 2970/3516/5 3000/3517/926
f 2981/3511/762 2994/3514/925 3000/3517/926 2983/3520/747
s 64
f 2986/3558/744 2973/3559/11 2976/3560/8 2999/3557/747
f 3001/3553/9 3002/3555/11 3003/3556/8 3004/3554/5
f 3000/3543/926 2970/3541/5 2969/3542/9 2987/3544/924
f 3005/3547/8 3006/3546/5 3007/3545/9 3008/3548/11
s off
f 2985/3491/763 2978/3495/923 2993/3496/1 2992/3497/13
f 2978/3570/923 2982/3569/925 2990/3567/14 2993/3568/1
f 2982/3522/925 2989/3528/762 2991/3529/17 2990/3530/14
f 2989/3563/762 2985/3564/763 2992/3565/13 2991/3566/17
f 2977/3501/763 2988/3508/923 2996/3509/1 2995/3510/13
f 2988/3538/923 2994/3537/925 2997/3536/14 2996/3535/1
f 2994/3514/925 2981/3511/762 2998/3512/17 2997/3513/14
f 2981/3531/762 2977/3532/763 2995/3533/13 2998/3534/17
f 2979/3500/924 2986/3494/744 3002/3498/11 3001/3499/9
f 2986/3558/744 2999/3557/747 3003/3556/8 3002/3555/11
f 2999/3525/747 2984/3521/926 3004/3523/5 3003/3524/8
f 2984/3552/926 2979/3551/924 3001/3553/9 3004/3554/5
f 2987/3505/924 2980/3502/744 3008/3503/11 3007/3504/9
f 2980/3550/744 2983/3549/747 3005/3547/8 3008/3548/11
f 2983/3520/747 3000/3517/926 3006/3518/5 3005/3519/8
f 3000/3543/926 2987/3544/924 3007/3545/9 3006/3546/5
s 2
f 3009/4014/5 3010/4013/14 3011/4015/1 3012/4016/9
s 4
f 3013/4035/8 3014/4034/11 3015/4033/13 3016/4036/17
s 8
f 3017/4045/779 3018/4046/856 3019/4047/855 3020/4048/802
s 16
f 3021/4024/776 3022/4025/857 3018/4026/856 3017/4023/779
s 32
f 3023/3992/803 3024/3993/858 3022/3994/857 3021/3983/776
s 64
f 3020/4003/802 3019/4004/855 3024/4005/858 3023/4006/803
s 8
f 3025/4051/779 3014/4052/11 3013/4053/8 3026/4054/802
f 3018/4046/856 3025/4051/779 3026/4054/802 3019/4047/855
f 3027/4059/855 3009/4060/5 3012/4061/9 3028/4062/856
f 3020/4048/802 3027/4059/855 3028/4062/856 3017/4045/779
s 16
f 3029/4032/776 3015/4033/13 3014/4034/11 3025/4031/779
f 3030/4027/1 3031/4029/13 3032/4030/11 3033/4028/9
f 3028/4017/856 3012/4016/9 3011/4015/1 3034/4018/857
f 3035/4021/11 3036/4020/9 3037/4019/1 3038/4022/13
s 32
f 3039/3997/803 3016/3998/17 3015/3999/13 3029/4000/776
f 3024/3993/858 3039/3997/803 3029/4000/776 3022/3994/857
f 3034/3986/857 3011/3987/1 3010/3988/14 3040/3989/858
f 3021/3983/776 3034/3986/857 3040/3989/858 3023/3992/803
s 64
f 3026/4037/802 3013/4035/8 3016/4036/17 3039/4038/803
f 3041/4041/5 3042/4040/8 3043/4039/17 3044/4042/14
f 3040/4012/858 3010/4013/14 3009/4014/5 3027/4011/855
f 3045/4007/17 3046/4009/14 3047/4010/5 3048/4008/8
s off
f 3025/4051/779 3018/4046/856 3033/4049/9 3032/4050/11
f 3018/4026/856 3022/4025/857 3030/4027/1 3033/4028/9
f 3022/3994/857 3029/4000/776 3031/4001/13 3030/4002/1
f 3029/4032/776 3025/4031/779 3032/4030/11 3031/4029/13
f 3017/4045/779 3028/4062/856 3036/4063/9 3035/4064/11
f 3028/4017/856 3034/4018/857 3037/4019/1 3036/4020/9
f 3034/3986/857 3021/3983/776 3038/3984/13 3037/3985/1
f 3021/4024/776 3017/4023/779 3035/4021/11 3038/4022/13
f 3019/4047/855 3026/4054/802 3042/4055/8 3041/4056/5
f 3026/4037/802 3039/4038/803 3043/4039/17 3042/4040/8
f 3039/3997/803 3024/3993/858 3044/3995/14 3043/3996/17
f 3024/4043/858 3019/4044/855 3041/4041/5 3044/4042/14
f 3027/4059/855 3020/4048/802 3048/4057/8 3047/4058/5
f 3020/4003/802 3023/4006/803 3045/4007/17 3048/4008/8
f 3023/3992/803 3040/3989/858 3046/3990/14 3045/3991/17
f 3040/4012/858 3027/4011/855 3047/4010/5 3046/4009/14
s 2
f 3049/3714/9 3050/3713/5 3051/3712/14 3052/3711/1
s 4
f 3053/3731/11 3054/3733/13 3055/3734/17 3056/3732/8
s 8
f 3057/3675/763 3058/3676/923 3059/3677/924 3060/3678/744
s 16
f 3061/3699/762 3062/3695/925 3058/3698/923 3057/3700/763
s 32
f 3063/3664/747 3064/3665/926 3062/3666/925 3061/3655/762
s 64
f 3060/3722/744 3059/3723/924 3064/3724/926 3063/3721/747
s 8
f 3065/3681/763 3054/3682/13 3053/3683/11 3066/3684/744
f 3058/3676/923 3065/3681/763 3066/3684/744 3059/3677/924
f 3067/3689/924 3049/3690/9 3052/3691/1 3068/3692/923
f 3060/3678/744 3067/3689/924 3068/3692/923 3057/3675/763
s 16
f 3069/3735/762 3055/3734/17 3054/3733/13 3065/3736/763
f 3070/3696/14 3071/3701/17 3072/3702/13 3073/3697/1
f 3068/3710/923 3052/3711/1 3051/3712/14 3074/3709/925
f 3075/3703/13 3076/3707/1 3077/3708/14 3078/3704/17
s 32
f 3079/3669/747 3056/3670/8 3055/3671/17 3069/3672/762
f 3064/3665/926 3079/3669/747 3069/3672/762 3062/3666/925
f 3074/3658/925 3051/3659/14 3050/3660/5 3080/3661/926
f 3061/3655/762 3074/3658/925 3080/3661/926 3063/3664/747
s 64
f 3066/3730/744 3053/3731/11 3056/3732/8 3079/3729/747
f 3081/3725/9 3082/3727/11 3083/3728/8 3084/3726/5
f 3080/3715/926 3050/3713/5 3049/3714/9 3067/3716/924
f 3085/3719/8 3086/3718/5 3087/3717/9 3088/3720/11
s off
f 3065/3681/763 3058/3676/923 3073/3679/1 3072/3680/13
f 3058/3698/923 3062/3695/925 3070/3696/14 3073/3697/1
f 3062/3666/925 3069/3672/762 3071/3673/17 3070/3674/14
f 3069/3705/762 3065/3706/763 3072/3702/13 3071/3701/17
f 3057/3675/763 3068/3692/923 3076/3693/1 3075/3694/13
f 3068/3710/923 3074/3709/925 3077/3708/14 3076/3707/1
f 3074/3658/925 3061/3655/762 3078/3656/17 3077/3657/14
f 3061/3699/762 3057/3700/763 3075/3703/13 3078/3704/17
f 3059/3677/924 3066/3684/744 3082/3685/11 3081/3686/9
f 3066/3730/744 3079/3729/747 3083/3728/8 3082/3727/11
f 3079/3669/747 3064/3665/926 3084/3667/5 3083/3668/8
f 3064/3724/926 3059/3723/924 3081/3725/9 3084/3726/5
f 3067/3689/924 3060/3678/744 3088/3687/11 3087/3688/9
f 3060/3722/744 3063/3721/747 3085/3719/8 3088/3720/11
f 3063/3664/747 3080/3661/926 3086/3662/5 3085/3663/8
f 3080/3715/926 3067/3716/924 3087/3717/9 3086/3718/5
s 2
f 3089/3964/5 3090/3963/14 3091/3965/1 3092/3966/9
s 4
f 3093/3945/8 3094/3943/11 3095/3942/13 3096/3946/17
s 8
f 3097/3910/779 3098/3911/856 3099/3912/855 3100/3901/802
s 16
f 3101/3974/776 3102/3975/857 3098/3976/856 3097/3973/779
s 32
f 3103/3931/803 3104/3921/858 3102/3930/857 3101/3932/776
s 64
f 3100/3955/802 3099/3953/855 3104/3954/858 3103/3956/803
s 8
f 3105/3915/779 3094/3916/11 3093/3917/8 3106/3918/802
f 3098/3911/856 3105/3915/779 3106/3918/802 3099/3912/855
f 3107/3904/855 3089/3905/5 3092/3906/9 3108/3907/856
f 3100/3901/802 3107/3904/855 3108/3907/856 3097/3910/779
s 16
f 3109/3941/776 3095/3942/13 3094/3943/11 3105/3944/779
f 3110/3977/1 3111/3979/13 3112/3980/11 3113/3978/9
f 3108/3967/856 3092/3966/9 3091/3965/1 3114/3968/857
f 3115/3971/11 3116/3970/9 3117/3969/1 3118/3972/13
s 32
f 3119/3924/803 3096/3925/17 3095/3926/13 3109/3927/776
f 3104/3921/858 3119/3924/803 3109/3927/776 3102/3930/857
f 3114/3935/857 3091/3936/1 3090/3937/14 3120/3938/858
f 3101/3932/776 3114/3935/857 3120/3938/858 3103/3931/803
s 64
f 3106/3947/802 3093/3945/8 3096/3946/17 3119/3948/803
f 3121/3951/5 3122/3950/8 3123/3949/17 3124/3952/14
f 3120/3962/858 3090/3963/14 3089/3964/5 3107/3961/855
f 3125/3957/17 3126/3959/14 3127/3960/5 3128/3958/8
s off
f 3105/3915/779 3098/3911/856 3113/3913/9 3112/3914/11
f 3098/3976/856 3102/3975/857 3110/3977/1 3113/3978/9
f 3102/3930/857 3109/3927/776 3111/3928/13 3110/3929/1
f 3109/3981/776 3105/3982/779 3112/3980/11 3111/3979/13
f 3097/3910/779 3108/3907/856 3116/3908/9 3115/3909/11
f 3108/3967/856 3114/3968/857 3117/3969/1 3116/3970/9
f 3114/3935/857 3101/3932/776 3118/3933/13 3117/3934/1
f 3101/3974/776 3097/3973/779 3115/3971/11 3118/3972/13
f 3099/3912/855 3106/3918/802 3122/3919/8 3121/3920/5
f 3106/3947/802 3119/3948/803 3123/3949/17 3122/3950/8
f 3119/3924/803 3104/3921/858 3124/3922/14 3123/3923/17
f 3104/3954/858 3099/3953/855 3121/3951/5 3124/3952/14
f 3107/3904/855 3100/3901/802 3128/3902/8 3127/3903/5
f 3100/3955/802 3103/3956/803 3125/3957/17 3128/3958/8
f 3103/3931/803 3120/3938/858 3126/3939/14 3125/3940/17
f 3120/3962/858 3107/3961/855 3127/3960/5 3126/3959/14
s 2
f 3129/3466/9 3130/3465/5 3131/3464/14 3132/3463/1
s 4
f 3133/3483/11 3134/3485/13 3135/3486/17 3136/3484/8
s 8
f 3137/3432/763 3138/3439/923 3139/3440/924 3140/3433/744
s 16
f 3141/3449/762 3142/3450/925 3138/3451/923 3137/3452/763
s 32
f 3143/3409/747 3144/3410/926 3142/3411/925 3141/3412/762
s 64
f 3140/3474/744 3139/3475/924 3144/3476/926 3143/3473/747
s 8
f 3145/3443/763 3134/3444/13 3133/3445/11 3146/3446/744
f 3138/3439/923 3145/3443/763 3146/3446/744 3139/3440/924
f 3147/3436/924 3129/3437/9 3132/3438/1 3148/3429/923
f 3140/3433/744 3147/3436/924 3148/3429/923 3137/3432/763
s 16
f 3149/3487/762 3135/3486/17 3134/3485/13 3145/3488/763
f 3150/3453/14 3151/3457/17 3152/3458/13 3153/3454/1
f 3148/3462/923 3132/3463/1 3131/3464/14 3154/3461/925
f 3155/3455/13 3156/3459/1 3157/3460/14 3158/3456/17
s 32
f 3159/3415/747 3136/3416/8 3135/3417/17 3149/3418/762
f 3144/3410/926 3159/3415/747 3149/3418/762 3142/3411/925
f 3154/3423/925 3131/3424/14 3130/3425/5 3160/3426/926
f 3141/3412/762 3154/3423/925 3160/3426/926 3143/3409/747
s 64
f 3146/3482/744 3133/3483/11 3136/3484/8 3159/3481/747
f 3161/3477/9 3162/3479/11 3163/3480/8 3164/3478/5
f 3160/3467/926 3130/3465/5 3129/3466/9 3147/3468/924
f 3165/3471/8 3166/3470/5 3167/3469/9 3168/3472/11
s off
f 3145/3443/763 3138/3439/923 3153/3441/1 3152/3442/13
f 3138/3451/923 3142/3450/925 3150/3453/14 3153/3454/1
f 3142/3411/925 3149/3418/762 3151/3419/17 3150/3420/14
f 3149/3487/762 3145/3488/763 3152/3489/13 3151/3490/17
f 3137/3432/763 3148/3429/923 3156/3430/1 3155/3431/13
f 3148/3462/923 3154/3461/925 3157/3460/14 3156/3459/1
f 3154/3423/925 3141/3412/762 3158/3421/17 3157/3422/14
f 3141/3449/762 3137/3452/763 3155/3455/13 3158/3456/17
f 3139/3440/924 3146/3446/744 3162/3447/11 3161/3448/9
f 3146/3482/744 3159/3481/747 3163/3480/8 3162/3479/11
f 3159/3415/747 3144/3410/926 3164/3413/5 3163/3414/8
f 3144/3476/926 3139/3475/924 3161/3477/9 3164/3478/5
f 3147/3436/924 3140/3433/744 3168/3434/11 3167/3435/9
f 3140/3474/744 3143/3473/747 3165/3471/8 3168/3472/11
f 3143/3409/747 3160/3426/926 3166/3427/5 3165/3428/8
f 3160/3467/926 3147/3468/924 3167/3469/9 3166/3470/5
s 1
f 3169/4431/927 3170/4434/928 3171/4437/929 3172/4440/930 3173/4443/931 3174/4446/932 3175/4449/933 3176/4452/934
s 8
f 3176/4452/934 3175/4449/933 3177/4450/935 3178/4451/936
f 3175/4449/933 3174/4446/932 3179/4447/937 3177/4448/935
f 3174/4446/932 3173/4443/931 3180/4444/938 3179/4445/937
f 3173/4443/931 3172/4440/930 3181/4441/939 3180/4442/938
f 3172/4440/930 3171/4437/929 3182/4438/940 3181/4439/939
f 3171/4437/929 3170/4434/928 3183/4435/941 3182/4436/940
f 3170/4434/928 3169/4431/927 3184/4432/942 3183/4433/941
f 3169/4431/927 3176/4452/934 3178/4453/936 3184/4454/942
s 1
f 3185/4383/852 3186/4386/852 3187/4389/852 3188/4392/852 3189/4381/852 3190/4382/852 3191/4397/852 3192/4400/852
s off
f 3178/4451/936 3177/4450/935 3193/4467/943 3194/4468/944
f 3177/4448/935 3179/4447/937 3195/4465/945 3193/4466/943
f 3179/4445/937 3180/4444/938 3196/4463/946 3195/4464/945
f 3180/4442/938 3181/4441/939 3197/4461/947 3196/4462/946
f 3181/4439/939 3182/4438/940 3198/4459/948 3197/4460/947
f 3182/4436/940 3183/4435/941 3199/4457/949 3198/4458/948
f 3183/4433/941 3184/4432/942 3200/4455/950 3199/4456/949
f 3184/4454/942 3178/4453/936 3194/4469/944 3200/4470/950
f 3194/4468/944 3193/4467/943 3201/4483/935 3202/4484/951
f 3193/4466/943 3195/4465/945 3203/4481/937 3201/4482/935
f 3195/4464/945 3196/4463/946 3204/4479/938 3203/4480/937
f 3196/4462/946 3197/4461/947 3205/4477/952 3204/4478/938
f 3197/4460/947 3198/4459/948 3206/4475/940 3205/4476/952
f 3198/4458/948 3199/4457/949 3207/4473/953 3206/4474/940
f 3199/4456/949 3200/4455/950 3208/4471/954 3207/4472/953
f 3200/4470/950 3194/4469/944 3202/4485/951 3208/4486/954
f 3202/4484/951 3201/4483/935 3209/4499/955 3210/4500/956
f 3201/4482/935 3203/4481/937 3211/4497/957 3209/4498/955
f 3203/4480/937 3204/4479/938 3212/4495/946 3211/4496/957
f 3204/4478/938 3205/4477/952 3213/4493/958 3212/4494/946
f 3205/4476/952 3206/4475/940 3214/4491/948 3213/4492/958
f 3206/4474/940 3207/4473/953 3215/4489/959 3214/4490/948
f 3207/4472/953 3208/4471/954 3216/4487/960 3215/4488/959
f 3208/4486/954 3202/4485/951 3210/4501/956 3216/4502/960
f 3210/4365/956 3209/4363/955 3217/4364/961 3218/4366/962
f 3209/4363/955 3211/4361/957 3219/4362/963 3217/4364/961
f 3211/4361/957 3212/4357/946 3220/4360/964 3219/4362/963
f 3212/4357/946 3213/4358/958 3221/4359/965 3220/4360/964
f 3213/4373/958 3214/4371/948 3222/4372/966 3221/4374/965
f 3214/4371/948 3215/4369/959 3223/4370/967 3222/4372/966
f 3215/4369/959 3216/4367/960 3224/4368/968 3223/4370/967
f 3216/4367/960 3210/4365/956 3218/4366/962 3224/4368/968
f 3225/4406/969 3226/4405/970 3227/4388/971 3228/4387/972
f 3226/4408/970 3229/4407/932 3230/4391/937 3227/4390/971
f 3229/4410/932 3231/4409/931 3232/4394/938 3230/4393/937
f 3231/4378/931 3233/4375/930 3234/4376/939 3232/4377/938
f 3233/4412/930 3235/4411/929 3236/4396/940 3234/4395/939
f 3235/4414/929 3237/4413/973 3238/4399/974 3236/4398/940
f 3237/4416/973 3239/4415/975 3240/4402/954 3238/4401/974
f 3239/4404/975 3225/4403/969 3228/4385/972 3240/4384/954
f 3218/4419/962 3217/4420/961 3226/4405/970 3225/4406/969
f 3217/4421/961 3219/4422/963 3229/4407/932 3226/4408/970
f 3219/4423/963 3220/4424/964 3231/4409/931 3229/4410/932
f 3220/4379/964 3221/4380/965 3233/4375/930 3231/4378/931
f 3221/4425/965 3222/4426/966 3235/4411/929 3233/4412/930
f 3222/4427/966 3223/4428/967 3237/4413/973 3235/4414/929
f 3223/4429/967 3224/4430/968 3239/4415/975 3237/4416/973
f 3224/4417/968 3218/4418/962 3225/4403/969 3239/4404/975
f 3187/4389/852 3186/4386/852 3228/4387/972 3227/4388/971
f 3186/4386/852 3185/4383/852 3240/4384/954 3228/4385/972
f 3185/4383/852 3192/4400/852 3238/4401/974 3240/4402/954
f 3192/4400/852 3191/4397/852 3236/4398/940 3238/4399/974
f 3191/4397/852 3190/4382/852 3234/4395/939 3236/4396/940
f 3190/4382/852 3189/4381/852 3232/4377/938 3234/4376/939
f 3189/4381/852 3188/4392/852 3230/4393/937 3232/4394/938
f 3188/4392/852 3187/4389/852 3227/4390/971 3230/4391/937
s 1
f 3241/4577/975 3242/4580/976 3243/4583/929 3244/4586/977 3245/4589/931 3246/4592/932 3247/4595/933 3248/4598/978
s 8
f 3248/4598/978 3247/4595/933 3249/4596/935 3250/4597/951
f 3247/4595/933 3246/4592/932 3251/4593/937 3249/4594/935
f 3246/4592/932 3245/4589/931 3252/4590/938 3251/4591/937
f 3245/4589/931 3244/4586/977 3253/4587/952 3252/4588/938
f 3244/4586/977 3243/4583/929 3254/4584/940 3253/4585/952
f 3243/4583/929 3242/4580/976 3255/4581/953 3254/4582/940
f 3242/4580/976 3241/4577/975 3256/4578/954 3255/4579/953
f 3241/4577/975 3248/4598/978 3250/4599/951 3256/4600/954
s 1
f 3257/4521/852 3258/4524/852 3259/4527/852 3260/4530/852 3261/4533/852 3262/4536/852 3263/4539/852 3264/4542/852
s off
f 3250/4597/951 3249/4596/935 3265/4613/943 3266/4614/944
f 3249/4594/935 3251/4593/937 3267/4611/945 3265/4612/943
f 3251/4591/937 3252/4590/938 3268/4609/946 3267/4610/945
f 3252/4588/938 3253/4587/952 3269/4607/947 3268/4608/946
f 3253/4585/952 3254/4584/940 3270/4605/948 3269/4606/947
f 3254/4582/940 3255/4581/953 3271/4603/949 3270/4604/948
f 3255/4579/953 3256/4578/954 3272/4601/950 3271/4602/949
f 3256/4600/954 3250/4599/951 3266/4615/944 3272/4616/950
f 3266/4614/944 3265/4613/943 3273/4629/935 3274/4630/951
f 3265/4612/943 3267/4611/945 3275/4627/937 3273/4628/935
f 3267/4610/945 3268/4609/946 3276/4625/938 3275/4626/937
f 3268/4608/946 3269/4607/947 3277/4623/952 3276/4624/938
f 3269/4606/947 3270/4605/948 3278/4621/940 3277/4622/952
f 3270/4604/948 3271/4603/949 3279/4619/953 3278/4620/940
f 3271/4602/949 3272/4601/950 3280/4617/954 3279/4618/953
f 3272/4616/950 3266/4615/944 3274/4631/951 3280/4632/954
f 3274/4630/951 3273/4629/935 3281/4645/955 3282/4646/944
f 3273/4628/935 3275/4627/937 3283/4643/957 3281/4644/955
f 3275/4626/937 3276/4625/938 3284/4641/946 3283/4642/957
f 3276/4624/938 3277/4623/952 3285/4639/947 3284/4640/946
f 3277/4622/952 3278/4621/940 3286/4637/948 3285/4638/947
f 3278/4620/940 3279/4619/953 3287/4635/949 3286/4636/948
f 3279/4618/953 3280/4617/954 3288/4633/950 3287/4634/949
f 3280/4632/954 3274/4631/951 3282/4647/944 3288/4648/950
f 3282/4513/944 3281/4515/955 3289/4516/961 3290/4514/979
f 3281/4515/955 3283/4517/957 3291/4518/963 3289/4516/961
f 3283/4517/957 3284/4519/946 3292/4520/964 3291/4518/963
f 3284/4503/946 3285/4504/947 3293/4505/980 3292/4506/964
f 3285/4504/947 3286/4507/948 3294/4508/966 3293/4505/980
f 3286/4507/948 3287/4509/949 3295/4510/981 3294/4508/966
f 3287/4509/949 3288/4511/950 3296/4512/982 3295/4510/981
f 3288/4511/950 3282/4513/944 3290/4514/979 3296/4512/982
f 3297/4548/934 3298/4547/983 3299/4526/984 3300/4525/936
f 3298/4550/983 3301/4549/985 3302/4529/986 3299/4528/984
f 3301/4552/985 3303/4551/931 3304/4532/938 3302/4531/986
f 3303/4554/931 3305/4553/930 3306/4535/939 3304/4534/938
f 3305/4556/930 3307/4555/929 3308/4538/940 3306/4537/939
f 3307/4558/929 3309/4557/976 3310/4541/953 3308/4540/940
f 3309/4560/976 3311/4559/975 3312/4544/954 3310/4543/953
f 3311/4546/975 3297/4545/934 3300/4523/936 3312/4522/954
f 3290/4563/979 3289/4564/961 3298/4547/983 3297/4548/934
f 3289/4565/961 3291/4566/963 3301/4549/985 3298/4550/983
f 3291/4567/963 3292/4568/964 3303/4551/931 3301/4552/985
f 3292/4569/964 3293/4570/980 3305/4553/930 3303/4554/931
f 3293/4571/980 3294/4572/966 3307/4555/929 3305/4556/930
f 3294/4573/966 3295/4574/981 3309/4557/976 3307/4558/929
f 3295/4575/981 3296/4576/982 3311/4559/975 3309/4560/976
f 3296/4561/982 3290/4562/979 3297/4545/934 3311/4546/975
f 3259/4527/852 3258/4524/852 3300/4525/936 3299/4526/984
f 3258/4524/852 3257/4521/852 3312/4522/954 3300/4523/936
f 3257/4521/852 3264/4542/852 3310/4543/953 3312/4544/954
f 3264/4542/852 3263/4539/852 3308/4540/940 3310/4541/953
f 3263/4539/852 3262/4536/852 3306/4537/939 3308/4538/940
f 3262/4536/852 3261/4533/852 3304/4534/938 3306/4535/939
f 3261/4533/852 3260/4530/852 3302/4531/986 3304/4532/938
f 3260/4530/852 3259/4527/852 3299/4528/984 3302/4529/986
s 1
f 3313/4139/927 3314/4142/928 3315/4145/929 3316/4148/930 3317/4151/931 3318/4154/932 3319/4157/933 3320/4160/934
s 8
f 3320/4160/934 3319/4157/933 3321/4158/935 3322/4159/936
f 3319/4157/933 3318/4154/932 3323/4155/937 3321/4156/935
f 3318/4154/932 3317/4151/931 3324/4152/938 3323/4153/937
f 3317/4151/931 3316/4148/930 3325/4149/939 3324/4150/938
f 3316/4148/930 3315/4145/929 3326/4146/940 3325/4147/939
f 3315/4145/929 3314/4142/928 3327/4143/941 3326/4144/940
f 3314/4142/928 3313/4139/927 3328/4140/942 3327/4141/941
f 3313/4139/927 3320/4160/934 3322/4161/936 3328/4162/942
s 1
f 3329/4065/852 3330/4068/852 3331/4071/852 3332/4074/852 3333/4077/852 3334/4080/852 3335/4083/852 3336/4086/852
s off
f 3322/4159/936 3321/4158/935 3337/4175/943 3338/4176/987
f 3321/4156/935 3323/4155/937 3339/4173/945 3337/4174/943
f 3323/4153/937 3324/4152/938 3340/4171/946 3339/4172/945
f 3324/4150/938 3325/4149/939 3341/4169/958 3340/4170/946
f 3325/4147/939 3326/4146/940 3342/4167/988 3341/4168/958
f 3326/4144/940 3327/4143/941 3343/4165/989 3342/4166/988
f 3327/4141/941 3328/4140/942 3344/4163/990 3343/4164/989
f 3328/4162/942 3322/4161/936 3338/4177/987 3344/4178/990
f 3338/4176/987 3337/4175/943 3345/4191/935 3346/4192/936
f 3337/4174/943 3339/4173/945 3347/4189/937 3345/4190/935
f 3339/4172/945 3340/4171/946 3348/4187/938 3347/4188/937
f 3340/4170/946 3341/4169/958 3349/4185/939 3348/4186/938
f 3341/4168/958 3342/4167/988 3350/4183/991 3349/4184/939
f 3342/4166/988 3343/4165/989 3351/4181/992 3350/4182/991
f 3343/4164/989 3344/4163/990 3352/4179/942 3351/4180/992
f 3344/4178/990 3338/4177/987 3346/4193/936 3352/4194/942
f 3346/4192/936 3345/4191/935 3353/4207/943 3354/4208/987
f 3345/4190/935 3347/4189/937 3355/4205/945 3353/4206/943
f 3347/4188/937 3348/4187/938 3356/4203/946 3355/4204/945
f 3348/4186/938 3349/4185/939 3357/4201/958 3356/4202/946
f 3349/4184/939 3350/4183/991 3358/4199/948 3357/4200/958
f 3350/4182/991 3351/4181/992 3359/4197/959 3358/4198/948
f 3351/4180/992 3352/4179/942 3360/4195/950 3359/4196/959
f 3352/4194/942 3346/4193/936 3354/4209/987 3360/4210/950
f 3354/4131/987 3353/4133/943 3361/4134/993 3362/4132/994
f 3353/4133/943 3355/4135/945 3363/4136/995 3361/4134/993
f 3355/4135/945 3356/4137/946 3364/4138/964 3363/4136/995
f 3356/4121/946 3357/4122/958 3365/4123/965 3364/4124/964
f 3357/4122/958 3358/4125/948 3366/4126/966 3365/4123/965
f 3358/4125/948 3359/4127/959 3367/4128/967 3366/4126/966
f 3359/4127/959 3360/4129/950 3368/4130/982 3367/4128/967
f 3360/4129/950 3354/4131/987 3362/4132/994 3368/4130/982
f 3369/4092/969 3370/4091/996 3371/4070/997 3372/4069/972
f 3370/4094/996 3373/4093/985 3374/4073/986 3371/4072/997
f 3373/4096/985 3375/4095/931 3376/4076/938 3374/4075/986
f 3375/4098/931 3377/4097/930 3378/4079/939 3376/4078/938
f 3377/4100/930 3379/4099/929 3380/4082/940 3378/4081/939
f 3379/4102/929 3381/4101/976 3382/4085/953 3380/4084/940
f 3381/4104/976 3383/4103/975 3384/4088/954 3382/4087/953
f 3383/4090/975 3369/4089/969 3372/4067/972 3384/4066/954
f 3362/4107/994 3361/4108/993 3370/4091/996 3369/4092/969
f 3361/4109/993 3363/4110/995 3373/4093/985 3370/4094/996
f 3363/4111/995 3364/4112/964 3375/4095/931 3373/4096/985
f 3364/4113/964 3365/4114/965 3377/4097/930 3375/4098/931
f 3365/4115/965 3366/4116/966 3379/4099/929 3377/4100/930
f 3366/4117/966 3367/4118/967 3381/4101/976 3379/4102/929
f 3367/4119/967 3368/4120/982 3383/4103/975 3381/4104/976
f 3368/4105/982 3362/4106/994 3369/4089/969 3383/4090/975
f 3331/4071/852 3330/4068/852 3372/4069/972 3371/4070/997
f 3330/4068/852 3329/4065/852 3384/4066/954 3372/4067/972
f 3329/4065/852 3336/4086/852 3382/4087/953 3384/4088/954
f 3336/4086/852 3335/4083/852 3380/4084/940 3382/4085/953
f 3335/4083/852 3334/4080/852 3378/4081/939 3380/4082/940
f 3334/4080/852 3333/4077/852 3376/4078/938 3378/4079/939
f 3333/4077/852 3332/4074/852 3374/4075/986 3376/4076/938
f 3332/4074/852 3331/4071/852 3371/4072/997 3374/4073/986
s 1
f 3385/4285/975 3386/4288/976 3387/4291/929 3388/4294/977 3389/4297/931 3390/4300/985 3391/4303/996 3392/4306/969
s 8
f 3392/4306/969 3391/4303/996 3393/4304/997 3394/4305/972
f 3391/4303/996 3390/4300/985 3395/4301/986 3393/4302/997
f 3390/4300/985 3389/4297/931 3396/4298/938 3395/4299/986
f 3389/4297/931 3388/4294/977 3397/4295/952 3396/4296/938
f 3388/4294/977 3387/4291/929 3398/4292/940 3397/4293/952
f 3387/4291/929 3386/4288/976 3399/4289/953 3398/4290/940
f 3386/4288/976 3385/4285/975 3400/4286/954 3399/4287/953
f 3385/4285/975 3392/4306/969 3394/4307/972 3400/4308/954
s 1
f 3401/4229/852 3402/4232/852 3403/4235/852 3404/4238/852 3405/4241/852 3406/4244/852 3407/4247/852 3408/4250/852
s off
f 3394/4305/972 3393/4304/997 3409/4321/943 3410/4322/987
f 3393/4302/997 3395/4301/986 3411/4319/945 3409/4320/943
f 3395/4299/986 3396/4298/938 3412/4317/946 3411/4318/945
f 3396/4296/938 3397/4295/952 3413/4315/958 3412/4316/946
f 3397/4293/952 3398/4292/940 3414/4313/988 3413/4314/958
f 3398/4290/940 3399/4289/953 3415/4311/989 3414/4312/988
f 3399/4287/953 3400/4286/954 3416/4309/990 3415/4310/989
f 3400/4308/954 3394/4307/972 3410/4323/987 3416/4324/990
f 3410/4322/987 3409/4321/943 3417/4337/935 3418/4338/936
f 3409/4320/943 3411/4319/945 3419/4335/937 3417/4336/935
f 3411/4318/945 3412/4317/946 3420/4333/938 3419/4334/937
f 3412/4316/946 3413/4315/958 3421/4331/939 3420/4332/938
f 3413/4314/958 3414/4313/988 3422/4329/991 3421/4330/939
f 3414/4312/988 3415/4311/989 3423/4327/992 3422/4328/991
f 3415/4310/989 3416/4309/990 3424/4325/942 3423/4326/992
f 3416/4324/990 3410/4323/987 3418/4339/936 3424/4340/942
f 3418/4338/936 3417/4337/935 3425/4353/943 3426/4354/987
f 3417/4336/935 3419/4335/937 3427/4351/945 3425/4352/943
f 3419/4334/937 3420/4333/938 3428/4349/946 3427/4350/945
f 3420/4332/938 3421/4331/939 3429/4347/958 3428/4348/946
f 3421/4330/939 3422/4329/991 3430/4345/948 3429/4346/958
f 3422/4328/991 3423/4327/992 3431/4343/949 3430/4344/948
f 3423/4326/992 3424/4325/942 3432/4341/950 3431/4342/949
f 3424/4340/942 3418/4339/936 3426/4355/987 3432/4356/950
f 3426/4219/987 3425/4217/943 3433/4218/993 3434/4220/994
f 3425/4217/943 3427/4215/945 3435/4216/995 3433/4218/993
f 3427/4215/945 3428/4211/946 3436/4214/964 3435/4216/995
f 3428/4211/946 3429/4212/958 3437/4213/965 3436/4214/964
f 3429/4227/958 3430/4225/948 3438/4226/966 3437/4228/965
f 3430/4225/948 3431/4223/949 3439/4224/981 3438/4226/966
f 3431/4223/949 3432/4221/950 3440/4222/982 3439/4224/981
f 3432/4221/950 3426/4219/987 3434/4220/994 3440/4222/982
f 3441/4256/998 3442/4255/933 3443/4234/935 3444/4233/999
f 3442/4258/933 3445/4257/932 3446/4237/937 3443/4236/935
f 3445/4260/932 3447/4259/931 3448/4240/938 3446/4239/937
f 3447/4262/931 3449/4261/930 3450/4243/939 3448/4242/938
f 3449/4264/930 3451/4263/929 3452/4246/940 3450/4245/939
f 3451/4266/929 3453/4265/976 3454/4249/953 3452/4248/940
f 3453/4268/976 3455/4267/1000 3456/4252/1001 3454/4251/953
f 3455/4254/1000 3441/4253/998 3444/4231/999 3456/4230/1001
f 3434/4271/994 3433/4272/993 3442/4255/933 3441/4256/998
f 3433/4273/993 3435/4274/995 3445/4257/932 3442/4258/933
f 3435/4275/995 3436/4276/964 3447/4259/931 3445/4260/932
f 3436/4277/964 3437/4278/965 3449/4261/930 3447/4262/931
f 3437/4279/965 3438/4280/966 3451/4263/929 3449/4264/930
f 3438/4281/966 3439/4282/981 3453/4265/976 3451/4266/929
f 3439/4283/981 3440/4284/982 3455/4267/1000 3453/4268/976
f 3440/4269/982 3434/4270/994 3441/4253/998 3455/4254/1000
f 3403/4235/852 3402/4232/852 3444/4233/999 3443/4234/935
f 3402/4232/852 3401/4229/852 3456/4230/1001 3444/4231/999
f 3401/4229/852 3408/4250/852 3454/4251/953 3456/4252/1001
f 3408/4250/852 3407/4247/852 3452/4248/940 3454/4249/953
f 3407/4247/852 3406/4244/852 3450/4245/939 3452/4246/940
f 3406/4244/852 3405/4241/852 3448/4242/938 3450/4243/939
f 3405/4241/852 3404/4238/852 3446/4239/937 3448/4240/938
f 3404/4238/852 3403/4235/852 3443/4236/935 3446/4237/937
s 1
f 3457/822/1002 3458/823/1003 3459/824/1004
f 3457/822/1002 3459/824/1004 3460/828/1005
f 3457/822/1002 3460/828/1005 3461/834/1006
f 3457/822/1002 3461/834/1006 3462/842/1007
f 3457/822/1002 3462/842/1007 3463/850/1008
f 3457/822/1002 3463/850/1008 3464/858/1009
f 3457/822/1002 3464/858/1009 3465/866/1010
f 3457/822/1002 3465/866/1010 3466/874/1011
f 3457/822/1002 3466/874/1011 3467/882/1012
f 3457/822/1002 3467/882/1012 3468/890/1013
f 3457/822/1002 3468/890/1013 3469/883/1014
f 3457/822/1002 3469/883/1014 3470/875/1015
f 3457/822/1002 3470/875/1015 3471/867/1016
f 3457/822/1002 3471/867/1016 3472/859/1017
f 3457/822/1002 3472/859/1017 3473/851/1018
f 3457/822/1002 3473/851/1018 3474/843/1019
f 3457/822/1002 3474/843/1019 3475/835/1020
f 3457/822/1002 3475/835/1020 3476/829/1021
f 3457/822/1002 3476/829/1021 3477/825/1022
f 3457/822/1002 3477/825/1022 3458/823/1003
f 3458/823/1003 3478/826/1023 3479/827/1024 3459/824/1004
f 3459/824/1004 3479/827/1024 3480/833/1025 3460/828/1005
f 3460/828/1005 3480/833/1025 3481/841/1026 3461/834/1006
f 3461/834/1006 3481/841/1026 3482/849/1027 3462/842/1007
f 3462/842/1007 3482/849/1027 3483/857/1028 3463/850/1008
f 3463/850/1008 3483/857/1028 3484/865/1029 3464/858/1009
f 3464/858/1009 3484/865/1029 3485/873/1030 3465/866/1010
f 3465/866/1010 3485/873/1030 3486/881/1031 3466/874/1011
f 3466/874/1011 3486/881/1031 3487/889/1032 3467/882/1012
f 3467/882/1012 3487/889/1032 3488/896/1033 3468/890/1013
f 3468/890/1013 3488/896/1033 3489/891/1034 3469/883/1014
f 3469/883/1014 3489/891/1034 3490/884/1035 3470/875/1015
f 3470/875/1015 3490/884/1035 3491/876/1036 3471/867/1016
f 3471/867/1016 3491/876/1036 3492/868/1037 3472/859/1017
f 3472/859/1017 3492/868/1037 3493/860/1038 3473/851/1018
f 3473/851/1018 3493/860/1038 3494/852/1039 3474/843/1019
f 3474/843/1019 3494/852/1039 3495/844/1040 3475/835/1020
f 3475/835/1020 3495/844/1040 3496/836/1041 3476/829/1021
f 3476/829/1021 3496/836/1041 3497/830/1042 3477/825/1022
f 3477/825/1022 3497/830/1042 3478/826/1023 3458/823/1003
f 3478/826/1023 3498/831/1043 3499/832/1044 3479/827/1024
f 3479/827/1024 3499/832/1044 3500/840/1045 3480/833/1025
f 3480/833/1025 3500/840/1045 3501/848/1046 3481/841/1026
f 3481/841/1026 3501/848/1046 3502/856/1047 3482/849/1027
f 3482/849/1027 3502/856/1047 3503/864/1048 3483/857/1028
f 3483/857/1028 3503/864/1048 3504/872/1049 3484/865/1029
f 3484/865/1029 3504/872/1049 3505/880/1050 3485/873/1030
f 3485/873/1030 3505/880/1050 3506/888/1051 3486/881/1031
f 3486/881/1031 3506/888/1051 3507/895/1052 3487/889/1032
f 3487/889/1032 3507/895/1052 3508/900/1053 3488/896/1033
f 3488/896/1033 3508/900/1053 3509/897/1054 3489/891/1034
f 3489/891/1034 3509/897/1054 3510/892/1055 3490/884/1035
f 3490/884/1035 3510/892/1055 3511/885/1056 3491/876/1036
f 3491/876/1036 3511/885/1056 3512/877/1057 3492/868/1037
f 3492/868/1037 3512/877/1057 3513/869/1058 3493/860/1038
f 3493/860/1038 3513/869/1058 3514/861/1059 3494/852/1039
f 3494/852/1039 3514/861/1059 3515/853/1060 3495/844/1040
f 3495/844/1040 3515/853/1060 3516/845/1061 3496/836/1041
f 3496/836/1041 3516/845/1061 3517/837/1062 3497/830/1042
f 3497/830/1042 3517/837/1062 3498/831/1043 3478/826/1023
f 3498/831/1043 3518/838/1063 3519/839/1064 3499/832/1044
f 3499/832/1044 3519/839/1064 3520/847/1065 3500/840/1045
f 3500/840/1045 3520/847/1065 3521/855/1066 3501/848/1046
f 3501/848/1046 3521/855/1066 3522/863/1067 3502/856/1047
f 3502/856/1047 3522/863/1067 3523/871/1068 3503/864/1048
f 3503/864/1048 3523/871/1068 3524/879/1069 3504/872/1049
f 3504/872/1049 3524/879/1069 3525/887/1070 3505/880/1050
f 3505/880/1050 3525/887/1070 3526/894/1071 3506/888/1051
f 3506/888/1051 3526/894/1071 3527/899/1072 3507/895/1052
f 3507/895/1052 3527/899/1072 3528/902/1073 3508/900/1053
f 3508/900/1053 3528/902/1073 3529/901/1074 3509/897/1054
f 3509/897/1054 3529/901/1074 3530/898/1075 3510/892/1055
f 3510/892/1055 3530/898/1075 3531/893/1076 3511/885/1056
f 3511/885/1056 3531/893/1076 3532/886/1077 3512/877/1057
f 3512/877/1057 3532/886/1077 3533/878/1078 3513/869/1058
f 3513/869/1058 3533/878/1078 3534/870/1079 3514/861/1059
f 3514/861/1059 3534/870/1079 3535/862/1080 3515/853/1060
f 3515/853/1060 3535/862/1080 3536/854/1081 3516/845/1061
f 3516/845/1061 3536/854/1081 3537/846/1082 3517/837/1062
f 3517/837/1062 3537/846/1082 3518/838/1063 3498/831/1043
f 3518/838/1063 3538/931/1083 3539/933/1084 3519/839/1064
f 3519/839/1064 3539/933/1084 3540/935/1085 3520/847/1065
f 3520/847/1065 3540/935/1085 3541/937/1086 3521/855/1066
f 3521/855/1066 3541/937/1086 3542/939/1087 3522/863/1067
f 3522/863/1067 3542/939/1087 3543/941/1088 3523/871/1068
f 3523/871/1068 3543/941/1088 3544/943/1089 3524/879/1069
f 3524/879/1069 3544/943/1089 3545/942/1090 3525/887/1070
f 3525/887/1070 3545/942/1090 3546/940/1091 3526/894/1071
f 3526/894/1071 3546/940/1091 3547/938/1092 3527/899/1072
f 3527/899/1072 3547/938/1092 3548/936/1093 3528/902/1073
f 3528/902/1073 3548/936/1093 3549/934/1094 3529/901/1074
f 3529/901/1074 3549/934/1094 3550/932/1095 3530/898/1075
f 3530/898/1075 3550/932/1095 3551/930/1096 3531/893/1076
f 3531/893/1076 3551/930/1096 3552/928/1097 3532/886/1077
f 3532/886/1077 3552/928/1097 3553/926/1098 3533/878/1078
f 3533/878/1078 3553/926/1098 3554/924/1099 3534/870/1079
f 3534/870/1079 3554/924/1099 3555/925/1100 3535/862/1080
f 3535/862/1080 3555/925/1100 3556/927/1101 3536/854/1081
f 3536/854/1081 3556/927/1101 3557/929/1102 3537/846/1082
f 3537/846/1082 3557/929/1102 3538/931/1083 3518/838/1063
f 3558/1124/859 3559/1125/914 3560/1126/861 3561/1120/862
s 8
f 3562/1114/745 3563/226/1103 3564/1116/863 3565/1112/864
f 3563/226/1103 3566/227/1104 3567/1121/917 3564/1116/863
f 3566/227/1104 3568/228/1105 3569/1128/868 3567/1121/917
f 3568/228/1105 3570/229/1106 3571/1132/916 3569/1128/868
f 3570/229/1106 3572/230/1107 3573/1134/870 3571/1132/916
f 3572/230/1107 3562/1136/745 3565/1137/864 3573/1134/870
s 1
f 3574/1109/1108 3575/1110/1109 3565/1112/864 3564/1116/863
f 3576/1115/1110 3574/1109/1108 3564/1116/863 3567/1117/917
f 3577/1122/1111 3576/1115/1110 3567/1117/917 3569/1123/868
f 3578/1119/1112 3577/1122/1111 3569/1123/868 3571/1118/916
f 3578/1119/1112 3571/1118/916 3573/1111/870 3579/1113/876
f 3579/1113/876 3573/1111/870 3565/1112/864 3575/1110/1109
s off
f 3575/1143/1109 3574/1144/1108 3580/1141/877 3581/1108/878
f 3574/1156/1108 3576/1152/1110 3582/231/879 3580/1153/877
f 3576/1152/1110 3577/1149/1111 3583/232/880 3582/231/879
f 3577/1149/1111 3578/1148/1112 3584/233/881 3583/232/880
f 3579/1146/876 3575/1143/1109 3581/1108/878 3585/234/882
f 3578/1148/1112 3579/1146/876 3585/234/882 3584/233/881
f 3581/1108/878 3580/1141/877 3586/1139/883 3587/1107/884
f 3580/1153/877 3582/231/879 3588/235/885 3586/1151/883
f 3582/231/879 3583/232/880 3589/236/909 3588/235/885
f 3583/232/880 3584/233/881 3590/237/887 3589/236/909
f 3585/234/882 3581/1108/878 3587/1107/884 3591/238/888
f 3584/233/881 3585/234/882 3591/238/888 3590/237/887
f 3587/1107/884 3586/1139/883 3592/1140/889 3593/1106/890
f 3586/1151/883 3588/235/885 3594/239/891 3592/1150/889
f 3588/235/885 3589/236/909 3595/240/892 3594/239/891
f 3589/236/909 3590/237/887 3596/241/893 3595/240/892
f 3591/238/888 3587/1107/884 3593/1106/890 3597/242/922
f 3590/237/887 3591/238/888 3597/242/922 3596/241/893
f 3593/1106/890 3592/1140/889 3598/1142/895 3599/1105/896
f 3592/1150/889 3594/239/891 3600/243/897 3598/1155/895
f 3594/239/891 3595/240/892 3601/244/898 3600/243/897
f 3595/240/892 3596/241/893 3602/245/899 3601/244/898
f 3597/242/922 3593/1106/890 3599/1105/896 3603/246/900
f 3596/241/893 3597/242/922 3603/246/900 3602/245/899
f 3599/1105/896 3598/1142/895 3604/1145/1113 3605/1104/902
f 3598/1155/895 3600/243/897 3606/247/1114 3604/1154/1113
f 3600/243/897 3601/244/898 3607/248/904 3606/247/1114
f 3601/244/898 3602/245/899 3608/1147/905 3607/248/904
f 3603/246/900 3599/1105/896 3605/1104/902 3609/249/913
f 3602/245/899 3603/246/900 3609/249/913 3608/1147/905
f 3604/1145/1113 3608/1147/905 3609/249/913 3605/1104/902
f 3604/1154/1113 3606/247/1114 3607/248/904 3608/1147/905
s 1
f 3559/1125/914 3610/1129/915 3611/1130/865 3560/1126/861
s off
f 3572/230/1107 3570/229/1106 3559/1133/914 3558/1135/859
f 3570/229/1106 3568/228/1105 3610/1131/915 3559/1133/914
f 3568/228/1105 3566/227/1104 3611/1127/865 3610/1131/915
f 3566/227/1104 3563/226/1103 3560/1126/861 3611/1127/865
f 3563/226/1103 3562/1114/745 3561/1120/862 3560/1126/861
f 3562/1136/745 3572/230/1107 3558/1135/859 3561/1138/862
f 3552/910/1097 3551/913/1096 3550/914/1095 3612/903/3
f 3612/903/3 3550/914/1095 3549/917/1094 3548/918/1093
f 3612/903/3 3548/918/1093 3547/921/1092 3546/922/1091
f 3612/903/3 3546/922/1091 3545/923/1090 3544/919/1089
f 3612/903/3 3544/919/1089 3543/920/1088 3542/915/1087
f 3612/903/3 3554/906/1099 3553/909/1098 3552/910/1097
f 3612/903/3 3556/904/1101 3555/905/1100 3554/906/1099
f 3612/903/3 3538/907/1083 3557/908/1102 3556/904/1101
f 3612/903/3 3540/911/1085 3539/912/1084 3538/907/1083
f 3612/903/3 3542/915/1087 3541/916/1086 3540/911/1085
s 1
f 3613/250/1002 3614/251/1003 3615/252/1004
f 3613/250/1002 3615/252/1004 3616/253/1005
f 3613/250/1002 3616/253/1005 3617/254/1006
f 3613/250/1002 3617/254/1006 3618/255/1007
f 3613/250/1002 3618/255/1007 3619/256/1008
f 3613/250/1002 3619/256/1008 3620/257/1009
f 3613/250/1002 3620/257/1009 3621/258/1010
f 3613/250/1002 3621/258/1010 3622/259/1011
f 3613/250/1002 3622/259/1011 3623/260/1012
f 3613/250/1002 3623/260/1012 3624/261/1013
f 3613/250/1002 3624/261/1013 3625/262/1014
f 3613/250/1002 3625/262/1014 3626/263/1015
f 3613/250/1002 3626/263/1015 3627/264/1016
f 3613/250/1002 3627/264/1016 3628/265/1017
f 3613/250/1002 3628/265/1017 3629/266/1018
f 3613/250/1002 3629/266/1018 3630/267/1019
f 3613/250/1002 3630/267/1019 3631/268/1020
f 3613/250/1002 3631/268/1020 3632/269/1021
f 3613/250/1002 3632/269/1021 3633/270/1022
f 3613/250/1002 3633/270/1022 3614/251/1003
f 3614/251/1003 3634/271/1023 3635/272/1024 3615/252/1004
f 3615/252/1004 3635/272/1024 3636/273/1025 3616/253/1005
f 3616/253/1005 3636/273/1025 3637/274/1026 3617/254/1006
f 3617/254/1006 3637/274/1026 3638/275/1027 3618/255/1007
f 3618/255/1007 3638/275/1027 3639/276/1028 3619/256/1008
f 3619/256/1008 3639/276/1028 3640/277/1029 3620/257/1009
f 3620/257/1009 3640/277/1029 3641/278/1030 3621/258/1010
f 3621/258/1010 3641/278/1030 3642/279/1031 3622/259/1011
f 3622/259/1011 3642/279/1031 3643/280/1032 3623/260/1012
f 3623/260/1012 3643/280/1032 3644/281/1033 3624/261/1013
f 3624/261/1013 3644/281/1033 3645/282/1034 3625/262/1014
f 3625/262/1014 3645/282/1034 3646/283/1035 3626/263/1015
f 3626/263/1015 3646/283/1035 3647/284/1036 3627/264/1016
f 3627/264/1016 3647/284/1036 3648/285/1037 3628/265/1017
f 3628/265/1017 3648/285/1037 3649/286/1038 3629/266/1018
f 3629/266/1018 3649/286/1038 3650/287/1039 3630/267/1019
f 3630/267/1019 3650/287/1039 3651/288/1040 3631/268/1020
f 3631/268/1020 3651/288/1040 3652/289/1041 3632/269/1021
f 3632/269/1021 3652/289/1041 3653/290/1042 3633/270/1022
f 3633/270/1022 3653/290/1042 3634/271/1023 3614/251/1003
f 3634/271/1023 3654/291/1043 3655/292/1044 3635/272/1024
f 3635/272/1024 3655/292/1044 3656/293/1045 3636/273/1025
f 3636/273/1025 3656/293/1045 3657/294/1046 3637/274/1026
f 3637/274/1026 3657/294/1046 3658/295/1047 3638/275/1027
f 3638/275/1027 3658/295/1047 3659/296/1048 3639/276/1028
f 3639/276/1028 3659/296/1048 3660/297/1049 3640/277/1029
f 3640/277/1029 3660/297/1049 3661/298/1050 3641/278/1030
f 3641/278/1030 3661/298/1050 3662/299/1051 3642/279/1031
f 3642/279/1031 3662/299/1051 3663/300/1052 3643/280/1032
f 3643/280/1032 3663/300/1052 3664/301/1053 3644/281/1033
f 3644/281/1033 3664/301/1053 3665/302/1054 3645/282/1034
f 3645/282/1034 3665/302/1054 3666/303/1055 3646/283/1035
f 3646/283/1035 3666/303/1055 3667/304/1056 3647/284/1036
f 3647/284/1036 3667/304/1056 3668/305/1057 3648/285/1037
f 3648/285/1037 3668/305/1057 3669/306/1058 3649/286/1038
f 3649/286/1038 3669/306/1058 3670/307/1059 3650/287/1039
f 3650/287/1039 3670/307/1059 3671/308/1060 3651/288/1040
f 3651/288/1040 3671/308/1060 3672/309/1061 3652/289/1041
f 3652/289/1041 3672/309/1061 3673/310/1062 3653/290/1042
f 3653/290/1042 3673/310/1062 3654/291/1043 3634/271/1023
f 3654/291/1043 3674/311/1063 3675/312/1064 3655/292/1044
f 3655/292/1044 3675/312/1064 3676/313/1065 3656/293/1045
f 3656/293/1045 3676/313/1065 3677/314/1066 3657/294/1046
f 3657/294/1046 3677/314/1066 3678/315/1067 3658/295/1047
f 3658/295/1047 3678/315/1067 3679/316/1068 3659/296/1048
f 3659/296/1048 3679/316/1068 3680/317/1069 3660/297/1049
f 3660/297/1049 3680/317/1069 3681/318/1070 3661/298/1050
f 3661/298/1050 3681/318/1070 3682/319/1071 3662/299/1051
f 3662/299/1051 3682/319/1071 3683/320/1072 3663/300/1052
f 3663/300/1052 3683/320/1072 3684/321/1073 3664/301/1053
f 3664/301/1053 3684/321/1073 3685/322/1074 3665/302/1054
f 3665/302/1054 3685/322/1074 3686/323/1075 3666/303/1055
f 3666/303/1055 3686/323/1075 3687/324/1076 3667/304/1056
f 3667/304/1056 3687/324/1076 3688/325/1077 3668/305/1057
f 3668/305/1057 3688/325/1077 3689/326/1078 3669/306/1058
f 3669/306/1058 3689/326/1078 3690/327/1079 3670/307/1059
f 3670/307/1059 3690/327/1079 3691/328/1080 3671/308/1060
f 3671/308/1060 3691/328/1080 3692/329/1081 3672/309/1061
f 3672/309/1061 3692/329/1081 3693/330/1082 3673/310/1062
f 3673/310/1062 3693/330/1082 3674/311/1063 3654/291/1043
f 3674/311/1063 3694/976/1083 3695/974/1084 3675/312/1064
f 3675/312/1064 3695/974/1084 3696/972/1085 3676/313/1065
f 3676/313/1065 3696/972/1085 3697/970/1086 3677/314/1066
f 3677/314/1066 3697/970/1086 3698/968/1087 3678/315/1067
f 3678/315/1067 3698/968/1087 3699/966/1088 3679/316/1068
f 3679/316/1068 3699/966/1088 3700/964/1089 3680/317/1069
f 3680/317/1069 3700/964/1089 3701/965/1090 3681/318/1070
f 3681/318/1070 3701/965/1090 3702/967/1091 3682/319/1071
f 3682/319/1071 3702/967/1091 3703/969/1092 3683/320/1072
f 3683/320/1072 3703/969/1092 3704/971/1093 3684/321/1073
f 3684/321/1073 3704/971/1093 3705/973/1094 3685/322/1074
f 3685/322/1074 3705/973/1094 3706/975/1095 3686/323/1075
f 3686/323/1075 3706/975/1095 3707/977/1096 3687/324/1076
f 3687/324/1076 3707/977/1096 3708/979/1097 3688/325/1077
f 3688/325/1077 3708/979/1097 3709/981/1098 3689/326/1078
f 3689/326/1078 3709/981/1098 3710/983/1099 3690/327/1079
f 3690/327/1079 3710/983/1099 3711/982/1100 3691/328/1080
f 3691/328/1080 3711/982/1100 3712/980/1101 3692/329/1081
f 3692/329/1081 3712/980/1101 3713/978/1102 3693/330/1082
f 3693/330/1082 3713/978/1102 3694/976/1083 3674/311/1063
s off
f 3708/947/1097 3707/948/1096 3706/944/1095 3714/331/3
f 3714/331/3 3706/944/1095 3705/945/1094 3704/946/1093
f 3714/331/3 3704/946/1093 3703/949/1092 3702/950/1091
f 3714/331/3 3702/950/1091 3701/953/1090 3700/954/1089
f 3714/331/3 3700/954/1089 3699/957/1088 3698/958/1087
f 3714/331/3 3710/951/1099 3709/952/1098 3708/947/1097
f 3714/331/3 3712/955/1101 3711/956/1100 3710/951/1099
f 3714/331/3 3694/959/1083 3713/960/1102 3712/955/1101
f 3714/331/3 3696/962/1085 3695/963/1084 3694/959/1083
f 3714/331/3 3698/958/1087 3697/961/1086 3696/962/1085
s 1
f 3715/332/1002 3716/333/1003 3717/334/1004
f 3715/332/1002 3717/334/1004 3718/335/1005
f 3715/332/1002 3718/335/1005 3719/336/1006
f 3715/332/1002 3719/336/1006 3720/337/1007
f 3715/332/1002 3720/337/1007 3721/338/1008
f 3715/332/1002 3721/338/1008 3722/339/1009
f 3715/332/1002 3722/339/1009 3723/340/1010
f 3715/332/1002 3723/340/1010 3724/341/1011
f 3715/332/1002 3724/341/1011 3725/342/1012
f 3715/332/1002 3725/342/1012 3726/343/1013
f 3715/332/1002 3726/343/1013 3727/344/1014
f 3715/332/1002 3727/344/1014 3728/345/1015
f 3715/332/1002 3728/345/1015 3729/346/1016
f 3715/332/1002 3729/346/1016 3730/347/1017
f 3715/332/1002 3730/347/1017 3731/348/1018
f 3715/332/1002 3731/348/1018 3732/349/1019
f 3715/332/1002 3732/349/1019 3733/350/1020
f 3715/332/1002 3733/350/1020 3734/351/1021
f 3715/332/1002 3734/351/1021 3735/352/1022
f 3715/332/1002 3735/352/1022 3716/333/1003
f 3716/333/1003 3736/353/1023 3737/354/1024 3717/334/1004
f 3717/334/1004 3737/354/1024 3738/355/1025 3718/335/1005
f 3718/335/1005 3738/355/1025 3739/356/1026 3719/336/1006
f 3719/336/1006 3739/356/1026 3740/357/1027 3720/337/1007
f 3720/337/1007 3740/357/1027 3741/358/1028 3721/338/1008
f 3721/338/1008 3741/358/1028 3742/359/1029 3722/339/1009
f 3722/339/1009 3742/359/1029 3743/360/1030 3723/340/1010
f 3723/340/1010 3743/360/1030 3744/361/1031 3724/341/1011
f 3724/341/1011 3744/361/1031 3745/362/1032 3725/342/1012
f 3725/342/1012 3745/362/1032 3746/363/1033 3726/343/1013
f 3726/343/1013 3746/363/1033 3747/364/1034 3727/344/1014
f 3727/344/1014 3747/364/1034 3748/365/1035 3728/345/1015
f 3728/345/1015 3748/365/1035 3749/366/1036 3729/346/1016
f 3729/346/1016 3749/366/1036 3750/367/1037 3730/347/1017
f 3730/347/1017 3750/367/1037 3751/368/1038 3731/348/1018
f 3731/348/1018 3751/368/1038 3752/369/1039 3732/349/1019
f 3732/349/1019 3752/369/1039 3753/370/1040 3733/350/1020
f 3733/350/1020 3753/370/1040 3754/371/1041 3734/351/1021
f 3734/351/1021 3754/371/1041 3755/372/1042 3735/352/1022
f 3735/352/1022 3755/372/1042 3736/353/1023 3716/333/1003
f 3736/353/1023 3756/373/1043 3757/374/1044 3737/354/1024
f 3737/354/1024 3757/374/1044 3758/375/1045 3738/355/1025
f 3738/355/1025 3758/375/1045 3759/376/1046 3739/356/1026
f 3739/356/1026 3759/376/1046 3760/377/1047 3740/357/1027
f 3740/357/1027 3760/377/1047 3761/378/1048 3741/358/1028
f 3741/358/1028 3761/378/1048 3762/379/1049 3742/359/1029
f 3742/359/1029 3762/379/1049 3763/380/1050 3743/360/1030
f 3743/360/1030 3763/380/1050 3764/381/1051 3744/361/1031
f 3744/361/1031 3764/381/1051 3765/382/1052 3745/362/1032
f 3745/362/1032 3765/382/1052 3766/383/1053 3746/363/1033
f 3746/363/1033 3766/383/1053 3767/384/1054 3747/364/1034
f 3747/364/1034 3767/384/1054 3768/385/1055 3748/365/1035
f 3748/365/1035 3768/385/1055 3769/386/1056 3749/366/1036
f 3749/366/1036 3769/386/1056 3770/387/1057 3750/367/1037
f 3750/367/1037 3770/387/1057 3771/388/1058 3751/368/1038
f 3751/368/1038 3771/388/1058 3772/389/1059 3752/369/1039
f 3752/369/1039 3772/389/1059 3773/390/1060 3753/370/1040
f 3753/370/1040 3773/390/1060 3774/391/1061 3754/371/1041
f 3754/371/1041 3774/391/1061 3775/392/1062 3755/372/1042
f 3755/372/1042 3775/392/1062 3756/373/1043 3736/353/1023
f 3756/373/1043 3776/393/1063 3777/394/1064 3757/374/1044
f 3757/374/1044 3777/394/1064 3778/395/1065 3758/375/1045
f 3758/375/1045 3778/395/1065 3779/396/1066 3759/376/1046
f 3759/376/1046 3779/396/1066 3780/397/1067 3760/377/1047
f 3760/377/1047 3780/397/1067 3781/398/1068 3761/378/1048
f 3761/378/1048 3781/398/1068 3782/399/1069 3762/379/1049
f 3762/379/1049 3782/399/1069 3783/400/1070 3763/380/1050
f 3763/380/1050 3783/400/1070 3784/401/1071 3764/381/1051
f 3764/381/1051 3784/401/1071 3785/402/1072 3765/382/1052
f 3765/382/1052 3785/402/1072 3786/403/1073 3766/383/1053
f 3766/383/1053 3786/403/1073 3787/404/1074 3767/384/1054
f 3767/384/1054 3787/404/1074 3788/405/1075 3768/385/1055
f 3768/385/1055 3788/405/1075 3789/406/1076 3769/386/1056
f 3769/386/1056 3789/406/1076 3790/407/1077 3770/387/1057
f 3770/387/1057 3790/407/1077 3791/408/1078 3771/388/1058
f 3771/388/1058 3791/408/1078 3792/409/1079 3772/389/1059
f 3772/389/1059 3792/409/1079 3793/410/1080 3773/390/1060
f 3773/390/1060 3793/410/1080 3794/411/1081 3774/391/1061
f 3774/391/1061 3794/411/1081 3795/412/1082 3775/392/1062
f 3775/392/1062 3795/412/1082 3776/393/1063 3756/373/1043
f 3776/393/1063 3796/1012/1083 3797/1010/1084 3777/394/1064
f 3777/394/1064 3797/1010/1084 3798/1008/1085 3778/395/1065
f 3778/395/1065 3798/1008/1085 3799/1006/1086 3779/396/1066
f 3779/396/1066 3799/1006/1086 3800/1004/1087 3780/397/1067
f 3780/397/1067 3800/1004/1087 3801/1005/1088 3781/398/1068
f 3781/398/1068 3801/1005/1088 3802/1007/1089 3782/399/1069
f 3782/399/1069 3802/1007/1089 3803/1009/1090 3783/400/1070
f 3783/400/1070 3803/1009/1090 3804/1011/1091 3784/401/1071
f 3784/401/1071 3804/1011/1091 3805/1013/1092 3785/402/1072
f 3785/402/1072 3805/1013/1092 3806/1015/1093 3786/403/1073
f 3786/403/1073 3806/1015/1093 3807/1017/1094 3787/404/1074
f 3787/404/1074 3807/1017/1094 3808/1019/1095 3788/405/1075
f 3788/405/1075 3808/1019/1095 3809/1021/1096 3789/406/1076
f 3789/406/1076 3809/1021/1096 3810/1023/1097 3790/407/1077
f 3790/407/1077 3810/1023/1097 3811/1022/1098 3791/408/1078
f 3791/408/1078 3811/1022/1098 3812/1020/1099 3792/409/1079
f 3792/409/1079 3812/1020/1099 3813/1018/1100 3793/410/1080
f 3793/410/1080 3813/1018/1100 3814/1016/1101 3794/411/1081
f 3794/411/1081 3814/1016/1101 3815/1014/1102 3795/412/1082
f 3795/412/1082 3815/1014/1102 3796/1012/1083 3776/393/1063
s off
f 3810/986/1097 3809/989/1096 3808/990/1095 3816/413/3
f 3816/413/3 3808/990/1095 3807/993/1094 3806/994/1093
f 3816/413/3 3806/994/1093 3805/997/1092 3804/998/1091
f 3816/413/3 3804/998/1091 3803/1001/1090 3802/1002/1089
f 3816/413/3 3802/1002/1089 3801/1003/1088 3800/999/1087
f 3816/413/3 3812/6965/1099 3811/985/1098 3810/986/1097
f 3816/413/3 3814/987/1101 3813/988/1100 3812/6965/1099
f 3816/413/3 3796/991/1083 3815/992/1102 3814/987/1101
f 3816/413/3 3798/995/1085 3797/996/1084 3796/991/1083
f 3816/413/3 3800/999/1087 3799/1000/1086 3798/995/1085
s 1
f 3817/414/1002 3818/415/1003 3819/416/1004
f 3817/414/1002 3819/416/1004 3820/417/1005
f 3817/414/1002 3820/417/1005 3821/418/1006
f 3817/414/1002 3821/418/1006 3822/419/1007
f 3817/414/1002 3822/419/1007 3823/420/1008
f 3817/414/1002 3823/420/1008 3824/421/1009
f 3817/414/1002 3824/421/1009 3825/422/1010
f 3817/414/1002 3825/422/1010 3826/423/1011
f 3817/414/1002 3826/423/1011 3827/424/1012
f 3817/414/1002 3827/424/1012 3828/425/1013
f 3817/414/1002 3828/425/1013 3829/426/1014
f 3817/414/1002 3829/426/1014 3830/427/1015
f 3817/414/1002 3830/427/1015 3831/428/1016
f 3817/414/1002 3831/428/1016 3832/429/1017
f 3817/414/1002 3832/429/1017 3833/430/1018
f 3817/414/1002 3833/430/1018 3834/431/1019
f 3817/414/1002 3834/431/1019 3835/432/1020
f 3817/414/1002 3835/432/1020 3836/433/1021
f 3817/414/1002 3836/433/1021 3837/434/1022
f 3817/414/1002 3837/434/1022 3818/415/1003
f 3818/415/1003 3838/435/1023 3839/436/1024 3819/416/1004
f 3819/416/1004 3839/436/1024 3840/437/1025 3820/417/1005
f 3820/417/1005 3840/437/1025 3841/438/1026 3821/418/1006
f 3821/418/1006 3841/438/1026 3842/439/1027 3822/419/1007
f 3822/419/1007 3842/439/1027 3843/440/1028 3823/420/1008
f 3823/420/1008 3843/440/1028 3844/441/1029 3824/421/1009
f 3824/421/1009 3844/441/1029 3845/442/1030 3825/422/1010
f 3825/422/1010 3845/442/1030 3846/443/1031 3826/423/1011
f 3826/423/1011 3846/443/1031 3847/444/1032 3827/424/1012
f 3827/424/1012 3847/444/1032 3848/445/1033 3828/425/1013
f 3828/425/1013 3848/445/1033 3849/446/1034 3829/426/1014
f 3829/426/1014 3849/446/1034 3850/447/1035 3830/427/1015
f 3830/427/1015 3850/447/1035 3851/448/1036 3831/428/1016
f 3831/428/1016 3851/448/1036 3852/449/1037 3832/429/1017
f 3832/429/1017 3852/449/1037 3853/450/1038 3833/430/1018
f 3833/430/1018 3853/450/1038 3854/451/1039 3834/431/1019
f 3834/431/1019 3854/451/1039 3855/452/1040 3835/432/1020
f 3835/432/1020 3855/452/1040 3856/453/1041 3836/433/1021
f 3836/433/1021 3856/453/1041 3857/454/1042 3837/434/1022
f 3837/434/1022 3857/454/1042 3838/435/1023 3818/415/1003
f 3838/435/1023 3858/455/1043 3859/456/1044 3839/436/1024
f 3839/436/1024 3859/456/1044 3860/457/1045 3840/437/1025
f 3840/437/1025 3860/457/1045 3861/458/1046 3841/438/1026
f 3841/438/1026 3861/458/1046 3862/459/1047 3842/439/1027
f 3842/439/1027 3862/459/1047 3863/460/1048 3843/440/1028
f 3843/440/1028 3863/460/1048 3864/461/1049 3844/441/1029
f 3844/441/1029 3864/461/1049 3865/462/1050 3845/442/1030
f 3845/442/1030 3865/462/1050 3866/463/1051 3846/443/1031
f 3846/443/1031 3866/463/1051 3867/464/1052 3847/444/1032
f 3847/444/1032 3867/464/1052 3868/465/1053 3848/445/1033
f 3848/445/1033 3868/465/1053 3869/466/1054 3849/446/1034
f 3849/446/1034 3869/466/1054 3870/467/1055 3850/447/1035
f 3850/447/1035 3870/467/1055 3871/468/1056 3851/448/1036
f 3851/448/1036 3871/468/1056 3872/469/1057 3852/449/1037
f 3852/449/1037 3872/469/1057 3873/470/1058 3853/450/1038
f 3853/450/1038 3873/470/1058 3874/471/1059 3854/451/1039
f 3854/451/1039 3874/471/1059 3875/472/1060 3855/452/1040
f 3855/452/1040 3875/472/1060 3876/473/1061 3856/453/1041
f 3856/453/1041 3876/473/1061 3877/474/1062 3857/454/1042
f 3857/454/1042 3877/474/1062 3858/455/1043 3838/435/1023
f 3858/455/1043 3878/475/1063 3879/476/1064 3859/456/1044
f 3859/456/1044 3879/476/1064 3880/477/1065 3860/457/1045
f 3860/457/1045 3880/477/1065 3881/478/1066 3861/458/1046
f 3861/458/1046 3881/478/1066 3882/479/1067 3862/459/1047
f 3862/459/1047 3882/479/1067 3883/480/1068 3863/460/1048
f 3863/460/1048 3883/480/1068 3884/481/1069 3864/461/1049
f 3864/461/1049 3884/481/1069 3885/482/1070 3865/462/1050
f 3865/462/1050 3885/482/1070 3886/483/1071 3866/463/1051
f 3866/463/1051 3886/483/1071 3887/484/1072 3867/464/1052
f 3867/464/1052 3887/484/1072 3888/485/1073 3868/465/1053
f 3868/465/1053 3888/485/1073 3889/486/1074 3869/466/1054
f 3869/466/1054 3889/486/1074 3890/487/1075 3870/467/1055
f 3870/467/1055 3890/487/1075 3891/488/1076 3871/468/1056
f 3871/468/1056 3891/488/1076 3892/489/1077 3872/469/1057
f 3872/469/1057 3892/489/1077 3893/490/1078 3873/470/1058
f 3873/470/1058 3893/490/1078 3894/491/1079 3874/471/1059
f 3874/471/1059 3894/491/1079 3895/492/1080 3875/472/1060
f 3875/472/1060 3895/492/1080 3896/493/1081 3876/473/1061
f 3876/473/1061 3896/493/1081 3897/494/1082 3877/474/1062
f 3877/474/1062 3897/494/1082 3878/475/1063 3858/455/1043
f 3878/475/1063 3898/1046/1083 3899/1044/1084 3879/476/1064
f 3879/476/1064 3899/1044/1084 3900/1045/1085 3880/477/1065
f 3880/477/1065 3900/1045/1085 3901/1047/1086 3881/478/1066
f 3881/478/1066 3901/1047/1086 3902/1049/1087 3882/479/1067
f 3882/479/1067 3902/1049/1087 3903/1051/1088 3883/480/1068
f 3883/480/1068 3903/1051/1088 3904/1053/1089 3884/481/1069
f 3884/481/1069 3904/1053/1089 3905/1055/1090 3885/482/1070
f 3885/482/1070 3905/1055/1090 3906/1057/1091 3886/483/1071
f 3886/483/1071 3906/1057/1091 3907/1059/1092 3887/484/1072
f 3887/484/1072 3907/1059/1092 3908/1061/1093 3888/485/1073
f 3888/485/1073 3908/1061/1093 3909/1063/1094 3889/486/1074
f 3889/486/1074 3909/1063/1094 3910/1062/1095 3890/487/1075
f 3890/487/1075 3910/1062/1095 3911/1060/1096 3891/488/1076
f 3891/488/1076 3911/1060/1096 3912/1058/1097 3892/489/1077
f 3892/489/1077 3912/1058/1097 3913/1056/1098 3893/490/1078
f 3893/490/1078 3913/1056/1098 3914/1054/1099 3894/491/1079
f 3894/491/1079 3914/1054/1099 3915/1052/1100 3895/492/1080
f 3895/492/1080 3915/1052/1100 3916/1050/1101 3896/493/1081
f 3896/493/1081 3916/1050/1101 3917/1048/1102 3897/494/1082
f 3897/494/1082 3917/1048/1102 3898/1046/1083 3878/475/1063
s off
f 3912/1030/1097 3911/1033/1096 3910/1034/1095 3918/495/3
f 3918/495/3 3910/1034/1095 3909/1037/1094 3908/1038/1093
f 3918/495/3 3908/1038/1093 3907/1041/1092 3906/1042/1091
f 3918/495/3 3906/1042/1091 3905/1043/1090 3904/1039/1089
f 3918/495/3 3904/1039/1089 3903/1040/1088 3902/1035/1087
f 3918/495/3 3914/1026/1099 3913/1029/1098 3912/1030/1097
f 3918/495/3 3916/1024/1101 3915/1025/1100 3914/1026/1099
f 3918/495/3 3898/1027/1083 3917/1028/1102 3916/1024/1101
f 3918/495/3 3900/1031/1085 3899/1032/1084 3898/1027/1083
f 3918/495/3 3902/1035/1087 3901/1036/1086 3900/1031/1085
s 1
f 3919/496/1002 3920/497/1003 3921/498/1004
f 3919/496/1002 3921/498/1004 3922/499/1005
f 3919/496/1002 3922/499/1005 3923/500/1006
f 3919/496/1002 3923/500/1006 3924/501/1007
f 3919/496/1002 3924/501/1007 3925/502/1008
f 3919/496/1002 3925/502/1008 3926/503/1009
f 3919/496/1002 3926/503/1009 3927/504/1010
f 3919/496/1002 3927/504/1010 3928/505/1011
f 3919/496/1002 3928/505/1011 3929/506/1012
f 3919/496/1002 3929/506/1012 3930/507/1013
f 3919/496/1002 3930/507/1013 3931/508/1014
f 3919/496/1002 3931/508/1014 3932/509/1015
f 3919/496/1002 3932/509/1015 3933/510/1016
f 3919/496/1002 3933/510/1016 3934/511/1017
f 3919/496/1002 3934/511/1017 3935/512/1018
f 3919/496/1002 3935/512/1018 3936/513/1019
f 3919/496/1002 3936/513/1019 3937/514/1020
f 3919/496/1002 3937/514/1020 3938/515/1021
f 3919/496/1002 3938/515/1021 3939/516/1022
f 3919/496/1002 3939/516/1022 3920/497/1003
f 3920/497/1003 3940/517/1023 3941/518/1024 3921/498/1004
f 3921/498/1004 3941/518/1024 3942/519/1025 3922/499/1005
f 3922/499/1005 3942/519/1025 3943/520/1026 3923/500/1006
f 3923/500/1006 3943/520/1026 3944/521/1027 3924/501/1007
f 3924/501/1007 3944/521/1027 3945/522/1028 3925/502/1008
f 3925/502/1008 3945/522/1028 3946/523/1029 3926/503/1009
f 3926/503/1009 3946/523/1029 3947/524/1030 3927/504/1010
f 3927/504/1010 3947/524/1030 3948/525/1031 3928/505/1011
f 3928/505/1011 3948/525/1031 3949/526/1032 3929/506/1012
f 3929/506/1012 3949/526/1032 3950/527/1033 3930/507/1013
f 3930/507/1013 3950/527/1033 3951/528/1034 3931/508/1014
f 3931/508/1014 3951/528/1034 3952/529/1035 3932/509/1015
f 3932/509/1015 3952/529/1035 3953/530/1036 3933/510/1016
f 3933/510/1016 3953/530/1036 3954/531/1037 3934/511/1017
f 3934/511/1017 3954/531/1037 3955/532/1038 3935/512/1018
f 3935/512/1018 3955/532/1038 3956/533/1039 3936/513/1019
f 3936/513/1019 3956/533/1039 3957/534/1040 3937/514/1020
f 3937/514/1020 3957/534/1040 3958/535/1041 3938/515/1021
f 3938/515/1021 3958/535/1041 3959/536/1042 3939/516/1022
f 3939/516/1022 3959/536/1042 3940/517/1023 3920/497/1003
f 3940/517/1023 3960/537/1043 3961/538/1044 3941/518/1024
f 3941/518/1024 3961/538/1044 3962/539/1045 3942/519/1025
f 3942/519/1025 3962/539/1045 3963/540/1046 3943/520/1026
f 3943/520/1026 3963/540/1046 3964/541/1047 3944/521/1027
f 3944/521/1027 3964/541/1047 3965/542/1048 3945/522/1028
f 3945/522/1028 3965/542/1048 3966/543/1049 3946/523/1029
f 3946/523/1029 3966/543/1049 3967/544/1050 3947/524/1030
f 3947/524/1030 3967/544/1050 3968/545/1051 3948/525/1031
f 3948/525/1031 3968/545/1051 3969/546/1052 3949/526/1032
f 3949/526/1032 3969/546/1052 3970/547/1053 3950/527/1033
f 3950/527/1033 3970/547/1053 3971/548/1054 3951/528/1034
f 3951/528/1034 3971/548/1054 3972/549/1055 3952/529/1035
f 3952/529/1035 3972/549/1055 3973/550/1056 3953/530/1036
f 3953/530/1036 3973/550/1056 3974/551/1057 3954/531/1037
f 3954/531/1037 3974/551/1057 3975/552/1058 3955/532/1038
f 3955/532/1038 3975/552/1058 3976/553/1059 3956/533/1039
f 3956/533/1039 3976/553/1059 3977/554/1060 3957/534/1040
f 3957/534/1040 3977/554/1060 3978/555/1061 3958/535/1041
f 3958/535/1041 3978/555/1061 3979/556/1062 3959/536/1042
f 3959/536/1042 3979/556/1062 3960/537/1043 3940/517/1023
f 3960/537/1043 3980/557/1063 3981/558/1064 3961/538/1044
f 3961/538/1044 3981/558/1064 3982/559/1065 3962/539/1045
f 3962/539/1045 3982/559/1065 3983/560/1066 3963/540/1046
f 3963/540/1046 3983/560/1066 3984/561/1067 3964/541/1047
f 3964/541/1047 3984/561/1067 3985/562/1068 3965/542/1048
f 3965/542/1048 3985/562/1068 3986/563/1069 3966/543/1049
f 3966/543/1049 3986/563/1069 3987/564/1070 3967/544/1050
f 3967/544/1050 3987/564/1070 3988/565/1071 3968/545/1051
f 3968/545/1051 3988/565/1071 3989/566/1072 3969/546/1052
f 3969/546/1052 3989/566/1072 3990/567/1073 3970/547/1053
f 3970/547/1053 3990/567/1073 3991/568/1074 3971/548/1054
f 3971/548/1054 3991/568/1074 3992/569/1075 3972/549/1055
f 3972/549/1055 3992/569/1075 3993/570/1076 3973/550/1056
f 3973/550/1056 3993/570/1076 3994/571/1077 3974/551/1057
f 3974/551/1057 3994/571/1077 3995/572/1078 3975/552/1058
f 3975/552/1058 3995/572/1078 3996/573/1079 3976/553/1059
f 3976/553/1059 3996/573/1079 3997/574/1080 3977/554/1060
f 3977/554/1060 3997/574/1080 3998/575/1081 3978/555/1061
f 3978/555/1061 3998/575/1081 3999/576/1082 3979/556/1062
f 3979/556/1062 3999/576/1082 3980/557/1063 3960/537/1043
f 3980/557/1063 4000/1088/1083 4001/1086/1084 3981/558/1064
f 3981/558/1064 4001/1086/1084 4002/1084/1085 3982/559/1065
f 3982/559/1065 4002/1084/1085 4003/1085/1086 3983/560/1066
f 3983/560/1066 4003/1085/1086 4004/1087/1087 3984/561/1067
f 3984/561/1067 4004/1087/1087 4005/1089/1088 3985/562/1068
f 3985/562/1068 4005/1089/1088 4006/1091/1089 3986/563/1069
f 3986/563/1069 4006/1091/1089 4007/1093/1090 3987/564/1070
f 3987/564/1070 4007/1093/1090 4008/1095/1091 3988/565/1071
f 3988/565/1071 4008/1095/1091 4009/1097/1092 3989/566/1072
f 3989/566/1072 4009/1097/1092 4010/1099/1093 3990/567/1073
f 3990/567/1073 4010/1099/1093 4011/1101/1094 3991/568/1074
f 3991/568/1074 4011/1101/1094 4012/1103/1095 3992/569/1075
f 3992/569/1075 4012/1103/1095 4013/1102/1096 3993/570/1076
f 3993/570/1076 4013/1102/1096 4014/1100/1097 3994/571/1077
f 3994/571/1077 4014/1100/1097 4015/1098/1098 3995/572/1078
f 3995/572/1078 4015/1098/1098 4016/1096/1099 3996/573/1079
f 3996/573/1079 4016/1096/1099 4017/1094/1100 3997/574/1080
f 3997/574/1080 4017/1094/1100 4018/1092/1101 3998/575/1081
f 3998/575/1081 4018/1092/1101 4019/1090/1102 3999/576/1082
f 3999/576/1082 4019/1090/1102 4000/1088/1083 3980/557/1063
s off
f 4014/1074/1097 4013/1077/1096 4012/1078/1095 4020/577/3
f 4020/577/3 4012/1078/1095 4011/1081/1094 4010/1082/1093
f 4020/577/3 4010/1082/1093 4009/1083/1092 4008/1079/1091
f 4020/577/3 4008/1079/1091 4007/1080/1090 4006/1075/1089
f 4020/577/3 4006/1075/1089 4005/1076/1088 4004/1071/1087
f 4020/577/3 4016/1070/1099 4015/1073/1098 4014/1074/1097
f 4020/577/3 4018/1066/1101 4017/1069/1100 4016/1070/1099
f 4020/577/3 4000/1064/1083 4019/1065/1102 4018/1066/1101
f 4020/577/3 4002/1067/1085 4001/1068/1084 4000/1064/1083
f 4020/577/3 4004/1071/1087 4003/1072/1086 4002/1067/1085
s 1
f 4021/578/1002 4022/579/1003 4023/580/1004
f 4021/578/1002 4023/580/1004 4024/581/1005
f 4021/578/1002 4024/581/1005 4025/582/1006
f 4021/578/1002 4025/582/1006 4026/583/1007
f 4021/578/1002 4026/583/1007 4027/584/1008
f 4021/578/1002 4027/584/1008 4028/585/1009
f 4021/578/1002 4028/585/1009 4029/586/1010
f 4021/578/1002 4029/586/1010 4030/587/1011
f 4021/578/1002 4030/587/1011 4031/588/1012
f 4021/578/1002 4031/588/1012 4032/589/1013
f 4021/578/1002 4032/589/1013 4033/590/1014
f 4021/578/1002 4033/590/1014 4034/591/1015
f 4021/578/1002 4034/591/1015 4035/592/1016
f 4021/578/1002 4035/592/1016 4036/593/1017
f 4021/578/1002 4036/593/1017 4037/594/1018
f 4021/578/1002 4037/594/1018 4038/595/1019
f 4021/578/1002 4038/595/1019 4039/596/1020
f 4021/578/1002 4039/596/1020 4040/597/1021
f 4021/578/1002 4040/597/1021 4041/598/1022
f 4021/578/1002 4041/598/1022 4022/579/1003
f 4022/579/1003 4042/599/1023 4043/600/1024 4023/580/1004
f 4023/580/1004 4043/600/1024 4044/601/1025 4024/581/1005
f 4024/581/1005 4044/601/1025 4045/602/1026 4025/582/1006
f 4025/582/1006 4045/602/1026 4046/603/1027 4026/583/1007
f 4026/583/1007 4046/603/1027 4047/604/1028 4027/584/1008
f 4027/584/1008 4047/604/1028 4048/605/1029 4028/585/1009
f 4028/585/1009 4048/605/1029 4049/606/1030 4029/586/1010
f 4029/586/1010 4049/606/1030 4050/607/1031 4030/587/1011
f 4030/587/1011 4050/607/1031 4051/608/1032 4031/588/1012
f 4031/588/1012 4051/608/1032 4052/609/1033 4032/589/1013
f 4032/589/1013 4052/609/1033 4053/610/1034 4033/590/1014
f 4033/590/1014 4053/610/1034 4054/611/1035 4034/591/1015
f 4034/591/1015 4054/611/1035 4055/612/1036 4035/592/1016
f 4035/592/1016 4055/612/1036 4056/613/1037 4036/593/1017
f 4036/593/1017 4056/613/1037 4057/614/1038 4037/594/1018
f 4037/594/1018 4057/614/1038 4058/615/1039 4038/595/1019
f 4038/595/1019 4058/615/1039 4059/616/1040 4039/596/1020
f 4039/596/1020 4059/616/1040 4060/617/1041 4040/597/1021
f 4040/597/1021 4060/617/1041 4061/618/1042 4041/598/1022
f 4041/598/1022 4061/618/1042 4042/599/1023 4022/579/1003
f 4042/599/1023 4062/619/1043 4063/620/1044 4043/600/1024
f 4043/600/1024 4063/620/1044 4064/621/1045 4044/601/1025
f 4044/601/1025 4064/621/1045 4065/622/1046 4045/602/1026
f 4045/602/1026 4065/622/1046 4066/623/1047 4046/603/1027
f 4046/603/1027 4066/623/1047 4067/624/1048 4047/604/1028
f 4047/604/1028 4067/624/1048 4068/625/1049 4048/605/1029
f 4048/605/1029 4068/625/1049 4069/626/1050 4049/606/1030
f 4049/606/1030 4069/626/1050 4070/627/1051 4050/607/1031
f 4050/607/1031 4070/627/1051 4071/628/1052 4051/608/1032
f 4051/608/1032 4071/628/1052 4072/629/1053 4052/609/1033
f 4052/609/1033 4072/629/1053 4073/630/1054 4053/610/1034
f 4053/610/1034 4073/630/1054 4074/631/1055 4054/611/1035
f 4054/611/1035 4074/631/1055 4075/632/1056 4055/612/1036
f 4055/612/1036 4075/632/1056 4076/633/1057 4056/613/1037
f 4056/613/1037 4076/633/1057 4077/634/1058 4057/614/1038
f 4057/614/1038 4077/634/1058 4078/635/1059 4058/615/1039
f 4058/615/1039 4078/635/1059 4079/636/1060 4059/616/1040
f 4059/616/1040 4079/636/1060 4080/637/1061 4060/617/1041
f 4060/617/1041 4080/637/1061 4081/638/1062 4061/618/1042
f 4061/618/1042 4081/638/1062 4062/619/1043 4042/599/1023
f 4062/619/1043 4082/639/1063 4083/640/1064 4063/620/1044
f 4063/620/1044 4083/640/1064 4084/641/1065 4064/621/1045
f 4064/621/1045 4084/641/1065 4085/642/1066 4065/622/1046
f 4065/622/1046 4085/642/1066 4086/643/1067 4066/623/1047
f 4066/623/1047 4086/643/1067 4087/644/1068 4067/624/1048
f 4067/624/1048 4087/644/1068 4088/645/1069 4068/625/1049
f 4068/625/1049 4088/645/1069 4089/646/1070 4069/626/1050
f 4069/626/1050 4089/646/1070 4090/647/1071 4070/627/1051
f 4070/627/1051 4090/647/1071 4091/648/1072 4071/628/1052
f 4071/628/1052 4091/648/1072 4092/649/1073 4072/629/1053
f 4072/629/1053 4092/649/1073 4093/650/1074 4073/630/1054
f 4073/630/1054 4093/650/1074 4094/651/1075 4074/631/1055
f 4074/631/1055 4094/651/1075 4095/652/1076 4075/632/1056
f 4075/632/1056 4095/652/1076 4096/653/1077 4076/633/1057
f 4076/633/1057 4096/653/1077 4097/654/1078 4077/634/1058
f 4077/634/1058 4097/654/1078 4098/655/1079 4078/635/1059
f 4078/635/1059 4098/655/1079 4099/656/1080 4079/636/1060
f 4079/636/1060 4099/656/1080 4100/657/1081 4080/637/1061
f 4080/637/1061 4100/657/1081 4101/658/1082 4081/638/1062
f 4081/638/1062 4101/658/1082 4082/639/1063 4062/619/1043
f 4082/639/1063 4102/774/1083 4103/772/1084 4083/640/1064
f 4083/640/1064 4103/772/1084 4104/770/1085 4084/641/1065
f 4084/641/1065 4104/770/1085 4105/768/1086 4085/642/1066
f 4085/642/1066 4105/768/1086 4106/766/1087 4086/643/1067
f 4086/643/1067 4106/766/1087 4107/764/1088 4087/644/1068
f 4087/644/1068 4107/764/1088 4108/762/1089 4088/645/1069
f 4088/645/1069 4108/762/1089 4109/763/1090 4089/646/1070
f 4089/646/1070 4109/763/1090 4110/765/1091 4090/647/1071
f 4090/647/1071 4110/765/1091 4111/767/1092 4091/648/1072
f 4091/648/1072 4111/767/1092 4112/769/1093 4092/649/1073
f 4092/649/1073 4112/769/1093 4113/771/1094 4093/650/1074
f 4093/650/1074 4113/771/1094 4114/773/1095 4094/651/1075
f 4094/651/1075 4114/773/1095 4115/775/1096 4095/652/1076
f 4095/652/1076 4115/775/1096 4116/777/1097 4096/653/1077
f 4096/653/1077 4116/777/1097 4117/779/1098 4097/654/1078
f 4097/654/1078 4117/779/1098 4118/781/1099 4098/655/1079
f 4098/655/1079 4118/781/1099 4119/780/1100 4099/656/1080
f 4099/656/1080 4119/780/1100 4120/778/1101 4100/657/1081
f 4100/657/1081 4120/778/1101 4121/776/1102 4101/658/1082
f 4101/658/1082 4121/776/1102 4102/774/1083 4082/639/1063
s off
f 4116/749/1097 4115/750/1096 4114/745/1095 4122/659/3
f 4122/659/3 4114/745/1095 4113/746/1094 4112/742/1093
f 4122/659/3 4112/742/1093 4111/743/1092 4110/744/1091
f 4122/659/3 4110/744/1091 4109/747/1090 4108/748/1089
f 4122/659/3 4108/748/1089 4107/751/1088 4106/752/1087
f 4122/659/3 4118/753/1099 4117/754/1098 4116/749/1097
f 4122/659/3 4120/757/1101 4119/758/1100 4118/753/1099
f 4122/659/3 4102/760/1083 4121/761/1102 4120/757/1101
f 4122/659/3 4104/756/1085 4103/759/1084 4102/760/1083
f 4122/659/3 4106/752/1087 4105/755/1086 4104/756/1085
s 1
f 4123/660/1002 4124/661/1003 4125/662/1004
f 4123/660/1002 4125/662/1004 4126/663/1005
f 4123/660/1002 4126/663/1005 4127/664/1006
f 4123/660/1002 4127/664/1006 4128/665/1007
f 4123/660/1002 4128/665/1007 4129/666/1008
f 4123/660/1002 4129/666/1008 4130/667/1009
f 4123/660/1002 4130/667/1009 4131/668/1010
f 4123/660/1002 4131/668/1010 4132/669/1011
f 4123/660/1002 4132/669/1011 4133/670/1012
f 4123/660/1002 4133/670/1012 4134/671/1013
f 4123/660/1002 4134/671/1013 4135/672/1014
f 4123/660/1002 4135/672/1014 4136/673/1015
f 4123/660/1002 4136/673/1015 4137/674/1016
f 4123/660/1002 4137/674/1016 4138/675/1017
f 4123/660/1002 4138/675/1017 4139/676/1018
f 4123/660/1002 4139/676/1018 4140/677/1019
f 4123/660/1002 4140/677/1019 4141/678/1020
f 4123/660/1002 4141/678/1020 4142/679/1021
f 4123/660/1002 4142/679/1021 4143/680/1022
f 4123/660/1002 4143/680/1022 4124/661/1003
f 4124/661/1003 4144/681/1023 4145/682/1024 4125/662/1004
f 4125/662/1004 4145/682/1024 4146/683/1025 4126/663/1005
f 4126/663/1005 4146/683/1025 4147/684/1026 4127/664/1006
f 4127/664/1006 4147/684/1026 4148/685/1027 4128/665/1007
f 4128/665/1007 4148/685/1027 4149/686/1028 4129/666/1008
f 4129/666/1008 4149/686/1028 4150/687/1029 4130/667/1009
f 4130/667/1009 4150/687/1029 4151/688/1030 4131/668/1010
f 4131/668/1010 4151/688/1030 4152/689/1031 4132/669/1011
f 4132/669/1011 4152/689/1031 4153/690/1032 4133/670/1012
f 4133/670/1012 4153/690/1032 4154/691/1033 4134/671/1013
f 4134/671/1013 4154/691/1033 4155/692/1034 4135/672/1014
f 4135/672/1014 4155/692/1034 4156/693/1035 4136/673/1015
f 4136/673/1015 4156/693/1035 4157/694/1036 4137/674/1016
f 4137/674/1016 4157/694/1036 4158/695/1037 4138/675/1017
f 4138/675/1017 4158/695/1037 4159/696/1038 4139/676/1018
f 4139/676/1018 4159/696/1038 4160/697/1039 4140/677/1019
f 4140/677/1019 4160/697/1039 4161/698/1040 4141/678/1020
f 4141/678/1020 4161/698/1040 4162/699/1041 4142/679/1021
f 4142/679/1021 4162/699/1041 4163/700/1042 4143/680/1022
f 4143/680/1022 4163/700/1042 4144/681/1023 4124/661/1003
f 4144/681/1023 4164/701/1043 4165/702/1044 4145/682/1024
f 4145/682/1024 4165/702/1044 4166/703/1045 4146/683/1025
f 4146/683/1025 4166/703/1045 4167/704/1046 4147/684/1026
f 4147/684/1026 4167/704/1046 4168/705/1047 4148/685/1027
f 4148/685/1027 4168/705/1047 4169/706/1048 4149/686/1028
f 4149/686/1028 4169/706/1048 4170/707/1049 4150/687/1029
f 4150/687/1029 4170/707/1049 4171/708/1050 4151/688/1030
f 4151/688/1030 4171/708/1050 4172/709/1051 4152/689/1031
f 4152/689/1031 4172/709/1051 4173/710/1052 4153/690/1032
f 4153/690/1032 4173/710/1052 4174/711/1053 4154/691/1033
f 4154/691/1033 4174/711/1053 4175/712/1054 4155/692/1034
f 4155/692/1034 4175/712/1054 4176/713/1055 4156/693/1035
f 4156/693/1035 4176/713/1055 4177/714/1056 4157/694/1036
f 4157/694/1036 4177/714/1056 4178/715/1057 4158/695/1037
f 4158/695/1037 4178/715/1057 4179/716/1058 4159/696/1038
f 4159/696/1038 4179/716/1058 4180/717/1059 4160/697/1039
f 4160/697/1039 4180/717/1059 4181/718/1060 4161/698/1040
f 4161/698/1040 4181/718/1060 4182/719/1061 4162/699/1041
f 4162/699/1041 4182/719/1061 4183/720/1062 4163/700/1042
f 4163/700/1042 4183/720/1062 4164/701/1043 4144/681/1023
f 4164/701/1043 4184/721/1063 4185/722/1064 4165/702/1044
f 4165/702/1044 4185/722/1064 4186/723/1065 4166/703/1045
f 4166/703/1045 4186/723/1065 4187/724/1066 4167/704/1046
f 4167/704/1046 4187/724/1066 4188/725/1067 4168/705/1047
f 4168/705/1047 4188/725/1067 4189/726/1068 4169/706/1048
f 4169/706/1048 4189/726/1068 4190/727/1069 4170/707/1049
f 4170/707/1049 4190/727/1069 4191/728/1070 4171/708/1050
f 4171/708/1050 4191/728/1070 4192/729/1071 4172/709/1051
f 4172/709/1051 4192/729/1071 4193/730/1072 4173/710/1052
f 4173/710/1052 4193/730/1072 4194/731/1073 4174/711/1053
f 4174/711/1053 4194/731/1073 4195/732/1074 4175/712/1054
f 4175/712/1054 4195/732/1074 4196/733/1075 4176/713/1055
f 4176/713/1055 4196/733/1075 4197/734/1076 4177/714/1056
f 4177/714/1056 4197/734/1076 4198/735/1077 4178/715/1057
f 4178/715/1057 4198/735/1077 4199/736/1078 4179/716/1058
f 4179/716/1058 4199/736/1078 4200/737/1079 4180/717/1059
f 4180/717/1059 4200/737/1079 4201/738/1080 4181/718/1060
f 4181/718/1060 4201/738/1080 4202/739/1081 4182/719/1061
f 4182/719/1061 4202/739/1081 4203/740/1082 4183/720/1062
f 4183/720/1062 4203/740/1082 4184/721/1063 4164/701/1043
f 4184/721/1063 4204/804/1083 4205/802/1084 4185/722/1064
f 4185/722/1064 4205/802/1084 4206/803/1085 4186/723/1065
f 4186/723/1065 4206/803/1085 4207/805/1086 4187/724/1066
f 4187/724/1066 4207/805/1086 4208/807/1087 4188/725/1067
f 4188/725/1067 4208/807/1087 4209/809/1088 4189/726/1068
f 4189/726/1068 4209/809/1088 4210/811/1089 4190/727/1069
f 4190/727/1069 4210/811/1089 4211/813/1090 4191/728/1070
f 4191/728/1070 4211/813/1090 4212/815/1091 4192/729/1071
f 4192/729/1071 4212/815/1091 4213/817/1092 4193/730/1072
f 4193/730/1072 4213/817/1092 4214/819/1093 4194/731/1073
f 4194/731/1073 4214/819/1093 4215/821/1094 4195/732/1074
f 4195/732/1074 4215/821/1094 4216/820/1095 4196/733/1075
f 4196/733/1075 4216/820/1095 4217/818/1096 4197/734/1076
f 4197/734/1076 4217/818/1096 4218/816/1097 4198/735/1077
f 4198/735/1077 4218/816/1097 4219/814/1098 4199/736/1078
f 4199/736/1078 4219/814/1098 4220/812/1099 4200/737/1079
f 4200/737/1079 4220/812/1099 4221/810/1100 4201/738/1080
f 4201/738/1080 4221/810/1100 4222/808/1101 4202/739/1081
f 4202/739/1081 4222/808/1101 4223/806/1102 4203/740/1082
f 4203/740/1082 4223/806/1102 4204/804/1083 4184/721/1063
s off
f 4218/788/1097 4217/791/1096 4216/792/1095 4224/741/3
f 4224/741/3 4216/792/1095 4215/795/1094 4214/796/1093
f 4224/741/3 4214/796/1093 4213/799/1092 4212/800/1091
f 4224/741/3 4212/800/1091 4211/801/1090 4210/797/1089
f 4224/741/3 4210/797/1089 4209/798/1088 4208/793/1087
f 4224/741/3 4220/784/1099 4219/787/1098 4218/788/1097
f 4224/741/3 4222/782/1101 4221/783/1100 4220/784/1099
f 4224/741/3 4204/785/1083 4223/786/1102 4222/782/1101
f 4224/741/3 4206/789/1085 4205/790/1084 4204/785/1083
f 4224/741/3 4208/793/1087 4207/794/1086 4206/789/1085
# h3dt: 4224 6965 1114 4208
